department,设备型号,设备名称,time,气压,流量,温度,湿度,露点,status
生产部C,PA-40,PA-40-001,2023-01-02 00:00:00,7.778560877286174,183.71787020165883,14.916290480208442,43.24919888049974,6.523449841906972,正常
生产部C,PA-40,PA-40-001,2023-01-02 01:00:00,7.890626640387265,213.64221469856977,31.45898664473772,54.571119396057206,7.183925686275071,正常
生产部C,PA-40,PA-40-001,2023-01-02 02:00:00,6.302211452410104,271.4424701655516,19.11494506158141,45.01871246768999,13.299836940789412,正常
生产部C,PA-40,PA-40-001,2023-01-02 03:00:00,5.83262610251885,146.429351061789,21.233898700102586,52.10298008538535,13.434675121619597,正常
生产部C,PA-40,PA-40-001,2023-01-02 04:00:00,6.598880147380955,99.5052605199218,20.26960366007149,36.46801512772381,8.843697481094992,正常
生产部C,PA-40,PA-40-001,2023-01-02 05:00:00,9.729232661555786,140.82161481469456,33.84241321186677,58.51858694526238,7.816156444349766,正常
生产部C,PA-40,PA-40-001,2023-01-02 06:00:00,7.122933397760186,280.8238167265677,18.08401740912646,33.93094301985236,6.029286028213743,正常
生产部C,PA-40,PA-40-001,2023-01-02 07:00:00,9.914582410826512,264.0436311464492,20.855403399771024,54.14323784866761,10.581789069991457,正常
生产部C,PA-40,PA-40-001,2023-01-02 08:00:00,9.17839279330764,264.82452057047624,34.48628193445939,51.36591291064218,11.64378065805132,正常
生产部C,PA-40,PA-40-001,2023-01-02 09:00:00,6.054473025425737,169.43102150222074,21.45226477456062,32.265337978633134,13.087448448649091,正常
生产部C,PA-40,PA-40-001,2023-01-02 10:00:00,8.49323075005489,290.493155174288,20.05298861026955,55.03162683669505,8.062570821612344,正常
生产部C,PA-40,PA-40-001,2023-01-02 11:00:00,9.13280749834558,164.13226258279855,15.300421722311068,46.39401361042049,8.752742409585236,正常
生产部C,PA-40,PA-40-001,2023-01-02 12:00:00,9.51816135221795,226.67517203123532,23.37803566804734,54.7873241190152,13.19396355460638,正常
生产部C,PA-40,PA-40-001,2023-01-02 13:00:00,8.663307942438626,235.00970149904268,25.352406151579647,35.28907568156653,6.502456923074107,正常
生产部C,PA-40,PA-40-001,2023-01-02 14:00:00,6.246920920226677,260.6145686037615,22.979314659558145,51.654996919384885,12.84175794619172,正常
生产部C,PA-40,PA-40-001,2023-01-02 15:00:00,9.820510236896826,152.8175235787642,20.43078913090051,33.06311409840393,4.939359824962763,正常
生产部C,PA-40,PA-40-001,2023-01-02 16:00:00,9.859275843327485,162.27803251880087,29.70513749606384,56.82188903948881,13.662427061176745,正常
生产部C,PA-40,PA-40-001,2023-01-02 17:00:00,9.737013220493507,253.2661269145752,17.317646538923047,47.337927275756606,6.223983683224267,正常
生产部C,PA-40,PA-40-001,2023-01-02 18:00:00,3.5588279168318757,5.994591657995856,29.90961067221172,38.96060825347962,6.415195168073731,过滤器堵塞
生产部C,PA-40,PA-40-001,2023-01-02 19:00:00,4.37489297033343,24.31137489894786,17.741985427876315,54.91473545675224,5.857849723570872,过滤器堵塞
生产部C,PA-40,PA-40-001,2023-01-02 20:00:00,4.23746339415543,44.135322986144224,19.148527331008893,60.331914486033874,6.414790613206412,过滤器堵塞
生产部C,PA-40,PA-40-001,2023-01-02 21:00:00,3.973160666036381,13.0397734559647,15.640907271725546,59.72551104007478,11.415572333526432,过滤器堵塞
生产部C,PA-40,PA-40-001,2023-01-02 22:00:00,3.556066130847387,22.544748393138864,30.048843098081864,37.66470608607964,9.296198199307502,过滤器堵塞
生产部C,PA-40,PA-40-001,2023-01-02 23:00:00,4.124793758481474,,34.7380607784913,50.46350400990043,13.036026740608754,过滤器堵塞
生产部C,PA-40,PA-40-001,2023-01-03 00:00:00,8.276348124519949,183.5097931219846,,34.506142779213626,11.155203463085549,正常
生产部C,PA-40,PA-40-001,2023-01-03 01:00:00,9.02429376198713,149.72098549277098,34.33072940809076,44.74725087017018,14.385423392588958,正常
生产部C,PA-40,PA-40-001,2023-01-03 02:00:00,7.402755899957292,204.05859729419208,16.141666490747536,32.737436805047395,9.644761653947151,正常
生产部C,PA-40,PA-40-001,2023-01-03 03:00:00,9.595508391623037,249.6083497706022,19.43459050487689,33.6268981215211,13.228396063526851,正常
生产部C,PA-40,PA-40-001,2023-01-03 04:00:00,9.621890058356286,153.37895959385398,23.276286122614152,42.02711479611247,7.325210462133423,正常
生产部C,PA-40,PA-40-001,2023-01-03 05:00:00,6.5142132704464535,178.38801341312106,31.53911334493529,47.33084688275615,9.06473190888115,正常
生产部C,PA-40,PA-40-001,2023-01-03 06:00:00,5.348165689512635,293.409458617384,33.11663593165447,41.13632555292153,14.670797847513231,正常
生产部C,PA-40,PA-40-001,2023-01-03 07:00:00,7.245933330799539,255.0743084793174,34.84076807036148,55.37743039175868,11.993289876818093,压力调节故障
生产部C,PA-40,PA-40-001,2023-01-03 08:00:00,6.203515082785332,171.26917983988236,27.895583188002817,37.68505917480821,11.090952332299969,压力调节故障
生产部C,PA-40,PA-40-001,2023-01-03 09:00:00,8.811195969563396,158.42692996683098,22.890103183307687,34.49757142489937,13.19436040244732,压力调节故障
生产部C,PA-40,PA-40-001,2023-01-03 10:00:00,6.137202801859971,182.5848039091365,32.80809061382992,52.1018822139557,8.781840924925502,压力调节故障
生产部C,PA-40,PA-40-001,2023-01-03 11:00:00,7.528209962240685,199.09425128531228,22.41969425630021,52.13362236209819,12.272388517690256,压力调节故障
生产部C,PA-40,PA-40-001,2023-01-03 12:00:00,6.083008045887623,244.73781243688333,28.18976510603741,40.52801576904708,10.870009591703292,压力调节故障
生产部C,PA-40,PA-40-001,2023-01-03 13:00:00,9.253312080828922,165.0715792170173,20.630778784146884,40.50886225371575,5.839907233116217,正常
生产部C,PA-40,PA-40-001,2023-01-03 14:00:00,3.7818893992999993,38.848225460679686,25.19664215155516,51.30482064792016,14.125371147850068,过滤器堵塞
生产部C,PA-40,PA-40-001,2023-01-03 15:00:00,4.079302756923648,57.33104241262232,18.027870301131312,30.203258913775414,12.971822136702553,过滤器堵塞
生产部C,PA-40,PA-40-001,2023-01-03 16:00:00,4.029979189854887,53.45088406469044,19.71938920451525,52.014332476422965,9.030376795216384,过滤器堵塞
生产部C,PA-40,PA-40-001,2023-01-03 17:00:00,,40.18904792841264,23.714686886919523,43.76162868944986,5.330272093257987,过滤器堵塞
生产部C,PA-40,PA-40-001,2023-01-03 18:00:00,3.857859017455029,3.124921413465156,18.892444615089552,48.57925426214115,8.275040089163523,过滤器堵塞
生产部C,PA-40,PA-40-001,2023-01-03 19:00:00,4.060558099393606,14.271494949347494,23.628119253847228,39.085389901687485,6.232259357807141,过滤器堵塞
生产部C,PA-40,PA-40-001,2023-01-03 20:00:00,4.4085761969642165,56.693890118693936,21.875849546718936,49.15491360191133,12.085590049069454,过滤器堵塞
生产部C,PA-40,PA-40-001,2023-01-03 21:00:00,8.16208415468249,294.9352970817504,17.69320000881867,57.23728630439449,6.8941775260479,正常
生产部C,PA-40,PA-40-001,2023-01-03 22:00:00,3.5799122765810245,24.19048600709836,20.55045705002862,51.70383976973015,8.194031852824258,过滤器堵塞
生产部C,PA-40,PA-40-001,2023-01-03 23:00:00,3.5023014657596234,38.05548214279943,21.06322005436333,57.52587691446349,9.268002201293411,过滤器堵塞
生产部C,PA-40,PA-40-001,2023-01-04 00:00:00,3.8511329041107496,27.739572301962635,29.126262899695536,33.24219059075072,5.929970312058946,过滤器堵塞
生产部C,PA-40,PA-40-001,2023-01-04 01:00:00,4.410920348884794,26.84250975200749,22.274707966145574,44.81989408902588,13.694806849161802,过滤器堵塞
生产部C,PA-40,PA-40-001,2023-01-04 02:00:00,3.676193660116732,53.69452396802555,26.07772731483957,45.6935102216561,6.239038956134162,过滤器堵塞
生产部C,PA-40,PA-40-001,2023-01-04 03:00:00,3.934419021918223,49.09982834111357,15.705790130111376,51.294250843830994,10.991948097165222,过滤器堵塞
生产部C,PA-40,PA-40-001,2023-01-04 04:00:00,3.643303902293988,23.611411828830303,19.064229837428314,35.58535796314396,5.218943751741275,过滤器堵塞
生产部C,PA-40,PA-40-001,2023-01-04 05:00:00,3.6219415926956895,12.207342200772406,20.96910056783737,57.818548896270094,5.68654655213378,过滤器堵塞
生产部C,PA-40,PA-40-001,2023-01-04 06:00:00,3.787454291429029,6.114570356026022,25.67730117931044,30.28521049363229,8.458258219677962,过滤器堵塞
生产部C,PA-40,PA-40-001,2023-01-04 07:00:00,4.4579258381251705,22.776942810449707,19.09366893569802,33.01702195277179,8.335951624207187,过滤器堵塞
生产部C,PA-40,PA-40-001,2023-01-04 08:00:00,3.7658471180513136,55.88047738331946,15.040650527087465,59.49765075896206,14.717998347197817,过滤器堵塞
生产部C,PA-40,PA-40-001,2023-01-04 09:00:00,5.11155041457883,205.1426957239668,30.54686439799977,40.38418892500617,8.94798441592543,正常
生产部C,PA-40,PA-40-001,2023-01-04 10:00:00,9.482192567797812,183.0843884545568,27.78887269800492,55.85164396671947,14.360237817020986,正常
生产部C,PA-40,PA-40-001,2023-01-04 11:00:00,5.674218549883937,142.16852144260497,15.369856260922177,55.63102427094741,8.523859055006785,压力调节故障
生产部C,PA-40,PA-40-001,2023-01-04 12:00:00,9.425627451802404,141.5072573594394,14.54790205207802,55.4824183782636,12.761436038199808,压力调节故障
生产部C,PA-40,PA-40-001,2023-01-04 13:00:00,6.593595299668018,237.51200276000623,25.98591279689596,48.81892102561466,12.669355786063573,压力调节故障
生产部C,PA-40,PA-40-001,2023-01-04 14:00:00,7.417810334526625,189.4435420348489,26.185019645517148,44.51964838711877,10.07209904828638,压力调节故障
生产部C,PA-40,PA-40-001,2023-01-04 15:00:00,7.189905667199401,221.39672514716244,28.55789996374994,49.53356800970517,11.368426440437752,压力调节故障
生产部C,PA-40,PA-40-001,2023-01-04 16:00:00,8.475324014399217,160.24138685269554,19.68920886448723,36.50439687434218,4.9807573934196725,压力调节故障
生产部C,PA-40,PA-40-001,2023-01-04 17:00:00,8.818862227564368,159.30391775389282,20.769341071974,30.04220211984676,9.863540887586518,压力调节故障
生产部C,PA-40,PA-40-001,2023-01-04 18:00:00,8.832110821722557,271.50271727340345,28.639982260076582,41.18358859840448,4.833467401607464,正常
生产部C,PA-40,PA-40-001,2023-01-04 19:00:00,9.755262642636035,226.7839119422069,24.34082051576472,57.297509357506215,13.507433735383335,正常
生产部C,PA-40,PA-40-001,2023-01-04 20:00:00,8.946269786643352,162.90440764995512,27.990307075609778,38.6494421790021,12.259996511980708,正常
生产部C,PA-40,PA-40-001,2023-01-04 21:00:00,8.731512223469467,170.83936605170894,22.581395917922222,32.79393346527623,14.457624393818094,正常
生产部C,PA-40,PA-40-001,2023-01-04 22:00:00,6.668142761057473,126.1683398244956,28.483759514691243,39.31292142778887,14.685804354547662,正常
生产部C,PA-40,PA-40-001,2023-01-04 23:00:00,7.4185299508463,178.0288765251937,34.62397033154045,53.29107071938525,5.059824372199728,正常
生产部C,PA-40,PA-40-002,2023-01-05 00:00:00,6.611593277763153,172.2319531232183,17.850569034933425,57.83677437721592,11.534782601610544,正常
生产部C,PA-40,PA-40-001,2023-01-05 00:00:00,6.562126776784293,266.22021713245266,28.580577637484435,37.16451636985256,5.85874850256817,正常
生产部C,PA-40,PA-40-001,2023-01-05 01:00:00,6.366236671791179,185.85971519081528,19.51247957735757,54.42391832755174,8.790353435400043,正常
生产部C,PA-40,PA-40-002,2023-01-05 01:00:00,6.493924293545983,229.7998897380222,31.742440255204567,74.38239372571674,22.30064153448464,干燥器故障
生产部C,PA-40,PA-40-001,2023-01-05 02:00:00,8.985289850026026,246.44169855744545,16.198098401795008,46.05275955984128,8.909990085463443,正常
生产部C,PA-40,PA-40-002,2023-01-05 02:00:00,8.671920171265805,162.35543740908702,20.95892675711005,91.98347067190656,23.631944680284448,干燥器故障
生产部C,PA-40,PA-40-001,2023-01-05 03:00:00,9.438591846384574,256.30958587717,32.19885255209713,42.210888777728734,5.922853738149488,正常
生产部C,PA-40,PA-40-002,2023-01-05 03:00:00,9.580957182037722,153.80544534416725,34.02789743274206,91.37961730710792,23.089528484710417,干燥器故障
生产部C,PA-40,PA-40-001,2023-01-05 04:00:00,5.939252816806256,116.51478782231302,30.53210768396705,54.390076064515306,5.080686635050105,正常
生产部C,PA-40,PA-40-002,2023-01-05 04:00:00,6.015603267407795,233.1679310271928,17.270829501281085,86.50981359887443,19.501702037390228,干燥器故障
生产部C,PA-40,PA-40-002,2023-01-05 05:00:00,6.36061907613102,258.2671603685098,17.892788851808948,80.95471156387816,25.08863795137374,干燥器故障
生产部C,PA-40,PA-40-001,2023-01-05 05:00:00,4.150692862183934,24.090847669268754,27.31080942645788,51.78608454229049,4.7953576279884365,过滤器堵塞
生产部C,PA-40,PA-40-002,2023-01-05 06:00:00,8.327191403415563,165.95346167570116,21.33152377598062,77.2582056390742,25.993370708805195,干燥器故障
生产部C,PA-40,PA-40-001,2023-01-05 06:00:00,4.185546971995816,49.887932659365696,22.03764803938404,45.156303701804696,13.2330344302006,过滤器堵塞
生产部C,PA-40,PA-40-002,2023-01-05 07:00:00,6.444156821693208,292.74076786089034,19.32792415146981,58.61922148867102,9.896356666242523,正常
生产部C,PA-40,PA-40-001,2023-01-05 07:00:00,4.176962722734224,22.643275881321465,16.89669606641366,52.59898572542144,14.005488212390954,过滤器堵塞
生产部C,PA-40,PA-40-002,2023-01-05 08:00:00,6.588196260486124,191.51185920414693,34.22857415906337,58.08738571734318,13.799459293953282,正常
生产部C,PA-40,PA-40-001,2023-01-05 08:00:00,3.6549483926388113,38.68967065802379,28.86140601909372,37.00710546060921,8.158888232924769,过滤器堵塞
生产部C,PA-40,PA-40-002,2023-01-05 09:00:00,8.541195550448064,95.6544025750192,16.738762681115887,41.82239669557282,5.975233522893238,正常
生产部C,PA-40,PA-40-001,2023-01-05 09:00:00,3.7398356813911215,19.15395023917062,27.89357103563737,59.8849361542407,10.93132998496266,过滤器堵塞
生产部C,PA-40,PA-40-002,2023-01-05 10:00:00,6.108431813447355,179.6655955463707,26.23738072135209,34.500568603173456,12.32005903845831,正常
生产部C,PA-40,PA-40-001,2023-01-05 10:00:00,3.839016195000736,54.41653913673925,23.551560030936013,58.84180660558542,5.899118928137372,过滤器堵塞
生产部C,PA-40,PA-40-002,2023-01-05 11:00:00,7.564628697931059,278.2905004182925,35.5627742448369,106.38004111772533,21.476385138673574,干燥器故障
生产部C,PA-40,PA-40-001,2023-01-05 11:00:00,4.276376376121158,7.673712889772615,32.64707104362543,44.71251095604629,5.906810654246356,过滤器堵塞
生产部C,PA-40,PA-40-002,2023-01-05 12:00:00,9.05815775175648,175.5344380284121,15.862602801586942,98.27343394545012,22.206612890996396,干燥器故障
生产部C,PA-40,PA-40-001,2023-01-05 12:00:00,5.926449407165908,242.2136358035453,29.708612148254247,77.57283885714016,18.86173119092301,干燥器故障
生产部C,PA-40,PA-40-002,2023-01-05 13:00:00,6.369532589205046,127.31601920640595,21.706958451172696,86.13590016704109,21.103875384189436,干燥器故障
生产部C,PA-40,PA-40-001,2023-01-05 13:00:00,7.0655304020568686,223.0511342043694,27.328814608396844,72.86839031662237,20.27598192020699,干燥器故障
生产部C,PA-40,PA-40-002,2023-01-05 14:00:00,5.3051734217937945,305.67001004532653,26.94937414916276,58.36610386217066,9.29068290763649,正常
生产部C,PA-40,PA-40-001,2023-01-05 14:00:00,8.835256157605365,260.1396766228374,33.56812506773215,90.9676748121176,24.001755113222607,干燥器故障
生产部C,PA-40,PA-40-001,2023-01-05 15:00:00,6.948329683135848,224.26999913703804,20.71861341016808,75.68340072856434,23.293062177966476,干燥器故障
生产部C,PA-40,PA-40-002,2023-01-05 15:00:00,9.58835113540327,191.03105689257015,27.577679679239804,48.48940583745881,12.1037287167845,正常
生产部C,PA-40,PA-40-002,2023-01-05 16:00:00,5.714436850205013,136.06267804516403,18.62282552352906,38.8923129559452,8.048080334981009,正常
生产部C,PA-40,PA-40-001,2023-01-05 16:00:00,9.17939262020812,233.29039574953825,23.89021057352584,91.02030190987816,22.562819754046807,干燥器故障
生产部C,PA-40,PA-40-001,2023-01-05 17:00:00,9.161686299004884,146.57535900672315,29.617811903124725,73.7643202657878,19.099865018581013,干燥器故障
生产部C,PA-40,PA-40-002,2023-01-05 17:00:00,5.183290219493786,212.00177365333343,20.42597579713244,35.71280387517692,9.686203169869929,正常
生产部C,PA-40,PA-40-001,2023-01-05 18:00:00,7.570544557843032,276.72111002204906,17.102399348805147,77.27139104343752,19.75237079194077,干燥器故障
生产部C,PA-40,PA-40-002,2023-01-05 18:00:00,10.03583708809299,134.10716880888026,24.62503625607765,29.67014160091948,7.156984355120736,正常
生产部C,PA-40,PA-40-001,2023-01-05 19:00:00,6.958347261455563,138.04538896765416,21.95827415972847,75.80584675756253,19.163122310060004,干燥器故障
生产部C,PA-40,PA-40-002,2023-01-05 19:00:00,8.51966007162238,202.8312863642198,23.318172580985188,45.62201501012773,7.542715444831334,正常
生产部C,PA-40,PA-40-001,2023-01-05 20:00:00,8.368496559140647,161.4088333480592,21.77810305528289,55.119256622343336,9.540891619259517,正常
生产部C,PA-40,PA-40-002,2023-01-05 20:00:00,9.974309403424488,274.7287797272022,16.41796189662445,36.9365962590099,10.305740340356357,正常
生产部C,PA-40,PA-40-002,2023-01-05 21:00:00,8.136056879754495,198.22321529737357,23.47806276502968,30.38768646008196,14.0186930934892,正常
生产部C,PA-40,PA-40-001,2023-01-05 21:00:00,7.714773622632374,129.0767219792857,27.45492539386145,33.18423365583237,13.420407635910834,正常
生产部C,PA-40,PA-40-002,2023-01-05 22:00:00,5.153812204802819,216.63197509383468,25.74488565838965,39.1910418640483,9.73489911434982,正常
生产部C,PA-40,PA-40-001,2023-01-05 22:00:00,5.37246984004931,215.43384191353957,18.926108936220945,51.65627184501297,6.118899530758604,正常
生产部C,PA-40,PA-40-001,2023-01-05 23:00:00,7.828909403679252,232.2286463726464,30.367501180709265,39.36907893027451,8.498036852353785,正常
生产部C,PA-40,PA-40-002,2023-01-05 23:00:00,6.335594296454717,137.878368698101,33.676340401579935,41.19627386525638,13.70467270293468,正常
生产部C,PA-40,PA-40-001,2023-01-06 00:00:00,6.573911168759349,196.05927961293347,30.02997357848376,54.01860692406893,13.691679518966968,正常
生产部C,PA-40,PA-40-002,2023-01-06 00:00:00,8.973795308078769,174.15508734446598,20.6944841192657,57.10710038120198,14.35071259255846,正常
生产部C,PA-40,PA-40-001,2023-01-06 01:00:00,9.503163976507793,175.7020891815332,18.624782916291537,59.21559577352194,12.811189976723892,正常
生产部C,PA-40,PA-40-002,2023-01-06 01:00:00,9.044514553022456,121.20144795097806,23.53868098935885,37.32957224107686,7.779696034961216,正常
生产部C,PA-40,PA-40-001,2023-01-06 02:00:00,6.269708899392154,273.29372930688606,15.677149256068162,50.97131371732571,6.732484325733785,正常
生产部C,PA-40,PA-40-002,2023-01-06 02:00:00,5.84087153870112,154.95514638522977,33.24861694925052,58.01799694611413,6.992946822780263,正常
生产部C,PA-40,PA-40-001,2023-01-06 03:00:00,6.684977850706264,168.16848513567746,31.179153215142968,50.67294461265741,12.48856318771141,正常
生产部C,PA-40,PA-40-002,2023-01-06 03:00:00,10.184487695239298,145.31812312105183,18.07752426742308,42.36669919054,11.740694419500237,正常
生产部C,PA-40,PA-40-001,2023-01-06 04:00:00,6.733287240249562,295.6157068718273,25.710656676542957,51.5760957984411,10.366327627121589,正常
生产部C,PA-40,PA-40-002,2023-01-06 04:00:00,6.947361233616751,291.75868955647974,26.356185343111523,55.31506381982167,10.463809341685533,正常
生产部C,PA-40,PA-40-002,2023-01-06 05:00:00,6.246382893393568,216.9770466301008,20.863835387329384,56.28865838234159,13.431293745659742,压力调节故障
生产部C,PA-40,PA-40-001,2023-01-06 05:00:00,7.589160702360291,166.882089854928,4.892700244780579,140.99400035844317,13.321770209116956,冷凝故障
生产部C,PA-40,PA-40-002,2023-01-06 06:00:00,8.267128810809293,144.2731935221451,23.174001065738445,30.95105141174758,9.61497843865176,压力调节故障
生产部C,PA-40,PA-40-001,2023-01-06 06:00:00,9.58074918630762,236.30214627382756,0.2767826686638056,116.78090796474706,5.058313269730702,冷凝故障
生产部C,PA-40,PA-40-001,2023-01-06 07:00:00,5.2551702213405,285.57626738937466,2.774579002446235,91.83626103180308,13.12679311178012,冷凝故障
生产部C,PA-40,PA-40-002,2023-01-06 07:00:00,7.826256562161914,254.8467623686587,23.83519081167133,35.560649400565886,8.846013307357667,压力调节故障
生产部C,PA-40,PA-40-001,2023-01-06 08:00:00,8.797226335008915,204.1124028710995,0.7156085432347964,118.95477439223338,10.333617678483783,冷凝故障
生产部C,PA-40,PA-40-002,2023-01-06 08:00:00,6.367289767766999,190.34112957263383,27.038678088864444,57.675181432389685,7.456447061058472,压力调节故障
生产部C,PA-40,PA-40-001,2023-01-06 09:00:00,8.060310111880634,112.10246760883652,2.3866383459395912,99.69023982118158,5.081219524939198,冷凝故障
生产部C,PA-40,PA-40-002,2023-01-06 09:00:00,6.11934120092312,278.6847560726953,33.134940869574265,47.00837024878384,7.176983491979598,正常
生产部C,PA-40,PA-40-001,2023-01-06 10:00:00,7.081848587761623,127.21767852378582,29.408717930586665,59.15536352524885,13.309690466930777,正常
生产部C,PA-40,PA-40-002,2023-01-06 10:00:00,5.449841461725163,244.66050982231823,16.300773408552917,57.16389823859936,11.749832282889669,压力调节故障
生产部C,PA-40,PA-40-002,2023-01-06 11:00:00,9.091983169340178,201.4811675118609,26.89354578303309,44.919782951634176,14.520715376529711,压力调节故障
生产部C,PA-40,PA-40-001,2023-01-06 11:00:00,5.290507830687687,147.79082340033338,28.45953894481073,29.02058285731851,11.717632443895878,正常
生产部C,PA-40,PA-40-001,2023-01-06 12:00:00,8.777443277181883,279.36478047697284,31.784906624760865,47.90766696040135,12.586346171668511,正常
生产部C,PA-40,PA-40-002,2023-01-06 12:00:00,7.20242562619816,147.74842504421912,14.338131228987653,58.410593420677,6.088239018810438,压力调节故障
生产部C,PA-40,PA-40-001,2023-01-06 13:00:00,9.524155327487524,163.14490213408547,25.382297544798643,51.65650806811506,8.802556988984621,正常
生产部C,PA-40,PA-40-002,2023-01-06 13:00:00,5.63557859291673,164.96952428769995,24.827943953218163,58.460319667059856,9.916012631633029,压力调节故障
生产部C,PA-40,PA-40-002,2023-01-06 14:00:00,7.91467145484319,177.5001931247809,18.660010243930586,44.72059529532052,11.997905607449152,压力调节故障
生产部C,PA-40,PA-40-001,2023-01-06 14:00:00,8.961082519538603,126.89757119178178,19.337084501300748,46.516216607012616,7.310243443989194,正常
生产部C,PA-40,PA-40-001,2023-01-06 15:00:00,6.525973181409419,223.73588150863137,31.523994812271404,39.54465066459343,14.49240296224566,正常
生产部C,PA-40,PA-40-002,2023-01-06 15:00:00,9.221484947602605,151.8188121059501,33.67277044979193,42.581343458356486,10.614536770177253,压力调节故障
生产部C,PA-40,PA-40-001,2023-01-06 16:00:00,8.646435138046904,112.03271310607668,30.7586875805013,33.52802404342718,10.22674009536453,正常
生产部C,PA-40,PA-40-002,2023-01-06 16:00:00,5.309770004753151,209.79892004676748,30.83647933974493,31.32703726479066,10.357332179923494,压力调节故障
生产部C,PA-40,PA-40-002,2023-01-06 17:00:00,9.585479922011547,165.27574786292632,34.2261118634172,47.39911852301771,10.758098237453284,压力调节故障
生产部C,PA-40,PA-40-001,2023-01-06 17:00:00,5.144524562461607,212.9682698950512,30.424380521788983,49.47483809448054,11.615548096752327,正常
生产部C,PA-40,PA-40-002,2023-01-06 18:00:00,2.743908880717353,396.2215293537603,22.121320612061083,51.69880628568358,5.70735447198549,泄漏故障
生产部C,PA-40,PA-40-001,2023-01-06 18:00:00,5.1175977940529,237.95981670622183,15.99808682542522,57.19054687327254,13.025945070969996,正常
生产部C,PA-40,PA-40-001,2023-01-06 19:00:00,8.92496478128412,271.2345108951516,27.56843729681913,33.4158643231502,10.849779742092002,正常
生产部C,PA-40,PA-40-002,2023-01-06 19:00:00,1.881733955932714,444.6330712806012,23.311355910547285,37.6441058176045,8.22312130411389,泄漏故障
生产部C,PA-40,PA-40-001,2023-01-06 20:00:00,5.31338467720806,180.5106706244723,22.1545525641256,46.63890897759795,9.354178697360544,正常
生产部C,PA-40,PA-40-002,2023-01-06 20:00:00,0.8316082550317692,451.817138207328,16.307558893781223,49.70452521305624,10.070558516557684,泄漏故障
生产部C,PA-40,PA-40-001,2023-01-06 21:00:00,9.54698548593718,257.58465552114006,26.85446222460098,90.56027725975552,18.86314663659678,干燥器故障
生产部C,PA-40,PA-40-002,2023-01-06 21:00:00,0.0609362753565002,497.890281965275,21.6838515687278,33.005121174902584,6.067841609739753,泄漏故障
生产部C,PA-40,PA-40-002,2023-01-06 22:00:00,8.05003782231757,138.39689463822845,35.138647473818246,30.994533636198632,13.756317255336524,正常
生产部C,PA-40,PA-40-001,2023-01-06 22:00:00,7.573134220176098,272.1515470312945,31.12539418705525,101.30744031133368,22.01813264706552,干燥器故障
生产部C,PA-40,PA-40-001,2023-01-06 23:00:00,5.045387316381151,302.13285202780344,18.607485217013576,105.54454437028798,24.099433231881157,干燥器故障
生产部C,PA-40,PA-40-002,2023-01-06 23:00:00,5.585968299634555,143.94349575711792,23.99788569690541,57.99863005698923,12.346153251760963,正常
生产部C,PA-40,PA-40-002,2023-01-07 00:00:00,9.140813493702032,285.15874712565414,34.68225232804989,32.555627746406735,11.969093771586552,正常
生产部C,PA-40,PA-40-001,2023-01-07 00:00:00,7.367289438235514,238.46464430055315,16.534294749075634,87.10573443828739,26.899410953855693,干燥器故障
生产部C,PA-40,PA-40-001,2023-01-07 01:00:00,7.575025145876841,109.58130022693705,29.764584448701648,90.14603641992188,22.71226527463605,干燥器故障
生产部C,PA-40,PA-40-002,2023-01-07 01:00:00,6.334006463224995,232.1396612742608,26.409360797120527,58.633522973513706,7.461408383148822,正常
生产部C,PA-40,PA-40-001,2023-01-07 02:00:00,9.679582250593612,197.7689076327739,30.45235296575793,103.18607676577936,22.16350934127157,干燥器故障
生产部C,PA-40,PA-40-002,2023-01-07 02:00:00,5.197175569992247,242.12696747189105,17.98409056224073,41.34672558228133,6.199788570819944,正常
生产部C,PA-40,PA-40-001,2023-01-07 03:00:00,7.469163615097244,199.3267322367417,18.537749143296494,85.71559168900335,26.234919302938657,干燥器故障
生产部C,PA-40,PA-40-002,2023-01-07 03:00:00,8.985844749208152,234.64212623197128,21.55836522201441,33.37009527322888,8.334100285627876,正常
生产部C,PA-40,PA-40-001,2023-01-07 04:00:00,9.154361973158924,225.9314665107324,16.78851968851985,36.44386470533463,8.046932043868496,正常
生产部C,PA-40,PA-40-002,2023-01-07 04:00:00,5.256525064591061,171.3237619263789,25.670194137094743,30.827021881419903,11.4462454135313,正常
生产部C,PA-40,PA-40-002,2023-01-07 05:00:00,7.405144475846548,231.1648462472732,23.597629203065143,42.0890370968662,13.006169093703122,正常
生产部C,PA-40,PA-40-001,2023-01-07 05:00:00,5.786686781303678,103.6266036529843,28.66610161391485,41.363281157570576,7.538872374662002,正常
生产部C,PA-40,PA-40-002,2023-01-07 06:00:00,9.794653039380236,240.84506743765564,32.272339049608746,36.6264096224144,14.738749076016216,正常
生产部C,PA-40,PA-40-001,2023-01-07 06:00:00,9.575930679773386,266.4004579343372,19.867703276974517,55.26358632359495,10.847432118928433,正常
生产部C,PA-40,PA-40-001,2023-01-07 07:00:00,5.228754644793876,122.63260994496424,20.08399323305109,50.09767219073337,12.713407076888686,正常
生产部C,PA-40,PA-40-002,2023-01-07 07:00:00,5.279180902904719,193.87227738002912,29.337804559649797,42.17681026219511,6.224994423927859,正常
生产部C,PA-40,PA-40-001,2023-01-07 08:00:00,5.357041016363867,232.6816961431439,20.446924009912827,34.82533927160158,11.347792097661069,正常
生产部C,PA-40,PA-40-002,2023-01-07 08:00:00,9.936379918669326,166.7629207556566,24.781136557897845,32.15490400663302,10.438295101727084,正常
生产部C,PA-40,PA-40-001,2023-01-07 09:00:00,5.812115624760868,271.0142094768328,19.72667744794429,50.46031478132887,5.457041607137336,正常
生产部C,PA-40,PA-40-002,2023-01-07 09:00:00,5.303323920342524,136.89693945071153,28.555703811775988,36.10947531505015,13.672550922504044,正常
生产部C,PA-40,PA-40-001,2023-01-07 10:00:00,7.670050937136656,271.91928066597507,33.17340426266884,34.845146121695755,8.111938536265324,正常
生产部C,PA-40,PA-40-002,2023-01-07 10:00:00,5.302732571507,220.10102748095136,25.389404135956813,39.368906433843705,13.201532292175813,正常
生产部C,PA-40,PA-40-001,2023-01-07 11:00:00,8.868373918432026,257.93478177074576,31.113701753014325,49.92035575605117,11.32217020839438,正常
生产部C,PA-40,PA-40-002,2023-01-07 11:00:00,6.201910851210664,124.7997602471595,21.819463887491995,45.0580475561658,7.442190561711385,正常
生产部C,PA-40,PA-40-001,2023-01-07 12:00:00,7.940275232342445,184.1714615463671,25.19343748243356,55.04998813939721,5.900596845141913,正常
生产部C,PA-40,PA-40-002,2023-01-07 12:00:00,9.613172070627442,275.0710000353144,34.50005650117276,38.96049303147191,9.743413044913016,正常
生产部C,PA-40,PA-40-001,2023-01-07 13:00:00,8.332246007231529,216.37155372853053,25.765559258207745,40.91549887466966,5.750126366131815,正常
生产部C,PA-40,PA-40-002,2023-01-07 13:00:00,7.820946934732423,186.91832791731508,27.887049296355308,29.285062954797368,8.368759841532816,正常
生产部C,PA-40,PA-40-001,2023-01-07 14:00:00,6.3180503858530415,167.80547790906107,20.45726463282473,55.76881123517187,5.876055295304414,正常
生产部C,PA-40,PA-40-002,2023-01-07 14:00:00,6.250496820242326,239.43862425703568,23.160586464608432,38.99583345007276,14.527038999506791,正常
生产部C,PA-40,PA-40-002,2023-01-07 15:00:00,7.277737959172851,263.87952236473626,21.033673423513186,45.327954068958746,11.907817136835726,正常
生产部C,PA-40,PA-40-001,2023-01-07 15:00:00,5.627706636318101,262.6148552084409,24.95740447394976,39.05843939688681,14.863192210056525,正常
生产部C,PA-40,PA-40-002,2023-01-07 16:00:00,9.52882855771129,140.4732807823762,27.184923758547285,37.36205489341507,9.20280508530217,正常
生产部C,PA-40,PA-40-001,2023-01-07 16:00:00,8.178242759069454,256.60542857292154,22.03010099086873,37.90047568535566,12.532960904461946,正常
生产部C,PA-40,PA-40-001,2023-01-07 17:00:00,6.039113223271394,303.19028665484944,29.480192924500933,34.85131325444351,11.979135138960531,正常
生产部C,PA-40,PA-40-002,2023-01-07 17:00:00,8.512789782492282,259.845666195342,17.25918213561046,39.28143193050983,12.761708385935316,正常
生产部C,PA-40,PA-40-001,2023-01-07 18:00:00,7.090666537891424,150.73489418638746,28.39230286431999,36.73048309305847,7.588634919169642,正常
生产部C,PA-40,PA-40-002,2023-01-07 18:00:00,5.562372523162836,191.33309009785003,18.61988954517392,43.52304108010623,8.881685684245355,正常
生产部C,PA-40,PA-40-002,2023-01-07 19:00:00,9.376399777490468,155.4989717077865,20.460620366686943,60.01437997895261,14.861408258033066,正常
生产部C,PA-40,PA-40-001,2023-01-07 19:00:00,4.861523478227939,138.6928365018177,25.807424527115074,34.47374064184243,6.374229459312193,正常
生产部C,PA-40,PA-40-001,2023-01-07 20:00:00,7.404156524212418,181.5947900189446,25.52553344760305,37.66351254066971,8.381887306404275,正常
生产部C,PA-40,PA-40-002,2023-01-07 20:00:00,6.890720918478346,119.69778732956796,24.507924096121062,39.18418155730619,5.297183499760266,正常
生产部C,PA-40,PA-40-001,2023-01-07 21:00:00,5.997599640787478,155.76410618424012,18.613878733745917,34.297433125463826,15.115436281031716,正常
生产部C,PA-40,PA-40-002,2023-01-07 21:00:00,8.522759059088342,253.22581183402468,24.79749761070389,79.22837326782842,24.066474570108166,干燥器故障
生产部C,PA-40,PA-40-001,2023-01-07 22:00:00,8.799758022301354,143.8531880511073,31.694309246551093,52.97403067745458,4.94599736815701,正常
生产部C,PA-40,PA-40-002,2023-01-07 22:00:00,8.118719660956431,273.65492562087,34.36202253775053,104.6969539817248,22.306351086692693,干燥器故障
生产部C,PA-40,PA-40-001,2023-01-07 23:00:00,8.897628442090175,190.34352626846163,24.42222871470072,54.51240891480776,4.843375089641017,正常
生产部C,PA-40,PA-40-002,2023-01-07 23:00:00,6.869606561339436,103.1424493730362,21.34124100204601,81.24491979528499,19.834354555856528,干燥器故障
生产部C,PA-40,PA-40-001,2023-01-08 00:00:00,7.796956189372693,272.4296417340072,19.01289961230521,41.29993267279036,8.067429880114899,正常
生产部C,PA-40,PA-40-002,2023-01-08 00:00:00,8.876398289592839,269.3646336849916,34.89569494264468,52.26001197227534,11.894152428400336,正常
生产部C,PA-40,PA-40-001,2023-01-08 01:00:00,7.529851327605377,263.5085955049409,20.281788374573203,60.07860239727431,5.822793371872942,正常
生产部C,PA-40,PA-40-002,2023-01-08 01:00:00,5.572643246215431,167.8324232653651,22.764935902943208,49.99655189308814,10.463259436178058,正常
生产部C,PA-40,PA-40-002,2023-01-08 02:00:00,7.458835239294811,280.1996665218525,19.55044084869876,36.7674166277768,7.7140596234595185,正常
生产部C,PA-40,PA-40-001,2023-01-08 02:00:00,5.3228872110717145,304.9415093887308,25.939915901455542,35.61066609752782,8.303220043673562,正常
生产部C,PA-40,PA-40-002,2023-01-08 03:00:00,7.474112887905461,142.57505419389398,26.21154252206857,46.069854400045415,8.589469100598054,正常
生产部C,PA-40,PA-40-001,2023-01-08 03:00:00,5.543788516588526,121.86155700761104,17.196252551347442,42.69693900381915,8.769841103205707,正常
生产部C,PA-40,PA-40-001,2023-01-08 04:00:00,8.758420210391508,209.45574453026217,22.876061787984764,36.18335269007324,5.787030257171825,压力调节故障
生产部C,PA-40,PA-40-002,2023-01-08 04:00:00,7.493671363432647,152.79672502291442,24.787632598750825,55.16815404440074,8.518437683884583,正常
生产部C,PA-40,PA-40-001,2023-01-08 05:00:00,5.38366290056292,235.39856221636924,30.88001880852305,34.30444077832339,13.61773515879266,压力调节故障
生产部C,PA-40,PA-40-002,2023-01-08 05:00:00,7.628699904921806,185.5402586671856,33.35217044830246,52.70303541973264,7.362960995131783,压力调节故障
生产部C,PA-40,PA-40-001,2023-01-08 06:00:00,6.524206550234172,168.78819140523132,17.265558339282588,46.47984200127114,11.280753709027373,压力调节故障
生产部C,PA-40,PA-40-002,2023-01-08 06:00:00,9.259208002116942,176.26397146724833,29.13266511823902,40.98038510862844,11.28164198407458,压力调节故障
生产部C,PA-40,PA-40-001,2023-01-08 07:00:00,5.8349446165549885,226.609396224485,20.18443395705833,41.044905662531306,8.790270000726924,压力调节故障
生产部C,PA-40,PA-40-002,2023-01-08 07:00:00,5.914166188998288,167.51536253180473,33.42725558187397,56.32650279321891,6.674661958425606,压力调节故障
生产部C,PA-40,PA-40-002,2023-01-08 08:00:00,6.713655948919256,126.68279129686717,20.964177964254805,34.41676655726897,12.27088889934726,正常
生产部C,PA-40,PA-40-001,2023-01-08 08:00:00,9.507756912810253,193.8253000485096,24.72674901291597,39.85259024855591,13.99186236654346,压力调节故障
生产部C,PA-40,PA-40-001,2023-01-08 09:00:00,7.677957785426074,202.02789816754424,17.898907636286722,42.77052972288072,8.931794006463564,压力调节故障
生产部C,PA-40,PA-40-002,2023-01-08 09:00:00,9.681524048207311,244.69626109539024,27.61524447269191,34.55281580781656,9.17728900951506,正常
生产部C,PA-40,PA-40-001,2023-01-08 10:00:00,5.395846090800669,280.42863930127135,33.507098735823135,41.80934187741285,7.754204870739571,正常
生产部C,PA-40,PA-40-002,2023-01-08 10:00:00,7.498828625028705,278.15333356494733,20.35118490238061,59.69281529281896,11.591706304200844,正常
生产部C,PA-40,PA-40-001,2023-01-08 11:00:00,6.986297234103354,302.8230757921566,26.97538481651289,37.43201020510819,6.943995088457285,正常
生产部C,PA-40,PA-40-002,2023-01-08 11:00:00,5.150859941670687,118.82686082226884,32.92915857078985,31.50186406278705,11.074155402531,正常
生产部C,PA-40,PA-40-001,2023-01-08 12:00:00,6.591151656688842,262.45023307447144,22.37691386823433,46.67199979416087,8.575022477615654,正常
生产部C,PA-40,PA-40-002,2023-01-08 12:00:00,7.890134847525257,225.04888198349352,1.5583341175808063,115.9565382544728,9.74077400814698,冷凝故障
生产部C,PA-40,PA-40-001,2023-01-08 13:00:00,8.88803952367501,209.6037150380677,30.24276962442185,50.75508369827399,6.514251484639036,正常
生产部C,PA-40,PA-40-002,2023-01-08 13:00:00,6.808226288508502,260.67131781510386,1.8144087765885129,97.60009773972084,10.953237107997394,冷凝故障
生产部C,PA-40,PA-40-002,2023-01-08 14:00:00,7.34114570356654,213.5330075867976,5.170949370565564,140.9217981890445,7.929311095427223,冷凝故障
生产部C,PA-40,PA-40-001,2023-01-08 14:00:00,5.530669792066822,238.04594101803383,32.12260842579975,31.187241408764567,5.441757798707084,正常
生产部C,PA-40,PA-40-002,2023-01-08 15:00:00,9.120272275359271,184.95241003979623,0.542792267183129,127.52225432292992,5.686088406595911,冷凝故障
生产部C,PA-40,PA-40-001,2023-01-08 15:00:00,6.7408439661701705,236.31673176747893,21.52029249441052,49.721882361071366,12.766749214176402,正常
生产部C,PA-40,PA-40-002,2023-01-08 16:00:00,6.051042069520518,250.15452640896945,4.22502134499448,90.49133700098356,12.667805374318585,冷凝故障
生产部C,PA-40,PA-40-001,2023-01-08 16:00:00,6.375386620764156,209.28775758307967,30.31824436188744,30.0171240522013,11.68080121674425,正常
生产部C,PA-40,PA-40-001,2023-01-08 17:00:00,7.715299589557792,152.56095482013492,30.655718014199888,35.97222861277242,7.576455647863813,正常
生产部C,PA-40,PA-40-002,2023-01-08 17:00:00,5.983505572219023,298.8590577405744,6.523367131229028,135.84062872804614,8.53319776281851,冷凝故障
生产部C,PA-40,PA-40-001,2023-01-08 18:00:00,7.939424966455917,264.24752822683035,30.008484800308725,59.32149176542312,10.260299193215824,正常
生产部C,PA-40,PA-40-002,2023-01-08 18:00:00,6.6109891952193625,215.3522120426016,0.115464247639632,146.17008935288388,9.06278056909094,冷凝故障
生产部C,PA-40,PA-40-001,2023-01-08 19:00:00,7.419425459871604,275.66027444444325,29.0850982615783,57.50797509505328,14.218562236775645,正常
生产部C,PA-40,PA-40-002,2023-01-08 19:00:00,7.273909954084131,110.12043837361156,4.926325000669612,149.78888336653006,12.275806963827598,冷凝故障
生产部C,PA-40,PA-40-002,2023-01-08 20:00:00,7.330424242804944,191.54365118361005,7.349473834065161,143.71230255934668,10.73635532538237,冷凝故障
生产部C,PA-40,PA-40-001,2023-01-08 20:00:00,9.387230797206271,174.90165524585208,24.748700509670787,50.83619093573567,7.887437234534871,正常
生产部C,PA-40,PA-40-002,2023-01-08 21:00:00,9.828300646174654,254.54951765272423,1.4264209894444986,112.79723300486316,13.573711326970232,冷凝故障
生产部C,PA-40,PA-40-001,2023-01-08 21:00:00,9.9291659422431,119.36403823073022,21.56234316868347,40.621222578394224,6.200771334724164,正常
生产部C,PA-40,PA-40-001,2023-01-08 22:00:00,5.430742266876444,281.9033520310183,30.771938436968902,41.322728008405626,11.603120181000511,正常
生产部C,PA-40,PA-40-002,2023-01-08 22:00:00,8.884462443068823,303.41338678376127,5.648787381272122,135.74125569904697,7.123498287448342,冷凝故障
生产部C,PA-40,PA-40-002,2023-01-08 23:00:00,6.0996824797028,200.1843858926663,21.30960595174427,49.07751973855739,7.545007512453961,压力调节故障
生产部C,PA-40,PA-40-001,2023-01-08 23:00:00,5.851789423312357,153.59662311267846,32.99365063536884,36.217795851205686,9.702150230236445,正常
生产部C,PA-40,PA-40-001,2023-01-09 00:00:00,9.153600221586144,108.95715465039387,29.70663867740269,59.82435606192893,6.7399695563445725,正常
生产部C,PA-40,PA-40-002,2023-01-09 00:00:00,5.3763083334948005,259.37981242769746,31.79141689221652,58.35623067826594,12.66055949674311,压力调节故障
生产部C,PA-40,PA-40-002,2023-01-09 01:00:00,8.73093560750279,237.353046953266,35.23903142793784,56.85981196719644,12.25524782671639,压力调节故障
生产部C,PA-40,PA-40-001,2023-01-09 01:00:00,5.774228687620027,161.77867868624938,17.44389861610394,43.5091222922206,12.76340311670873,正常
生产部C,PA-40,PA-40-002,2023-01-09 02:00:00,5.970485995511645,213.63268912187985,30.738655608952143,30.53881830639482,9.533115599016464,压力调节故障
生产部C,PA-40,PA-40-001,2023-01-09 02:00:00,7.407054155983936,192.68298668009507,19.06888694264147,32.833524324120106,7.078755532197198,正常
生产部C,PA-40,PA-40-002,2023-01-09 03:00:00,9.315162110750949,152.6257323230908,26.668861771734598,53.21809545426489,10.203862479544968,压力调节故障
生产部C,PA-40,PA-40-001,2023-01-09 03:00:00,7.343471689795837,265.72378844857604,32.13040505743088,49.79226881981381,6.200307775112225,正常
生产部C,PA-40,PA-40-002,2023-01-09 04:00:00,9.045298097049184,166.12614437646403,22.363544202597023,56.94417045325037,5.564977323652871,压力调节故障
生产部C,PA-40,PA-40-001,2023-01-09 04:00:00,9.34811084564992,136.86116877823792,32.58319520894068,53.61823708596295,10.881102979088784,正常
生产部C,PA-40,PA-40-002,2023-01-09 05:00:00,9.523328861612525,176.42579861445344,28.394623967221808,57.31805121946648,13.034878362285363,正常
生产部C,PA-40,PA-40-001,2023-01-09 05:00:00,9.771282014934718,196.28750344637064,30.007224284847897,55.91867912333323,11.1718778019684,正常
生产部C,PA-40,PA-40-002,2023-01-09 06:00:00,9.468825874071996,199.75962184357255,33.016910434649226,81.75616807035543,23.75053386206245,干燥器故障
生产部C,PA-40,PA-40-001,2023-01-09 06:00:00,9.83926046856894,155.17142096925664,19.472518784858977,43.1656897028344,8.930859610032375,正常
生产部C,PA-40,PA-40-001,2023-01-09 07:00:00,6.1250663597825294,281.33278982054287,14.74207453831592,34.31238666229598,5.2036449523475845,正常
生产部C,PA-40,PA-40-002,2023-01-09 07:00:00,8.412644496191945,210.17518926267877,32.40824956837157,91.23344789883409,19.29795829055983,干燥器故障
生产部C,PA-40,PA-40-001,2023-01-09 08:00:00,7.4653651851840515,101.25224266091897,30.28211315147901,49.1440928541262,5.596502370069723,正常
生产部C,PA-40,PA-40-002,2023-01-09 08:00:00,8.200699224002818,139.08626909633105,25.149763788598747,96.91750869296465,22.38652600384624,干燥器故障
生产部C,PA-40,PA-40-002,2023-01-09 09:00:00,9.693510558008688,231.8768959210803,23.75634168082344,87.25519243996673,19.793416579100885,干燥器故障
生产部C,PA-40,PA-40-001,2023-01-09 09:00:00,5.513794838312463,251.24351902743308,29.721705160147792,30.677919140031324,7.585519066541592,正常
生产部C,PA-40,PA-40-002,2023-01-09 10:00:00,6.638444195486947,191.57512639695287,27.64078376268609,96.30652477145276,23.60734589753365,干燥器故障
生产部C,PA-40,PA-40-001,2023-01-09 10:00:00,9.366033324661196,215.99830220319168,30.219184355249123,40.44404801799558,13.990668954783434,正常
生产部C,PA-40,PA-40-001,2023-01-09 11:00:00,5.52047647600871,289.2233766837893,8.713319350940965,147.70205965226353,8.513698299969723,冷凝故障
生产部C,PA-40,PA-40-002,2023-01-09 11:00:00,5.700609158539308,254.0827455740921,28.391793012260337,87.6015114727478,26.427826772104908,干燥器故障
生产部C,PA-40,PA-40-001,2023-01-09 12:00:00,9.20930192463096,138.2496681857491,7.942257487431963,125.17316157177558,8.687612980073634,冷凝故障
生产部C,PA-40,PA-40-002,2023-01-09 12:00:00,7.906044040822298,147.83849070183032,16.843128692336325,46.38711361526647,11.435893441710174,正常
生产部C,PA-40,PA-40-002,2023-01-09 13:00:00,8.94411402255002,243.4564703920005,31.875483081583244,40.55100964713789,7.3222798948548755,正常
生产部C,PA-40,PA-40-001,2023-01-09 13:00:00,9.51807398333935,278.3060344197814,5.806377942513061,120.0849653407061,7.9644574402301185,冷凝故障
生产部C,PA-40,PA-40-002,2023-01-09 14:00:00,7.0230578585082775,216.46231021236653,18.940232375126456,50.60180909254633,5.902722364359343,正常
生产部C,PA-40,PA-40-001,2023-01-09 14:00:00,5.757717267705244,223.0963217184233,2.413620429720363,90.65273807586712,6.160900657534848,冷凝故障
生产部C,PA-40,PA-40-002,2023-01-09 15:00:00,6.054473987278934,195.424929721688,17.791394737944312,82.14059952744157,26.433944478324285,干燥器故障
生产部C,PA-40,PA-40-001,2023-01-09 15:00:00,8.644430412510022,158.52507531354854,33.816960193827825,50.24581803408704,5.502622739662861,正常
生产部C,PA-40,PA-40-001,2023-01-09 16:00:00,6.251851581132421,298.7002883266058,24.938674374350395,34.485725902092305,12.280963376339784,正常
生产部C,PA-40,PA-40-002,2023-01-09 16:00:00,8.229077149313518,231.30442068164984,20.761880298601177,102.55133996244166,22.38084743528617,干燥器故障
生产部C,PA-40,PA-40-001,2023-01-09 17:00:00,8.91170255350185,227.84439268995945,33.92454566526299,36.72338755795456,14.239209827798833,正常
生产部C,PA-40,PA-40-002,2023-01-09 17:00:00,9.019952361796571,292.29905288725826,19.11543462512168,94.8874779225936,22.94989226274068,干燥器故障
生产部C,PA-40,PA-40-001,2023-01-09 18:00:00,6.25173509337179,260.5617345114554,24.030303789855854,30.503035808339256,11.761467895392318,正常
生产部C,PA-40,PA-40-002,2023-01-09 18:00:00,7.361560440879633,168.35496879610176,21.831495959979037,48.3034246007247,11.40890402536089,正常
生产部C,PA-40,PA-40-002,2023-01-09 19:00:00,8.813047702646314,217.2132114693955,25.87798163903437,53.2618738462518,5.460409688649469,正常
生产部C,PA-40,PA-40-001,2023-01-09 19:00:00,9.297051080979262,249.3299397100152,32.37888699844636,103.67133137308775,24.966966448065055,干燥器故障
生产部C,PA-40,PA-40-002,2023-01-09 20:00:00,6.986803670570351,204.5114539349296,33.193184333396886,48.31401813835864,15.16526253778107,正常
生产部C,PA-40,PA-40-001,2023-01-09 20:00:00,8.071494144754771,178.33884255249998,21.18198134425078,84.01455407037184,21.948939162617098,干燥器故障
生产部C,PA-40,PA-40-001,2023-01-09 21:00:00,9.614645993734849,113.84344073845108,33.452486630421525,79.46358100196203,19.958672660983805,干燥器故障
生产部C,PA-40,PA-40-002,2023-01-09 21:00:00,9.265151337686762,277.67332673265554,18.26740113943628,52.19807171362506,14.486218527859196,正常
生产部C,PA-40,PA-40-001,2023-01-09 22:00:00,9.68247111076608,133.06869075564845,21.76566641476455,86.05564065260663,21.98522473470463,干燥器故障
生产部C,PA-40,PA-40-002,2023-01-09 22:00:00,6.674551462252273,112.83558605611874,24.063751674658704,59.76426940797683,6.674936423958236,正常
生产部C,PA-40,PA-40-002,2023-01-09 23:00:00,7.38703240284672,142.33112886627688,26.161662121304435,40.54661267083007,7.493685918928203,正常
生产部C,PA-40,PA-40-001,2023-01-09 23:00:00,9.201155464036058,270.88544859444386,29.10087155954422,97.77222864561034,25.53414107470336,干燥器故障
生产部C,PA-40,PA-40-002,2023-01-10 00:00:00,8.707499025218413,137.2636393782988,29.31718376468884,35.713521510258865,11.0966734664446,正常
生产部C,PA-40,PA-40-001,2023-01-10 00:00:00,7.49207813380314,126.37921903560904,20.33749093574455,74.61731523612043,24.497417159904437,干燥器故障
生产部C,PA-40,PA-40-001,2023-01-10 01:00:00,2.0024439003667576,465.8499545072111,21.28144832225828,38.04704282513996,9.76101354779084,泄漏故障
生产部C,PA-40,PA-40-002,2023-01-10 01:00:00,9.923806278087604,158.89314571341234,34.883109230284695,34.35429203821343,13.606556441094236,正常
生产部C,PA-40,PA-40-001,2023-01-10 02:00:00,1.9776872741805465,519.4599896957516,31.77618194656125,43.72642249656031,13.138884497258966,泄漏故障
生产部C,PA-40,PA-40-002,2023-01-10 02:00:00,8.740762942333706,115.31972647727726,19.350608444886284,30.782428173443595,11.854969323095478,正常
生产部C,PA-40,PA-40-002,2023-01-10 03:00:00,6.983404275746067,135.8389138956107,25.16262294339624,58.00146176546679,14.40969776311587,正常
生产部C,PA-40,PA-40-001,2023-01-10 03:00:00,2.994830178246969,464.92377752881794,23.065739544685684,42.31346936238661,11.168251707804984,泄漏故障
生产部C,PA-40,PA-40-001,2023-01-10 04:00:00,0.6185493318054348,527.4255278488099,32.52702082303804,36.36712434215329,10.854525208200062,泄漏故障
生产部C,PA-40,PA-40-002,2023-01-10 04:00:00,9.281316028195665,215.2382741090837,28.53420410432708,50.50727624149139,11.684051109255265,正常
生产部C,PA-40,PA-40-002,2023-01-10 05:00:00,5.977855808016057,217.14836773499775,20.30630014497242,47.94392746555396,6.227787392165299,正常
生产部C,PA-40,PA-40-001,2023-01-10 05:00:00,9.62586840097361,167.09658367677088,15.422249698698492,34.99413835751079,9.14966991518631,正常
生产部C,PA-40,PA-40-002,2023-01-10 06:00:00,8.759090203130729,152.33861484874384,15.853370062031203,51.34788113921495,13.702210592950635,正常
生产部C,PA-40,PA-40-001,2023-01-10 06:00:00,5.261811408543696,263.8766293399394,21.453571018380902,41.9417654576824,11.56264316777143,正常
生产部C,PA-40,PA-40-002,2023-01-10 07:00:00,7.524699008673108,191.61267067391435,16.490882823980304,46.43521609445448,14.855231085910544,正常
生产部C,PA-40,PA-40-001,2023-01-10 07:00:00,9.22618579690791,271.3942025086308,30.160419889702155,54.75720451945288,5.7939639596647465,正常
生产部C,PA-40,PA-40-001,2023-01-10 08:00:00,9.221601309911025,212.8240113786661,29.180963613272866,40.951000438850585,11.59353333407998,正常
生产部C,PA-40,PA-40-002,2023-01-10 08:00:00,9.181956423527264,240.8331814484812,19.09649897332538,51.3581083363572,10.908463519885595,正常
生产部C,PA-40,PA-40-002,2023-01-10 09:00:00,6.835437350380681,242.04772453843347,14.8985635160295,38.18353256674124,6.569648166640614,正常
生产部C,PA-40,PA-40-001,2023-01-10 09:00:00,8.110885945063076,135.66179355498676,21.43579819975885,39.48368064463931,12.7388153187769,正常
生产部C,PA-40,PA-40-002,2023-01-10 10:00:00,9.668157045755214,112.20716908024608,21.38486476211945,60.36486729373536,12.855251348088691,正常
生产部C,PA-40,PA-40-001,2023-01-10 10:00:00,5.27903045336428,183.5781344870458,20.17515378434548,40.98901426804895,13.808429305202768,正常
生产部C,PA-40,PA-40-002,2023-01-10 11:00:00,9.282734974020936,150.50919968129963,23.08696229063808,37.566603656004375,11.306404250143004,正常
生产部C,PA-40,PA-40-001,2023-01-10 11:00:00,7.015016246545447,207.0783861980155,24.118187921254115,48.57427193599644,11.224123520790238,正常
生产部C,PA-40,PA-40-002,2023-01-10 12:00:00,5.99462976394012,217.86502872666244,28.13219309484921,59.05073552088324,10.779769793895474,正常
生产部C,PA-40,PA-40-001,2023-01-10 12:00:00,8.537619266403501,286.9541205204858,22.492817796123934,53.20984689199407,9.282369414024023,正常
生产部C,PA-40,PA-40-001,2023-01-10 13:00:00,10.161686872590966,151.99781279081418,20.50874332850208,58.70768646865817,9.928260120246758,正常
生产部C,PA-40,PA-40-002,2023-01-10 13:00:00,5.666268092198767,121.65957590096932,29.824551111680822,38.2903548478542,13.250697650098871,正常
生产部C,PA-40,PA-40-002,2023-01-10 14:00:00,6.178199913822305,171.6493399012066,26.681513351137863,34.6317127425083,13.370762725508005,正常
生产部C,PA-40,PA-40-001,2023-01-10 14:00:00,5.216423931806883,279.8830649873456,8.857624484951584,92.29154714491372,13.779796183542542,冷凝故障
生产部C,PA-40,PA-40-001,2023-01-10 15:00:00,9.961290242713089,125.61106348689056,5.876294109133623,93.5344550526716,13.235745293819548,冷凝故障
生产部C,PA-40,PA-40-002,2023-01-10 15:00:00,5.52831670745076,210.75586903495864,21.87548940151829,58.3008948560062,13.180090380900118,正常
生产部C,PA-40,PA-40-001,2023-01-10 16:00:00,7.171810470893933,252.93227920528284,0.3498601902330451,91.55015153745578,10.73963555795174,冷凝故障
生产部C,PA-40,PA-40-002,2023-01-10 16:00:00,7.9065904935319375,234.21363192409933,20.467895338374426,50.24099979646498,10.689846522357346,正常
生产部C,PA-40,PA-40-001,2023-01-10 17:00:00,9.81085783965328,111.90997659955448,2.1364065011376643,117.79183182666652,13.821518990193368,冷凝故障
生产部C,PA-40,PA-40-002,2023-01-10 17:00:00,5.285142471877784,179.2646595660339,22.537539844256777,56.33553799530022,5.998056297783421,正常
生产部C,PA-40,PA-40-001,2023-01-10 18:00:00,8.061150909935966,143.2083883717862,3.799889411001327,132.07477041820988,8.536679834958642,冷凝故障
生产部C,PA-40,PA-40-002,2023-01-10 18:00:00,6.859998383621529,213.20615552962693,15.98760781519178,46.7917030906281,6.688588246947238,正常
生产部C,PA-40,PA-40-001,2023-01-10 19:00:00,6.199826566503578,216.41063021035143,1.227177114116233,105.12733892141468,11.391860565655298,冷凝故障
生产部C,PA-40,PA-40-002,2023-01-10 19:00:00,8.291151646488965,158.78001221886117,26.764433373364582,48.77464489723922,10.983174586284166,正常
生产部C,PA-40,PA-40-001,2023-01-10 20:00:00,5.088884333116186,281.3722316619368,7.953135961628614,98.00873020681377,15.165804626959678,冷凝故障
生产部C,PA-40,PA-40-002,2023-01-10 20:00:00,8.925114729593703,171.38565518837189,31.86186538301857,49.14898205618104,12.527215674607238,正常
生产部C,PA-40,PA-40-001,2023-01-10 21:00:00,8.315328897025307,238.3586002417732,25.90417404691668,48.82702410016646,10.426376187926447,正常
生产部C,PA-40,PA-40-002,2023-01-10 21:00:00,7.147291148210832,288.0340655576804,30.88257512411198,41.27902698693169,13.746213085198423,正常
生产部C,PA-40,PA-40-001,2023-01-10 22:00:00,8.476761930128724,155.09427457647786,29.184017998677536,53.11272966052606,7.768561933295057,正常
生产部C,PA-40,PA-40-002,2023-01-10 22:00:00,8.519360115125187,103.65364063731842,20.973204597557903,45.793686050440925,10.059278265256332,正常
生产部C,PA-40,PA-40-002,2023-01-10 23:00:00,5.456005964918491,248.32709904623357,30.68558391646616,53.68560612266898,6.101140203758281,正常
生产部C,PA-40,PA-40-001,2023-01-10 23:00:00,6.678384568873697,91.90106138727846,32.39414302676362,57.66528389361773,14.4933037948669,正常
生产部C,PA-40,PA-40-001,2023-01-11 00:00:00,6.142919852036073,227.40145600722124,22.935574153048996,83.59470851075905,25.42801904563806,干燥器故障
生产部C,PA-40,PA-40-002,2023-01-11 00:00:00,7.769946182777101,117.67433233138684,14.216101868594944,54.59681194727818,6.579669949924482,正常
生产部C,PA-40,PA-40-001,2023-01-11 01:00:00,8.511330494527996,139.7561408106746,26.275816156448684,96.21390437788764,23.8945972755579,干燥器故障
生产部C,PA-40,PA-40-002,2023-01-11 01:00:00,5.000568128369356,202.7926081756252,27.792919119643766,34.32197612246567,13.825503111635438,正常
生产部C,PA-40,PA-40-002,2023-01-11 02:00:00,5.227136928383849,196.06046906703577,24.25614703320333,36.97984065447577,6.254699819121332,正常
生产部C,PA-40,PA-40-001,2023-01-11 02:00:00,9.128641157232057,243.57568598627023,18.360496021616424,77.58371288149029,18.50933185796192,干燥器故障
生产部C,PA-40,PA-40-001,2023-01-11 03:00:00,8.048652375939472,256.5102773270154,21.80584549344181,99.8278961349271,19.346474429305943,干燥器故障
生产部C,PA-40,PA-40-002,2023-01-11 03:00:00,8.066501683370348,249.5107829158468,30.652967720410693,32.06551759027085,6.188071146089713,正常
生产部C,PA-40,PA-40-002,2023-01-11 04:00:00,7.07806521786431,262.11332108021816,27.141639095480546,53.23990394087718,12.310997133472831,正常
生产部C,PA-40,PA-40-001,2023-01-11 04:00:00,9.666206293540885,295.902267785863,18.790683818407867,80.93163851823303,26.312561835678267,干燥器故障
生产部C,PA-40,PA-40-002,2023-01-11 05:00:00,9.170382371428447,240.84962018540915,29.985691285286528,60.49644160342277,11.476336185391078,正常
生产部C,PA-40,PA-40-001,2023-01-11 05:00:00,10.116185118733572,229.6186787948036,24.897245940582717,105.50898856507568,25.07911774956656,干燥器故障
生产部C,PA-40,PA-40-001,2023-01-11 06:00:00,5.472508460792052,303.30212200942265,33.40395195422241,89.41511377181118,26.38367980939348,干燥器故障
生产部C,PA-40,PA-40-002,2023-01-11 06:00:00,5.865851813588489,284.2591419354533,24.90736304193578,30.988979991044488,12.51778077443863,正常
生产部C,PA-40,PA-40-002,2023-01-11 07:00:00,5.018830576965362,143.81098426008774,21.138065156409976,51.42553168694021,8.346617328180308,正常
生产部C,PA-40,PA-40-001,2023-01-11 07:00:00,4.948172547043583,159.05113669948022,31.68622820910442,82.89209052605362,23.89959326320395,干燥器故障
生产部C,PA-40,PA-40-001,2023-01-11 08:00:00,7.68275665166435,141.8479009202976,24.864718855058147,32.94198957313614,10.407926405623789,正常
生产部C,PA-40,PA-40-002,2023-01-11 08:00:00,9.152028440262535,214.34635709428667,34.155825265320345,45.80571391771329,12.17901625456549,正常
生产部C,PA-40,PA-40-001,2023-01-11 09:00:00,5.369354612613191,146.03870063172334,30.943919690312423,46.629221345952764,6.294682946472898,正常
生产部C,PA-40,PA-40-002,2023-01-11 09:00:00,8.530127605932508,262.1439057021148,22.78615889314496,40.65519219540776,8.335501402198513,正常
生产部C,PA-40,PA-40-001,2023-01-11 10:00:00,8.001638323108272,167.1189497263025,22.32621745347723,49.47086756457789,6.4274666281017065,正常
生产部C,PA-40,PA-40-002,2023-01-11 10:00:00,5.9410656288239565,136.51012196765208,20.53150920913052,53.501793824529926,13.293373259736526,正常
生产部C,PA-40,PA-40-001,2023-01-11 11:00:00,8.83777827425193,123.94063099107213,16.170644129264375,45.98458872149365,9.972054895763035,正常
生产部C,PA-40,PA-40-002,2023-01-11 11:00:00,7.395667793820431,200.34146478053964,32.78266312296407,42.59879809467172,5.236356883409993,正常
生产部C,PA-40,PA-40-001,2023-01-11 12:00:00,8.380358172870762,189.75815285213852,31.400899154786917,36.65767467359489,5.19398606499453,正常
生产部C,PA-40,PA-40-002,2023-01-11 12:00:00,7.91211425245846,219.37816012459385,26.461216534129942,58.19338199457193,11.897001129029324,正常
生产部C,PA-40,PA-40-001,2023-01-11 13:00:00,6.113012460578183,119.78567836818564,23.23060178320499,56.64905526953559,6.183388546703443,正常
生产部C,PA-40,PA-40-002,2023-01-11 13:00:00,5.302465980337513,179.71316734162028,23.091308500883837,38.556908310270174,13.724878755213812,正常
生产部C,PA-40,PA-40-002,2023-01-11 14:00:00,8.324191996373441,150.3883334410326,15.977600833859944,50.7117735508742,8.695372908952962,正常
生产部C,PA-40,PA-40-001,2023-01-11 14:00:00,6.224489048190212,159.90974146124609,17.96747303072285,38.3960813600393,8.970872869172416,正常
生产部C,PA-40,PA-40-002,2023-01-11 15:00:00,8.137456082084435,126.55960411321644,17.43028187435055,56.686814638300206,13.339878771003772,正常
生产部C,PA-40,PA-40-001,2023-01-11 15:00:00,6.262801262748397,193.9175787261053,32.91576440947447,56.56814621357823,7.1176751938512455,正常
生产部C,PA-40,PA-40-001,2023-01-11 16:00:00,9.691377628086007,195.3058366507508,23.354715124233085,52.12756838278474,9.467560217365968,正常
生产部C,PA-40,PA-40-002,2023-01-11 16:00:00,9.193771922480366,122.7803400401058,29.54269610757955,40.4292825973591,7.722117304636671,正常
生产部C,PA-40,PA-40-001,2023-01-11 17:00:00,8.72479264191098,174.40857476934917,20.669774981055333,37.55317856097089,13.570927594455666,正常
生产部C,PA-40,PA-40-002,2023-01-11 17:00:00,6.036814758557372,181.9542967372203,23.873051966184025,54.4642248189981,14.017915267817775,正常
生产部C,PA-40,PA-40-001,2023-01-11 18:00:00,6.682795579587312,244.60939219587377,27.62026542125418,48.554033140257815,12.087385614772618,正常
生产部C,PA-40,PA-40-002,2023-01-11 18:00:00,5.512649321292806,259.87161984428604,26.754653596038654,48.24453242375368,11.55362669561062,正常
生产部C,PA-40,PA-40-002,2023-01-11 19:00:00,7.4992854107711375,250.6234745451632,14.288292474740954,45.01624281187857,8.962775431912178,正常
生产部C,PA-40,PA-40-001,2023-01-11 19:00:00,2.2409701028420934,503.3704303207223,20.405250221170157,47.16010091510626,13.02126735754631,泄漏故障
生产部C,PA-40,PA-40-001,2023-01-11 20:00:00,1.968853090491712,418.14359829031633,29.06623371639532,43.610572974354966,7.22614439851426,泄漏故障
生产部C,PA-40,PA-40-002,2023-01-11 20:00:00,4.995341977566179,284.4025971105425,21.093519980925876,34.861419772231315,9.158516903829565,正常
生产部C,PA-40,PA-40-002,2023-01-11 21:00:00,6.950310884059855,117.59130378379204,24.026720923141685,49.241922231091806,12.750258696903169,正常
生产部C,PA-40,PA-40-001,2023-01-11 21:00:00,0.2197333894384519,475.94344909143535,24.312530904809886,46.69938966607177,8.475319749796716,泄漏故障
生产部C,PA-40,PA-40-002,2023-01-11 22:00:00,8.570860878331025,178.72087889397585,4.668880067347637,133.1071232780102,13.908811989391104,冷凝故障
生产部C,PA-40,PA-40-001,2023-01-11 22:00:00,1.777416729932207,409.8896056431656,17.421335865482213,53.51101071145465,8.314309869683088,泄漏故障
生产部C,PA-40,PA-40-001,2023-01-11 23:00:00,1.5263996800131756,452.1995887058542,33.805913505453084,35.79401022059097,13.782239243957507,泄漏故障
生产部C,PA-40,PA-40-002,2023-01-11 23:00:00,7.125668211556463,143.8606532915303,1.1201096164648274,119.18803460132978,14.592027529920838,冷凝故障
生产部C,PA-40,PA-40-001,2023-01-12 00:00:00,6.126624639178869,211.9351236906701,18.073511752497087,48.5838963457492,8.32933665493254,正常
生产部C,PA-40,PA-40-002,2023-01-12 00:00:00,5.823816836249087,157.17038208513495,1.114536358450705,111.94271275681469,11.340572595758593,冷凝故障
生产部C,PA-40,PA-40-001,2023-01-12 01:00:00,5.95861174330697,136.31077751665674,25.268339924550254,40.432899782181046,9.20441589913695,正常
生产部C,PA-40,PA-40-002,2023-01-12 01:00:00,8.016772518283295,179.03017275627252,4.563822335074192,94.01373681195724,7.438276309979425,冷凝故障
生产部C,PA-40,PA-40-001,2023-01-12 02:00:00,6.62098204726267,168.99804102327838,28.29844575024029,53.17386754410171,11.590350068509911,正常
生产部C,PA-40,PA-40-002,2023-01-12 02:00:00,5.526128104426293,249.29675148087205,22.000175135491794,58.75948215887296,12.670085184748286,正常
生产部C,PA-40,PA-40-002,2023-01-12 03:00:00,7.635499045577809,189.3321384537257,34.15166815513022,49.046690798682015,6.4695983899874046,正常
生产部C,PA-40,PA-40-001,2023-01-12 03:00:00,9.165491310471674,188.14607976871775,16.48310799755884,44.57476040968364,12.740082547236335,正常
生产部C,PA-40,PA-40-001,2023-01-12 04:00:00,8.013088473262524,244.33316533308837,25.178652151900025,59.7747663263117,5.723529139761608,正常
生产部C,PA-40,PA-40-002,2023-01-12 04:00:00,7.919272047830035,265.6329266120633,28.17643273729843,56.18595081044225,8.723341969938131,正常
生产部C,PA-40,PA-40-001,2023-01-12 05:00:00,8.872478198344043,130.80839170668995,1.7243435179245952,100.67634732367128,10.819686595424018,冷凝故障
生产部C,PA-40,PA-40-002,2023-01-12 05:00:00,8.99441683149558,193.7268876173167,24.77591967449336,41.5763543141131,8.8746461078357,正常
生产部C,PA-40,PA-40-002,2023-01-12 06:00:00,8.427606134169602,191.0613730031311,18.71927239655161,34.47506795375573,8.0775609307788,正常
生产部C,PA-40,PA-40-001,2023-01-12 06:00:00,6.698440136424138,264.1000149175341,6.882699132243376,145.3212435712554,14.936716820800427,冷凝故障
生产部C,PA-40,PA-40-001,2023-01-12 07:00:00,5.264664238181125,176.71575227919448,4.519193149492971,126.85355893132989,6.647311113956001,冷凝故障
生产部C,PA-40,PA-40-002,2023-01-12 07:00:00,7.231732209115225,211.66027411371877,26.210790831503385,38.96473766676168,6.826900387257767,正常
生产部C,PA-40,PA-40-001,2023-01-12 08:00:00,8.694747284047168,130.16944094342335,0.3426171707298532,123.14475964316584,12.443379829990104,冷凝故障
生产部C,PA-40,PA-40-002,2023-01-12 08:00:00,6.256131212465065,128.42052235199606,35.52586478551974,37.986464572304655,14.174724995956996,正常
生产部C,PA-40,PA-40-002,2023-01-12 09:00:00,7.474244878012064,225.95349677576075,20.12230197268887,31.21681850677044,11.032237297388368,正常
生产部C,PA-40,PA-40-001,2023-01-12 09:00:00,5.633538308066592,212.2438047649992,2.9460918588317653,106.55817702666518,12.155290037708829,冷凝故障
生产部C,PA-40,PA-40-002,2023-01-12 10:00:00,8.50763961095567,135.72953783802348,30.582619202759005,51.34926635080242,12.583504904262256,正常
生产部C,PA-40,PA-40-001,2023-01-12 10:00:00,5.462135426311115,211.8417753068385,4.356747152588448,96.3756595010192,6.577444739203031,冷凝故障
生产部C,PA-40,PA-40-002,2023-01-12 11:00:00,6.132058934981441,298.6555512513325,31.85751652011784,33.97646443163054,8.581854989844667,正常
生产部C,PA-40,PA-40-001,2023-01-12 11:00:00,8.686971734471859,306.4660658567117,2.482788522223151,137.82270473099214,10.462721051016407,冷凝故障
生产部C,PA-40,PA-40-002,2023-01-12 12:00:00,7.953716038845578,120.16524025363069,26.74397731911003,30.841035249017043,5.394604295990819,正常
生产部C,PA-40,PA-40-001,2023-01-12 12:00:00,7.559091561326102,285.3451162331926,4.324976434804645,135.23998162089828,9.886872547987076,冷凝故障
生产部C,PA-40,PA-40-002,2023-01-12 13:00:00,7.981732728644039,214.5354262907451,28.81558626114693,39.13095689797606,9.998993572421012,正常
生产部C,PA-40,PA-40-001,2023-01-12 13:00:00,6.854237589738561,255.1482386952308,16.344022759961547,30.40551039493421,8.258665458338868,正常
生产部C,PA-40,PA-40-002,2023-01-12 14:00:00,8.787596588688068,172.5039899799974,32.84795827559478,43.54547776492456,9.336033016126626,正常
生产部C,PA-40,PA-40-001,2023-01-12 14:00:00,7.957647592678098,273.0086879353714,16.192251623080704,56.5588570620698,7.28967316642684,正常
生产部C,PA-40,PA-40-002,2023-01-12 15:00:00,7.375205801237194,228.96242327450076,15.305122448892874,36.75669874865648,8.145469312019467,正常
生产部C,PA-40,PA-40-001,2023-01-12 15:00:00,9.163291730190831,135.37137334176614,19.17165832508841,57.89767541523928,13.432161374411416,正常
生产部C,PA-40,PA-40-001,2023-01-12 16:00:00,7.341061275410864,174.92798436632273,19.77078504335412,44.377532335676754,13.568276498114386,正常
生产部C,PA-40,PA-40-002,2023-01-12 16:00:00,6.890500473003375,214.58511047491265,17.935055812506903,32.61059198193947,14.275589481342552,压力调节故障
生产部C,PA-40,PA-40-001,2023-01-12 17:00:00,6.498643525897439,245.3147332202089,33.70170303682406,30.79605225176482,13.643735513259664,正常
生产部C,PA-40,PA-40-002,2023-01-12 17:00:00,9.05339030053567,143.37070996610422,32.61837564897467,59.81861220273889,8.72899464576364,压力调节故障
生产部C,PA-40,PA-40-001,2023-01-12 18:00:00,6.029176042533298,223.0830427255897,20.028578134162963,54.90475754716143,8.762569692759094,正常
生产部C,PA-40,PA-40-002,2023-01-12 18:00:00,5.683666033326517,158.5020251579372,16.717322341042458,44.38336100424979,9.545247136907248,压力调节故障
生产部C,PA-40,PA-40-001,2023-01-12 19:00:00,6.04186780617385,226.22231056315584,27.47889556950168,39.1725137439362,7.895362978590673,正常
生产部C,PA-40,PA-40-002,2023-01-12 19:00:00,6.792133976604237,161.18880110166333,29.721434825794898,55.5726511088067,12.192328422656118,压力调节故障
生产部C,PA-40,PA-40-002,2023-01-12 20:00:00,6.314227895603915,206.6261062762067,33.37412829103914,58.80647803224248,6.513396937953114,正常
生产部C,PA-40,PA-40-001,2023-01-12 20:00:00,5.688073491772644,274.6311380377254,32.5743754572762,57.19446743535603,10.02126258085712,正常
生产部C,PA-40,PA-40-002,2023-01-12 21:00:00,9.56928833824014,179.2781499741236,32.13685633599869,31.59902973978353,6.282257655928458,正常
生产部C,PA-40,PA-40-001,2023-01-12 21:00:00,0.3601824199964843,419.0125451079271,18.321690292377205,38.07012290651797,8.686307922043518,泄漏故障
生产部C,PA-40,PA-40-001,2023-01-12 22:00:00,0.6342135211978545,534.9068290320643,27.556307895197094,46.25841514814243,14.131900076772729,泄漏故障
生产部C,PA-40,PA-40-002,2023-01-12 22:00:00,6.150928959330507,244.69244273540767,21.66109383995825,31.418541985823936,11.34876209437626,正常
生产部C,PA-40,PA-40-001,2023-01-12 23:00:00,0.1912616569344273,538.1112215576691,15.858554039784904,51.77596002388731,8.443099858194849,泄漏故障
生产部C,PA-40,PA-40-002,2023-01-12 23:00:00,5.276946321881121,135.97819005049578,25.293432241768848,34.21228102111538,7.631992720651668,正常
装配部,PA-40,PA-40-003,2023-01-13 00:00:00,6.369761317278988,294.1201227628576,16.34055208951999,57.9511485562587,11.8716649553084,正常
生产部C,PA-40,PA-40-002,2023-01-13 00:00:00,7.985815716395317,145.52316532097015,22.42803727198463,76.68635009611458,26.87970664989375,干燥器故障
生产部C,PA-40,PA-40-001,2023-01-13 00:00:00,5.125139241054447,198.4241733965423,27.541951984884083,58.83134073480596,7.223757306836467,正常
生产部C,PA-40,PA-40-002,2023-01-13 01:00:00,5.702648609652042,192.13797116641425,29.676157428241726,90.86984178156696,22.50421540926882,干燥器故障
装配部,PA-40,PA-40-003,2023-01-13 01:00:00,8.43203787846836,203.77847776715095,23.683076073450454,36.57198282862196,13.095188835192904,正常
生产部C,PA-40,PA-40-001,2023-01-13 01:00:00,5.378106825644549,227.57411725218464,35.71383960314397,94.92673065203216,21.400040246840287,干燥器故障
生产部C,PA-40,PA-40-002,2023-01-13 02:00:00,6.778462215077751,126.13481674341276,25.648694593075536,95.75214649991356,26.747916055788288,干燥器故障
装配部,PA-40,PA-40-003,2023-01-13 02:00:00,7.559733761306187,119.05664386474167,20.66894050396795,53.17524245443288,7.006441324485463,正常
生产部C,PA-40,PA-40-001,2023-01-13 02:00:00,8.476793514813249,176.70901560677865,30.11991204925117,98.3951231087569,26.510921858226634,干燥器故障
生产部C,PA-40,PA-40-002,2023-01-13 03:00:00,5.599553874158562,182.4606609219546,22.96792913359945,90.31727887224744,26.74539195407168,干燥器故障
装配部,PA-40,PA-40-003,2023-01-13 03:00:00,4.970965616657325,133.53189452233167,17.13064118652587,56.94608782709113,10.914725824868214,正常
生产部C,PA-40,PA-40-001,2023-01-13 03:00:00,5.740734968767971,264.5580608689972,33.10325104332366,97.78242702377104,24.82837616477405,干燥器故障
生产部C,PA-40,PA-40-002,2023-01-13 04:00:00,9.078913426001655,260.8889251470051,32.95373747921892,39.05768191571661,5.613065205749011,正常
装配部,PA-40,PA-40-003,2023-01-13 04:00:00,10.093271666413663,112.98268342714756,27.490995531684494,32.430889574317405,5.340915631352294,正常
生产部C,PA-40,PA-40-001,2023-01-13 04:00:00,5.388383435422251,116.94141476851252,22.67992867940924,80.25865549504067,22.71371453112969,干燥器故障
装配部,PA-40,PA-40-003,2023-01-13 05:00:00,9.285065318399054,192.6372735340468,15.815478166998313,56.97313065409615,8.802283026783208,正常
生产部C,PA-40,PA-40-002,2023-01-13 05:00:00,6.618573425484298,182.2397801275013,33.61443344652662,55.40219107094378,14.450486820819773,正常
生产部C,PA-40,PA-40-001,2023-01-13 05:00:00,6.6500736136364464,189.40742602654305,17.904058349095592,38.05727367378436,8.804408758287932,正常
装配部,PA-40,PA-40-003,2023-01-13 06:00:00,4.086104139125702,12.250052201934466,22.220540033083207,40.979999258018005,13.780893537373489,过滤器堵塞
生产部C,PA-40,PA-40-002,2023-01-13 06:00:00,9.275500091084336,149.04039374885983,33.44011630010545,46.292757038308864,7.042721505920402,正常
生产部C,PA-40,PA-40-001,2023-01-13 06:00:00,7.931113116392621,285.6020855818452,27.17968781615554,53.96556827032718,12.730635742348468,正常
装配部,PA-40,PA-40-003,2023-01-13 07:00:00,4.077921954628968,5.556803043240506,33.73879177429179,56.78391479507841,9.86516171008284,过滤器堵塞
生产部C,PA-40,PA-40-001,2023-01-13 07:00:00,6.068936586090524,277.5714822010608,20.779560250210697,59.119278783256725,7.73624944900701,正常
生产部C,PA-40,PA-40-002,2023-01-13 07:00:00,6.052801041250051,181.3953147506971,21.18159388374108,38.29012457443222,5.088140336650152,正常
装配部,PA-40,PA-40-003,2023-01-13 08:00:00,3.691886971505557,42.78626347491013,27.16115899182323,37.30018828698799,14.123477049443547,过滤器堵塞
生产部C,PA-40,PA-40-002,2023-01-13 08:00:00,6.208742597166043,301.7730692861883,19.41425658133076,58.976584392211,13.525400527901803,正常
生产部C,PA-40,PA-40-001,2023-01-13 08:00:00,8.642895374570832,115.17143346707115,25.139070672830744,31.20345620728758,7.4322410959599265,正常
装配部,PA-40,PA-40-003,2023-01-13 09:00:00,3.652879572669833,35.27229319005309,26.423841264417657,45.80103456236246,14.479438834991711,过滤器堵塞
生产部C,PA-40,PA-40-002,2023-01-13 09:00:00,8.404105080243314,237.0028739188169,28.7209492865437,57.31812228354553,9.32422513355017,正常
生产部C,PA-40,PA-40-001,2023-01-13 09:00:00,5.787835761148753,132.01870956026536,28.00296740816776,54.07404293773552,12.720720841103777,正常
生产部C,PA-40,PA-40-001,2023-01-13 10:00:00,5.429575729717316,204.2229189932669,34.63321397433012,31.311731482518816,7.381545007832713,正常
装配部,PA-40,PA-40-003,2023-01-13 10:00:00,3.560187950787609,9.919562322109565,33.05534149410941,56.66997558538755,7.57935400211205,过滤器堵塞
生产部C,PA-40,PA-40-002,2023-01-13 10:00:00,9.555078592356615,170.63100119864572,19.961161016713618,51.71749517717839,12.87073194536062,正常
装配部,PA-40,PA-40-003,2023-01-13 11:00:00,5.860689402409963,106.62866104449353,15.098955382068944,51.38820764393062,10.446272583548376,正常
生产部C,PA-40,PA-40-001,2023-01-13 11:00:00,6.0071579591372535,129.6334974587152,25.00283728987361,40.748096323065205,12.54897817658002,正常
生产部C,PA-40,PA-40-002,2023-01-13 11:00:00,8.865997227204286,137.33070903077845,32.77845912814812,35.90224945848652,12.2428123194121,正常
生产部C,PA-40,PA-40-002,2023-01-13 12:00:00,1.3106503860148182,401.5743234797458,29.62566208994309,48.4671328328714,7.771567391409307,泄漏故障
装配部,PA-40,PA-40-003,2023-01-13 12:00:00,8.481103556231115,207.20465177504937,35.20374450544853,42.33545618925557,13.988837364642835,正常
生产部C,PA-40,PA-40-001,2023-01-13 12:00:00,9.296293060790433,207.5091951319496,23.33509122306104,50.83313921532165,7.33534664121869,正常
装配部,PA-40,PA-40-003,2023-01-13 13:00:00,8.317047320687768,270.61426209041883,35.63458887648412,32.942493382146466,6.784777556933062,正常
生产部C,PA-40,PA-40-001,2023-01-13 13:00:00,8.452726057012732,279.1258765255591,24.75861072726866,95.43682938370785,21.25415729077816,干燥器故障
生产部C,PA-40,PA-40-002,2023-01-13 13:00:00,1.5178332922933833,458.5959815643587,22.390252438788263,33.22351134727136,13.566892817230483,泄漏故障
生产部C,PA-40,PA-40-002,2023-01-13 14:00:00,2.659000201512145,380.69581667801344,35.227312448512464,53.323912603895,9.597953881501088,泄漏故障
生产部C,PA-40,PA-40-001,2023-01-13 14:00:00,7.303617763168776,141.79289373103552,27.58193309897024,85.19139457964954,26.409218993159943,干燥器故障
装配部,PA-40,PA-40-003,2023-01-13 14:00:00,7.567415614815579,113.69105095533892,21.690574454962068,49.52862843713403,11.985836437107825,正常
生产部C,PA-40,PA-40-001,2023-01-13 15:00:00,9.305180951876304,306.11403966368425,22.0329331529555,96.54654043095562,22.62470488155028,干燥器故障
装配部,PA-40,PA-40-003,2023-01-13 15:00:00,9.502148351022964,259.699944799255,31.64234825745022,34.595304563725655,6.553717029952728,正常
生产部C,PA-40,PA-40-002,2023-01-13 15:00:00,1.7278642291416246,388.69536263784914,22.94870240601997,52.38754631985524,12.024945472458157,泄漏故障
装配部,PA-40,PA-40-003,2023-01-13 16:00:00,8.810117856518442,249.11356881064415,23.899583792964314,49.59381284360309,10.540840448718424,正常
生产部C,PA-40,PA-40-002,2023-01-13 16:00:00,0.9879390758187422,472.9620736886314,25.617982925188187,46.92003698104173,9.002080461425214,泄漏故障
生产部C,PA-40,PA-40-001,2023-01-13 16:00:00,8.551883146255383,252.1672221578305,27.006011649456628,59.21416991887458,13.214361296223007,正常
生产部C,PA-40,PA-40-002,2023-01-13 17:00:00,7.2760667201259,223.981712354296,30.632538907024117,40.01547382612647,8.16327255305395,正常
装配部,PA-40,PA-40-003,2023-01-13 17:00:00,8.517295413152185,113.33714483278516,35.06225806092817,40.54648377079475,11.798799324696532,正常
生产部C,PA-40,PA-40-001,2023-01-13 17:00:00,6.122710856292098,210.75825362645503,30.71418221012052,49.82105348549478,11.679353208653556,正常
生产部C,PA-40,PA-40-002,2023-01-13 18:00:00,7.553452564807868,273.48481165626225,15.942297743041449,42.62153677023532,10.318266449218084,正常
装配部,PA-40,PA-40-003,2023-01-13 18:00:00,7.169019199298155,259.1802477890589,30.85653647818745,32.078640036314084,5.916952547364237,正常
生产部C,PA-40,PA-40-001,2023-01-13 18:00:00,8.56784883759863,185.25616344583608,27.354216783357916,30.50375416144112,7.256667271397347,正常
生产部C,PA-40,PA-40-002,2023-01-13 19:00:00,9.83092100758661,288.2921911944864,26.3665441073542,47.3698179936938,11.892759886929529,正常
装配部,PA-40,PA-40-003,2023-01-13 19:00:00,8.319273231056311,178.01199776621513,31.665958032766387,46.58707635361457,6.637391889270127,正常
生产部C,PA-40,PA-40-001,2023-01-13 19:00:00,8.814091148478848,218.6747160489151,32.1744338071098,58.92582520692131,8.597269815685877,正常
生产部C,PA-40,PA-40-001,2023-01-13 20:00:00,6.550467532366814,186.5880685750664,28.821315298342785,54.35368976278702,8.097530755067758,正常
装配部,PA-40,PA-40-003,2023-01-13 20:00:00,5.379563111267268,122.46629086448606,27.47118812909038,34.80145215518298,11.129457148951891,正常
生产部C,PA-40,PA-40-002,2023-01-13 20:00:00,9.945472872970088,297.51522609084986,29.93654828339345,44.28922306306528,12.050750489058592,正常
生产部C,PA-40,PA-40-001,2023-01-13 21:00:00,5.808262220049527,293.0017072706686,30.611815145787965,101.30794866208346,20.160094498411027,干燥器故障
装配部,PA-40,PA-40-003,2023-01-13 21:00:00,10.056412515358309,161.3594663751533,17.341707458309564,53.68550357736148,5.045899853422934,正常
生产部C,PA-40,PA-40-002,2023-01-13 21:00:00,9.645606008105275,227.98152291510232,18.42170218458064,30.83388565903587,12.174306538688633,正常
生产部C,PA-40,PA-40-001,2023-01-13 22:00:00,5.336513814165231,286.1615237989544,30.004141857690456,76.1969180970849,19.732600362831956,干燥器故障
装配部,PA-40,PA-40-003,2023-01-13 22:00:00,6.951565305029686,245.88664228990768,23.452021859627283,32.80109759080031,12.509277822934925,压力调节故障
生产部C,PA-40,PA-40-002,2023-01-13 22:00:00,7.075028020056226,192.1516351349788,30.81122434708636,92.30720666752444,18.40624324983409,干燥器故障
生产部C,PA-40,PA-40-002,2023-01-13 23:00:00,9.005761515981824,149.00948953753658,18.567696685000328,99.17675833734594,18.755281900662236,干燥器故障
装配部,PA-40,PA-40-003,2023-01-13 23:00:00,6.171333701328289,149.37869425285118,28.888297778022142,30.096820912998258,10.125596909942994,压力调节故障
生产部C,PA-40,PA-40-001,2023-01-13 23:00:00,5.602623044776583,132.59926411469132,33.45410674276236,91.97919849348376,25.444532327998555,干燥器故障
生产部C,PA-40,PA-40-002,2023-01-14 00:00:00,8.999872041650221,211.07614418115185,22.08083622015627,87.43847986602545,20.291714339198784,干燥器故障
装配部,PA-40,PA-40-003,2023-01-14 00:00:00,8.369938133290088,155.0187382561822,28.073630637935448,45.72514934952261,13.754109931999915,压力调节故障
生产部C,PA-40,PA-40-001,2023-01-14 00:00:00,5.412799458518393,181.2679860305632,21.158193470875517,88.5689101586415,19.329626737337755,干燥器故障
装配部,PA-40,PA-40-003,2023-01-14 01:00:00,5.997377393324072,144.53612496472996,17.472311011433963,54.60041921603845,14.24469542832944,压力调节故障
生产部C,PA-40,PA-40-001,2023-01-14 01:00:00,8.559709569622557,263.8668043849472,25.80066562254994,89.33793964676269,22.33181131012442,干燥器故障
生产部C,PA-40,PA-40-002,2023-01-14 01:00:00,7.6217951123136976,115.6739370627838,24.702156131244266,92.6227708141116,22.812958001718,干燥器故障
生产部C,PA-40,PA-40-001,2023-01-14 02:00:00,7.854124444247887,177.47974194356416,20.11034322990119,105.4933684766886,19.14303384563969,干燥器故障
生产部C,PA-40,PA-40-002,2023-01-14 02:00:00,7.574552548315366,113.91195436598105,29.660463866971103,89.80864134460295,22.95796984810631,干燥器故障
装配部,PA-40,PA-40-003,2023-01-14 02:00:00,9.77453787848044,268.5101525411782,21.915475325286334,39.17846724086224,14.407959759648795,正常
生产部C,PA-40,PA-40-001,2023-01-14 03:00:00,6.817353798962665,288.8243246474998,21.448547170550167,94.85149859006792,25.209323710318657,干燥器故障
生产部C,PA-40,PA-40-002,2023-01-14 03:00:00,6.266082882154183,279.3819182076452,32.14792841821097,88.80984531346142,23.61156389766451,干燥器故障
装配部,PA-40,PA-40-003,2023-01-14 03:00:00,9.96504998715047,270.0379501470932,24.900596136953077,56.10389017050185,8.346044572453945,正常
生产部C,PA-40,PA-40-001,2023-01-14 04:00:00,7.516682959249365,219.6055181971937,24.28379000302062,93.09192983123224,21.097931220080653,干燥器故障
生产部C,PA-40,PA-40-002,2023-01-14 04:00:00,6.880963661540588,215.8577581386678,31.48201817793237,46.13664005209073,7.733067519787884,正常
装配部,PA-40,PA-40-003,2023-01-14 04:00:00,6.79554945857982,152.26740000470187,18.128499614062324,38.65821296348991,13.040990509817153,正常
生产部C,PA-40,PA-40-002,2023-01-14 05:00:00,5.790803710375678,220.215312855148,3.359455402878033,108.87981202048437,5.95221961970688,冷凝故障
生产部C,PA-40,PA-40-001,2023-01-14 05:00:00,9.596445616255185,97.49759456998152,14.612666732393,52.893651995374086,11.836415744653104,正常
装配部,PA-40,PA-40-003,2023-01-14 05:00:00,8.211857353103406,198.33931207421747,18.152692648647932,52.57938814473263,13.383831810386509,正常
生产部C,PA-40,PA-40-001,2023-01-14 06:00:00,8.543462059515349,246.61948169014943,33.08317871063238,57.88740526336155,11.49488015893753,正常
生产部C,PA-40,PA-40-002,2023-01-14 06:00:00,7.054208888381137,269.58902676213546,7.194248693303619,118.25356595151428,10.437522704121855,冷凝故障
装配部,PA-40,PA-40-003,2023-01-14 06:00:00,8.420561690953363,124.63489739113707,27.920454311180087,47.44668524872333,12.950353324462071,正常
生产部C,PA-40,PA-40-001,2023-01-14 07:00:00,8.305335298544385,231.2965343513625,20.453265681531544,37.624546403317446,10.001888612542643,正常
生产部C,PA-40,PA-40-002,2023-01-14 07:00:00,5.096318265218728,120.67448016076648,8.844388652558187,99.59399409146208,9.019013916780612,冷凝故障
装配部,PA-40,PA-40-003,2023-01-14 07:00:00,8.394429350797354,161.40846580461593,21.989472230379533,45.56511448048517,5.063428699292617,正常
生产部C,PA-40,PA-40-002,2023-01-14 08:00:00,9.241337234738856,303.87750071222416,6.059953441012509,142.61286594100036,9.207761043996287,冷凝故障
装配部,PA-40,PA-40-003,2023-01-14 08:00:00,6.24507796113848,159.40697836098073,17.576203402592515,31.637895116420424,15.15355545193243,正常
生产部C,PA-40,PA-40-001,2023-01-14 08:00:00,4.988810251602237,114.84595145467418,21.551796696804345,44.225294559186445,11.297179295678095,正常
装配部,PA-40,PA-40-003,2023-01-14 09:00:00,6.716493080999602,157.7725939321171,31.93498380616652,38.54000599817694,12.053805096602783,正常
生产部C,PA-40,PA-40-001,2023-01-14 09:00:00,7.759020930528211,133.3622532013868,19.622467350414023,32.16728968372889,8.104380920592114,正常
生产部C,PA-40,PA-40-002,2023-01-14 09:00:00,5.507868527377384,196.6801067761116,4.872592429698472,124.8507919428669,11.472360886773757,冷凝故障
生产部C,PA-40,PA-40-001,2023-01-14 10:00:00,8.131070229581974,143.10262303980977,31.83024279749145,51.75553201952658,9.97027231223143,正常
生产部C,PA-40,PA-40-002,2023-01-14 10:00:00,6.405977536162653,96.66280360319718,0.3963087557075823,134.3514733060034,5.546892182300797,冷凝故障
装配部,PA-40,PA-40-003,2023-01-14 10:00:00,6.225230533618067,151.98217791458458,24.37846794349401,38.70783972393201,10.414399584901656,正常
生产部C,PA-40,PA-40-001,2023-01-14 11:00:00,5.116947282625513,149.9717707774166,22.206015291682657,34.13983080545499,9.058220892842506,正常
生产部C,PA-40,PA-40-002,2023-01-14 11:00:00,7.31296613880809,144.782099285499,27.22871695498341,51.70730849588416,12.380726758692992,正常
装配部,PA-40,PA-40-003,2023-01-14 11:00:00,6.359012064794147,159.4332679423884,30.74919353415584,45.07430305118483,12.77812567651175,正常
装配部,PA-40,PA-40-003,2023-01-14 12:00:00,6.184113963913058,127.29921125168644,16.56688803269804,37.7844892644677,10.851879755042065,正常
生产部C,PA-40,PA-40-001,2023-01-14 12:00:00,5.078014964640194,152.1453390224721,24.65084224944237,37.10482798043808,14.141140670369166,正常
生产部C,PA-40,PA-40-002,2023-01-14 12:00:00,9.36862263130425,273.96276906635507,29.1998992963363,52.188863020649045,11.398996293479115,正常
生产部C,PA-40,PA-40-001,2023-01-14 13:00:00,9.662322167272386,284.42959495628327,34.946088322822284,55.3278287221501,11.053513973427302,正常
装配部,PA-40,PA-40-003,2023-01-14 13:00:00,5.180125146938527,219.93526136688507,21.115062674001877,54.243555072663725,11.863137483103666,正常
生产部C,PA-40,PA-40-002,2023-01-14 13:00:00,6.644919158785921,239.24296530807385,18.778654791933395,40.76906141863741,13.287960164383744,正常
生产部C,PA-40,PA-40-002,2023-01-14 14:00:00,5.827715394118968,167.43638668413854,25.470205989192856,56.77335447420414,6.108302938994513,正常
生产部C,PA-40,PA-40-001,2023-01-14 14:00:00,5.717730850901525,244.558230734378,26.11029794265473,59.37638079380117,6.46523466981765,正常
装配部,PA-40,PA-40-003,2023-01-14 14:00:00,5.570209766445767,157.66999558674652,28.265437915047865,53.64773790412983,13.992605190210744,正常
生产部C,PA-40,PA-40-001,2023-01-14 15:00:00,9.771313122688666,263.33040882035186,29.358836713851783,52.227722758993686,12.981417284622704,正常
装配部,PA-40,PA-40-003,2023-01-14 15:00:00,5.525583356608675,286.7619110543235,15.587282105395644,58.88852052835762,9.619133004926248,正常
生产部C,PA-40,PA-40-002,2023-01-14 15:00:00,5.726138409903717,185.5948039383235,15.375618119731078,51.15468781976733,12.56097133789594,正常
生产部C,PA-40,PA-40-001,2023-01-14 16:00:00,5.294115070268795,137.99581622817877,25.637787615956388,36.067799089645405,8.372562340628988,正常
装配部,PA-40,PA-40-003,2023-01-14 16:00:00,5.930735919260134,147.92669491305816,27.518334316928176,43.521002371037326,14.951342121772672,压力调节故障
生产部C,PA-40,PA-40-002,2023-01-14 16:00:00,9.049035109709296,269.19167423516944,19.65807164976168,35.93422391730368,12.621083087625982,正常
生产部C,PA-40,PA-40-001,2023-01-14 17:00:00,8.233952218687385,117.7100700915364,26.127924787965732,46.39893281559913,14.597046174327408,正常
装配部,PA-40,PA-40-003,2023-01-14 17:00:00,6.127478402203664,191.4621785243166,28.47516853799473,39.21166316778256,5.63320990597165,压力调节故障
生产部C,PA-40,PA-40-002,2023-01-14 17:00:00,9.120679433781175,136.63461470506982,27.90607278402546,54.788118008561256,8.550820755468933,正常
生产部C,PA-40,PA-40-002,2023-01-14 18:00:00,3.808790010581789,11.881568096004209,28.30551385970833,55.36944579577792,6.1451819452902265,过滤器堵塞
生产部C,PA-40,PA-40-001,2023-01-14 18:00:00,8.063417970188546,119.93459355083915,22.92478656676513,52.611875360026666,8.30008625057483,正常
装配部,PA-40,PA-40-003,2023-01-14 18:00:00,8.622594284329322,225.6624932082232,32.77598168625247,33.88666089150887,9.920737391285677,压力调节故障
生产部C,PA-40,PA-40-001,2023-01-14 19:00:00,9.46594910908868,238.81768907276552,27.60004477962249,44.3914101600485,12.189717416240564,压力调节故障
装配部,PA-40,PA-40-003,2023-01-14 19:00:00,7.619321867160254,141.45067068923697,25.017789968534828,47.059409255905656,6.236464362049486,压力调节故障
生产部C,PA-40,PA-40-002,2023-01-14 19:00:00,3.509899610637797,38.69765528380392,27.578463914321567,35.41334572362516,14.274787618787458,过滤器堵塞
生产部C,PA-40,PA-40-002,2023-01-14 20:00:00,3.8982223795163726,47.82757735367488,27.64221828996884,39.66576224383684,14.983913866650864,过滤器堵塞
装配部,PA-40,PA-40-003,2023-01-14 20:00:00,7.516580898225414,241.5901094235237,26.1951529134736,43.85403694571802,12.41706917849408,压力调节故障
生产部C,PA-40,PA-40-001,2023-01-14 20:00:00,7.61386622283044,147.98605624848807,32.50807877785718,40.726405484330485,13.920154518862706,压力调节故障
装配部,PA-40,PA-40-003,2023-01-14 21:00:00,7.880199559799801,227.72316398213115,32.23629805096474,47.90181458926784,13.081665529432676,压力调节故障
生产部C,PA-40,PA-40-001,2023-01-14 21:00:00,5.279892137749756,149.99819298421244,21.89398086788665,30.10319595012439,9.296358911551874,压力调节故障
生产部C,PA-40,PA-40-002,2023-01-14 21:00:00,4.245081136479447,41.06859126549024,22.202031147475825,39.33007690334741,5.519676701542171,过滤器堵塞
生产部C,PA-40,PA-40-002,2023-01-14 22:00:00,4.407729121412826,32.05181013147318,28.3650120342686,31.426579479106003,14.288070944227442,过滤器堵塞
装配部,PA-40,PA-40-003,2023-01-14 22:00:00,6.703389590034784,155.66034971488614,19.9584611258736,31.5894007435495,10.90632983700499,压力调节故障
生产部C,PA-40,PA-40-001,2023-01-14 22:00:00,6.175708551023174,210.3378922937636,28.524463599844623,31.99367053383379,13.545076869120996,压力调节故障
装配部,PA-40,PA-40-003,2023-01-14 23:00:00,8.199489865201224,308.91804749920965,31.76937449078884,52.910203615590135,10.547813438264509,正常
生产部C,PA-40,PA-40-002,2023-01-14 23:00:00,3.6902745681275286,24.670891285033164,24.26686090726121,49.8618368785917,11.4323177256486,过滤器堵塞
生产部C,PA-40,PA-40-001,2023-01-14 23:00:00,6.296904282955195,143.29558512831915,27.3527505320475,47.61275342733013,10.719298225666895,压力调节故障
生产部C,PA-40,PA-40-002,2023-01-15 00:00:00,9.597310423714298,199.55612867779627,21.63644626941013,54.97495548181613,10.99234517930833,正常
生产部C,PA-40,PA-40-001,2023-01-15 00:00:00,2.744776127060549,440.65035955393535,22.61926797163099,58.90170008259734,11.433938936469149,泄漏故障
装配部,PA-40,PA-40-003,2023-01-15 00:00:00,5.2484452884689325,272.3597281514164,18.621339697952777,35.804616822847,13.447276354350818,正常
生产部C,PA-40,PA-40-002,2023-01-15 01:00:00,6.152826555396544,187.6110705666974,32.26074424197736,58.462448326336606,8.617001818256286,正常
生产部C,PA-40,PA-40-001,2023-01-15 01:00:00,2.227301408293985,369.4666828860152,30.720069948897912,38.48640790328798,14.498393511766832,泄漏故障
装配部,PA-40,PA-40-003,2023-01-15 01:00:00,4.231104369908116,41.81224066051351,28.222864737915494,37.54180389112864,13.849621676889411,过滤器堵塞
生产部C,PA-40,PA-40-001,2023-01-15 02:00:00,0.5348045255049592,508.68368384532806,24.57685507037142,43.94874894979997,10.275654025827984,泄漏故障
装配部,PA-40,PA-40-003,2023-01-15 02:00:00,3.700111752723501,30.834765228937577,33.33712704195335,49.96762298470455,5.209427408837859,过滤器堵塞
生产部C,PA-40,PA-40-002,2023-01-15 02:00:00,8.345454577227288,115.04353692789704,14.795048631580675,40.882089504144886,6.653457676447168,正常
生产部C,PA-40,PA-40-002,2023-01-15 03:00:00,8.795493269081812,236.6925295360193,21.06189262533256,40.05260116663767,10.208260903258653,正常
装配部,PA-40,PA-40-003,2023-01-15 03:00:00,3.5637163383914383,26.634166533302444,23.44682692150197,46.38170704044232,9.759057237943498,过滤器堵塞
生产部C,PA-40,PA-40-001,2023-01-15 03:00:00,0.181601338782678,519.7797648752137,22.72073469880104,35.685906988129524,11.812361556735434,泄漏故障
生产部C,PA-40,PA-40-001,2023-01-15 04:00:00,8.343062657180624,210.0497438428346,19.827288661254705,54.499435532108514,6.269751807129808,正常
生产部C,PA-40,PA-40-002,2023-01-15 04:00:00,7.051483701875362,118.13386709179063,32.36684139145168,48.61140768926653,11.263518366684018,正常
装配部,PA-40,PA-40-003,2023-01-15 04:00:00,3.562257133234413,21.234394676209213,16.496365898789577,53.829420102507214,6.042053505327314,过滤器堵塞
生产部C,PA-40,PA-40-001,2023-01-15 05:00:00,9.581901092598343,144.5313782669461,27.69364224768672,60.20395872506932,14.442731648139691,正常
生产部C,PA-40,PA-40-002,2023-01-15 05:00:00,9.340803754999431,260.0583410583205,25.52027835528801,36.87735265812483,5.6157075355718336,正常
装配部,PA-40,PA-40-003,2023-01-15 05:00:00,3.606898380427279,6.561618862138432,17.341089582462896,47.37333677162825,14.543008626424854,过滤器堵塞
生产部C,PA-40,PA-40-001,2023-01-15 06:00:00,7.119952171000192,128.62592942495638,34.089145384549056,51.0919798903698,7.540622052662074,正常
装配部,PA-40,PA-40-003,2023-01-15 06:00:00,3.505198263686467,17.34259457754965,31.941093592518683,31.760865608997214,13.161683546238736,过滤器堵塞
生产部C,PA-40,PA-40-002,2023-01-15 06:00:00,8.50821857009248,228.5943217609685,34.575231598944974,54.54094463881317,13.507567790321367,正常
装配部,PA-40,PA-40-003,2023-01-15 07:00:00,4.000289641082087,25.86298660880596,26.159340633056942,56.97093322103363,8.48890854095628,过滤器堵塞
生产部C,PA-40,PA-40-002,2023-01-15 07:00:00,9.655816690697392,132.28635036100565,33.68428227554356,29.79046512506004,14.384961813337878,正常
生产部C,PA-40,PA-40-001,2023-01-15 07:00:00,8.594215116669824,300.7481340209983,27.656593945546053,50.098321943152136,7.265241456302569,正常
生产部C,PA-40,PA-40-002,2023-01-15 08:00:00,5.012887850888046,151.90625353228208,15.618371326487807,58.68708859424683,10.773073661997516,正常
生产部C,PA-40,PA-40-001,2023-01-15 08:00:00,6.0719707778190015,245.82900176714452,26.852272020800825,57.21583031810279,10.3107204960005,正常
装配部,PA-40,PA-40-003,2023-01-15 08:00:00,9.695678332880023,293.8715386720145,26.125743021745023,57.87935893378062,8.791713738603331,正常
生产部C,PA-40,PA-40-002,2023-01-15 09:00:00,10.05400487432806,175.98052600636484,19.95591343040787,37.231512729975066,12.889911583054843,正常
装配部,PA-40,PA-40-003,2023-01-15 09:00:00,6.05618004634969,115.91899482840508,26.84206652320979,58.688839853084126,5.555124012122341,正常
生产部C,PA-40,PA-40-001,2023-01-15 09:00:00,8.869934393092858,227.92101041843483,17.947372253262213,60.29015278224277,5.503521492336263,正常
生产部C,PA-40,PA-40-001,2023-01-15 10:00:00,6.4143419952460174,128.10380124155182,28.58530583998693,45.39726988103031,5.972973959050636,正常
生产部C,PA-40,PA-40-002,2023-01-15 10:00:00,8.92025032472628,140.140816038251,20.60587531530572,57.61663969738017,5.851923322131589,正常
装配部,PA-40,PA-40-003,2023-01-15 10:00:00,7.29780028154325,112.72238023252686,15.39656111685722,35.03741440999948,11.223202454816704,正常
生产部C,PA-40,PA-40-002,2023-01-15 11:00:00,6.583113877073419,95.39244423257676,26.96206749052553,42.46247035691268,11.18138528350002,正常
装配部,PA-40,PA-40-003,2023-01-15 11:00:00,8.218338400180253,269.11135410872805,29.216208407914475,39.91945963364411,9.946036732135186,正常
生产部C,PA-40,PA-40-001,2023-01-15 11:00:00,6.93895156712571,254.31932607115576,20.2896160767628,38.33889388230915,14.800338631669574,正常
生产部C,PA-40,PA-40-002,2023-01-15 12:00:00,4.074914505337547,13.50884068372264,18.042308109055707,36.33260953214519,11.346837866591269,过滤器堵塞
生产部C,PA-40,PA-40-001,2023-01-15 12:00:00,8.377312254752656,135.82255971824316,18.170629318667626,47.45275815776593,13.463423013138456,正常
装配部,PA-40,PA-40-003,2023-01-15 12:00:00,5.91472412284965,116.93265297487326,14.336170053351522,50.60076623610734,8.579556472217881,正常
生产部C,PA-40,PA-40-001,2023-01-15 13:00:00,8.278673149034178,287.996882317469,20.78412167612924,51.05167419666856,6.772350373100229,正常
装配部,PA-40,PA-40-003,2023-01-15 13:00:00,5.770124799992781,234.42749828785216,20.8149246139706,47.37619818878072,10.206065862154029,正常
生产部C,PA-40,PA-40-002,2023-01-15 13:00:00,4.197712452625134,12.95761352875675,26.02890906086583,49.816357194642336,9.43744902832086,过滤器堵塞
生产部C,PA-40,PA-40-002,2023-01-15 14:00:00,4.164679412822452,10.234066057592589,23.51292751487622,51.30869192676178,14.961966743253612,过滤器堵塞
生产部C,PA-40,PA-40-001,2023-01-15 14:00:00,8.422358119608758,199.4403645717421,16.519449535105668,35.23808534507591,15.407588460341564,正常
装配部,PA-40,PA-40-003,2023-01-15 14:00:00,8.581854504644838,224.8100377110057,17.111345898763638,41.135098803539,10.660623279126476,正常
装配部,PA-40,PA-40-003,2023-01-15 15:00:00,8.00488606765451,280.8478659959965,25.287699732827413,43.17244899297096,7.938128787116919,正常
生产部C,PA-40,PA-40-001,2023-01-15 15:00:00,6.832089013302763,185.61721821071973,23.288394852980776,42.36745090882194,9.758469649769436,正常
生产部C,PA-40,PA-40-002,2023-01-15 15:00:00,4.046382380881727,56.04808422287417,34.14914828313957,39.107425015082754,11.366103023211936,过滤器堵塞
生产部C,PA-40,PA-40-002,2023-01-15 16:00:00,3.79307392908197,41.52486907420028,24.009415225649946,37.31024357384633,6.940021781104649,过滤器堵塞
生产部C,PA-40,PA-40-001,2023-01-15 16:00:00,6.655848816537636,209.3448342280182,27.263851428520383,50.69137605097776,14.89219182591908,正常
装配部,PA-40,PA-40-003,2023-01-15 16:00:00,6.223346882879844,271.9123660145687,20.678107865322588,33.70989222683389,11.09055663202512,正常
装配部,PA-40,PA-40-003,2023-01-15 17:00:00,8.705839974741966,212.38313521593156,35.04726072315941,52.23452564640664,12.70055584345987,正常
生产部C,PA-40,PA-40-002,2023-01-15 17:00:00,3.755972614747303,9.692765658667431,31.247570887853165,49.27255268587377,9.013387813958854,过滤器堵塞
生产部C,PA-40,PA-40-001,2023-01-15 17:00:00,8.996030269934,126.15724693656465,23.594759022946644,57.06031163958018,7.68908113595685,正常
装配部,PA-40,PA-40-003,2023-01-15 18:00:00,6.324820448752004,249.98243371956025,27.327957843821125,44.699366580405936,14.25795843028659,正常
生产部C,PA-40,PA-40-002,2023-01-15 18:00:00,3.56245953185237,43.343628217555626,34.56422554709988,43.96134451783461,10.18562775028328,过滤器堵塞
生产部C,PA-40,PA-40-001,2023-01-15 18:00:00,5.361085790593557,266.06528089981293,24.414897047319084,43.68819790699855,9.611802938369026,正常
装配部,PA-40,PA-40-003,2023-01-15 19:00:00,9.86500885313895,120.1591315424362,15.376040577302236,60.76748093671961,5.881625000606986,正常
生产部C,PA-40,PA-40-001,2023-01-15 19:00:00,7.895507547255437,260.09117984224844,18.783719380980585,33.32044000672932,14.421049866305674,正常
生产部C,PA-40,PA-40-002,2023-01-15 19:00:00,3.854761704237724,48.50897455470795,21.165037195635005,31.747056579948342,5.929161201236733,过滤器堵塞
装配部,PA-40,PA-40-003,2023-01-15 20:00:00,8.347916230376372,162.4047987672783,18.295366637626245,38.81442802500781,8.869539428262335,正常
生产部C,PA-40,PA-40-001,2023-01-15 20:00:00,9.162696849823712,136.43246063192964,16.240830591772696,49.2059754775626,12.823227710177928,正常
生产部C,PA-40,PA-40-002,2023-01-15 20:00:00,7.532513401415315,280.742999745818,34.86466511966785,88.08258545046664,25.13521070620164,干燥器故障
生产部C,PA-40,PA-40-002,2023-01-15 21:00:00,7.921278770058515,126.17003661710412,23.28281023092685,101.25526431438172,26.515469066008563,干燥器故障
装配部,PA-40,PA-40-003,2023-01-15 21:00:00,6.339958491152262,214.5155872527885,33.2054396209594,33.49324125576535,13.793987910735098,正常
生产部C,PA-40,PA-40-001,2023-01-15 21:00:00,6.479148028932217,198.51070070809752,30.0836361890834,60.91870698268288,13.707065827542037,正常
装配部,PA-40,PA-40-003,2023-01-15 22:00:00,6.25601869737516,202.1745847621289,29.77422215847772,55.98136277765357,12.854511492855176,正常
生产部C,PA-40,PA-40-002,2023-01-15 22:00:00,9.852197608578036,233.3286234059371,31.622399343229965,79.75647145481841,25.32275754514431,干燥器故障
装配部,PA-40,PA-40-003,2023-01-15 23:00:00,9.067871896919758,271.41612051539886,16.49226711349477,37.47988677080302,4.999826393145673,正常
生产部C,PA-40,PA-40-002,2023-01-15 23:00:00,8.465033447759584,145.58967971436823,22.87427930595644,98.37674956242968,18.572608073902845,干燥器故障
装配部,PA-40,PA-40-003,2023-01-16 00:00:00,9.31807537856891,195.9623307253281,15.338784689203043,38.06787876652003,8.690374972404069,正常
生产部C,PA-40,PA-40-002,2023-01-16 00:00:00,9.620994350487797,225.68898010505416,33.86647280529467,38.12201215417759,5.846470465980274,正常
装配部,PA-40,PA-40-003,2023-01-16 01:00:00,7.8511720328352546,173.333821313586,19.58939067837136,55.360503681896,14.898399419198478,正常
生产部C,PA-40,PA-40-002,2023-01-16 01:00:00,8.28528258411465,202.6672050177173,18.992326343192023,39.17574397300585,13.708956773194384,正常
生产部C,PA-40,PA-40-002,2023-01-16 02:00:00,9.20487741821703,171.832105099898,21.054783623256768,52.53177590749328,8.038171861079901,正常
装配部,PA-40,PA-40-003,2023-01-16 02:00:00,5.10706291452267,194.6941085701706,17.52278566581431,53.185377763487466,11.391560994023903,正常
装配部,PA-40,PA-40-003,2023-01-16 03:00:00,6.763905255140619,168.68110026505445,22.209822938633724,47.12468507729165,12.873686152351617,正常
生产部C,PA-40,PA-40-002,2023-01-16 03:00:00,6.516626852794938,301.81844164603115,23.848517304465,46.27629947586799,10.368855281161649,正常
装配部,PA-40,PA-40-003,2023-01-16 04:00:00,7.381898310130092,185.63298946188024,17.41228814851012,49.07890346426952,6.960961902368227,正常
生产部C,PA-40,PA-40-002,2023-01-16 04:00:00,7.762554557257515,166.69898214996343,28.26300244372139,58.23783574777427,11.861494164744538,正常
生产部C,PA-40,PA-40-002,2023-01-16 05:00:00,3.6486312255558153,21.74444355881875,33.34596120521076,48.34521490124434,15.320393890210015,过滤器堵塞
装配部,PA-40,PA-40-003,2023-01-16 05:00:00,5.44760261526868,113.31558224268174,32.71255702076999,31.72870452005893,13.670688245322516,正常
装配部,PA-40,PA-40-003,2023-01-16 06:00:00,6.082230836070536,118.08063147562238,33.08623309635916,51.75957135717125,6.84585184964352,正常
生产部C,PA-40,PA-40-002,2023-01-16 06:00:00,3.6499223849462745,20.306589320708746,19.62599265339534,32.68419077952039,8.971248358208337,过滤器堵塞
生产部C,PA-40,PA-40-002,2023-01-16 07:00:00,4.451539528640102,2.092046563301964,32.22022838781238,44.815305197869314,12.423522091739583,过滤器堵塞
装配部,PA-40,PA-40-003,2023-01-16 07:00:00,8.178256250564543,249.0471719842201,20.61033005437373,35.29199168153059,7.910674388984936,正常
装配部,PA-40,PA-40-003,2023-01-16 08:00:00,6.477783642104814,212.04713789596863,15.379064147660856,44.04021536215778,5.173619097060812,正常
生产部C,PA-40,PA-40-002,2023-01-16 08:00:00,3.7784590993190776,44.02870899314017,17.805186481273445,37.14815905257648,9.226299636929404,过滤器堵塞
装配部,PA-40,PA-40-003,2023-01-16 09:00:00,8.894302968952058,113.5247279568999,16.55893423451922,50.19416671219607,14.3077195774015,正常
生产部C,PA-40,PA-40-002,2023-01-16 09:00:00,3.998486996925851,38.3190310042923,30.77585441635171,49.17871372533728,14.244182298608536,过滤器堵塞
生产部C,PA-40,PA-40-002,2023-01-16 10:00:00,9.719382205012565,126.74160247303392,22.035596479899517,53.76241282438767,11.700830785072185,正常
装配部,PA-40,PA-40-003,2023-01-16 10:00:00,7.663576095637974,123.20704556848068,22.19979935837424,36.74410485420052,10.921643172774004,正常
装配部,PA-40,PA-40-003,2023-01-16 11:00:00,5.014949573605406,189.4184749640004,18.863065780924348,48.9248765482985,6.145697988403341,正常
生产部C,PA-40,PA-40-002,2023-01-16 11:00:00,9.628561461043546,131.697021725902,18.032781811141813,53.36173024796072,9.014753873027296,正常
装配部,PA-40,PA-40-003,2023-01-16 12:00:00,6.890898475846497,194.69568408631065,26.23924817165366,49.14263378653829,14.209586065133974,正常
生产部C,PA-40,PA-40-002,2023-01-16 12:00:00,8.643826729988076,210.8824873338717,14.954477024680063,39.01185725750239,13.01562243924579,正常
生产部C,PA-40,PA-40-002,2023-01-16 13:00:00,6.772207953240366,158.39403777059886,32.71055338548665,50.77787173228369,9.101757659001663,正常
装配部,PA-40,PA-40-003,2023-01-16 13:00:00,5.329964834281658,130.27772865512495,20.72956183971545,42.8787132033044,14.54593259323334,正常
装配部,PA-40,PA-40-003,2023-01-16 14:00:00,5.832756090741744,290.24226558703265,16.272477188052132,35.045892253791514,6.681725536214092,正常
生产部C,PA-40,PA-40-002,2023-01-16 14:00:00,8.195679911041822,251.47720876644925,34.64898007556514,51.447035991050015,7.515181375238319,正常
装配部,PA-40,PA-40-003,2023-01-16 15:00:00,9.415041224312464,219.38195361733224,20.3541223943034,34.27410202502361,6.689720690819822,正常
生产部C,PA-40,PA-40-002,2023-01-16 15:00:00,6.901007251637509,269.7548324228781,18.053165341061582,47.79521105101237,10.770582320843914,正常
装配部,PA-40,PA-40-003,2023-01-16 16:00:00,8.800971059907697,114.07614838239311,22.75951459894185,59.52663473436952,4.858929080318886,正常
生产部C,PA-40,PA-40-002,2023-01-16 16:00:00,6.943183937042067,266.3850009918873,16.105286698870344,46.69142456493936,10.359362113853017,正常
生产部C,PA-40,PA-40-002,2023-01-16 17:00:00,8.845254706877858,177.29763117327488,25.91006528730573,48.63391248380177,13.40174906692063,正常
装配部,PA-40,PA-40-003,2023-01-16 17:00:00,9.04942762110312,300.40997868771467,29.493144309990583,36.62169755767677,5.457096470244483,正常
生产部C,PA-40,PA-40-002,2023-01-16 18:00:00,9.484189687286383,266.2942147932904,23.08764316376825,54.12544540621312,11.112564228497302,正常
装配部,PA-40,PA-40-003,2023-01-16 18:00:00,5.925759577981424,144.45441616604066,24.81424794728052,60.2634594386608,6.146192931963359,正常
生产部C,PA-40,PA-40-002,2023-01-16 19:00:00,6.310303401102443,208.23475273658008,18.22878308225368,31.33192894354314,5.333594083887317,正常
装配部,PA-40,PA-40-003,2023-01-16 19:00:00,7.692275507972456,239.37830697431167,21.936371039087295,52.58096943651973,11.069878177699762,正常
生产部C,PA-40,PA-40-002,2023-01-16 20:00:00,5.3732535212063,122.64083015893668,31.660011280163666,29.22951743578375,13.177596212736244,正常
装配部,PA-40,PA-40-003,2023-01-16 20:00:00,6.415168145634879,177.87216018366885,33.7936389552839,39.4244186965469,12.768397022449903,正常
生产部C,PA-40,PA-40-002,2023-01-16 21:00:00,6.554378460158759,127.5950072899298,26.963500928880094,36.284503696797216,10.406107396551976,正常
装配部,PA-40,PA-40-003,2023-01-16 21:00:00,5.731295784632576,139.3079103533583,17.188359863827117,30.13407072244056,12.693711010043996,正常
生产部C,PA-40,PA-40-002,2023-01-16 22:00:00,8.162555491954397,121.4617229508836,25.993337057479028,42.08227104283807,6.882811248229141,正常
装配部,PA-40,PA-40-003,2023-01-16 22:00:00,8.164915528588198,164.08541621868844,31.094648418643743,44.390040215514055,10.761998502253798,正常
生产部C,PA-40,PA-40-002,2023-01-16 23:00:00,7.144356013395739,249.36094721904408,20.76301945176421,43.884397682576974,9.00362967890587,正常
装配部,PA-40,PA-40-003,2023-01-16 23:00:00,7.47775305634321,125.5911896114469,34.08179466222887,56.28250438650922,8.079489405498272,正常
生产部C,PA-40,PA-40-002,2023-01-17 00:00:00,9.58703425310494,242.67701737443457,6.7109477164000175,113.0442120390949,5.128283380666823,冷凝故障
装配部,PA-40,PA-40-003,2023-01-17 00:00:00,5.783503845277023,154.6895395320298,27.284502320073205,36.90761117470572,14.66524135516894,正常
装配部,PA-40,PA-40-003,2023-01-17 01:00:00,8.653952289428972,285.2842293958691,22.457209786418645,43.833081743271215,12.48178635793938,正常
生产部C,PA-40,PA-40-002,2023-01-17 01:00:00,7.696403568537211,184.2442710536979,4.189444981384758,123.89815155767891,14.0942696142479,冷凝故障
生产部C,PA-40,PA-40-002,2023-01-17 02:00:00,9.71348468112206,231.87132277232632,1.6598687518021715,122.09282482655036,8.435931999239653,冷凝故障
装配部,PA-40,PA-40-003,2023-01-17 02:00:00,5.777177177137031,150.20000267575384,20.70195076342039,52.13678544651426,12.638468288366704,正常
装配部,PA-40,PA-40-003,2023-01-17 03:00:00,7.422104708834904,268.8411761907317,29.36908950497776,51.32074612095381,12.878528812879326,正常
生产部C,PA-40,PA-40-002,2023-01-17 03:00:00,8.849506262444022,180.7795763749742,0.8285143178381331,121.36407768640466,13.913253793951126,冷凝故障
生产部C,PA-40,PA-40-002,2023-01-17 04:00:00,9.468053394713616,283.27278359211925,8.727740548459018,94.12499557366584,9.478805525964916,冷凝故障
装配部,PA-40,PA-40-003,2023-01-17 04:00:00,4.842788669872873,169.8138298466358,26.806926199726977,39.56365500893044,5.636725836911982,正常
装配部,PA-40,PA-40-003,2023-01-17 05:00:00,7.947826982786542,213.55268764235277,25.96704948715914,38.28024908706256,8.661219084963957,正常
生产部C,PA-40,PA-40-002,2023-01-17 05:00:00,6.291217696010516,98.10269717888062,31.214076771479043,53.29676721425587,12.562246775448337,正常
装配部,PA-40,PA-40-003,2023-01-17 06:00:00,9.740126442026808,103.96513841571186,29.32474468441657,33.31349964404665,8.28984580100963,正常
生产部C,PA-40,PA-40-002,2023-01-17 06:00:00,6.4846163589672505,290.6341861757721,27.841663216234625,55.76228186124528,10.938513649385326,正常
装配部,PA-40,PA-40-003,2023-01-17 07:00:00,7.534409701518058,271.07315951410374,25.491732763098696,49.01429256260837,14.047966264559664,正常
生产部C,PA-40,PA-40-002,2023-01-17 07:00:00,5.080841022940801,292.1684906659024,26.427753964360377,44.936122692874186,5.768029649010709,正常
装配部,PA-40,PA-40-003,2023-01-17 08:00:00,9.324501529534206,241.01571001282997,17.179592999408467,34.9473338770769,12.236101070424668,正常
生产部C,PA-40,PA-40-002,2023-01-17 08:00:00,6.591251902971911,122.91962016469192,31.162829775864648,44.99060965945396,8.87761846107919,正常
生产部C,PA-40,PA-40-002,2023-01-17 09:00:00,0.8469305766757347,459.7986998860083,26.68299321813653,46.891933687819126,13.212704879666695,泄漏故障
装配部,PA-40,PA-40-003,2023-01-17 09:00:00,9.323814408679224,164.2794465311173,29.097402921928847,42.78905113322237,12.201283941890017,正常
装配部,PA-40,PA-40-003,2023-01-17 10:00:00,9.91614354851623,99.69172895512573,29.180541266343408,53.91759285133543,9.017593401386527,正常
生产部C,PA-40,PA-40-002,2023-01-17 10:00:00,2.6632372112288447,494.7180322104389,32.749884225399086,50.364893983635085,13.89457728148512,泄漏故障
生产部C,PA-40,PA-40-002,2023-01-17 11:00:00,0.991409115809834,360.1356604525934,20.802394487574663,59.51111418025472,10.315211226962004,泄漏故障
装配部,PA-40,PA-40-003,2023-01-17 11:00:00,9.039125445432758,152.5952573744548,32.561640364848095,39.98129926997103,9.869721411355952,正常
装配部,PA-40,PA-40-003,2023-01-17 12:00:00,9.201236981586623,169.04237501125894,26.589657305042596,38.67571857716359,6.258885526382861,正常
生产部C,PA-40,PA-40-002,2023-01-17 12:00:00,1.4509579531588293,532.7861999704423,22.2586663901972,45.87478211763057,7.911193741785986,泄漏故障
装配部,PA-40,PA-40-003,2023-01-17 13:00:00,9.016108569029912,116.31526397378612,30.28008831588465,36.887496415732166,10.554717499662084,正常
生产部C,PA-40,PA-40-002,2023-01-17 13:00:00,2.575022504186265,365.117435610048,30.284515030630217,36.416643415300285,10.151356858821138,泄漏故障
装配部,PA-40,PA-40-003,2023-01-17 14:00:00,8.091907997017199,176.19226778929715,18.556790667007977,52.780111454628624,5.452691850231852,正常
生产部C,PA-40,PA-40-002,2023-01-17 14:00:00,2.2241922237193634,415.9429903089155,22.17285518598272,37.1140552118289,14.02680156473682,泄漏故障
生产部C,PA-40,PA-40-002,2023-01-17 15:00:00,2.683932084778337,538.9697501973071,32.1165256140076,30.83555092987411,13.65122822915514,泄漏故障
装配部,PA-40,PA-40-003,2023-01-17 15:00:00,8.208221749507944,266.1539937226637,29.08688999883816,37.031845503831775,7.207132030896217,正常
生产部C,PA-40,PA-40-002,2023-01-17 16:00:00,5.259756292811322,283.0039162582868,31.774785509322545,47.58856611750964,9.148143764411191,正常
装配部,PA-40,PA-40-003,2023-01-17 16:00:00,7.021971036742964,273.8266337633605,16.343917721977125,55.543127242784486,8.836741129645839,正常
生产部C,PA-40,PA-40-002,2023-01-17 17:00:00,8.114804097859864,166.4108946187847,30.08876527956559,56.88505000999424,5.610239512292774,正常
装配部,PA-40,PA-40-003,2023-01-17 17:00:00,3.97347495015104,18.29694809595281,34.136079054736015,37.77863600520055,9.626585439774328,过滤器堵塞
生产部C,PA-40,PA-40-002,2023-01-17 18:00:00,7.498506233951799,215.1473886471877,23.744446235608404,39.35760761683588,6.063212783097462,正常
装配部,PA-40,PA-40-003,2023-01-17 18:00:00,4.113066527871124,4.075360842014892,23.410430170363608,52.70360087381619,12.380591181435705,过滤器堵塞
生产部C,PA-40,PA-40-002,2023-01-17 19:00:00,6.140601209089715,170.9044035277268,16.212201122398454,37.34880401018539,7.559295975238464,正常
装配部,PA-40,PA-40-003,2023-01-17 19:00:00,4.057697782474466,35.198024527819854,14.906715297031475,33.12002634988176,12.310027646814977,过滤器堵塞
生产部C,PA-40,PA-40-002,2023-01-17 20:00:00,9.929789529555578,194.7162521236876,19.810606398244055,38.84896654315836,8.979034764654637,正常
装配部,PA-40,PA-40-003,2023-01-17 20:00:00,8.752355258681861,262.4417393718892,4.251809759048052,109.6863638794176,6.769608744867362,冷凝故障
生产部C,PA-40,PA-40-002,2023-01-17 21:00:00,7.631779784095226,301.8502663001417,1.63021695416769,111.78445771422123,7.474886616386679,冷凝故障
装配部,PA-40,PA-40-003,2023-01-17 21:00:00,10.04166024761788,114.86185541077695,5.32122746594375,120.11503571086236,10.567245131670884,冷凝故障
生产部C,PA-40,PA-40-002,2023-01-17 22:00:00,9.039591872986293,274.97547184008323,5.338074928564198,99.1949791562905,6.864789587951209,冷凝故障
装配部,PA-40,PA-40-003,2023-01-17 22:00:00,9.575770352174828,171.08639818360527,6.834564388330101,123.13622360024158,8.355718064716733,冷凝故障
生产部C,PA-40,PA-40-002,2023-01-17 23:00:00,5.178766221472859,285.2843803707551,3.752962246052534,106.43511055374844,15.254393199359018,冷凝故障
装配部,PA-40,PA-40-003,2023-01-17 23:00:00,4.976330893490072,239.35538988652328,6.733407359509185,108.5506803356012,9.758213135225375,冷凝故障
生产部C,PA-40,PA-40-002,2023-01-18 00:00:00,5.7731807467261484,270.89290284647825,6.2624209158377,126.75433630167676,9.371721496380433,冷凝故障
装配部,PA-40,PA-40-003,2023-01-18 00:00:00,9.030345525116765,301.2447935270169,33.127719203767576,43.56349777921983,14.359721054807991,正常
装配部,PA-40,PA-40-003,2023-01-18 01:00:00,8.662036105918354,141.77163809680417,34.27393885127445,48.98483931656111,9.628022875788728,正常
生产部C,PA-40,PA-40-002,2023-01-18 01:00:00,9.18748321101146,249.31460314894093,1.1491698994104738,130.2937125616321,14.734788517287113,冷凝故障
装配部,PA-40,PA-40-003,2023-01-18 02:00:00,9.001601898267815,167.94216321792538,23.68631205734604,43.079384184335616,10.889661219049229,正常
生产部C,PA-40,PA-40-002,2023-01-18 02:00:00,5.97621576672214,187.5025639583222,1.5704022061005194,147.4503320158398,11.296064001834806,冷凝故障
装配部,PA-40,PA-40-003,2023-01-18 03:00:00,5.187152123038404,293.7169176268521,30.20960720337696,41.3039529043698,13.00494822420302,正常
生产部C,PA-40,PA-40-002,2023-01-18 03:00:00,8.618722031313197,197.92016043309184,5.672038543226551,117.28385678203024,12.40052442375744,冷凝故障
装配部,PA-40,PA-40-003,2023-01-18 04:00:00,7.505297310964497,121.00493037078284,27.712224738363044,107.354846105324,25.311155614521653,干燥器故障
生产部C,PA-40,PA-40-002,2023-01-18 04:00:00,5.3699086818326895,200.4694555002143,1.2830123472208128,122.058797646773,15.334159914351138,冷凝故障
装配部,PA-40,PA-40-003,2023-01-18 05:00:00,8.930339185036578,290.54886069804587,15.19132666837146,81.89134843155259,24.76534673797269,干燥器故障
生产部C,PA-40,PA-40-002,2023-01-18 05:00:00,8.014684843173027,121.19326279744834,30.239412541747765,36.733414397305744,12.2610068749424,正常
装配部,PA-40,PA-40-003,2023-01-18 06:00:00,6.374601626353019,107.54299879731424,29.71463402056168,98.334432730189,24.86208111977205,干燥器故障
生产部C,PA-40,PA-40-002,2023-01-18 06:00:00,6.003021086095348,173.55684820890838,24.43345000643596,48.74398767627351,7.642069647089337,正常
装配部,PA-40,PA-40-003,2023-01-18 07:00:00,8.933791765659024,284.46125165618633,28.06404681618046,99.86943681826747,20.752697101089566,干燥器故障
生产部C,PA-40,PA-40-002,2023-01-18 07:00:00,6.339477151691154,289.71848405764536,18.597148465450157,60.62778145158773,13.98371759655793,正常
生产部C,PA-40,PA-40-002,2023-01-18 08:00:00,5.126673281133318,253.76946022813704,7.255604969780934,122.72406076520409,6.175672488008956,冷凝故障
装配部,PA-40,PA-40-003,2023-01-18 08:00:00,7.802594023615393,125.52623599703544,29.47699300818459,106.27613815727614,21.56469402879443,干燥器故障
装配部,PA-40,PA-40-003,2023-01-18 09:00:00,7.811515945891043,278.518494469616,16.98569961005566,95.36213602515562,26.62343578757269,干燥器故障
生产部C,PA-40,PA-40-002,2023-01-18 09:00:00,9.599355253140068,232.59388705079127,6.463792051261109,104.31998547242512,5.609308836491586,冷凝故障
装配部,PA-40,PA-40-003,2023-01-18 10:00:00,9.518279647605551,269.57596008421507,31.58460822210317,84.44280821301011,19.685928832590413,干燥器故障
生产部C,PA-40,PA-40-002,2023-01-18 10:00:00,9.799847137548015,253.64529969046347,0.239975813443333,119.3830093964826,5.727618056173465,冷凝故障
生产部C,PA-40,PA-40-002,2023-01-18 11:00:00,5.375837633470341,231.42461111392396,7.230082919885893,111.74152619945392,14.857029041138944,冷凝故障
装配部,PA-40,PA-40-003,2023-01-18 11:00:00,9.328817701102682,259.336996090878,26.605119276051404,36.64978745232961,7.0818560790682925,正常
生产部C,PA-40,PA-40-002,2023-01-18 12:00:00,6.008463531580967,158.07239191203473,4.054146799642678,98.59330610305412,5.779610086010154,冷凝故障
装配部,PA-40,PA-40-003,2023-01-18 12:00:00,6.086144124995063,238.65625198686624,17.77481255725695,49.387308368716994,10.251570304468146,正常
装配部,PA-40,PA-40-003,2023-01-18 13:00:00,8.935949452669966,177.16731709599526,27.75224976971003,38.79770182273923,7.966314762661228,正常
生产部C,PA-40,PA-40-002,2023-01-18 13:00:00,2.6848622964084234,534.8556979876696,34.992275500302306,43.91407824492356,13.805993717369834,泄漏故障
装配部,PA-40,PA-40-003,2023-01-18 14:00:00,5.410309718776935,193.6375286667916,15.360610087136438,49.4548815364819,12.24553277174201,压力调节故障
生产部C,PA-40,PA-40-002,2023-01-18 14:00:00,1.9130262523137405,513.47296636325,32.99707168623317,55.072871085146886,10.79303253262448,泄漏故障
装配部,PA-40,PA-40-003,2023-01-18 15:00:00,6.577900094248448,168.08924761242525,17.612555317341865,46.75425190330164,6.343347870977056,压力调节故障
生产部C,PA-40,PA-40-002,2023-01-18 15:00:00,2.3333553166008123,368.82076824025233,17.780324931780953,49.18086670880133,10.331282708621371,泄漏故障
装配部,PA-40,PA-40-003,2023-01-18 16:00:00,6.994181871977956,142.9755020508169,32.16645923313796,34.12399437108824,7.151363710096831,压力调节故障
生产部C,PA-40,PA-40-002,2023-01-18 16:00:00,0.0199024564125891,447.2643063133792,26.375250754863725,47.33184812419205,8.765434811563154,泄漏故障
生产部C,PA-40,PA-40-002,2023-01-18 17:00:00,2.379215696702887,384.3105260673582,24.516064382729628,34.55713101154204,13.73236131744119,泄漏故障
装配部,PA-40,PA-40-003,2023-01-18 17:00:00,8.865977233172655,133.3183270833863,18.51757191255928,38.38816208002893,8.924464520698947,正常
生产部C,PA-40,PA-40-002,2023-01-18 18:00:00,2.8397613767509573,416.8235437937372,24.763715632929276,38.35088301862479,7.835972522581549,泄漏故障
装配部,PA-40,PA-40-003,2023-01-18 18:00:00,7.462770258174088,299.0392746567478,34.54439879945984,44.53957093288852,9.269629475001793,正常
生产部C,PA-40,PA-40-002,2023-01-18 19:00:00,2.117665595730553,517.1547251446757,18.371575059047807,48.00643944567368,12.468535296757867,泄漏故障
装配部,PA-40,PA-40-003,2023-01-18 19:00:00,6.6682349812940425,255.6731924253299,35.80931732690166,54.38810872830141,6.32077759899809,正常
生产部C,PA-40,PA-40-002,2023-01-18 20:00:00,0.0874949637267149,456.6922318329872,33.02274855153798,51.47700488249478,7.418623188761532,泄漏故障
装配部,PA-40,PA-40-003,2023-01-18 20:00:00,7.785960203859294,246.00931859174145,31.03718169580965,50.185788941616686,8.560617424733817,正常
生产部C,PA-40,PA-40-002,2023-01-18 21:00:00,9.029269258934002,155.4579251399291,31.21789364442802,54.22980160502653,6.665908319385647,正常
装配部,PA-40,PA-40-003,2023-01-18 21:00:00,6.434376451308425,181.10611035173375,18.28151543732912,38.51313922955773,8.103144872430674,正常
装配部,PA-40,PA-40-003,2023-01-18 22:00:00,5.663369295050406,115.33766828662608,24.422142702036652,32.256666303338825,10.458130857365218,正常
装配部,PA-40,PA-40-003,2023-01-18 23:00:00,6.968400784910693,278.15053086530617,16.223943224848405,45.98012862917203,8.18793449411749,正常
装配部,PA-40,PA-40-003,2023-01-19 00:00:00,5.97014067356063,281.57413439456786,17.006907993088255,56.95224688666245,9.218953622149472,正常
装配部,PA-40,PA-40-003,2023-01-19 01:00:00,9.83250314434988,239.41855648241705,26.4762722516666,51.57676376135692,7.964564939599947,正常
装配部,PA-40,PA-40-003,2023-01-19 02:00:00,0.6671203219436813,501.9762911410365,17.919194702873337,42.03513100589888,5.846104399504154,泄漏故障
装配部,PA-40,PA-40-003,2023-01-19 03:00:00,1.5130257440463233,457.8504953233245,32.50845404901507,48.63360290402271,11.009810805698343,泄漏故障
装配部,PA-40,PA-40-003,2023-01-19 04:00:00,0.8301213641092852,514.8874688247016,18.44682553210663,48.606656387761376,13.368599061997068,泄漏故障
装配部,PA-40,PA-40-003,2023-01-19 05:00:00,0.6694409933201553,389.4187334574572,26.211000927668668,60.45785528815305,11.618608447977024,泄漏故障
装配部,PA-40,PA-40-003,2023-01-19 06:00:00,1.939612557155328,525.7059991229911,25.829698563238125,38.88263359185592,10.104679140311733,泄漏故障
装配部,PA-40,PA-40-003,2023-01-19 07:00:00,0.874840900149594,422.5170189446262,28.76968879451596,51.382398632343474,12.613394161061262,泄漏故障
装配部,PA-40,PA-40-003,2023-01-19 08:00:00,1.195457995631434,525.9257737732469,21.2018790634832,43.96900403501672,10.776233724105218,泄漏故障
装配部,PA-40,PA-40-003,2023-01-19 09:00:00,9.19861473990713,122.78404511358946,34.048168856245766,41.93154306786768,9.17883473360513,正常
装配部,PA-40,PA-40-003,2023-01-19 10:00:00,8.840076048325903,211.04615443411583,3.107515251737622,109.16986416742616,8.29783633935219,冷凝故障
装配部,PA-40,PA-40-003,2023-01-19 11:00:00,7.195689241218534,195.13543731206664,1.342323284526196,115.50936474280958,6.423860975031584,冷凝故障
装配部,PA-40,PA-40-003,2023-01-19 12:00:00,5.909138536806447,135.37898449976493,5.583370514170214,103.86003766594165,9.240279343300166,冷凝故障
装配部,PA-40,PA-40-003,2023-01-19 13:00:00,8.722484835485584,253.5164441593864,31.92389573797411,73.29772112651693,25.49641588731281,干燥器故障
装配部,PA-40,PA-40-003,2023-01-19 14:00:00,5.892376760287905,207.7605426703996,20.660388837198575,92.96877405361988,19.402027692326595,干燥器故障
装配部,PA-40,PA-40-003,2023-01-19 15:00:00,9.39290468344302,104.98444797853196,28.89801552852149,94.65377022008543,24.602821338128354,干燥器故障
装配部,PA-40,PA-40-003,2023-01-19 16:00:00,5.163970684672332,173.7739332638052,30.18862324352256,90.68289345936806,18.150143760296647,干燥器故障
装配部,PA-40,PA-40-003,2023-01-19 17:00:00,7.232451242926692,283.5174941572057,32.33969452628245,81.61328223030878,19.4493669984288,干燥器故障
装配部,PA-40,PA-40-003,2023-01-19 18:00:00,8.067249576588722,161.1660406747287,26.638040261660432,98.80248963334552,22.95071505786094,干燥器故障
装配部,PA-40,PA-40-003,2023-01-19 19:00:00,8.074116298286825,185.72235342948704,20.333129212377788,100.49530444425696,22.810874483649837,干燥器故障
装配部,PA-40,PA-40-003,2023-01-19 20:00:00,6.602267369134613,170.05198986289784,20.69902572247303,31.99576054381269,10.294165608449816,正常
装配部,PA-40,PA-40-003,2023-01-19 21:00:00,8.753200923718534,256.73504170600404,21.671060031956845,44.0286476361114,12.649718860530502,正常
装配部,PA-40,PA-40-003,2023-01-19 22:00:00,5.865864045149113,141.92796642027793,27.87843687799985,48.95348236666143,15.388113361593044,正常
装配部,PA-40,PA-40-003,2023-01-19 23:00:00,7.057506210300518,109.45181296854622,31.507744238242168,33.82138251246918,7.491584627280813,正常
装配部,PA-40,PA-40-003,2023-01-20 00:00:00,6.753536911462088,190.9062880539509,17.768064547249836,53.83823545886862,8.172496955454202,正常
装配部,PA-40,PA-40-003,2023-01-20 01:00:00,7.135005562178206,136.83851678602795,27.280253495669363,60.58875283032039,8.224262415089806,正常
装配部,PA-40,PA-40-003,2023-01-20 02:00:00,5.866923072360853,215.65558131947557,31.067215192750076,45.4230370312257,14.108592254189292,正常
装配部,PA-40,PA-40-003,2023-01-20 03:00:00,7.62769639346516,163.98477901756317,22.638914493133115,42.66942844825745,13.12066214055231,正常
装配部,PA-40,PA-40-003,2023-01-20 04:00:00,7.911975070055202,200.30499943042,29.060771204795845,36.92410616116369,11.381320735714656,正常
装配部,PA-40,PA-40-003,2023-01-20 05:00:00,6.829818863400576,276.2815223035322,16.26787851596034,52.75687887339198,7.003375775052706,正常
装配部,PA-40,PA-40-003,2023-01-20 06:00:00,6.36396419788856,241.04375550522988,22.49096562046209,54.39203438591616,13.99511810096136,正常
装配部,PA-40,PA-40-003,2023-01-20 07:00:00,8.048280892980525,102.16319394300994,23.437828310681603,39.836718340681,10.400592488643042,正常
装配部,PA-40,PA-40-003,2023-01-20 08:00:00,6.105349699000098,265.973634808205,32.7043416783694,46.91720275337512,11.469611736371704,正常
装配部,PA-40,PA-40-003,2023-01-20 09:00:00,9.894664349910895,164.6608467430147,24.304623483947072,40.488922432350215,14.415198598626432,正常
装配部,PA-40,PA-40-003,2023-01-20 10:00:00,6.001050878690325,248.20419288243485,16.568159527882024,33.00402010094153,13.212213949334911,正常
装配部,PA-40,PA-40-003,2023-01-20 11:00:00,9.86210304357584,224.4466792864095,29.19446103357797,44.78080427092296,12.969799144737657,正常
装配部,PA-40,PA-40-003,2023-01-20 12:00:00,5.416146925426056,267.5749420504533,28.36480311881746,54.96079416941629,9.819644616075216,正常
装配部,PA-40,PA-40-003,2023-01-20 13:00:00,6.302127884895541,271.12121438717094,17.282755457259817,47.91322822793707,6.112670066164717,正常
装配部,PA-40,PA-40-003,2023-01-20 14:00:00,6.867909925329221,147.7805384824632,27.379588104581828,51.803538978147216,4.712373461378979,正常
装配部,PA-40,PA-40-003,2023-01-20 15:00:00,7.345371835302728,229.27688209872335,22.48230884411477,35.619493847715695,11.822375536261244,正常
装配部,PA-40,PA-40-003,2023-01-20 16:00:00,8.827488707187849,226.0923219005114,34.29247633174538,59.40409225299919,7.338209894651623,正常
装配部,PA-40,PA-40-003,2023-01-20 17:00:00,6.117099590198524,203.93470851490017,21.3413086583974,39.08054914096231,9.57218986769926,正常
装配部,PA-40,PA-40-003,2023-01-20 18:00:00,9.05495861032844,200.17784898484155,34.31148998279757,32.72334609332662,8.293376145144553,正常
装配部,PA-40,PA-40-003,2023-01-20 19:00:00,5.4601255589473245,113.99464714103298,17.03332487351964,34.51259929558625,13.926362414869436,正常
装配部,PA-40,PA-40-003,2023-01-20 20:00:00,9.181219333442996,305.5581031658883,26.791979423505,48.67126811791848,13.28187772188566,正常
装配部,PA-40,PA-40-003,2023-01-20 21:00:00,2.5073535887405947,520.8300710357059,32.20740031396688,41.88926057210474,5.0300902957401314,泄漏故障
装配部,PA-40,PA-40-003,2023-01-20 22:00:00,1.3388848020634634,530.9014006988253,17.793662254424078,45.5074278151132,7.976537493794773,泄漏故障
装配部,PA-40,PA-40-003,2023-01-20 23:00:00,0.1434526414776894,492.9506846166992,22.02550016207117,45.9215913409904,13.706075569834374,泄漏故障
装配部,PA-40,PA-40-003,2023-01-21 00:00:00,2.9739538096224245,441.1602698278243,33.876839646608296,31.961610266130727,7.153044113158956,泄漏故障
装配部,PA-40,PA-40-003,2023-01-21 01:00:00,2.8783046751865484,488.11842815728073,16.68377632506129,46.28265735938538,6.025357026336001,泄漏故障
装配部,PA-40,PA-40-003,2023-01-21 02:00:00,1.0799410720273137,479.5321274028856,29.259731488937955,46.65109900315888,8.610544855351897,泄漏故障
装配部,PA-40,PA-40-003,2023-01-21 03:00:00,9.848459582497089,155.0452237812632,17.506789887040135,52.71189172627537,13.118151236363405,正常
装配部,PA-40,PA-40-003,2023-01-21 04:00:00,7.262384540106928,227.94353810229333,26.84936226363037,57.522122546470776,12.738711273735444,正常
装配部,PA-40,PA-40-003,2023-01-21 05:00:00,6.92302400234111,190.95639443960656,31.250507428909454,56.1540540422327,14.154176235722916,正常
装配部,PA-40,PA-40-003,2023-01-21 06:00:00,7.921111043785879,216.792234371503,31.592935053088947,30.66494196548447,14.7698019913002,正常
装配部,PA-40,PA-40-003,2023-01-21 07:00:00,9.307581326876434,184.837498916884,32.61221619103446,38.03709908075669,9.817177269516232,正常
装配部,PA-40,PA-40-003,2023-01-21 08:00:00,5.028188373143996,108.60070155699566,16.89263621845951,59.19721265647846,14.956155303010162,正常
装配部,PA-40,PA-40-003,2023-01-21 09:00:00,9.411825814122096,148.4586274773624,33.873466464304805,50.49772676775897,6.118753311877943,正常
装配部,PA-40,PA-40-003,2023-01-21 10:00:00,9.065760359016876,222.3890473790848,23.01322034119381,46.70868739327475,10.056798156161564,正常
装配部,PA-40,PA-40-003,2023-01-21 11:00:00,8.062619654702697,203.6070989665144,29.892391430083524,54.36476374277346,11.71996965661267,正常
装配部,PA-40,PA-40-003,2023-01-21 12:00:00,6.597795510359952,116.6944242479774,17.21063475616702,38.658151765044586,13.606149325799976,正常
装配部,PA-40,PA-40-003,2023-01-21 13:00:00,6.839186015989763,164.8913639952264,28.905645821386997,37.74389390633933,6.573478776030194,正常
装配部,PA-40,PA-40-003,2023-01-21 14:00:00,7.096149742679841,132.3387999082065,16.441733986415997,35.28775377124657,4.885553054715,正常
装配部,PA-40,PA-40-003,2023-01-21 15:00:00,9.60410224131759,128.1922144509428,31.33961305564043,33.12813492769002,12.804095920031902,正常
装配部,PA-40,PA-40-003,2023-01-21 16:00:00,9.009616788763635,250.35490360789728,24.95770395535336,41.98791779803165,8.269898892388689,正常
装配部,PA-40,PA-40-003,2023-01-21 17:00:00,5.926504215854018,132.41328120345278,24.92325679823113,50.89897098530449,6.490118539285237,正常
装配部,PA-40,PA-40-003,2023-01-21 18:00:00,7.141156967087792,182.9405226206341,24.27587131943617,50.86304269373945,11.438208199003718,正常
装配部,PA-40,PA-40-003,2023-01-21 19:00:00,8.978354845573476,206.64204801429457,25.05093748475896,33.51734755906132,9.759763358655556,正常
装配部,PA-40,PA-40-003,2023-01-21 20:00:00,6.2191336739656204,241.72748324936435,31.930811183644284,55.68074755695496,7.428572077801558,正常
装配部,PA-40,PA-40-003,2023-01-21 21:00:00,6.741924179133004,247.6355180096822,28.60030652604378,57.53826092582198,4.7004163915812684,正常
装配部,PA-40,PA-40-003,2023-01-21 22:00:00,6.249306439892544,194.63181628284397,22.77595641770908,56.74603757996253,6.7736946929731685,正常
装配部,PA-40,PA-40-003,2023-01-21 23:00:00,5.262826196801963,234.6023602754431,16.863104896054868,37.86724728946374,6.350255792357406,正常
装配部,PA-40,PA-40-003,2023-01-22 00:00:00,6.678396916071333,120.68035202744616,19.35113503703417,57.31714143909249,9.131184609398712,正常
装配部,PA-40,PA-40-003,2023-01-22 01:00:00,6.15806509468248,270.6544789301418,33.63706489721993,32.38313455809005,7.149257633134011,正常
装配部,PA-40,PA-40-003,2023-01-22 02:00:00,5.896337905719046,231.95565732034444,25.314356863329827,54.29509327080751,13.22325553413052,正常
装配部,PA-40,PA-40-003,2023-01-22 03:00:00,8.391673184735929,181.03626478945,34.38424853467454,32.75631533389494,11.574587774095631,正常
装配部,PA-40,PA-40-003,2023-01-22 04:00:00,7.473937553559757,175.96931218730373,18.878200538722208,50.61497078226046,13.360162328022438,正常
装配部,PA-40,PA-40-003,2023-01-22 05:00:00,6.674466149453106,298.9248251400001,16.260253740444185,35.05143333664723,12.948183558616376,正常
装配部,PA-40,PA-40-003,2023-01-22 06:00:00,8.20727808241358,249.73024632497075,18.80934208686652,57.20073171272728,11.40229664158687,正常
装配部,PA-40,PA-40-003,2023-01-22 07:00:00,8.585123786624353,184.33730634398177,18.07529815365543,53.60418285900867,10.893037528599438,正常
装配部,PA-40,PA-40-003,2023-01-22 08:00:00,8.207948935520303,277.6565652360698,27.605194844917733,38.26453787281918,5.613329201659373,正常
装配部,PA-40,PA-40-003,2023-01-22 09:00:00,8.21360388254237,208.9273130352098,29.753034833404463,53.234573346969405,8.94524979940807,正常
装配部,PA-40,PA-40-003,2023-01-22 10:00:00,8.387507790815473,159.92935056488196,32.78587190227998,43.04510165447198,6.57951869292898,正常
装配部,PA-40,PA-40-003,2023-01-22 11:00:00,5.631398826413838,243.48034430615803,31.827912581936516,40.96747229234532,5.583855525391693,正常
装配部,PA-40,PA-40-003,2023-01-22 12:00:00,8.511809833639967,122.51869102731963,6.849175220808423,118.1459927905915,10.576073655464675,冷凝故障
装配部,PA-40,PA-40-003,2023-01-22 13:00:00,8.792620888823187,182.65530649979203,2.535790040046679,116.47498760653204,9.608708137192115,冷凝故障
装配部,PA-40,PA-40-003,2023-01-22 14:00:00,6.083103114015467,213.38751606885276,5.302610250332721,104.595810312097,10.979425579903864,冷凝故障
装配部,PA-40,PA-40-003,2023-01-22 15:00:00,5.167192111025426,172.3744034192884,6.4447531259589335,92.48161301456378,13.62575892087554,冷凝故障
装配部,PA-40,PA-40-003,2023-01-22 16:00:00,6.210156148066045,165.0574002656176,4.102029832619143,148.2468061891994,8.830501938916884,冷凝故障
装配部,PA-40,PA-40-003,2023-01-22 17:00:00,6.034224913767016,164.77788480018847,8.805588141921737,114.60392799615322,10.891787140843949,冷凝故障
装配部,PA-40,PA-40-003,2023-01-22 18:00:00,9.115224859342602,149.49904331086333,3.9541517330678913,100.68422117950696,6.366904914797617,冷凝故障
装配部,PA-40,PA-40-003,2023-01-22 19:00:00,9.609188285276064,178.2702910069911,35.65827440809391,44.7755811820259,10.71595409653111,正常
装配部,PA-40,PA-40-003,2023-01-22 20:00:00,6.679347441824735,159.94993132618336,27.079949344978445,54.09294184159644,5.952256588544119,正常
装配部,PA-40,PA-40-003,2023-01-22 21:00:00,8.401606503794001,275.88360996658423,32.9390856263235,37.67652419604687,6.444031863862407,正常
装配部,PA-40,PA-40-003,2023-01-22 22:00:00,6.433927222873322,116.75261086957865,28.01563049453158,44.5595610724778,7.137859614733968,正常
装配部,PA-40,PA-40-003,2023-01-22 23:00:00,6.214820143963478,178.7426208139244,20.74552366453933,59.74988302971224,11.468740571443458,正常
装配部,PA-40,PA-40-003,2023-01-23 00:00:00,9.251296693109902,247.9187427219973,23.58524600093302,55.82225714740218,9.458886024245064,正常
装配部,PA-40,PA-40-003,2023-01-23 01:00:00,7.258637786657962,210.46849665898105,32.87056998216567,37.29196597558387,11.107239892381118,正常
装配部,PA-40,PA-40-003,2023-01-23 02:00:00,6.779734363913533,115.10557580541791,18.663963074295197,53.26782762293657,13.158134591774648,正常
装配部,PA-40,PA-40-003,2023-01-23 03:00:00,5.526386024471146,144.88233968513072,23.079944498442284,56.03465056721821,6.584311423453809,正常
装配部,PA-40,PA-40-003,2023-01-23 04:00:00,8.91520511846334,187.2966382576944,24.46398081444388,50.427217118336,9.084888442919246,正常
装配部,PA-40,PA-40-003,2023-01-23 05:00:00,5.075806689553468,140.56285348801487,21.51683155545686,36.850062389001145,8.846097343504995,正常
装配部,PA-40,PA-40-003,2023-01-23 06:00:00,6.593872651954626,141.33965549169943,31.40137047752565,33.66342056640346,5.238258074977818,正常
装配部,PA-40,PA-40-003,2023-01-23 07:00:00,8.185651004558023,301.79529244522183,17.911577530526642,48.94187866644803,14.139281664415584,正常
装配部,PA-40,PA-40-003,2023-01-23 08:00:00,9.139526560918087,136.4939509875445,15.272741630135204,49.910705268150544,14.279076988148768,正常
装配部,PA-40,PA-40-003,2023-01-23 09:00:00,5.696978326933943,242.6734846624921,18.53914913360886,33.56114802398048,13.145961035684936,正常
装配部,PA-40,PA-40-003,2023-01-23 10:00:00,3.9270581574116505,7.945664524700144,20.377572393553823,35.09880245808134,14.416990752940611,过滤器堵塞
装配部,PA-40,PA-40-003,2023-01-23 11:00:00,3.7379342730086433,22.661122421973182,30.393753020271248,51.0411973245571,6.914414493585641,过滤器堵塞
装配部,PA-40,PA-40-003,2023-01-23 12:00:00,3.55230357144744,55.248245386951496,18.378827310268864,36.29633351330496,8.01784921229171,过滤器堵塞
装配部,PA-40,PA-40-003,2023-01-23 13:00:00,4.092185549249797,48.004911671463134,15.098258451587249,56.84034311640346,4.715272333439923,过滤器堵塞
装配部,PA-40,PA-40-003,2023-01-23 14:00:00,3.843628958147433,58.51849650716334,15.8801082226087,56.7885497252153,10.953073426228498,过滤器堵塞
装配部,PA-40,PA-40-003,2023-01-23 15:00:00,8.02717508520365,136.781599762244,24.830763629537607,41.79124057460537,10.461542455707322,正常
装配部,PA-40,PA-40-003,2023-01-23 16:00:00,6.001442532309108,174.96660637665283,33.80155442776805,35.88477075141271,7.32431327433884,正常
装配部,PA-40,PA-40-003,2023-01-23 17:00:00,5.906037013661144,290.9558671619254,27.01809232208908,48.39435947461607,7.197016497616523,正常
装配部,PA-40,PA-40-003,2023-01-23 18:00:00,7.8520177285077235,223.6118823426095,34.28324664200338,31.45073093372689,8.146663867563163,压力调节故障
装配部,PA-40,PA-40-003,2023-01-23 19:00:00,5.659403833087657,158.9736827178584,16.433006424335048,47.14980714846284,7.213344382987221,压力调节故障
装配部,PA-40,PA-40-003,2023-01-23 20:00:00,5.505818617953353,211.6627442936716,30.217704900080467,41.68389853520557,13.776758683332568,压力调节故障
装配部,PA-40,PA-40-003,2023-01-23 21:00:00,8.132650678241976,168.73157481155658,17.016608919146886,43.01117366656826,9.557731006532528,压力调节故障
装配部,PA-40,PA-40-003,2023-01-23 22:00:00,5.323165880858855,218.05720692004937,26.06802714675029,39.24188838397976,7.771087503800705,压力调节故障
装配部,PA-40,PA-40-003,2023-01-23 23:00:00,6.525856728543001,189.77829045502529,30.34661395422804,59.43467179512484,6.129682175461166,正常
装配部,PA-40,PA-40-003,2023-01-24 00:00:00,9.583554826249005,254.4035645106148,15.731156546875503,56.69201367415433,12.865792217458688,正常
装配部,PA-40,PA-40-003,2023-01-24 01:00:00,5.178055064499786,297.39219143453147,32.77818298700968,59.51527926876694,13.4541276713742,正常
装配部,PA-40,PA-40-003,2023-01-24 02:00:00,7.882451533699245,192.83780676363884,19.13211109987872,58.30137651859169,14.42056279814712,正常
装配部,PA-40,PA-40-003,2023-01-24 03:00:00,8.987177694771228,187.9434043426227,18.0750487849938,56.10232483790621,6.390834761389863,正常
装配部,PA-40,PA-40-003,2023-01-24 04:00:00,4.935267744524098,166.5505124361243,21.06016421361943,59.790869060086806,10.539231964240363,正常
装配部,PA-40,PA-40-003,2023-01-24 05:00:00,7.510374917535372,211.2518791312397,20.678743297498027,37.2719058247835,7.78416529918966,正常
装配部,PA-40,PA-40-003,2023-01-24 06:00:00,6.474027371091332,223.28496695691416,27.18287231844161,41.8802367639877,11.787565720762244,正常
装配部,PA-40,PA-40-003,2023-01-24 07:00:00,5.506114490484832,299.9239386155881,29.908253637366307,39.3697321310658,6.825207959162749,正常
装配部,PA-40,PA-40-003,2023-01-24 08:00:00,7.879834273181959,122.10160854784708,21.837015821244727,44.15128583888758,11.713990405754233,正常
装配部,PA-40,PA-40-003,2023-01-24 09:00:00,5.670898769131703,139.40017986517276,34.10419638543918,35.79647262325822,7.761268337425527,正常
装配部,PA-40,PA-40-003,2023-01-24 10:00:00,6.973266348436374,180.408288019545,31.491726128620847,39.79138172267659,7.165219276067859,正常
装配部,PA-40,PA-40-003,2023-01-24 11:00:00,9.746769290185473,247.31223078374236,15.969875560026397,55.59371286244075,13.222023728655763,正常
装配部,PA-40,PA-40-003,2023-01-24 12:00:00,9.022775313465129,134.80461191169118,20.73117124174157,31.947503053365985,7.458510286371644,正常
装配部,PA-40,PA-40-003,2023-01-24 13:00:00,6.537644878352113,201.36612205507836,33.180087036242526,51.23269371428225,13.485131740506388,正常
装配部,PA-40,PA-40-003,2023-01-24 14:00:00,8.58415549107571,110.29020255885511,30.982761567615068,47.72979435229127,8.52393659357643,正常
装配部,PA-40,PA-40-003,2023-01-24 15:00:00,8.229048764851628,272.59188136574056,29.654969155627803,40.61946590877815,5.781187385590132,正常
装配部,PA-40,PA-40-003,2023-01-24 16:00:00,5.502605431789787,269.9745053748441,14.706740482757288,36.93965652587108,10.153627338854331,正常
装配部,PA-40,PA-40-003,2023-01-24 17:00:00,6.930270825717161,229.45973993122752,24.51804553426693,44.88018948031208,12.330264974712795,正常
装配部,PA-40,PA-40-003,2023-01-24 18:00:00,9.489534759604188,245.17534383887724,29.515491164838966,47.45537138310214,10.181689113816994,正常
装配部,PA-40,PA-40-003,2023-01-24 19:00:00,5.615952595120268,167.16239122397792,0.8316407584876223,149.39139887213068,10.848586342809533,冷凝故障
装配部,PA-40,PA-40-003,2023-01-24 20:00:00,8.860436528483298,278.3696090717658,0.3651475221075398,131.9254860170442,9.32876926317656,冷凝故障
装配部,PA-40,PA-40-003,2023-01-24 21:00:00,8.473846552742339,216.82972418695843,3.811895308449975,103.68584604109375,5.401972714139398,冷凝故障
装配部,PA-40,PA-40-003,2023-01-24 22:00:00,9.369366318773906,185.15029363953067,4.3026415075683895,144.49243378992983,10.238358328427134,冷凝故障
装配部,PA-40,PA-40-003,2023-01-24 23:00:00,5.701072788208814,115.98624773805628,8.976820349232966,98.33335585945812,5.423432864013933,冷凝故障
装配部,PA-40,PA-40-003,2023-01-25 00:00:00,7.547515243808982,288.09382996984897,0.4188627739020303,141.35461130014627,13.31841028790129,冷凝故障
装配部,PA-40,PA-40-003,2023-01-25 01:00:00,5.960907637576699,188.37724089140053,16.671689994562136,33.527140521449645,7.147025371156444,正常
装配部,PA-40,PA-40-003,2023-01-25 02:00:00,6.5541136018516095,242.6838896566681,21.36708018942745,37.37780701308888,6.031170268404747,正常
装配部,PA-40,PA-40-003,2023-01-25 03:00:00,5.935529454608923,243.5638879008878,29.4342780153222,35.59011161992628,9.591189575349349,正常
装配部,PA-40,PA-40-003,2023-01-25 04:00:00,8.92209569730068,254.9222707229355,24.83065209827832,48.53657215492896,8.100435626836639,正常
装配部,PA-40,PA-40-003,2023-01-25 05:00:00,5.304897480548436,247.4650153639203,21.617372670941776,36.87362535577539,14.534404812067478,正常
装配部,PA-40,PA-40-003,2023-01-25 06:00:00,5.631148281256856,135.2172951701353,29.3557275701402,46.87822539902178,13.952108943467046,正常
装配部,PA-40,PA-40-003,2023-01-25 07:00:00,5.693468755783867,301.8172270770213,23.54587118788741,51.15526133590182,11.439805893320694,正常
装配部,PA-40,PA-40-003,2023-01-25 08:00:00,7.325923171236184,262.9198735882589,21.849945806093395,40.02672436413975,8.82251877728069,正常
装配部,PA-40,PA-40-003,2023-01-25 09:00:00,9.147694725654093,236.58423924077013,23.147759957431106,34.64458944029141,6.801891460701897,正常
装配部,PA-40,PA-40-003,2023-01-25 10:00:00,6.248894109801739,184.4035152303402,17.12722876532927,37.739298610664,11.17137545990667,正常
装配部,PA-40,PA-40-003,2023-01-25 11:00:00,5.524799305950261,115.94642569734474,22.46256177079036,43.4137275285956,6.108334285658527,正常
装配部,PA-40,PA-40-003,2023-01-25 12:00:00,5.902027886415883,122.67318579351948,26.47176146130377,47.33813491257793,12.953224551470644,正常
装配部,PA-40,PA-40-003,2023-01-25 13:00:00,5.440655468793492,240.52739367757837,15.09054688067785,40.5840178948936,10.30168512248368,正常
装配部,PA-40,PA-40-003,2023-01-25 14:00:00,9.56317273240017,299.3389819772429,33.91947139704028,40.57166770817332,13.45515976613666,正常
装配部,PA-40,PA-40-003,2023-01-25 15:00:00,8.428352713339583,248.298183651258,28.55640125379197,57.703756870207584,7.461565873677934,正常
装配部,PA-40,PA-40-003,2023-01-25 16:00:00,8.122820224223856,177.86595659433996,21.182152676717333,57.869914187696274,14.284768576514184,正常
装配部,PA-40,PA-40-003,2023-01-25 17:00:00,9.781352135649342,280.8371213111623,16.241461837266193,56.92421150852777,14.05394825361986,正常
装配部,PA-40,PA-40-003,2023-01-25 18:00:00,8.384438582743082,98.43530864520568,26.67954618160738,99.8483301368781,25.485234889804936,干燥器故障
装配部,PA-40,PA-40-003,2023-01-25 19:00:00,9.794369356247906,149.17040212254363,27.50556211683171,73.29258797139047,22.43687975565473,干燥器故障
装配部,PA-40,PA-40-003,2023-01-25 20:00:00,8.494560533563497,180.86314449146892,21.70038907786386,106.11369539234846,19.86668547260215,干燥器故障
装配部,PA-40,PA-40-003,2023-01-25 21:00:00,5.719611079747084,231.36157696145895,20.053133944017123,84.84664006422238,19.734577039768027,干燥器故障
装配部,PA-40,PA-40-003,2023-01-25 22:00:00,7.913303974201918,235.0699453406117,21.742451112080847,84.45322070337687,21.299706000072373,干燥器故障
装配部,PA-40,PA-40-003,2023-01-25 23:00:00,7.404446828784265,105.04411072790542,32.30308020029043,82.22468949129308,21.12233938796498,干燥器故障
装配部,PA-40,PA-40-003,2023-01-26 00:00:00,6.153714438439733,210.02969008998085,29.994283913586973,46.89722931994012,10.812584332214705,正常
装配部,PA-40,PA-40-003,2023-01-26 01:00:00,5.713412839877309,209.9416372439613,32.3160138765022,51.91706838751108,10.039993033916453,正常
装配部,PA-40,PA-40-003,2023-01-26 02:00:00,5.0763420919431965,181.5538017437888,20.885087314805745,32.781428635073745,8.57379445506213,正常
装配部,PA-40,PA-40-003,2023-01-26 03:00:00,6.61592524821349,119.7249087487386,17.34015613355895,57.12497242087569,13.819469322264132,正常
装配部,PA-40,PA-40-003,2023-01-26 04:00:00,3.5141442352350087,15.46566772774232,23.48029913327873,39.15863931074927,11.234993866802744,过滤器堵塞
装配部,PA-40,PA-40-003,2023-01-26 05:00:00,4.401303282651354,47.0535564798155,21.99409229927848,60.186375237046704,5.274025126395118,过滤器堵塞
装配部,PA-40,PA-40-003,2023-01-26 06:00:00,3.979205179578683,27.461059802238303,30.056606463290684,40.222941496094464,11.273486091940844,过滤器堵塞
装配部,PA-40,PA-40-003,2023-01-26 07:00:00,3.669926023254924,0.345890579018393,24.08901985460093,41.074702946139176,12.951860317670816,过滤器堵塞
装配部,PA-40,PA-40-003,2023-01-26 08:00:00,4.187964066648992,0.9257198457168658,19.28243543783821,45.45767836494638,5.86918621960807,过滤器堵塞
装配部,PA-40,PA-40-003,2023-01-26 09:00:00,7.763799291114725,211.76823348752364,17.379826667921147,60.90288292053195,12.642524711756764,正常
装配部,PA-40,PA-40-003,2023-01-26 10:00:00,9.356034651540377,274.0049238830216,18.17698898229752,56.91499611168498,11.673729640730574,正常
装配部,PA-40,PA-40-003,2023-01-26 11:00:00,7.2940213823160605,252.7662143004038,32.30481852221522,40.29804591385956,10.687595581083745,正常
装配部,PA-40,PA-40-003,2023-01-26 12:00:00,5.817508009601604,137.3676534936147,32.89741915345518,29.74836234252853,5.586694758108453,正常
装配部,PA-40,PA-40-003,2023-01-26 13:00:00,5.8117824703267,171.53301297794718,20.03309714903496,37.856738334542605,8.522968164360412,正常
装配部,PA-40,PA-40-003,2023-01-26 14:00:00,10.168380002769815,136.72124652231113,32.95592215196339,54.00635269273351,7.015929545712752,正常
装配部,PA-40,PA-40-003,2023-01-26 15:00:00,6.785282779184626,147.80688932478375,27.252921020170785,38.40230168452132,11.407095739393878,正常
装配部,PA-40,PA-40-003,2023-01-26 16:00:00,5.688780184881278,219.0449763309635,26.388438951140223,37.51310297329057,13.32694281849615,正常
装配部,PA-40,PA-40-003,2023-01-26 17:00:00,5.407018047762884,191.83133375523295,33.07104870342526,39.86667323490895,13.596521178264242,正常
装配部,PA-40,PA-40-003,2023-01-26 18:00:00,5.803535851442484,298.4101173326501,32.082282528431136,47.23650209579061,5.482790510254556,正常
装配部,PA-40,PA-40-003,2023-01-26 19:00:00,7.8102152360896895,248.61446133934732,26.475189367353128,32.70668186340428,7.834338360969435,正常
装配部,PA-40,PA-40-003,2023-01-26 20:00:00,6.495255630408671,147.91857555472976,24.246932947641724,43.85905155096321,14.646537266329537,正常
测试部,PA-40,PA-40-006,2023-01-28 00:00:00,5.1116638284611495,262.80908406068323,22.248435129321003,47.299154638167856,8.694504006858894,正常
气压部A,PA-40,PA-40-005,2023-01-28 00:00:00,4.974064614611566,159.48119440046514,24.905639526411047,39.10269067948251,14.191960829520664,正常
测试部,PA-40,PA-40-006,2023-01-28 01:00:00,6.411029674166715,217.72113609729232,32.57883561350364,34.99985134861059,8.147469877460308,正常
气压部A,PA-40,PA-40-005,2023-01-28 01:00:00,7.012337564408836,198.8073750107861,32.98327997214051,72.210613165314,19.380979131384297,干燥器故障
气压部A,PA-40,PA-40-005,2023-01-28 02:00:00,7.615000187488311,109.05304973675086,27.84219164503133,99.45547511994695,26.987649283593207,干燥器故障
测试部,PA-40,PA-40-006,2023-01-28 02:00:00,5.565333049864499,292.7426765277439,30.16975624212875,46.09830794956776,13.912434171104332,正常
测试部,PA-40,PA-40-006,2023-01-28 03:00:00,9.59805823302178,177.0493411708269,29.02861289850537,50.29269723720573,6.638426855750222,正常
气压部A,PA-40,PA-40-005,2023-01-28 03:00:00,8.56311915418539,155.20630018063463,22.34944512909858,95.68278116893228,23.776239006424984,干燥器故障
测试部,PA-40,PA-40-006,2023-01-28 04:00:00,6.457523580598891,172.43548684644,22.193746852075343,31.278189933120014,8.96333819727053,正常
气压部A,PA-40,PA-40-005,2023-01-28 04:00:00,6.700711682420912,147.02833552147476,21.30119752343975,97.97934461091548,25.402078657014343,干燥器故障
测试部,PA-40,PA-40-006,2023-01-28 05:00:00,8.407275302071367,136.06410812421882,22.59500991590593,59.40397509861405,10.638816045904433,正常
气压部A,PA-40,PA-40-005,2023-01-28 05:00:00,8.41409991968319,288.9800864029997,28.03642276609904,51.02113921864774,8.221217055409255,正常
测试部,PA-40,PA-40-006,2023-01-28 06:00:00,6.091108291810406,270.10387270378016,18.219980341080543,51.10254622508975,12.117692762934364,正常
气压部A,PA-40,PA-40-005,2023-01-28 06:00:00,7.466676142055523,123.03573608357598,16.666002840867115,42.89876132437883,10.56041383406669,正常
测试部,PA-40,PA-40-006,2023-01-28 07:00:00,9.251318181841349,207.737997173543,14.66745513659374,56.98506816409749,10.817883014509375,正常
气压部A,PA-40,PA-40-005,2023-01-28 07:00:00,7.372108451561207,245.58666931508012,24.37610476748503,50.21004128941945,11.236005496980008,正常
测试部,PA-40,PA-40-006,2023-01-28 08:00:00,7.527750188465491,204.0916807699305,31.62893436086147,47.9631241366472,13.46710569786855,正常
气压部A,PA-40,PA-40-005,2023-01-28 08:00:00,5.4442649168707,303.6926196597336,32.68402914140876,47.21646873470195,8.180427282635518,正常
测试部,PA-40,PA-40-006,2023-01-28 09:00:00,8.932941027965487,156.69596134203715,34.7734377976331,44.108024652796566,8.221539649074499,正常
气压部A,PA-40,PA-40-005,2023-01-28 09:00:00,6.316059365327329,200.8664835089467,25.672381944559856,40.24056249562063,6.706113314302288,正常
测试部,PA-40,PA-40-006,2023-01-28 10:00:00,5.07847318765947,180.6112847379384,27.682114932807863,30.717717459385184,11.385673614375522,正常
气压部A,PA-40,PA-40-005,2023-01-28 10:00:00,4.290698584505373,38.98151682558073,33.70486520066344,51.44262840554778,8.496415057058723,过滤器堵塞
气压部A,PA-40,PA-40-005,2023-01-28 11:00:00,4.022288430718692,53.022645225239664,34.01218838438726,43.88090987278021,8.983170910340094,过滤器堵塞
测试部,PA-40,PA-40-006,2023-01-28 11:00:00,5.777402928982899,236.62912992764691,29.155829249584137,43.58542508653901,10.41976502640528,正常
测试部,PA-40,PA-40-006,2023-01-28 12:00:00,7.782869842317724,185.1660284078211,19.74948191661141,54.5015186933374,7.610504230215685,压力调节故障
气压部A,PA-40,PA-40-005,2023-01-28 12:00:00,4.289166189925762,44.93451765211893,25.524675557239178,60.594233766945216,8.389517998006713,过滤器堵塞
测试部,PA-40,PA-40-006,2023-01-28 13:00:00,7.706947215156804,157.99893253097366,31.853002877580256,55.58949231275791,9.63099875660276,压力调节故障
气压部A,PA-40,PA-40-005,2023-01-28 13:00:00,4.147299239238092,54.44673048712731,28.92929415420672,35.293338617159485,6.72720627082117,过滤器堵塞
测试部,PA-40,PA-40-006,2023-01-28 14:00:00,8.76484143011451,155.78919163620998,32.91733703426402,49.8188809638731,10.330568732726531,压力调节故障
气压部A,PA-40,PA-40-005,2023-01-28 14:00:00,3.974307067637088,26.342902368595915,33.5945491521643,31.76451245193013,14.87783193137713,过滤器堵塞
气压部A,PA-40,PA-40-005,2023-01-28 15:00:00,7.229759635963885,193.83377825060484,26.47666990691177,42.16218327516788,12.11793898249002,正常
测试部,PA-40,PA-40-006,2023-01-28 15:00:00,6.357927429270172,162.0550704628476,20.623481594544145,87.91687526858186,20.79948241960869,干燥器故障
气压部A,PA-40,PA-40-005,2023-01-28 16:00:00,6.112280560931706,170.3954594799148,20.70563110409659,37.22860558800807,9.835782476087594,正常
测试部,PA-40,PA-40-006,2023-01-28 16:00:00,5.357332332188271,216.61836980743115,19.050015992456537,72.44421439152747,23.8884717269232,干燥器故障
气压部A,PA-40,PA-40-005,2023-01-28 17:00:00,7.784560546533642,156.28955328168888,15.795479021974645,52.8498303913638,14.132716048286518,正常
测试部,PA-40,PA-40-006,2023-01-28 17:00:00,5.5235128382731045,249.2234796518233,31.312672994541803,88.80174777496634,26.49957154003697,干燥器故障
测试部,PA-40,PA-40-006,2023-01-28 18:00:00,6.8878499251006415,202.99926938476423,17.347164886490386,103.29314882943662,18.119152999448577,干燥器故障
气压部A,PA-40,PA-40-005,2023-01-28 18:00:00,9.48894540238231,159.38734494994938,23.041266203926327,59.59618074759236,13.457419393127326,正常
气压部A,PA-40,PA-40-005,2023-01-28 19:00:00,5.932317403316032,278.9807869122106,24.67744434420449,37.75142315208706,6.976666497591611,正常
测试部,PA-40,PA-40-006,2023-01-28 19:00:00,9.785006436927242,305.9876821298239,20.16248402260228,42.69155304758169,8.057045993763998,正常
测试部,PA-40,PA-40-006,2023-01-28 20:00:00,5.116504005148154,137.1535178248997,34.95047527303615,34.54093447796093,5.750069263424527,正常
气压部A,PA-40,PA-40-005,2023-01-28 20:00:00,2.885639872091173,503.0179634900882,33.895884940992154,34.613404677590225,9.267213957529304,泄漏故障
气压部A,PA-40,PA-40-005,2023-01-28 21:00:00,1.150031878973028,426.1557105268304,22.69802357333799,35.02928290545469,8.282088441619525,泄漏故障
测试部,PA-40,PA-40-006,2023-01-28 21:00:00,7.512957636793232,280.287857482347,26.519620822880707,49.66027015012071,11.064089731281552,正常
气压部A,PA-40,PA-40-005,2023-01-28 22:00:00,1.4691720114208202,381.00265882010126,16.15675324790252,49.41536459604454,8.899517018483328,泄漏故障
测试部,PA-40,PA-40-006,2023-01-28 22:00:00,5.47357783979429,224.87219355280703,20.485217615396262,59.99181040462588,12.562070644081093,正常
气压部A,PA-40,PA-40-005,2023-01-28 23:00:00,0.4569522377449819,505.6104634375048,15.522121239611783,58.307176279412566,12.766107343777454,泄漏故障
测试部,PA-40,PA-40-006,2023-01-28 23:00:00,7.9942794264102,304.9468618636328,23.83712454852462,54.863124474157374,11.273911821933922,正常
气压部A,PA-40,PA-40-005,2023-01-29 00:00:00,0.9945550219211846,448.8340768168145,18.424209153162444,48.80278256261768,7.366772001455984,泄漏故障
测试部,PA-40,PA-40-006,2023-01-29 00:00:00,6.519407349348972,112.28075968351736,19.378006296407595,32.65164541365516,10.87246668960622,正常
测试部,PA-40,PA-40-006,2023-01-29 01:00:00,3.877821330187418,11.082438060271436,23.84300188524001,47.76104995779436,7.347630482781101,过滤器堵塞
气压部A,PA-40,PA-40-005,2023-01-29 01:00:00,5.418748071241272,299.6724674277854,17.708797304067545,51.18194364905376,11.819761345289734,正常
测试部,PA-40,PA-40-006,2023-01-29 02:00:00,3.759351494688223,24.92101757597186,25.779653554796187,31.470136111342327,12.153934143666111,过滤器堵塞
气压部A,PA-40,PA-40-005,2023-01-29 02:00:00,8.95634556072583,275.7264587430428,31.41964436251253,45.31083423450046,8.652267542202788,正常
气压部A,PA-40,PA-40-005,2023-01-29 03:00:00,5.429363809488061,101.58347681553808,25.950503688738607,44.07397755251953,8.362377252893562,正常
测试部,PA-40,PA-40-006,2023-01-29 03:00:00,4.341665870273391,37.74399009318343,25.834464645831737,38.05034136662948,9.233930124806909,过滤器堵塞
气压部A,PA-40,PA-40-005,2023-01-29 04:00:00,1.8022110291533768,427.083100765173,23.106119310731973,44.33051380656215,14.593524520374698,泄漏故障
测试部,PA-40,PA-40-006,2023-01-29 04:00:00,3.99027097680618,9.297248900145089,16.971369084275917,37.55851660591996,9.023893189881804,过滤器堵塞
气压部A,PA-40,PA-40-005,2023-01-29 05:00:00,1.6832987234180012,515.5700309211555,32.558145480586305,29.602931211774465,10.409121650884876,泄漏故障
测试部,PA-40,PA-40-006,2023-01-29 05:00:00,8.775213845675097,235.7975378969018,25.162582216268728,43.43793365051043,9.086733011608304,正常
气压部A,PA-40,PA-40-005,2023-01-29 06:00:00,0.7518522875058169,517.8039883277993,28.34226040658302,59.5413485772344,12.553218623343396,泄漏故障
测试部,PA-40,PA-40-006,2023-01-29 06:00:00,9.83231569407419,248.38761321149732,27.89777143270588,44.18197239808886,6.712117468187568,正常
气压部A,PA-40,PA-40-005,2023-01-29 07:00:00,2.565532510361047,477.39970206061207,16.46365613752867,38.35031382933815,9.458363857567786,泄漏故障
测试部,PA-40,PA-40-006,2023-01-29 07:00:00,5.381513202565936,99.660098978879,30.2597026790466,40.197868587446905,14.084776004020096,正常
测试部,PA-40,PA-40-006,2023-01-29 08:00:00,5.483450473285775,174.74479726197197,29.8274076944682,35.67569088472704,14.226726320861676,正常
气压部A,PA-40,PA-40-005,2023-01-29 08:00:00,0.7736422451042109,466.095873508242,20.025938581002308,41.93062841213688,6.49224927609317,泄漏故障
测试部,PA-40,PA-40-006,2023-01-29 09:00:00,6.883625484271098,219.11809136668447,19.9359577705036,38.506425013843256,5.079600308557349,正常
气压部A,PA-40,PA-40-005,2023-01-29 09:00:00,2.5061159947873515,363.2999607201687,21.59249974965368,32.96398831269104,10.654684790054342,泄漏故障
气压部A,PA-40,PA-40-005,2023-01-29 10:00:00,1.6640893074516685,494.4536930770692,24.046827669756592,52.112016584512425,6.136210812280019,泄漏故障
测试部,PA-40,PA-40-006,2023-01-29 10:00:00,4.955643607567354,101.2500545743096,28.395045055862354,40.65951770802641,8.16718183059846,正常
气压部A,PA-40,PA-40-005,2023-01-29 11:00:00,0.0384171459731207,408.0775468260733,34.40530018254896,43.75293893497371,7.043027544853086,泄漏故障
测试部,PA-40,PA-40-006,2023-01-29 11:00:00,6.714625166757336,283.72799046820006,17.719331425083677,34.04874903491458,10.481835692499056,正常
气压部A,PA-40,PA-40-005,2023-01-29 12:00:00,9.109155243105247,193.02988931140413,26.94307774181281,59.72811023935521,11.96294658840752,正常
测试部,PA-40,PA-40-006,2023-01-29 12:00:00,5.766322902371499,218.29865239332185,28.689333903651992,48.027661450953936,13.17140188156342,正常
测试部,PA-40,PA-40-006,2023-01-29 13:00:00,6.6074084922791885,105.34023308975917,31.14978564487698,48.80703801562332,11.642383260659168,正常
气压部A,PA-40,PA-40-005,2023-01-29 13:00:00,8.051662975523161,270.5788214001184,17.21987691326395,36.06827321745623,11.2873076505793,正常
测试部,PA-40,PA-40-006,2023-01-29 14:00:00,6.933685091217797,135.25111571650373,16.253528752883074,50.682472858501,10.622816700779088,正常
气压部A,PA-40,PA-40-005,2023-01-29 14:00:00,5.085341367633114,170.41157437997418,31.66766249444671,50.595284540959845,14.176367402076655,正常
气压部A,PA-40,PA-40-005,2023-01-29 15:00:00,8.521810026316142,150.77549382464446,34.412509926901514,54.99323606194058,10.842461882134454,正常
测试部,PA-40,PA-40-006,2023-01-29 15:00:00,5.8260244296918,187.3406682856337,16.93800533296223,45.01874687999355,13.030730346006909,正常
测试部,PA-40,PA-40-006,2023-01-29 16:00:00,7.549928455783696,279.96953493045123,29.99503852794319,32.94567288639896,5.779743319498047,正常
气压部A,PA-40,PA-40-005,2023-01-29 16:00:00,5.972951829559665,251.08078338272423,19.731381901658214,42.73198233166648,11.978258441840737,正常
测试部,PA-40,PA-40-006,2023-01-29 17:00:00,8.774170316701316,229.6019490922605,27.64960142112989,59.01592095324492,8.341306238893928,压力调节故障
气压部A,PA-40,PA-40-005,2023-01-29 17:00:00,3.8566477773380408,18.559776878115308,21.84696711523664,39.92116402935152,7.954837669445155,过滤器堵塞
测试部,PA-40,PA-40-006,2023-01-29 18:00:00,7.382421426074224,230.410072187414,21.329421517296574,36.563889235285046,11.903767065745171,压力调节故障
气压部A,PA-40,PA-40-005,2023-01-29 18:00:00,3.970936875321218,25.083777426697253,17.49537058587865,53.92795244178838,6.222517545776087,过滤器堵塞
气压部A,PA-40,PA-40-005,2023-01-29 19:00:00,4.172326484151904,5.737542251420353,19.172959152834423,54.43564483570155,13.110366437653834,过滤器堵塞
测试部,PA-40,PA-40-006,2023-01-29 19:00:00,8.475841693267204,216.0849337112373,15.553703745824013,47.7007169928093,11.716020631039054,压力调节故障
测试部,PA-40,PA-40-006,2023-01-29 20:00:00,6.057784743368527,237.88948675253607,29.87162840338044,51.76856283483769,12.677807210586886,压力调节故障
气压部A,PA-40,PA-40-005,2023-01-29 20:00:00,3.735196575007085,56.96653216460611,20.715955736675152,32.054023585573546,10.750673719791076,过滤器堵塞
测试部,PA-40,PA-40-006,2023-01-29 21:00:00,7.329570137934215,200.1443994662634,22.250230538126505,48.46095950010799,8.596508107671474,压力调节故障
气压部A,PA-40,PA-40-005,2023-01-29 21:00:00,4.079498522385572,32.58454648529737,32.218209941674,44.24656150745243,13.119971927056094,过滤器堵塞
测试部,PA-40,PA-40-006,2023-01-29 22:00:00,8.49242362080429,160.92881470017642,21.923226424150258,39.66502678953183,8.247168953625396,压力调节故障
气压部A,PA-40,PA-40-005,2023-01-29 22:00:00,3.82305718779434,5.811980359581654,19.04034651763581,55.19704899796248,8.704285192611,过滤器堵塞
气压部A,PA-40,PA-40-005,2023-01-29 23:00:00,3.9754526601217175,44.50927647583231,32.856115620172176,40.35777353836805,8.669625777204057,过滤器堵塞
测试部,PA-40,PA-40-006,2023-01-29 23:00:00,8.246338269557617,168.86035196781083,32.025487791850985,37.37599660433068,11.29022028780828,压力调节故障
测试部,PA-40,PA-40-006,2023-01-30 00:00:00,6.449372790459413,175.66571891956556,30.86013723903025,55.79020275019969,8.172667212846939,正常
气压部A,PA-40,PA-40-005,2023-01-30 00:00:00,8.634809021289902,270.90706319377665,29.13926275292192,42.89077650634663,10.343938032834572,正常
测试部,PA-40,PA-40-006,2023-01-30 01:00:00,8.868177064032958,272.48956618278413,18.592694650509948,39.06795933419141,9.356575068163364,正常
气压部A,PA-40,PA-40-005,2023-01-30 01:00:00,5.5530223163841725,282.7695172120058,25.8264421500721,46.252353679185305,9.66817632840754,正常
测试部,PA-40,PA-40-006,2023-01-30 02:00:00,9.166928963028043,172.9647979950002,24.01716874209466,47.8655450195888,5.225954610297832,压力调节故障
气压部A,PA-40,PA-40-005,2023-01-30 02:00:00,5.5807945645531625,295.94182279677347,15.199095405946348,60.13724732296039,12.166008488882996,正常
测试部,PA-40,PA-40-006,2023-01-30 03:00:00,5.308112128461689,171.70459308508543,22.835936496646937,54.64232748838913,8.771753032883575,压力调节故障
气压部A,PA-40,PA-40-005,2023-01-30 03:00:00,5.9733461356721245,197.36529714976007,28.759570463400376,44.4624713162621,11.27469499363683,正常
测试部,PA-40,PA-40-006,2023-01-30 04:00:00,8.772440329474298,231.8669770563536,29.97255254947044,38.3415946352418,14.338291520890394,压力调节故障
气压部A,PA-40,PA-40-005,2023-01-30 04:00:00,5.576516447825521,156.1676473037607,22.97805435171181,39.26371158236232,8.584156990336549,正常
气压部A,PA-40,PA-40-005,2023-01-30 05:00:00,6.397687630335936,232.05241101706213,30.886430347157123,39.12431233165564,11.35910691680057,正常
测试部,PA-40,PA-40-006,2023-01-30 05:00:00,6.387434410026431,167.57351237979833,24.218967390250825,34.94491167208967,15.48893411210991,压力调节故障
气压部A,PA-40,PA-40-005,2023-01-30 06:00:00,8.878389937318486,175.89129249872963,29.169158975962,34.504346118458734,8.087725756893887,正常
测试部,PA-40,PA-40-006,2023-01-30 06:00:00,7.29176947053366,203.9153999882852,18.03775953881063,29.930436295829736,9.49762559843423,压力调节故障
测试部,PA-40,PA-40-006,2023-01-30 07:00:00,6.80077967431437,246.7353825385008,29.109577353579084,31.92452856571709,6.2960394934035655,正常
气压部A,PA-40,PA-40-005,2023-01-30 07:00:00,5.934854644650344,156.3800683482693,35.43044367348127,39.60863822353377,14.875088663200126,正常
气压部A,PA-40,PA-40-005,2023-01-30 08:00:00,9.711038897913818,237.7959682886868,30.46289923301635,43.63284549716544,14.26235198563226,正常
测试部,PA-40,PA-40-006,2023-01-30 08:00:00,6.903904391888275,121.84121529601173,26.251875383954182,44.4802349654035,6.27595515116716,正常
测试部,PA-40,PA-40-006,2023-01-30 09:00:00,8.375006227317394,142.71360751019537,31.29789938756646,58.37385906057014,9.564082487427058,正常
气压部A,PA-40,PA-40-005,2023-01-30 09:00:00,9.860822828355534,223.755030117505,30.73986519797072,48.75484617028697,8.579332195011123,正常
气压部A,PA-40,PA-40-005,2023-01-30 10:00:00,7.872144540546503,159.4703584582014,27.091443943315568,48.76980455741341,14.500171456188534,正常
测试部,PA-40,PA-40-006,2023-01-30 10:00:00,9.736944417425132,121.55239219980773,18.73576511314111,46.475350311732896,12.26915969223049,正常
气压部A,PA-40,PA-40-005,2023-01-30 11:00:00,7.705948879653469,104.47900829123984,22.60814791255149,50.332166457728846,12.13000885090688,正常
测试部,PA-40,PA-40-006,2023-01-30 11:00:00,4.982939177999886,217.89162825117705,18.20273225790221,50.67321913409294,9.547384377965118,正常
测试部,PA-40,PA-40-006,2023-01-30 12:00:00,6.55813133745377,143.73315646421227,16.426446069638526,50.788912535045846,11.555400692139877,正常
气压部A,PA-40,PA-40-005,2023-01-30 12:00:00,9.229680966296463,209.62673748832907,30.17186542070584,29.030750642188565,14.10347997281349,正常
气压部A,PA-40,PA-40-005,2023-01-30 13:00:00,7.1440748446236455,182.2372006405741,21.811494742373124,91.6344647216544,24.479526983203318,干燥器故障
测试部,PA-40,PA-40-006,2023-01-30 13:00:00,5.9180423957934085,238.64948140599796,33.23930741313825,57.63130098252984,12.506744886552143,正常
测试部,PA-40,PA-40-006,2023-01-30 14:00:00,7.385565744506495,156.1801947063473,23.14220045257862,57.23016581728291,9.28629911571109,正常
气压部A,PA-40,PA-40-005,2023-01-30 14:00:00,7.986496813520869,220.3203974413296,27.936970184348876,97.18457454144372,20.85065761319414,干燥器故障
测试部,PA-40,PA-40-006,2023-01-30 15:00:00,6.169301746164156,249.0151255982267,27.414752228199408,44.95156036721556,9.83332668313882,正常
气压部A,PA-40,PA-40-005,2023-01-30 15:00:00,8.500567795001857,153.0909223516069,15.44316959439747,89.81447667421557,23.438555046235805,干燥器故障
气压部A,PA-40,PA-40-005,2023-01-30 16:00:00,8.595776984809344,246.43118405357149,18.985387526532318,72.37699099238833,22.61618266248542,干燥器故障
测试部,PA-40,PA-40-006,2023-01-30 16:00:00,9.998102009611197,266.3405331411187,34.09103373745801,55.91762452004479,6.935929415381182,正常
气压部A,PA-40,PA-40-005,2023-01-30 17:00:00,6.591355008888731,244.98941950756415,25.03393553663452,77.90636947751656,21.89749234300137,干燥器故障
测试部,PA-40,PA-40-006,2023-01-30 17:00:00,5.616770059925912,217.5916629806557,22.17087369530673,55.69587194716996,5.188164276475803,正常
测试部,PA-40,PA-40-006,2023-01-30 18:00:00,7.7600863792277375,208.08055781673303,18.330952212111335,57.00702451985248,14.768467728340545,正常
气压部A,PA-40,PA-40-005,2023-01-30 18:00:00,9.49044228838164,197.08544513817156,21.32036017879453,94.62705980342952,20.170902674779484,干燥器故障
测试部,PA-40,PA-40-006,2023-01-30 19:00:00,9.476293892935274,156.74880938845084,20.443444333071348,36.37257737057538,13.126994847497375,正常
气压部A,PA-40,PA-40-005,2023-01-30 19:00:00,8.169292075973791,148.8096250380864,29.33240648968368,95.6369940030912,21.108052079846903,干燥器故障
测试部,PA-40,PA-40-006,2023-01-30 20:00:00,7.614597461586332,185.59486651041823,19.256896903683668,35.09593412711037,14.320848985213336,正常
气压部A,PA-40,PA-40-005,2023-01-30 20:00:00,6.285859344201063,148.23941771242266,28.99131832561523,35.40412568535528,11.710938859666978,正常
测试部,PA-40,PA-40-006,2023-01-30 21:00:00,7.92067935814615,160.97889524790526,20.65735636957873,46.60842202296846,11.909806459960784,正常
气压部A,PA-40,PA-40-005,2023-01-30 21:00:00,7.788830521106719,175.66837993113427,21.899339565087708,41.843182913247766,10.969931738834472,正常
气压部A,PA-40,PA-40-005,2023-01-30 22:00:00,8.360985587610994,248.36574887175345,24.537701851296163,57.33039569424107,5.891177772110337,正常
测试部,PA-40,PA-40-006,2023-01-30 22:00:00,9.786549443883674,243.28445017445023,22.09043642651317,33.587586508277134,13.276391035453718,正常
测试部,PA-40,PA-40-006,2023-01-30 23:00:00,8.607377262500808,196.6767594113197,33.3305702510385,48.029889420332914,8.489879711709698,正常
气压部A,PA-40,PA-40-005,2023-01-30 23:00:00,6.041255458442711,291.76406914091217,30.12658222839055,55.927090292673554,8.490027232230041,正常
气压部A,PA-40,PA-40-005,2023-01-31 00:00:00,7.672259672611294,205.09140294941372,27.92559223425512,48.216661246879205,13.61161038182096,正常
测试部,PA-40,PA-40-006,2023-01-31 00:00:00,6.635356119553769,237.82015004371647,29.05011256184172,41.56173942683173,13.74919700722213,正常
装配部,PA-40,PA-40-004,2023-01-31 00:00:00,5.440873964793926,210.42835694131563,16.22216003325711,54.81770962185194,10.538505188254838,正常
测试部,PA-40,PA-40-006,2023-01-31 01:00:00,5.1485566367231055,266.71740051915333,21.33445728920677,51.60469975194856,4.988067163830772,正常
气压部A,PA-40,PA-40-005,2023-01-31 01:00:00,5.293591314848795,118.1084289721071,32.44857823843616,29.781953738231543,14.091448887131545,正常
装配部,PA-40,PA-40-004,2023-01-31 01:00:00,8.717727319942323,122.46835326514508,30.51882127993227,51.644964508705485,11.835880217772074,正常
气压部A,PA-40,PA-40-005,2023-01-31 02:00:00,9.742852931029423,283.5676430676142,6.2112102771444215,124.81391424783196,9.17700668097734,冷凝故障
装配部,PA-40,PA-40-004,2023-01-31 02:00:00,9.036914671594545,229.3944622156213,30.029265612333077,44.99431373010196,6.394243017343401,正常
测试部,PA-40,PA-40-006,2023-01-31 02:00:00,5.841701254523176,106.04593478024742,34.465408581671944,36.6936435845203,11.286856823742449,正常
装配部,PA-40,PA-40-004,2023-01-31 03:00:00,9.992748437796203,265.347079012018,20.64104662561348,52.23812164259609,10.321881695837138,正常
测试部,PA-40,PA-40-006,2023-01-31 03:00:00,8.17998550379116,260.73088038144147,19.259445737977952,41.86165981865501,8.700516688813979,正常
气压部A,PA-40,PA-40-005,2023-01-31 03:00:00,6.515455314143153,232.7286097780536,5.71695559009105,129.8608194749851,13.413091402902324,冷凝故障
装配部,PA-40,PA-40-004,2023-01-31 04:00:00,6.0042348572421895,119.44163284788289,28.887935328595383,56.98105149218588,11.9853663928681,正常
气压部A,PA-40,PA-40-005,2023-01-31 04:00:00,7.465302091864908,211.13344120386756,5.552529020936115,128.3798865586202,11.97230564307134,冷凝故障
测试部,PA-40,PA-40-006,2023-01-31 04:00:00,9.575256031063027,214.67975543475336,35.02875476674778,38.30929545900407,8.697930710815061,正常
气压部A,PA-40,PA-40-005,2023-01-31 05:00:00,8.519689275592878,217.88089920340755,6.05023579578372,107.00075921151904,6.889567198287927,冷凝故障
测试部,PA-40,PA-40-006,2023-01-31 05:00:00,7.705331565244776,201.6480601744288,32.2202340026762,47.6196215137424,13.956011247059548,正常
装配部,PA-40,PA-40-004,2023-01-31 05:00:00,8.861896124632205,169.59465996541363,20.738414666124143,53.11623663783461,10.207546740357968,压力调节故障
气压部A,PA-40,PA-40-005,2023-01-31 06:00:00,5.4118385904008015,166.08881094381508,5.083479363158244,128.76242399093277,14.016073395069204,冷凝故障
装配部,PA-40,PA-40-004,2023-01-31 06:00:00,6.123724495126574,183.96128882268425,16.8615250090787,39.20964315915637,9.625315169535575,压力调节故障
测试部,PA-40,PA-40-006,2023-01-31 06:00:00,6.566545165533015,221.52534471218812,31.517462462130005,38.40466119960006,8.9658411978135,正常
装配部,PA-40,PA-40-004,2023-01-31 07:00:00,9.742046267227067,178.01928324325922,33.13769125295381,58.72194260405352,7.652860157863039,压力调节故障
气压部A,PA-40,PA-40-005,2023-01-31 07:00:00,5.740070743297054,270.2487531209919,0.7014255564857763,94.86553791495596,11.818008919598087,冷凝故障
测试部,PA-40,PA-40-006,2023-01-31 07:00:00,5.367666184596666,182.06094355733745,19.024158192673035,36.70833279438301,6.678173320368534,正常
测试部,PA-40,PA-40-006,2023-01-31 08:00:00,9.165795102156816,201.6876992043105,25.25688302074236,54.1752151737324,10.70624377512417,压力调节故障
气压部A,PA-40,PA-40-005,2023-01-31 08:00:00,6.392934774241984,157.63466545741176,2.585143492640486,109.46189068849242,7.1877524368950665,冷凝故障
装配部,PA-40,PA-40-004,2023-01-31 08:00:00,7.713991233310659,245.1152185494292,15.55417835445756,52.751148017646656,12.363536968019108,压力调节故障
气压部A,PA-40,PA-40-005,2023-01-31 09:00:00,6.495545233857713,123.648368050612,7.5086737794820895,102.33335368072278,13.939715093946662,冷凝故障
装配部,PA-40,PA-40-004,2023-01-31 09:00:00,7.746750681433597,244.32256541349045,15.44405220404005,55.380281194820846,8.503840626803095,压力调节故障
测试部,PA-40,PA-40-006,2023-01-31 09:00:00,7.760236323975933,231.473887562066,28.82684344965913,48.515594979276,10.55213015819736,压力调节故障
装配部,PA-40,PA-40-004,2023-01-31 10:00:00,8.951138787723877,180.3039135800983,32.83113270145897,32.30068036316938,12.60396407164973,压力调节故障
气压部A,PA-40,PA-40-005,2023-01-31 10:00:00,7.451417785347114,166.2189943573395,34.233606300370504,96.56587994284962,23.64834316988015,干燥器故障
测试部,PA-40,PA-40-006,2023-01-31 10:00:00,8.677305114343541,231.6325598492244,29.37039798425066,57.36258844255637,13.071820119154104,压力调节故障
装配部,PA-40,PA-40-004,2023-01-31 11:00:00,6.311248132365278,207.8340373944112,27.17175910807005,60.60109402069445,5.422626043475678,压力调节故障
气压部A,PA-40,PA-40-005,2023-01-31 11:00:00,7.89140477079029,177.15637913007637,27.772340577050866,74.1235539594637,24.10648337703754,干燥器故障
测试部,PA-40,PA-40-006,2023-01-31 11:00:00,9.465081562853264,153.12327150485288,26.970131010579067,40.34504770021038,6.443381227646132,压力调节故障
气压部A,PA-40,PA-40-005,2023-01-31 12:00:00,5.725142420551455,128.38296881961978,29.684159736515312,93.4591415923064,20.805803139757693,干燥器故障
测试部,PA-40,PA-40-006,2023-01-31 12:00:00,8.54984994660414,237.974245350222,20.99514611635824,36.08250049651854,7.315702941270532,压力调节故障
装配部,PA-40,PA-40-004,2023-01-31 12:00:00,8.079338768351437,220.5597678243197,20.27388031550476,60.68305490467949,11.998174139038769,压力调节故障
气压部A,PA-40,PA-40-005,2023-01-31 13:00:00,5.236556170940674,151.0335378353522,19.97269123176904,95.29303484799908,18.1006154284805,干燥器故障
测试部,PA-40,PA-40-006,2023-01-31 13:00:00,7.604132740094503,232.31821708921004,28.19013676255511,38.25184064006758,6.741006796426802,压力调节故障
装配部,PA-40,PA-40-004,2023-01-31 13:00:00,8.139924684819917,173.12995316540793,20.49780384818782,58.21467066295188,7.382930815801692,正常
气压部A,PA-40,PA-40-005,2023-01-31 14:00:00,9.4932460074184,245.8701149674868,32.86077238609113,102.01063545128856,24.83395961512873,干燥器故障
测试部,PA-40,PA-40-006,2023-01-31 14:00:00,5.36877546178841,178.6828615698397,22.34118088513717,42.40382116931993,10.514906487284748,压力调节故障
装配部,PA-40,PA-40-004,2023-01-31 14:00:00,3.672506118712065,40.17323340033054,19.120090147708805,38.72378466109398,12.410700917155705,过滤器堵塞
气压部A,PA-40,PA-40-005,2023-01-31 15:00:00,6.405970658583487,254.8779855587888,16.286498019557285,77.44095544233977,22.63689655424828,干燥器故障
测试部,PA-40,PA-40-006,2023-01-31 15:00:00,8.574625089400085,140.87203880607126,26.034670873824894,57.788406398485655,7.600213622174602,压力调节故障
装配部,PA-40,PA-40-004,2023-01-31 15:00:00,4.167791674765193,24.29302289769925,30.62560986106287,51.05431178992881,7.749407319580182,过滤器堵塞
气压部A,PA-40,PA-40-005,2023-01-31 16:00:00,7.171495249517523,230.6969733871532,22.683867183309054,87.79164012489508,23.750477553335536,干燥器故障
装配部,PA-40,PA-40-004,2023-01-31 16:00:00,3.732876087494442,26.960842696633915,33.8630043507737,50.259367602308906,12.99085032154825,过滤器堵塞
测试部,PA-40,PA-40-006,2023-01-31 16:00:00,5.829577080296598,185.9473627064289,32.49372879676581,50.43485532963334,8.232504503257037,正常
装配部,PA-40,PA-40-004,2023-01-31 17:00:00,4.4046945816557095,45.96414321412855,21.971460039796256,34.13654673629085,7.372916378018702,过滤器堵塞
测试部,PA-40,PA-40-006,2023-01-31 17:00:00,6.398102296114572,296.29200837834287,30.94665618022103,94.84615906249236,23.784576040991805,干燥器故障
气压部A,PA-40,PA-40-005,2023-01-31 17:00:00,8.505126310260298,300.4133788318418,24.787926513743056,57.691081418500445,11.681225789485142,正常
装配部,PA-40,PA-40-004,2023-01-31 18:00:00,4.371272807718768,8.127768982759626,19.538562391226023,45.42061152089172,6.840212309799519,过滤器堵塞
气压部A,PA-40,PA-40-005,2023-01-31 18:00:00,8.850543130489145,93.45326243612294,23.48773896938482,57.19100587134032,8.195034729066734,正常
测试部,PA-40,PA-40-006,2023-01-31 18:00:00,6.012876419034148,183.56215014468265,28.891277727161743,89.13274959215744,20.98035618134637,干燥器故障
气压部A,PA-40,PA-40-005,2023-01-31 19:00:00,5.574497472957817,271.56155614122025,16.003607543024582,46.53657793225625,10.062532673845102,正常
装配部,PA-40,PA-40-004,2023-01-31 19:00:00,4.091063433358895,32.54395393849304,23.09367745470432,37.30596784999587,8.689544001378879,过滤器堵塞
测试部,PA-40,PA-40-006,2023-01-31 19:00:00,7.829503108376722,147.06848419069047,20.94524382106817,102.15478929552371,22.94460350867796,干燥器故障
气压部A,PA-40,PA-40-005,2023-01-31 20:00:00,9.4072342707018,194.7826750402485,28.543291653194014,43.39976688104149,7.824414129344759,正常
测试部,PA-40,PA-40-006,2023-01-31 20:00:00,6.461450377738441,127.41315309634382,18.35674613539641,85.28520451085221,20.00924479800033,干燥器故障
装配部,PA-40,PA-40-004,2023-01-31 20:00:00,4.490292598391575,11.281804739315527,18.02879212505242,48.1388181501965,13.636586753927332,过滤器堵塞
气压部A,PA-40,PA-40-005,2023-01-31 21:00:00,7.781429908103194,223.32790996216207,16.291831829409684,47.38305817193584,9.708002211090848,正常
装配部,PA-40,PA-40-004,2023-01-31 21:00:00,4.220177139323975,8.147663869418713,26.829987386124994,53.26958151107435,13.660706585121437,过滤器堵塞
测试部,PA-40,PA-40-006,2023-01-31 21:00:00,8.4015322380963,189.26260672834357,15.707128957686493,87.90514183720789,22.32155297981301,干燥器故障
气压部A,PA-40,PA-40-005,2023-01-31 22:00:00,7.87888818441984,148.15902977771248,26.58168696867508,43.94543550562409,11.363771890658636,压力调节故障
测试部,PA-40,PA-40-006,2023-01-31 22:00:00,6.76128227177455,155.6991055280178,15.035220439126176,96.68371446995964,18.91019391391468,干燥器故障
装配部,PA-40,PA-40-004,2023-01-31 22:00:00,6.936286620872911,119.80088421275929,18.65458131860506,49.9190083492168,14.452972966142251,正常
气压部A,PA-40,PA-40-005,2023-01-31 23:00:00,7.090934998802124,244.35100414820587,34.290788798756466,55.69319090912099,14.374779431065429,压力调节故障
装配部,PA-40,PA-40-004,2023-01-31 23:00:00,1.7491807259183,453.9452424811203,23.59285842805929,37.77498672664822,8.907726081872655,泄漏故障
测试部,PA-40,PA-40-006,2023-01-31 23:00:00,5.229319127254062,166.19042549844184,20.508233333877243,38.94780138274282,8.800096255526217,正常
装配部,PA-40,PA-40-004,2023-02-01 00:00:00,2.7166033570206483,491.5643481746562,25.258311242651843,29.834957852228893,10.5180870802152,泄漏故障
测试部,PA-40,PA-40-006,2023-02-01 00:00:00,6.899069835554644,220.74979404380483,24.196955210467035,42.72310149839295,9.834835840303048,正常
气压部A,PA-40,PA-40-005,2023-02-01 00:00:00,9.332361133066913,166.27376609610673,25.56272274480505,36.234980352729686,13.201272375114826,压力调节故障
测试部,PA-40,PA-40-006,2023-02-01 01:00:00,9.03289504089781,205.5243465508123,15.172385713521573,33.11544465168851,12.77500961780331,正常
气压部A,PA-40,PA-40-005,2023-02-01 01:00:00,8.62280601355892,142.1915435882508,32.49781798849425,33.19525929550416,8.562055231785292,正常
装配部,PA-40,PA-40-004,2023-02-01 01:00:00,2.033707142765197,458.2644791357736,20.13505633640713,48.30187225132269,10.49786319638665,泄漏故障
测试部,PA-40,PA-40-006,2023-02-01 02:00:00,5.182480581481836,284.5941949621151,18.758145890354875,39.25890093939432,8.251080244516492,正常
气压部A,PA-40,PA-40-005,2023-02-01 02:00:00,8.648747292063087,234.12694479450892,16.262514589495026,42.22349166715144,5.855989356801043,正常
装配部,PA-40,PA-40-004,2023-02-01 02:00:00,2.4379664718586604,406.9076064796677,17.465980232124608,36.08952494910986,14.262460407404078,泄漏故障
装配部,PA-40,PA-40-004,2023-02-01 03:00:00,2.387522467685512,485.8702517525212,27.58082000433749,44.68130332388436,5.318307781888482,泄漏故障
测试部,PA-40,PA-40-006,2023-02-01 03:00:00,8.409440642414914,183.29490791191063,17.109442549123006,49.3863836789742,14.317956856538675,正常
气压部A,PA-40,PA-40-005,2023-02-01 03:00:00,9.611506841401372,167.6200806560906,0.839087392551897,110.56207105654671,13.648146201435882,冷凝故障
测试部,PA-40,PA-40-006,2023-02-01 04:00:00,8.203979489619282,276.6972284081521,23.077531791545056,52.163656865306834,9.472337572300514,正常
气压部A,PA-40,PA-40-005,2023-02-01 04:00:00,5.900663436235765,103.33447263663004,7.929135357009919,108.80927125726778,5.467793111538316,冷凝故障
装配部,PA-40,PA-40-004,2023-02-01 04:00:00,0.0190516509063052,369.2725707260763,17.298383951270836,41.381744017003065,9.481773330425826,泄漏故障
测试部,PA-40,PA-40-006,2023-02-01 05:00:00,9.86419454266625,280.12727071228625,32.63950482512562,43.90355473872013,8.527050321671217,正常
装配部,PA-40,PA-40-004,2023-02-01 05:00:00,1.4637381864684276,399.1867118449936,29.1440780021791,45.94236319940582,9.477513673327996,泄漏故障
气压部A,PA-40,PA-40-005,2023-02-01 05:00:00,6.331087362589069,260.7103638368523,5.778276228849142,143.66545138226056,12.245900861614142,冷凝故障
气压部A,PA-40,PA-40-005,2023-02-01 06:00:00,5.785735787815582,244.92191608333047,2.3236422773672616,131.04710306655406,8.693222212657991,冷凝故障
装配部,PA-40,PA-40-004,2023-02-01 06:00:00,1.0100523829818018,417.5453245986608,19.657408142054678,30.224786765694592,10.543285189354505,泄漏故障
测试部,PA-40,PA-40-006,2023-02-01 06:00:00,7.026738520368153,198.7456169476127,17.156749026859526,43.112435415381285,13.728251079486109,正常
气压部A,PA-40,PA-40-005,2023-02-01 07:00:00,10.086737132081106,245.93937846139136,3.547814576229792,135.21007720263563,9.189753232524223,冷凝故障
装配部,PA-40,PA-40-004,2023-02-01 07:00:00,6.8596733610552665,236.0698643152614,26.98608585207306,39.74066908680207,14.147100900941004,正常
测试部,PA-40,PA-40-006,2023-02-01 07:00:00,9.183105075217329,200.8263440728966,22.614685796426212,52.011838091124616,5.815066296792353,正常
装配部,PA-40,PA-40-004,2023-02-01 08:00:00,9.495609267265957,127.44769445019593,18.31742922301215,46.61944995120961,7.592545274105121,正常
气压部A,PA-40,PA-40-005,2023-02-01 08:00:00,8.832082156961413,292.6038953263134,16.14602215206678,52.54964258351901,11.290140371912576,正常
测试部,PA-40,PA-40-006,2023-02-01 08:00:00,9.30714361145644,104.32061388306978,16.327976995167603,107.88886198427332,23.841523032108277,干燥器故障
气压部A,PA-40,PA-40-005,2023-02-01 09:00:00,9.01721623900506,94.99565853719854,17.805734202120824,46.01922977435966,9.446706739808452,正常
测试部,PA-40,PA-40-006,2023-02-01 09:00:00,8.321800107523533,230.1400389196912,22.155684233306488,104.53660993143755,23.78288832679216,干燥器故障
装配部,PA-40,PA-40-004,2023-02-01 09:00:00,5.445195456131905,106.2189667908328,30.24384058554784,48.06039937633357,9.051975531951385,正常
装配部,PA-40,PA-40-004,2023-02-01 10:00:00,7.72001028659418,256.3678931235106,28.23455152763261,37.377723774519765,7.903614905585337,压力调节故障
气压部A,PA-40,PA-40-005,2023-02-01 10:00:00,8.418616664164944,190.74503925410096,17.638229280268128,45.32344060431515,12.484162787107913,压力调节故障
测试部,PA-40,PA-40-006,2023-02-01 10:00:00,7.21864326803585,275.6856108898172,31.79641408535952,90.0802399432135,23.106484193862347,干燥器故障
装配部,PA-40,PA-40-004,2023-02-01 11:00:00,6.424523273755636,148.88844338175818,17.967713738492424,44.77438550677431,6.523697611627719,压力调节故障
气压部A,PA-40,PA-40-005,2023-02-01 11:00:00,9.039703716623531,210.1567153817951,20.34061961159672,35.53707315609057,12.212752826732835,压力调节故障
测试部,PA-40,PA-40-006,2023-02-01 11:00:00,8.168079408504479,107.86986366148736,34.52929615926209,37.4649067099192,8.502894261695412,正常
测试部,PA-40,PA-40-006,2023-02-01 12:00:00,8.143243332873087,302.0163990664185,25.182003063169585,33.479689749516005,6.259385017753606,正常
气压部A,PA-40,PA-40-005,2023-02-01 12:00:00,6.86225172010811,141.43860481084496,32.946274510846216,34.84288740117656,13.49286864021655,压力调节故障
装配部,PA-40,PA-40-004,2023-02-01 12:00:00,5.898155930552258,181.12083003963332,34.45535492880784,53.362885719279255,12.14903419859171,压力调节故障
测试部,PA-40,PA-40-006,2023-02-01 13:00:00,5.607469499336296,200.62026981926573,20.676306438725657,34.609915903226536,5.136059315862868,正常
装配部,PA-40,PA-40-004,2023-02-01 13:00:00,6.017249598861946,217.49775995323495,15.248973351747638,30.46700164893112,12.007770163974978,压力调节故障
气压部A,PA-40,PA-40-005,2023-02-01 13:00:00,0.0281147010322777,488.25109929871576,16.047365405594245,39.32673290252298,11.095872192873651,泄漏故障
装配部,PA-40,PA-40-004,2023-02-01 14:00:00,6.560751608438478,223.69193989211385,20.594587458658857,52.27853540485052,12.843463161438306,压力调节故障
测试部,PA-40,PA-40-006,2023-02-01 14:00:00,7.660413411078374,279.4942643046459,31.490623731835747,37.04911677558428,10.432746998890329,正常
气压部A,PA-40,PA-40-005,2023-02-01 14:00:00,0.1514146273300348,438.2311545551939,29.526775829802475,60.222046380671166,10.199215979504974,泄漏故障
气压部A,PA-40,PA-40-005,2023-02-01 15:00:00,0.4106451363276802,457.0997430482462,25.1320504034801,57.89979882929159,10.012558259238002,泄漏故障
测试部,PA-40,PA-40-006,2023-02-01 15:00:00,8.1088435667204,199.076365938869,21.296325389766974,45.50071850746131,15.282617939706434,正常
装配部,PA-40,PA-40-004,2023-02-01 15:00:00,9.653932171576674,185.96849712881257,31.71666094004229,43.61934837256598,14.258003697850748,压力调节故障
气压部A,PA-40,PA-40-005,2023-02-01 16:00:00,1.340282378214249,490.3043050025671,16.329840056331772,46.18156426841614,6.428498353886631,泄漏故障
装配部,PA-40,PA-40-004,2023-02-01 16:00:00,9.250327795077306,162.695673664154,22.29108345531425,53.96250949035538,12.373163849661704,正常
测试部,PA-40,PA-40-006,2023-02-01 16:00:00,6.41387412575218,184.2919922637468,26.470274021851814,49.12869760826442,9.219087257497428,正常
气压部A,PA-40,PA-40-005,2023-02-01 17:00:00,1.8695678457731824,444.987353768236,18.54016951418562,60.67297508055413,12.582254194214231,泄漏故障
测试部,PA-40,PA-40-006,2023-02-01 17:00:00,5.697191019197517,172.21345631905436,18.88313130453108,38.96159150402156,13.768573293409084,正常
装配部,PA-40,PA-40-004,2023-02-01 17:00:00,8.022721484375968,216.24550101361385,21.204769437937387,53.2442376961351,9.590187978391516,正常
装配部,PA-40,PA-40-004,2023-02-01 18:00:00,8.31469379326657,265.7351883366923,21.82002447561296,34.43954401916441,12.971060787960292,正常
气压部A,PA-40,PA-40-005,2023-02-01 18:00:00,5.573485641234244,282.7614956663494,23.019577653548808,47.286609556463,8.672895219511085,正常
测试部,PA-40,PA-40-006,2023-02-01 18:00:00,3.5471191485468805,16.80727591113512,22.877040085719447,46.25393851639332,5.4547630271321,过滤器堵塞
测试部,PA-40,PA-40-006,2023-02-01 19:00:00,4.163144566697484,30.5954989957427,33.303161770724785,48.35994659482466,8.05564239476667,过滤器堵塞
装配部,PA-40,PA-40-004,2023-02-01 19:00:00,7.454271149313016,283.63620404142665,32.67321091149837,51.87713867957498,8.241860298341535,正常
气压部A,PA-40,PA-40-005,2023-02-01 19:00:00,7.821567921817706,114.14307730451388,20.291183394538216,52.420516852324106,6.15996172544472,正常
测试部,PA-40,PA-40-006,2023-02-01 20:00:00,3.7779748677297382,42.47938031358309,19.976542982898096,45.40645630611306,5.951770480867213,过滤器堵塞
气压部A,PA-40,PA-40-005,2023-02-01 20:00:00,9.665389899411068,286.50884259887056,24.61756781243512,57.35067427770371,9.74747068559848,正常
装配部,PA-40,PA-40-004,2023-02-01 20:00:00,6.805602674068021,219.7374896331404,31.2239633775979,46.33964175221279,11.146104458163828,正常
测试部,PA-40,PA-40-006,2023-02-01 21:00:00,6.510664041541041,265.33447979002875,31.76815564078275,40.4690079071994,6.992744396836243,正常
装配部,PA-40,PA-40-004,2023-02-01 21:00:00,1.3030360923598032,455.30830925977153,26.086039355413718,50.03306938172972,7.347888405502363,泄漏故障
气压部A,PA-40,PA-40-005,2023-02-01 21:00:00,9.85549996422621,137.65075548941792,30.55295927843522,47.49098629879828,12.169694465384277,正常
测试部,PA-40,PA-40-006,2023-02-01 22:00:00,8.025742636118178,135.3864920116135,33.22627709922265,35.01570102054907,5.20741683506984,正常
气压部A,PA-40,PA-40-005,2023-02-01 22:00:00,9.2878329670305,199.679870755176,27.550458073882787,42.32637209424358,13.973512956897656,正常
装配部,PA-40,PA-40-004,2023-02-01 22:00:00,2.071144721404883,486.8769092708458,23.902425245418133,32.96690498016307,11.791845907881756,泄漏故障
气压部A,PA-40,PA-40-005,2023-02-01 23:00:00,9.1813763959958,176.91054156311384,21.141021784942808,57.56535108479886,12.34731441148286,正常
装配部,PA-40,PA-40-004,2023-02-01 23:00:00,0.927718797536191,360.41350556520285,26.433052967208585,30.878754663459222,8.347041598157498,泄漏故障
测试部,PA-40,PA-40-006,2023-02-01 23:00:00,5.92153719256975,227.33773541537303,33.24592785496064,47.67853591178087,5.212317431908288,正常
气压部A,PA-40,PA-40-005,2023-02-02 00:00:00,6.941178206765359,165.0173490203513,31.988683367044317,31.009445402379377,13.292070886229643,正常
装配部,PA-40,PA-40-004,2023-02-02 00:00:00,2.7764880238953915,519.3404957044173,17.644273691270456,34.11331187912548,5.342874030134134,泄漏故障
测试部,PA-40,PA-40-006,2023-02-02 00:00:00,8.880705755290215,230.66113190098648,20.3908143950226,32.35575092111926,10.840865567937492,正常
装配部,PA-40,PA-40-004,2023-02-02 01:00:00,2.7525240916753075,459.95497360898776,31.267904796807095,43.570933826806446,12.11316114327701,泄漏故障
测试部,PA-40,PA-40-006,2023-02-02 01:00:00,1.5669985334666603,539.9115665603991,33.854876723230404,59.58524199775964,7.32786640055279,泄漏故障
气压部A,PA-40,PA-40-005,2023-02-02 01:00:00,8.066065405984705,167.4618859719152,21.41574293274355,59.52279078496785,6.933277385548179,正常
气压部A,PA-40,PA-40-005,2023-02-02 02:00:00,7.7508718736612465,116.14177515571444,16.26735731624031,45.215138267437645,8.712381711011957,正常
测试部,PA-40,PA-40-006,2023-02-02 02:00:00,1.2147497086837205,511.4231374794692,34.7804690531118,35.38356030179248,7.153534748896656,泄漏故障
装配部,PA-40,PA-40-004,2023-02-02 02:00:00,7.65334046682119,263.609727320664,17.696928910401986,55.851498506287314,7.977543751870008,正常
测试部,PA-40,PA-40-006,2023-02-02 03:00:00,0.7565101877693974,421.1329455002441,25.5166977238133,52.95818815411029,6.273971424088056,泄漏故障
装配部,PA-40,PA-40-004,2023-02-02 03:00:00,6.568608233798062,193.93418271950864,29.052413266353177,36.25770643320101,8.30921870772038,正常
气压部A,PA-40,PA-40-005,2023-02-02 03:00:00,9.59427401761977,243.16741878333173,31.283638991291127,55.19610430517015,8.54977914572813,正常
测试部,PA-40,PA-40-006,2023-02-02 04:00:00,1.6350770152940932,479.5965050934765,25.746924300831797,36.68178890106935,8.50421140372642,泄漏故障
装配部,PA-40,PA-40-004,2023-02-02 04:00:00,7.722090745165314,155.25552382572246,17.661572227954014,37.78386713424828,11.99441615817731,正常
气压部A,PA-40,PA-40-005,2023-02-02 04:00:00,5.859925750230934,114.484940036433,26.08095424723333,38.4599109544331,5.646596070822167,正常
气压部A,PA-40,PA-40-005,2023-02-02 05:00:00,8.112585775826293,106.4710410245718,26.04550975881925,41.0731857391394,7.888861951563601,正常
装配部,PA-40,PA-40-004,2023-02-02 05:00:00,8.837675903258592,177.7109852235628,31.605527776878507,56.51564210307658,8.104018102068576,正常
测试部,PA-40,PA-40-006,2023-02-02 05:00:00,0.5193463747857207,432.2392185858593,17.796502932281832,35.20145989497309,7.081536490650911,泄漏故障
测试部,PA-40,PA-40-006,2023-02-02 06:00:00,2.864234959774963,449.6566320985352,17.366597064880246,29.581871438331888,10.980881448636788,泄漏故障
装配部,PA-40,PA-40-004,2023-02-02 06:00:00,7.093549996390923,154.84581941282346,31.29295179957183,45.99550734904129,6.146680013186823,正常
气压部A,PA-40,PA-40-005,2023-02-02 06:00:00,9.304194023211656,127.76768682098404,16.843421713896486,59.19948459367978,4.876786384333378,正常
装配部,PA-40,PA-40-004,2023-02-02 07:00:00,9.514659213260035,125.9713588272943,18.660149930427696,86.04505289666622,24.7246976461018,干燥器故障
气压部A,PA-40,PA-40-005,2023-02-02 07:00:00,9.359901062844228,215.0696635772105,31.067615989781544,45.46071533660584,11.275289985100487,正常
测试部,PA-40,PA-40-006,2023-02-02 07:00:00,1.4882456544948783,371.2379117118157,35.91439127188811,51.69372618222161,8.50770495889829,泄漏故障
装配部,PA-40,PA-40-004,2023-02-02 08:00:00,7.522190392680389,170.1352681239361,25.48714990619257,93.8348136101812,21.43917541559361,干燥器故障
测试部,PA-40,PA-40-006,2023-02-02 08:00:00,0.3827667807493039,416.8723244897984,28.660750702214408,48.858717729019766,14.699737789080112,泄漏故障
气压部A,PA-40,PA-40-005,2023-02-02 08:00:00,7.27923893177036,275.1295923044824,29.442073328534843,49.55092746096823,14.491805606721616,正常
气压部A,PA-40,PA-40-005,2023-02-02 09:00:00,4.986257781001072,96.09279419217566,31.494547878559143,52.8403398391584,5.452185846553496,正常
测试部,PA-40,PA-40-006,2023-02-02 09:00:00,7.391177174529477,221.1327956192072,32.18928411192747,52.49742152618481,8.312726222417766,正常
装配部,PA-40,PA-40-004,2023-02-02 09:00:00,7.38115279448202,103.61374734555638,17.587022131223023,101.5395850195388,22.85456227855844,干燥器故障
装配部,PA-40,PA-40-004,2023-02-02 10:00:00,7.090275677987987,279.1086672524044,33.48334676251211,89.47879994939211,23.38789001069638,干燥器故障
气压部A,PA-40,PA-40-005,2023-02-02 10:00:00,8.87638461602918,222.59181646895084,28.995011761495498,59.21738971694801,10.467919694255333,正常
测试部,PA-40,PA-40-006,2023-02-02 10:00:00,9.034000130044587,264.2959894113445,32.878686613551515,43.46231784161441,5.879346634622575,正常
装配部,PA-40,PA-40-004,2023-02-02 11:00:00,7.123294978862635,300.25797166852533,25.001377149106688,48.33093019993085,7.089420128483776,正常
气压部A,PA-40,PA-40-005,2023-02-02 11:00:00,6.510429381929227,242.60490431632752,20.36296724285679,44.12398909378511,5.636956583339986,正常
测试部,PA-40,PA-40-006,2023-02-02 11:00:00,5.905751927504729,137.59585953366678,32.696148172627524,33.51828509582838,11.432079951546289,正常
气压部A,PA-40,PA-40-005,2023-02-02 12:00:00,7.524199830512195,193.34275243568592,21.385697573930745,60.046996340593225,7.527847759283162,正常
装配部,PA-40,PA-40-004,2023-02-02 12:00:00,7.105445680384945,178.87245803955506,18.697812659778435,44.55098353028706,11.289222664837238,正常
测试部,PA-40,PA-40-006,2023-02-02 12:00:00,7.200781747616428,113.20444977866826,28.85076627876173,30.605420304818274,6.076488212841,正常
测试部,PA-40,PA-40-006,2023-02-02 13:00:00,6.882739038907565,269.69682128075664,23.84373871967696,30.611373777521,6.0955432469190765,正常
装配部,PA-40,PA-40-004,2023-02-02 13:00:00,8.570915328055738,156.66999838996338,25.87132335557605,45.77599354119248,11.4072589628635,正常
气压部A,PA-40,PA-40-005,2023-02-02 13:00:00,7.502331478954666,231.01189584840887,17.08270638666737,58.03413990703589,9.635286012396918,压力调节故障
装配部,PA-40,PA-40-004,2023-02-02 14:00:00,5.840596072788409,236.54499167085208,32.593913449234165,30.03525829433799,12.08723229913196,正常
测试部,PA-40,PA-40-006,2023-02-02 14:00:00,8.941488610740796,201.88452405415012,31.019553581962292,37.44451945882797,5.390847083332655,正常
气压部A,PA-40,PA-40-005,2023-02-02 14:00:00,7.410764970102776,177.94272458923484,27.474736181319333,32.860403076702106,14.212705809388904,压力调节故障
装配部,PA-40,PA-40-004,2023-02-02 15:00:00,7.964245273312665,151.77333990707746,29.18883009166461,35.79318267003843,9.874861827401473,正常
测试部,PA-40,PA-40-006,2023-02-02 15:00:00,8.396519682092249,124.83770625559018,25.683327131359867,51.532214291691005,13.565824765438126,正常
气压部A,PA-40,PA-40-005,2023-02-02 15:00:00,8.203301114507614,246.870531741933,18.679505235728094,54.7093055864732,13.514463130830256,压力调节故障
装配部,PA-40,PA-40-004,2023-02-02 16:00:00,6.931237373591191,289.9140928882057,33.80000739589205,31.42789823701805,8.211978328032433,正常
测试部,PA-40,PA-40-006,2023-02-02 16:00:00,1.4828816162820615,507.16813543362593,19.724320595301712,53.67545730840828,14.35269043163389,泄漏故障
气压部A,PA-40,PA-40-005,2023-02-02 16:00:00,9.207614697740969,202.27957306178,32.6248282763288,38.90407799071394,6.642000122731945,压力调节故障
气压部A,PA-40,PA-40-005,2023-02-02 17:00:00,8.183991096859183,164.02328164333994,28.3497182198158,48.99674299571542,10.316213588943109,压力调节故障
测试部,PA-40,PA-40-006,2023-02-02 17:00:00,2.0199716291402967,368.4268294293878,20.355336913094423,36.70545291179597,7.613763136165033,泄漏故障
装配部,PA-40,PA-40-004,2023-02-02 17:00:00,9.91896526803875,139.6413060458886,19.778118738852125,53.76331372945501,11.1988493918558,正常
测试部,PA-40,PA-40-006,2023-02-02 18:00:00,1.101540394619077,376.72040696408703,14.370747832181207,44.40017844075582,8.897318540922168,泄漏故障
装配部,PA-40,PA-40-004,2023-02-02 18:00:00,8.64004192482223,179.22289813333714,14.634898207604202,34.06676275491246,6.708759663523995,正常
气压部A,PA-40,PA-40-005,2023-02-02 18:00:00,6.022847992185216,205.77692357177537,16.753416477278456,55.95870015188196,8.592392265798589,压力调节故障
测试部,PA-40,PA-40-006,2023-02-02 19:00:00,0.5232229411082561,391.5472892424211,17.310663236799794,46.55422380105323,10.510566255717256,泄漏故障
装配部,PA-40,PA-40-004,2023-02-02 19:00:00,5.44076259652979,300.527968968779,25.69528901031992,40.14439414156153,6.638811553436153,正常
气压部A,PA-40,PA-40-005,2023-02-02 19:00:00,7.890086449021518,227.8866329658039,27.15355356301284,46.94438064801849,13.443331391793343,正常
装配部,PA-40,PA-40-004,2023-02-02 20:00:00,7.113375200686348,250.31627523723185,18.121306125989715,60.15923849923638,9.264522036414588,正常
气压部A,PA-40,PA-40-005,2023-02-02 20:00:00,5.561019283732614,279.156505397005,19.233322024576896,39.21286393395989,10.183768563529814,正常
测试部,PA-40,PA-40-006,2023-02-02 20:00:00,1.017677997228378,443.3068828262544,22.261644323935275,54.70048661316075,11.076039997440205,泄漏故障
测试部,PA-40,PA-40-006,2023-02-02 21:00:00,5.8455608119638125,93.54867924706154,20.902242510119827,37.3807422004062,14.093579135026006,正常
气压部A,PA-40,PA-40-005,2023-02-02 21:00:00,8.342494179676219,278.12246698343944,29.73143934162584,32.303063659609826,6.529754171023736,正常
装配部,PA-40,PA-40-004,2023-02-02 21:00:00,9.548262890721166,158.92116948438348,29.55217035961429,32.06701499471782,10.801047075531372,正常
装配部,PA-40,PA-40-004,2023-02-02 22:00:00,9.962186432423888,269.59889716429296,24.66893184400061,55.11190735420546,9.26941116494041,正常
气压部A,PA-40,PA-40-005,2023-02-02 22:00:00,9.66537401361724,157.92745462205718,29.33450659459969,58.85355382387239,13.856231431486949,正常
测试部,PA-40,PA-40-006,2023-02-02 22:00:00,9.185716025483377,178.97418442661817,24.060255586515307,49.64252850592731,15.264107262930402,正常
气压部A,PA-40,PA-40-005,2023-02-02 23:00:00,9.230360317888984,269.41408905183727,28.603591927685866,48.01225759202855,10.287453345934482,正常
装配部,PA-40,PA-40-004,2023-02-02 23:00:00,5.034329637602427,220.60698568263425,18.08430820981228,46.61234721148144,7.638553133042278,正常
测试部,PA-40,PA-40-006,2023-02-02 23:00:00,6.34633735058833,276.1368477303742,31.950171558618862,41.86662193328584,14.06081071086753,正常
测试部,PA-40,PA-40-006,2023-02-03 00:00:00,9.37365509977319,139.7527634165453,16.77027414297813,32.9724967779536,11.055660607866969,正常
装配部,PA-40,PA-40-004,2023-02-03 00:00:00,7.259175164399378,193.42113758190536,19.476453935738054,53.41090962145303,6.429574639088003,正常
气压部A,PA-40,PA-40-005,2023-02-03 00:00:00,8.779018587231574,157.220275398086,22.8985025949076,42.05210013752132,12.283166641663891,正常
测试部,PA-40,PA-40-006,2023-02-03 01:00:00,6.060441477355096,252.94588812170437,34.38747407654395,43.70155707960793,11.900879164597033,正常
气压部A,PA-40,PA-40-005,2023-02-03 01:00:00,9.851396694383626,164.48091776792373,17.854304479972182,42.220759155891166,8.096706546493717,正常
装配部,PA-40,PA-40-004,2023-02-03 01:00:00,8.480866876168507,110.68408000234976,32.79206904391536,35.23578109161295,12.642087914122154,正常
气压部A,PA-40,PA-40-005,2023-02-03 02:00:00,9.095773540665718,128.83514833818572,15.008717125020054,33.866692173892545,5.458294895610019,正常
装配部,PA-40,PA-40-004,2023-02-03 02:00:00,7.617279700022143,116.53844376519145,31.31614502520185,42.57844592920353,13.893803780233604,正常
测试部,PA-40,PA-40-006,2023-02-03 02:00:00,8.516203011393388,192.36686196471996,30.528445095906854,58.38627152114008,11.139094830925254,正常
气压部A,PA-40,PA-40-005,2023-02-03 03:00:00,9.413482119827355,237.57314531493475,29.85425959236848,41.49805470230167,9.415861592898532,正常
测试部,PA-40,PA-40-006,2023-02-03 03:00:00,4.445180184818868,9.78700106006226,16.374621139420384,53.79866394237038,12.545858311852465,过滤器堵塞
装配部,PA-40,PA-40-004,2023-02-03 03:00:00,0.8076343896762717,393.52604290753214,21.73704416143788,39.639073241834105,14.439245124097456,泄漏故障
测试部,PA-40,PA-40-006,2023-02-03 04:00:00,3.5122572141032697,19.555460989168523,34.48727177539309,38.33193428564158,14.54626465068551,过滤器堵塞
装配部,PA-40,PA-40-004,2023-02-03 04:00:00,2.426420766382152,514.1436763178259,34.2746900605858,35.07525202539514,8.684445928266461,泄漏故障
气压部A,PA-40,PA-40-005,2023-02-03 04:00:00,5.999287501812187,212.35353618565404,26.682642794234926,38.07480687400503,6.6270389851521765,正常
测试部,PA-40,PA-40-006,2023-02-03 05:00:00,4.456264251146464,14.42665034495743,25.30338776023616,48.20560004717584,6.7232894245801695,过滤器堵塞
装配部,PA-40,PA-40-004,2023-02-03 05:00:00,1.512257582688009,461.8098048749245,26.52373204268642,36.2200325135851,11.682103094910874,泄漏故障
气压部A,PA-40,PA-40-005,2023-02-03 05:00:00,5.872542256955314,189.0983700835656,31.894867383847306,55.45719126698349,5.440910258462582,正常
测试部,PA-40,PA-40-006,2023-02-03 06:00:00,4.119417131229652,5.068843087312144,16.0104289507398,50.61985731672467,5.612210431668435,过滤器堵塞
装配部,PA-40,PA-40-004,2023-02-03 06:00:00,2.010053721725205,414.1080037215599,27.96431140160859,54.12930154842775,14.998323401323038,泄漏故障
气压部A,PA-40,PA-40-005,2023-02-03 06:00:00,7.91037623870158,245.20318336456137,18.11947626881626,31.295804575701016,6.8615439329137,压力调节故障
气压部A,PA-40,PA-40-005,2023-02-03 07:00:00,6.002816646754899,158.14157864812194,28.44343239156228,48.44852811631506,8.064252032106557,压力调节故障
测试部,PA-40,PA-40-006,2023-02-03 07:00:00,4.082495175525642,19.283395268999477,28.46222530493892,57.41609496667965,13.967667326726504,过滤器堵塞
装配部,PA-40,PA-40-004,2023-02-03 07:00:00,1.7304761950136838,525.6324864357831,27.47595535919489,35.109643274712624,8.749688853015002,泄漏故障
测试部,PA-40,PA-40-006,2023-02-03 08:00:00,7.229096542835288,161.94019575176887,14.540629854019745,32.403938784607554,12.000933491810674,正常
气压部A,PA-40,PA-40-005,2023-02-03 08:00:00,8.272278667823807,205.7298487540868,18.622482849054325,41.876352876601885,8.170620714184365,压力调节故障
装配部,PA-40,PA-40-004,2023-02-03 08:00:00,2.799426845381981,522.064752993764,18.195487203147444,37.387462167564,14.544474754736118,泄漏故障
测试部,PA-40,PA-40-006,2023-02-03 09:00:00,9.197293017680368,99.79207762442248,28.524052662638663,49.04823966934945,13.838718333056256,正常
装配部,PA-40,PA-40-004,2023-02-03 09:00:00,0.2348521063799529,376.8599624166109,31.392234749565176,55.429979108739055,5.676981335657251,泄漏故障
气压部A,PA-40,PA-40-005,2023-02-03 09:00:00,6.065350265297152,151.5680261126204,17.262551257684052,60.06063131233539,13.776461049937408,压力调节故障
测试部,PA-40,PA-40-006,2023-02-03 10:00:00,8.39575682583518,188.4676093230095,25.05241028053608,31.251516090238624,9.062588237700762,正常
装配部,PA-40,PA-40-004,2023-02-03 10:00:00,0.2366126083172052,364.844718263674,30.3073935361924,54.56817161865042,8.888804788143647,泄漏故障
气压部A,PA-40,PA-40-005,2023-02-03 10:00:00,5.318349914620695,150.30020026155086,33.85664705077843,37.38803220871943,6.355137650002026,压力调节故障
气压部A,PA-40,PA-40-005,2023-02-03 11:00:00,6.755709460497573,213.0965921259574,23.722823539354717,31.73641280423198,8.31468320373306,压力调节故障
测试部,PA-40,PA-40-006,2023-02-03 11:00:00,5.911443420777631,143.895912246101,21.900480475712776,46.98200783351,13.114139897910947,正常
装配部,PA-40,PA-40-004,2023-02-03 11:00:00,1.2467332399497713,379.80869293957727,22.758255042918304,56.026222942874966,9.609857814011454,泄漏故障
气压部A,PA-40,PA-40-005,2023-02-03 12:00:00,5.273703901284955,178.85596768313215,18.80358464593612,46.46425899342321,14.143621232300143,压力调节故障
测试部,PA-40,PA-40-006,2023-02-03 12:00:00,5.721414348676822,199.0662266468976,33.867577507057824,49.16875823438053,9.738369770500272,正常
装配部,PA-40,PA-40-004,2023-02-03 12:00:00,2.8027783288355024,442.45538317233206,16.41184678513055,50.22297219386887,8.941593395961652,泄漏故障
气压部A,PA-40,PA-40-005,2023-02-03 13:00:00,6.001706399695516,292.6379129883553,29.163050528022872,37.63735197441817,10.512090573183734,正常
装配部,PA-40,PA-40-004,2023-02-03 13:00:00,0.6770951903362817,466.83051783390687,30.864616780694877,40.9866721854164,7.672263984796162,泄漏故障
测试部,PA-40,PA-40-006,2023-02-03 13:00:00,5.869789844010652,260.97425244868043,22.80601478155582,30.358132371746848,13.734449296001983,正常
装配部,PA-40,PA-40-004,2023-02-03 14:00:00,2.3552829284115826,371.8897627036753,24.92319484327732,59.30930186856897,7.623245280117224,泄漏故障
气压部A,PA-40,PA-40-005,2023-02-03 14:00:00,6.271856260103389,170.3540870429646,28.868794879557385,31.440513878458724,6.063886506481292,正常
测试部,PA-40,PA-40-006,2023-02-03 14:00:00,8.266082744830115,284.6734489463024,14.805675822972358,45.37678193663393,13.061472849144362,正常
测试部,PA-40,PA-40-006,2023-02-03 15:00:00,8.004833616236397,288.3360714776538,20.61996338398573,104.2838118293295,25.35469054310016,干燥器故障
气压部A,PA-40,PA-40-005,2023-02-03 15:00:00,7.829279749843105,112.1070541377171,25.659261836343376,35.16109156258522,15.228189325851773,正常
装配部,PA-40,PA-40-004,2023-02-03 15:00:00,9.208380614267435,204.9854108397794,32.38732953289025,35.074794522831155,10.36724218460561,正常
气压部A,PA-40,PA-40-005,2023-02-03 16:00:00,8.44533698538534,285.36305852649275,27.69510909659769,55.56814302867451,7.851261715842095,正常
测试部,PA-40,PA-40-006,2023-02-03 16:00:00,6.894642798165478,136.74979935710795,22.8459615217718,97.8187478393958,19.361409735209016,干燥器故障
装配部,PA-40,PA-40-004,2023-02-03 16:00:00,6.232067051436966,133.57083207073782,33.64711441088444,48.100671994429405,5.05099341032269,正常
装配部,PA-40,PA-40-004,2023-02-03 17:00:00,8.778071939593605,118.25321521039947,33.84800093031343,33.47292455614705,13.442646626136565,正常
测试部,PA-40,PA-40-006,2023-02-03 17:00:00,9.730678942572649,120.32437777685412,25.04422175367704,91.47318013299665,24.44036830419896,干燥器故障
气压部A,PA-40,PA-40-005,2023-02-03 17:00:00,8.767592185642492,114.84495398617746,28.856362974206363,49.58970355652652,5.557937646953504,正常
测试部,PA-40,PA-40-006,2023-02-03 18:00:00,7.793744461253586,272.79980325194344,24.59151709545039,97.6337314691026,25.09754502335257,干燥器故障
装配部,PA-40,PA-40-004,2023-02-03 18:00:00,8.470493233250838,297.017673234269,30.82012554610557,37.06985735714763,14.508593123555915,正常
气压部A,PA-40,PA-40-005,2023-02-03 18:00:00,7.01272040891314,192.6832908236725,29.24723983333829,32.37457928500388,10.899033763611392,正常
气压部A,PA-40,PA-40-005,2023-02-03 19:00:00,6.5515511370220585,106.1500862644254,22.104083992871004,55.19054199171391,5.612769719705441,正常
测试部,PA-40,PA-40-006,2023-02-03 19:00:00,8.623204927926647,135.16762173116376,27.88341869353085,104.21369383456194,18.0580147688843,干燥器故障
装配部,PA-40,PA-40-004,2023-02-03 19:00:00,7.633644243505251,124.63841020077508,23.6725586025526,42.07162971945365,12.030857944791215,正常
装配部,PA-40,PA-40-004,2023-02-03 20:00:00,8.339548953447547,227.03659849201756,20.47646920893119,53.8664781792547,6.150173815905719,正常
测试部,PA-40,PA-40-006,2023-02-03 20:00:00,8.028650739677197,205.6708088961368,29.025040614157284,93.37708200967433,25.04829784235788,干燥器故障
气压部A,PA-40,PA-40-005,2023-02-03 20:00:00,8.566479041501985,297.81547645768165,24.815542009530045,45.189818223707086,13.249546151886811,正常
测试部,PA-40,PA-40-006,2023-02-03 21:00:00,7.386464665987997,238.0860894256141,33.51227823741507,46.56307275431495,7.5398346839921455,正常
气压部A,PA-40,PA-40-005,2023-02-03 21:00:00,5.215102134524986,225.93105627479284,15.116181257413688,41.944189284201336,14.525607197033858,正常
装配部,PA-40,PA-40-004,2023-02-03 21:00:00,5.216454059901837,189.18677646809965,28.03729345402197,34.28446176506493,9.95210201175574,正常
气压部A,PA-40,PA-40-005,2023-02-03 22:00:00,7.83029997475929,197.7502488263861,17.63601251103141,37.910501655455874,10.101419340655108,正常
测试部,PA-40,PA-40-006,2023-02-03 22:00:00,8.45691635822372,306.28157752397937,28.938298434207937,40.3461010979824,6.17774998408347,正常
装配部,PA-40,PA-40-004,2023-02-03 22:00:00,7.40974777106227,287.8731395829204,22.907210104109552,32.55837868894992,13.148011491111044,正常
测试部,PA-40,PA-40-006,2023-02-03 23:00:00,7.313405041460191,299.13170357985683,31.92128178458193,45.75386968125557,7.07887780582262,正常
气压部A,PA-40,PA-40-005,2023-02-03 23:00:00,8.151039467953948,114.81950817088966,22.248064435081822,55.48930821102668,14.087287605103974,正常
装配部,PA-40,PA-40-004,2023-02-03 23:00:00,7.94331473790573,273.61394504433184,22.542013788341706,51.810794227486575,8.722960191984953,正常
装配部,PA-40,PA-40-004,2023-02-04 00:00:00,6.875953155366359,292.3483338393783,29.36242874863888,49.48957353120183,9.75166185309551,正常
测试部,PA-40,PA-40-006,2023-02-04 00:00:00,7.910444557933012,114.94736835663838,30.51561650962777,35.12901078993053,11.974256954476482,正常
气压部A,PA-40,PA-40-005,2023-02-04 00:00:00,7.284360410327618,287.4797738061632,18.04092329365621,37.44559372156118,6.43704319566282,正常
装配部,PA-40,PA-40-004,2023-02-04 01:00:00,6.805789336539557,285.1555168776922,16.629732818098127,32.53618220062485,14.036345770707385,正常
气压部A,PA-40,PA-40-005,2023-02-04 01:00:00,9.39747199896564,156.55250547005974,31.244605738912792,51.93177041082228,9.60951779818157,正常
测试部,PA-40,PA-40-006,2023-02-04 01:00:00,9.118190029404136,292.5634142072059,20.975888516656315,52.43757144869372,13.561661995776712,正常
装配部,PA-40,PA-40-004,2023-02-04 02:00:00,7.1588982037562525,119.55736349279768,34.461790519028725,48.13724949288423,8.301791990677255,正常
气压部A,PA-40,PA-40-005,2023-02-04 02:00:00,7.764042337445847,236.95333281739715,27.49880460907087,54.79947707211942,12.191062713966694,正常
测试部,PA-40,PA-40-006,2023-02-04 02:00:00,5.6739045012170894,240.28723003644356,18.049784671764076,45.83803531614588,8.870730760763962,正常
测试部,PA-40,PA-40-006,2023-02-04 03:00:00,8.318432859858016,212.38867029354464,22.008547653344444,42.5948210454009,13.169814135941827,正常
气压部A,PA-40,PA-40-005,2023-02-04 03:00:00,5.207994306617727,233.28650737056236,17.8975655607296,52.1427020749681,13.705390567554517,正常
装配部,PA-40,PA-40-004,2023-02-04 03:00:00,5.676196820370377,168.40063047724024,22.42717109699993,35.1407279293314,5.888688999951259,正常
气压部A,PA-40,PA-40-005,2023-02-04 04:00:00,6.176169794858499,202.23865749162533,31.495589559040468,52.43686330962491,4.97550957969286,正常
装配部,PA-40,PA-40-004,2023-02-04 04:00:00,5.200133369839044,277.7843917994778,30.085741251641483,48.10822311278689,6.300752364633633,正常
测试部,PA-40,PA-40-006,2023-02-04 04:00:00,9.031923702994874,247.7871531397294,31.96202009858699,31.30323873656569,9.19982145888632,正常
气压部A,PA-40,PA-40-005,2023-02-04 05:00:00,7.97454486710379,237.48004951559648,29.701000871671784,54.55362018286722,10.916500051181256,正常
测试部,PA-40,PA-40-006,2023-02-04 05:00:00,7.547945628907699,126.5025372537508,23.70808885071998,33.96117635808604,7.660478031176207,正常
装配部,PA-40,PA-40-004,2023-02-04 05:00:00,3.874426628151754,7.414193303254326,23.44558387969284,52.2682178574705,7.600169261413163,过滤器堵塞
气压部A,PA-40,PA-40-005,2023-02-04 06:00:00,7.82436977463716,177.75986177881268,17.631885403468306,40.59632925542439,5.26200961414794,正常
测试部,PA-40,PA-40-006,2023-02-04 06:00:00,7.5070491881510355,253.25338030289305,2.653370385763125,135.16034179967093,4.881790730206904,冷凝故障
装配部,PA-40,PA-40-004,2023-02-04 06:00:00,3.55028567890744,4.878978513351062,24.25922436319934,51.16927847719189,13.4053869068388,过滤器堵塞
装配部,PA-40,PA-40-004,2023-02-04 07:00:00,4.248301306453602,6.731704716230016,35.040657467997754,42.66523794057642,11.726238950598422,过滤器堵塞
测试部,PA-40,PA-40-006,2023-02-04 07:00:00,7.611506417040094,139.0021631620706,0.7256170964389409,117.1291581991328,9.234579503848584,冷凝故障
气压部A,PA-40,PA-40-005,2023-02-04 07:00:00,6.435480466893086,186.20119827187187,18.22749377219217,56.41594556305648,5.665808882977116,正常
气压部A,PA-40,PA-40-005,2023-02-04 08:00:00,6.453117135494998,126.4419715130302,16.49851790447589,45.368973492670776,8.59820316622695,正常
测试部,PA-40,PA-40-006,2023-02-04 08:00:00,5.0415135272300295,207.7279227967416,4.526348042379159,110.12331638337952,7.901474542336221,冷凝故障
装配部,PA-40,PA-40-004,2023-02-04 08:00:00,4.394556229141918,19.126247933093826,23.886990318209904,52.62904517339478,6.459077045745016,过滤器堵塞
装配部,PA-40,PA-40-004,2023-02-04 09:00:00,9.771095792991964,124.3796546917203,30.86849457566448,37.46675631952548,6.0453127236764805,正常
气压部A,PA-40,PA-40-005,2023-02-04 09:00:00,5.883664926140601,251.9593786341944,24.48771814412529,42.05876357085531,13.772277069773915,正常
测试部,PA-40,PA-40-006,2023-02-04 09:00:00,5.906199678871304,140.52868471895977,0.0736018578771786,91.40154009868344,11.982492107432762,冷凝故障
气压部A,PA-40,PA-40-005,2023-02-04 10:00:00,8.560274883917971,182.20865930529885,21.739033491202008,48.615026032819785,11.07242467748731,正常
测试部,PA-40,PA-40-006,2023-02-04 10:00:00,5.895626780185945,182.2358921266508,26.492578954061447,38.59435436691464,6.589804345723124,正常
装配部,PA-40,PA-40-004,2023-02-04 10:00:00,8.622967341037134,274.59165333053863,21.981775130260285,51.975166928235616,6.9822144639480825,正常
测试部,PA-40,PA-40-006,2023-02-04 11:00:00,8.562264003182325,259.0966674896245,27.23056531374861,34.95701738095921,14.123162467893977,正常
装配部,PA-40,PA-40-004,2023-02-04 11:00:00,9.315449815680308,167.85383073746874,31.725153831803343,53.77862383675527,6.682877446424103,正常
气压部A,PA-40,PA-40-005,2023-02-04 11:00:00,5.707309594979895,143.05262584162315,28.511378936217213,43.83027255514133,5.768027727163759,正常
装配部,PA-40,PA-40-004,2023-02-04 12:00:00,5.545006630600165,234.42027676141348,30.780327871121106,34.56289275426324,8.972834523295669,正常
测试部,PA-40,PA-40-006,2023-02-04 12:00:00,7.948045774294686,136.52624733712443,25.7515481833455,52.87377707466959,5.650190678937207,正常
气压部A,PA-40,PA-40-005,2023-02-04 12:00:00,8.709825297249111,234.4868009586812,24.50706319093483,54.888200721931256,13.084753453243694,正常
测试部,PA-40,PA-40-006,2023-02-04 13:00:00,6.868111517260391,126.56245449168264,15.799929088010032,52.00390210284463,14.42146967088168,正常
气压部A,PA-40,PA-40-005,2023-02-04 13:00:00,7.825087526858074,195.4116307993241,34.52275761988248,29.793031636682485,14.727430356065254,压力调节故障
装配部,PA-40,PA-40-004,2023-02-04 13:00:00,9.546588527086763,153.90495925358678,33.25800539781698,56.11407426660466,6.831180380395718,正常
装配部,PA-40,PA-40-004,2023-02-04 14:00:00,6.218412173737532,277.1942007928597,20.21429171769856,38.92638265374913,9.093110272035318,正常
测试部,PA-40,PA-40-006,2023-02-04 14:00:00,7.035342974461795,224.80438335145325,29.001563401634563,54.046418999671936,11.052974747021237,正常
气压部A,PA-40,PA-40-005,2023-02-04 14:00:00,6.113835216923607,213.11036361591496,32.46243524351613,48.07777246562366,7.242947697480419,压力调节故障
测试部,PA-40,PA-40-006,2023-02-04 15:00:00,6.4805584625857815,243.7314007507311,29.026607195454776,52.24277031703689,12.97795687225349,正常
气压部A,PA-40,PA-40-005,2023-02-04 15:00:00,5.908909250355083,224.31574020022853,25.7286289187433,45.0161602213308,11.697748589486835,压力调节故障
装配部,PA-40,PA-40-004,2023-02-04 15:00:00,4.951128181632519,139.75618768997106,17.28581488423901,31.23869127909296,8.473131326171137,正常
气压部A,PA-40,PA-40-005,2023-02-04 16:00:00,9.600731772577616,197.2965197566309,32.92200819473078,30.053220042411425,13.570807048178851,压力调节故障
装配部,PA-40,PA-40-004,2023-02-04 16:00:00,8.778171084787257,174.86645010604715,20.905667621451112,50.81319145485716,14.223249348870889,正常
测试部,PA-40,PA-40-006,2023-02-04 16:00:00,5.337351794424412,157.73224025185684,32.521899521894674,35.92331497970883,10.306779412242252,正常
装配部,PA-40,PA-40-004,2023-02-04 17:00:00,0.8722471244685522,452.060050026895,33.62627793819986,58.42924936654001,7.910047843176767,泄漏故障
气压部A,PA-40,PA-40-005,2023-02-04 17:00:00,6.782651497204167,201.53069473621105,31.27979505024303,33.33650139019069,13.455476954060831,压力调节故障
测试部,PA-40,PA-40-006,2023-02-04 17:00:00,5.6784475835134245,119.72595052835264,32.63260855110237,58.74957298606658,9.453298382076788,正常
装配部,PA-40,PA-40-004,2023-02-04 18:00:00,0.5143256560654301,468.2071500303015,15.619556514598688,38.78866329772293,12.175370645470435,泄漏故障
测试部,PA-40,PA-40-006,2023-02-04 18:00:00,6.749686217203269,200.0270255686054,30.84135939442881,40.38271857939558,10.349838307887772,正常
气压部A,PA-40,PA-40-005,2023-02-04 18:00:00,6.686264874172709,140.5276194105801,20.98714436969674,58.43340493773661,6.991985250001773,压力调节故障
测试部,PA-40,PA-40-006,2023-02-04 19:00:00,7.0208066811962855,188.70602957803783,32.31092717743323,48.33464235995046,6.372644396421243,正常
气压部A,PA-40,PA-40-005,2023-02-04 19:00:00,9.261185223682975,241.47828631388504,33.92338529055139,55.76357796295893,12.58621638812746,压力调节故障
装配部,PA-40,PA-40-004,2023-02-04 19:00:00,0.2900808776625772,408.5919145298332,33.62013011978424,52.83371011968583,7.456841254740554,泄漏故障
测试部,PA-40,PA-40-006,2023-02-04 20:00:00,8.409035973457181,228.2887974831379,19.334223409984286,47.8799107655149,14.62091478164638,正常
装配部,PA-40,PA-40-004,2023-02-04 20:00:00,0.4370553707159285,524.6702575416281,22.232541300381502,46.067717987555085,9.238846942620892,泄漏故障
气压部A,PA-40,PA-40-005,2023-02-04 20:00:00,8.424584830821013,262.8406265919489,5.593449363213248,93.16753192556428,6.8957760153509895,冷凝故障
气压部A,PA-40,PA-40-005,2023-02-04 21:00:00,7.8369110364582575,173.44544851835377,3.047139739252253,141.8411263196315,10.9557069366383,冷凝故障
测试部,PA-40,PA-40-006,2023-02-04 21:00:00,6.2212927043886745,212.8449013664284,25.755366788442124,50.51105609553255,11.31900437419836,正常
装配部,PA-40,PA-40-004,2023-02-04 21:00:00,8.28626835716167,273.9286627431764,14.952797753365312,54.42280083285925,7.418252638355402,正常
气压部A,PA-40,PA-40-005,2023-02-04 22:00:00,8.642844447608462,202.89225220669363,3.553956381267163,139.1960775933934,9.667417155386078,冷凝故障
装配部,PA-40,PA-40-004,2023-02-04 22:00:00,5.279381423964853,111.4162330047098,23.440297162373938,46.2100385890677,10.62929467231683,正常
测试部,PA-40,PA-40-006,2023-02-04 22:00:00,6.3281876880785815,124.21712810422672,15.142677756421689,40.9930745756106,10.929331653421388,正常
装配部,PA-40,PA-40-004,2023-02-04 23:00:00,6.9065735236536,127.26630366506616,21.044943606856812,34.918464554816936,13.52223271459392,正常
测试部,PA-40,PA-40-006,2023-02-04 23:00:00,8.094923405168911,157.78865085331037,25.511268330470788,52.42753645122507,6.683785133081228,正常
气压部A,PA-40,PA-40-005,2023-02-04 23:00:00,9.22380415962818,197.76832916669568,0.1021018465309185,141.34069806321165,11.844757858065208,冷凝故障
装配部,PA-40,PA-40-004,2023-02-05 00:00:00,5.1492425588206,271.3771223612737,29.90120997921846,32.033735233307866,12.404311142577244,正常
测试部,PA-40,PA-40-006,2023-02-05 00:00:00,4.1498019810702615,44.07925373320652,30.004601843025927,35.7232947248101,7.753270018082389,过滤器堵塞
气压部A,PA-40,PA-40-005,2023-02-05 00:00:00,5.572643894123633,161.83200799198414,34.841105526546045,57.50737628802222,10.56807785740011,正常
装配部,PA-40,PA-40-004,2023-02-05 01:00:00,6.153482068923256,110.68754801734148,21.59213650152175,47.443804151214415,5.3040014199997945,正常
测试部,PA-40,PA-40-006,2023-02-05 01:00:00,3.948558266434007,55.87669049347591,25.9194050732897,31.89184602664019,6.111690919824431,过滤器堵塞
气压部A,PA-40,PA-40-005,2023-02-05 01:00:00,7.8460399866887744,168.8683626474906,21.854316044129547,41.08759788927628,11.81995424885744,正常
测试部,PA-40,PA-40-006,2023-02-05 02:00:00,4.164074610897661,28.65040811088973,20.450878636062026,49.97785885156121,8.02203649136373,过滤器堵塞
装配部,PA-40,PA-40-004,2023-02-05 02:00:00,5.754475510115002,230.2638953557775,18.390929893755764,53.49720658641115,7.606635506349766,正常
气压部A,PA-40,PA-40-005,2023-02-05 02:00:00,9.45576789328146,144.84829442474185,18.203935823553103,43.60066890217133,11.662532838733776,正常
气压部A,PA-40,PA-40-005,2023-02-05 03:00:00,8.330435093172401,227.9325565646424,23.0076312487529,35.53544142248417,12.36869332214486,正常
测试部,PA-40,PA-40-006,2023-02-05 03:00:00,3.685620775858939,47.171811758083855,18.861640140264967,34.993579245185146,6.387269873984464,过滤器堵塞
装配部,PA-40,PA-40-004,2023-02-05 03:00:00,8.839790922215139,210.2612284258746,17.64944933336017,57.03593776874269,9.6091512064394,正常
装配部,PA-40,PA-40-004,2023-02-05 04:00:00,9.913207973298029,288.85474784906563,24.698327741040774,54.0198969631608,11.290837748361874,正常
气压部A,PA-40,PA-40-005,2023-02-05 04:00:00,6.233126123194504,180.24600136793825,27.652927470329058,40.84469193468371,9.201112322405422,正常
测试部,PA-40,PA-40-006,2023-02-05 04:00:00,4.19785169669938,2.913247642578929,31.400720236423883,49.13203144012144,6.9912571633380125,过滤器堵塞
气压部A,PA-40,PA-40-005,2023-02-05 05:00:00,7.3451400103485,142.79966166893618,16.024804567868813,52.81399244314174,12.559509283780775,正常
测试部,PA-40,PA-40-006,2023-02-05 05:00:00,3.65960072164497,17.495937990793568,25.63086733151721,56.239471796403215,6.59987843899037,过滤器堵塞
装配部,PA-40,PA-40-004,2023-02-05 05:00:00,9.348642444796234,252.03578148457524,29.88619000426231,40.76951870453099,5.715368799446759,正常
测试部,PA-40,PA-40-006,2023-02-05 06:00:00,4.322358546906855,27.62726454872007,27.38412281680543,38.82995338459434,8.853173375800809,过滤器堵塞
气压部A,PA-40,PA-40-005,2023-02-05 06:00:00,8.629416201039193,104.0765279687487,26.7917530702461,34.82877622623562,11.120553381913014,正常
装配部,PA-40,PA-40-004,2023-02-05 06:00:00,6.369212330473498,153.03114044283467,29.70217228421394,34.95402183136016,7.506112951130968,正常
装配部,PA-40,PA-40-004,2023-02-05 07:00:00,5.591122465844431,205.5035830654024,31.026279297514574,38.47561618402009,12.210979648548696,压力调节故障
测试部,PA-40,PA-40-006,2023-02-05 07:00:00,3.7377106396755617,13.929414352046392,26.206424677097942,43.78032607114344,13.533290358786822,过滤器堵塞
气压部A,PA-40,PA-40-005,2023-02-05 07:00:00,6.9274622147967575,135.6843422051701,21.51371905650004,55.73218588772072,14.331766799487289,正常
装配部,PA-40,PA-40-004,2023-02-05 08:00:00,5.6882792774229225,254.9148069926364,15.595652650616987,42.1230983402282,10.346447008599712,压力调节故障
测试部,PA-40,PA-40-006,2023-02-05 08:00:00,4.083381337575919,5.831456444649728,14.817363410823472,44.009160436935794,12.321202052665862,过滤器堵塞
气压部A,PA-40,PA-40-005,2023-02-05 08:00:00,6.858068628562066,211.61519304707707,26.637340668756185,45.6698803500548,11.499220068521094,正常
测试部,PA-40,PA-40-006,2023-02-05 09:00:00,4.498761301912638,20.598429239682027,18.73735343659084,38.96326518940802,11.942838300962483,过滤器堵塞
装配部,PA-40,PA-40-004,2023-02-05 09:00:00,7.759509893128455,216.60481895053496,20.66018613280472,57.74088901726428,15.070801173084035,压力调节故障
气压部A,PA-40,PA-40-005,2023-02-05 09:00:00,7.160390043605228,131.2318738241716,22.15921706523469,31.103129847983634,11.32907134220773,正常
测试部,PA-40,PA-40-006,2023-02-05 10:00:00,3.528529676307032,29.423638930165215,25.665228757891484,37.67105939253821,6.257103347070215,过滤器堵塞
装配部,PA-40,PA-40-004,2023-02-05 10:00:00,6.546771967390081,208.288794005388,33.44742565601205,56.752764874594575,11.83096988369415,压力调节故障
气压部A,PA-40,PA-40-005,2023-02-05 10:00:00,8.35464722851717,276.08093082367617,16.00028951193951,40.00945483370568,13.129665488777825,正常
气压部A,PA-40,PA-40-005,2023-02-05 11:00:00,5.359788744825619,254.66633334615528,26.236536596621352,52.56534451819482,11.222696240988997,正常
装配部,PA-40,PA-40-004,2023-02-05 11:00:00,7.886948592436648,220.7638467426376,19.832539862552625,58.25948889596738,5.248173555377535,压力调节故障
测试部,PA-40,PA-40-006,2023-02-05 11:00:00,3.594883172272776,53.89481681400677,19.10002695269831,53.74238633505133,6.161238405371812,过滤器堵塞
装配部,PA-40,PA-40-004,2023-02-05 12:00:00,5.848241936094094,246.4914184925128,15.429215671979406,31.08752649271293,12.367460285196804,正常
测试部,PA-40,PA-40-006,2023-02-05 12:00:00,4.2113909599799655,19.227169049355677,22.03036835162157,51.09785440508082,13.076426300402574,过滤器堵塞
气压部A,PA-40,PA-40-005,2023-02-05 12:00:00,8.054333547024186,297.53972966802127,32.09080982329059,44.98183360278266,9.027916884658962,正常
装配部,PA-40,PA-40-004,2023-02-05 13:00:00,7.396140863814079,220.64184858902752,22.147614083823083,48.12194726637272,11.701396257318802,正常
测试部,PA-40,PA-40-006,2023-02-05 13:00:00,4.016467593736446,9.32340573934055,16.265513238474764,39.11513231984871,10.227487071057327,过滤器堵塞
气压部A,PA-40,PA-40-005,2023-02-05 13:00:00,7.79962523583027,159.49557661961657,18.636737949866443,53.051380569045854,14.930170754106513,正常
气压部A,PA-40,PA-40-005,2023-02-05 14:00:00,9.79987403672605,173.1224501230976,22.74855114811937,37.540946201185946,9.326591481027352,正常
装配部,PA-40,PA-40-004,2023-02-05 14:00:00,9.847961008184225,286.5187240519615,16.65503934012599,47.18197909100453,13.145357525211304,正常
测试部,PA-40,PA-40-006,2023-02-05 14:00:00,3.504161930552492,41.34306284907722,18.03971058580567,46.696311162144106,8.443712799487798,过滤器堵塞
气压部A,PA-40,PA-40-005,2023-02-05 15:00:00,6.47176192267754,290.5765757926027,22.712154304167697,42.500501260194994,6.014002778336069,正常
测试部,PA-40,PA-40-006,2023-02-05 15:00:00,6.551634329144813,139.69448348477064,26.575781146746184,50.26374339803105,13.557909406237991,正常
装配部,PA-40,PA-40-004,2023-02-05 15:00:00,4.266967437168228,3.470057874404653,30.98706488214939,39.61615364354613,14.901253279960022,过滤器堵塞
测试部,PA-40,PA-40-006,2023-02-05 16:00:00,9.52967881272101,292.56761890691496,26.963276834673604,52.64393804115047,14.473585445192182,正常
装配部,PA-40,PA-40-004,2023-02-05 16:00:00,3.506923269282792,43.92344819443758,23.419726294602683,51.09785598976932,14.167279399150962,过滤器堵塞
气压部A,PA-40,PA-40-005,2023-02-05 16:00:00,6.565935717522474,98.34487110245932,26.961870167366875,47.92521488762393,14.298515308809488,正常
装配部,PA-40,PA-40-004,2023-02-05 17:00:00,4.40534649804742,37.12668628064155,18.011242052188585,42.80460651290416,6.627843562490839,过滤器堵塞
测试部,PA-40,PA-40-006,2023-02-05 17:00:00,9.984989021531629,110.01881849104468,17.192628098851966,29.70967901284656,15.089861684272192,正常
气压部A,PA-40,PA-40-005,2023-02-05 17:00:00,6.115421107468029,268.8665497498747,30.38141469458064,32.49226499462959,12.645530692718465,正常
气压部A,PA-40,PA-40-005,2023-02-05 18:00:00,9.08825339112588,172.2312326492654,16.659951092956284,43.480557384995286,13.655493994007808,正常
测试部,PA-40,PA-40-006,2023-02-05 18:00:00,7.249912010817665,141.60390078006495,34.50714012403345,39.20349120594931,14.502258813619257,正常
装配部,PA-40,PA-40-004,2023-02-05 18:00:00,8.138672895200022,118.124751498718,28.72628052847516,33.0634746847467,9.562426540790725,正常
气压部A,PA-40,PA-40-005,2023-02-05 19:00:00,9.337906950752128,275.43737180521333,17.353480699150758,32.5064205920676,5.579847310547028,正常
测试部,PA-40,PA-40-006,2023-02-05 19:00:00,7.390915161922442,187.4898775297209,16.207405830154357,50.84449566675808,10.083881389619572,正常
装配部,PA-40,PA-40-004,2023-02-05 19:00:00,7.267346795933442,113.6513799957834,17.30994452893816,41.255640654498,10.781849566670362,正常
气压部A,PA-40,PA-40-005,2023-02-05 20:00:00,7.472933152230408,244.4898917464828,17.20689952404779,54.05794430953674,11.256280048457231,正常
装配部,PA-40,PA-40-004,2023-02-05 20:00:00,8.970588533200377,257.6840299593358,24.645646809049275,35.69466302881325,6.254718656973157,正常
测试部,PA-40,PA-40-006,2023-02-05 20:00:00,8.810007693214628,208.83868864354773,23.873989621615028,40.436547744508864,14.085506955539422,正常
测试部,PA-40,PA-40-006,2023-02-05 21:00:00,10.070851648673926,137.4881143265651,16.36216961316084,35.41807693885,4.885944919885828,正常
气压部A,PA-40,PA-40-005,2023-02-05 21:00:00,9.844816378812476,191.05814180644128,18.81479807811317,42.45686168614338,13.181721753883268,正常
装配部,PA-40,PA-40-004,2023-02-05 21:00:00,6.804575111312723,204.4864123323802,18.126289585151785,43.18178273384414,8.065571725668226,正常
装配部,PA-40,PA-40-004,2023-02-05 22:00:00,5.69450904245425,114.38953405629653,25.761913594608117,58.69861628976162,12.837013591918833,正常
测试部,PA-40,PA-40-006,2023-02-05 22:00:00,5.359914711510279,115.41022156688427,28.2739385302594,50.88884822357589,10.456256299359763,正常
气压部A,PA-40,PA-40-005,2023-02-05 22:00:00,9.48081932200278,167.78991112625152,24.057763682232327,37.24237319030246,13.38553134715046,正常
测试部,PA-40,PA-40-006,2023-02-05 23:00:00,7.221388353599593,231.3050545732772,14.799674359627248,29.71349454991359,10.89046465948202,正常
装配部,PA-40,PA-40-004,2023-02-05 23:00:00,5.046804904933402,270.5964570117754,31.049363016292425,33.577589359848766,10.77145827384533,正常
气压部A,PA-40,PA-40-005,2023-02-05 23:00:00,9.217304302903669,194.88654612201972,25.17706766596336,35.19937422612388,6.736205364957435,正常
测试部,PA-40,PA-40-006,2023-02-06 00:00:00,5.41220342761183,243.7264985035383,28.83465954293149,46.231910939989454,10.54970385384281,正常
装配部,PA-40,PA-40-004,2023-02-06 00:00:00,2.005881908153754,492.1960879157055,33.61714128354674,39.46904588239609,10.295178452981444,泄漏故障
气压部A,PA-40,PA-40-005,2023-02-06 00:00:00,8.969756081035431,125.11664780002684,16.22609811098359,45.49451264600706,14.869891509960382,正常
装配部,PA-40,PA-40-004,2023-02-06 01:00:00,0.9695348395920927,475.4323957520167,30.681472561791804,39.59968465104014,6.479793582215123,泄漏故障
测试部,PA-40,PA-40-006,2023-02-06 01:00:00,9.698588698406832,145.27191834801627,20.249722276583867,53.83353527092909,13.30408577482459,正常
气压部A,PA-40,PA-40-005,2023-02-06 01:00:00,9.399189100962682,149.13562734093233,19.26016946145196,50.84702456975332,8.672506415381488,正常
装配部,PA-40,PA-40-004,2023-02-06 02:00:00,0.5019693560213694,509.4752538925411,18.55621373019809,39.91434953187903,11.013659687345092,泄漏故障
气压部A,PA-40,PA-40-005,2023-02-06 02:00:00,5.828404967702965,158.01416275950848,26.91173215076176,37.33636580700017,5.315510104892902,正常
测试部,PA-40,PA-40-006,2023-02-06 02:00:00,8.677426735356637,130.2914850086802,26.26662346702065,37.49779658437812,12.524722508160956,正常
装配部,PA-40,PA-40-004,2023-02-06 03:00:00,6.252970465942292,294.80525150592825,19.38492742946875,36.02550563952329,7.040955516561165,正常
气压部A,PA-40,PA-40-005,2023-02-06 03:00:00,7.153295504830582,283.3452249686514,32.82409500325285,49.22242786621227,12.0808334746714,正常
测试部,PA-40,PA-40-006,2023-02-06 03:00:00,5.062826827111127,153.86241977219996,31.73921925457408,32.72299674512297,8.436473129976788,正常
装配部,PA-40,PA-40-004,2023-02-06 04:00:00,5.141667823351021,233.5370304626338,24.754616461448904,47.07239813224792,8.82673463579317,正常
测试部,PA-40,PA-40-006,2023-02-06 04:00:00,9.189268745066522,195.20144304898304,20.4242509965696,48.36171019313324,6.3515457750202495,正常
气压部A,PA-40,PA-40-005,2023-02-06 04:00:00,8.68902648255946,171.1381606108582,23.87713682177456,59.69499428302396,11.731683756962552,正常
装配部,PA-40,PA-40-004,2023-02-06 05:00:00,5.256420336500565,213.42978993700692,33.78943705276324,60.45343424938324,11.42001056333883,正常
测试部,PA-40,PA-40-006,2023-02-06 05:00:00,8.570913700675895,159.5476143541332,29.29241725387324,49.302934214573575,12.765516658072844,正常
气压部A,PA-40,PA-40-005,2023-02-06 05:00:00,3.555619175147262,51.74909540160492,21.423041693157405,50.64941360875633,13.010025052340875,过滤器堵塞
测试部,PA-40,PA-40-006,2023-02-06 06:00:00,9.39933490138487,241.04832963662017,26.50645008221248,60.05350607723413,15.22215797629439,正常
气压部A,PA-40,PA-40-005,2023-02-06 06:00:00,3.702934055942456,8.547344454122817,15.42100424057951,42.55460597893674,9.24632333009884,过滤器堵塞
装配部,PA-40,PA-40-004,2023-02-06 06:00:00,5.671570789005779,287.16078588280925,22.67969401311835,30.92357594051773,6.837840504642803,正常
测试部,PA-40,PA-40-006,2023-02-06 07:00:00,7.905592257060323,279.6845852912056,28.857870517251783,32.007119424725985,10.205696026525551,正常
气压部A,PA-40,PA-40-005,2023-02-06 07:00:00,4.320347649859822,26.405479058977377,21.86361633892412,35.48356899776411,11.013235377007517,过滤器堵塞
装配部,PA-40,PA-40-004,2023-02-06 07:00:00,6.651782343311749,294.3152443578183,15.875894326309572,47.42778760939399,10.499618594232889,正常
气压部A,PA-40,PA-40-005,2023-02-06 08:00:00,4.36964212237935,16.933856992779056,26.266368044518384,46.08478287602482,6.855036168678996,过滤器堵塞
装配部,PA-40,PA-40-004,2023-02-06 08:00:00,5.426811243976736,174.6129198498363,19.708139296563925,57.32911168790865,12.929855851753006,正常
测试部,PA-40,PA-40-006,2023-02-06 08:00:00,7.322750958165348,114.6583409888365,23.6179417255428,38.46621949620286,11.343141357484866,正常
测试部,PA-40,PA-40-006,2023-02-06 09:00:00,8.310466180511652,171.78646913933656,21.22750876300604,36.371765705644094,7.969040133152259,正常
装配部,PA-40,PA-40-004,2023-02-06 09:00:00,5.11082224576227,194.74884412287503,20.25665671717572,59.364898420219575,8.501597634110242,正常
气压部A,PA-40,PA-40-005,2023-02-06 09:00:00,4.367632328234922,58.21097897590652,29.254676651771955,33.41987792393924,10.97144567942237,过滤器堵塞
装配部,PA-40,PA-40-004,2023-02-06 10:00:00,6.700522720966169,250.16025573183856,18.23431283057728,54.04433986012534,13.790004499956671,正常
测试部,PA-40,PA-40-006,2023-02-06 10:00:00,8.955247731843315,223.53100168120216,18.538233803115208,48.11296754568355,5.186655440646256,正常
气压部A,PA-40,PA-40-005,2023-02-06 10:00:00,0.3153235191127642,389.82604630471377,19.88500082339766,55.72708115595757,5.567630076747725,泄漏故障
装配部,PA-40,PA-40-004,2023-02-06 11:00:00,5.104150442498119,255.83478108903256,15.717152335175612,39.02774298922094,15.046440851081964,正常
测试部,PA-40,PA-40-006,2023-02-06 11:00:00,8.07033090079943,286.09562514417405,17.138937838138034,47.27628370446068,8.40052776298689,正常
气压部A,PA-40,PA-40-005,2023-02-06 11:00:00,1.6109008518151022,481.179056463107,32.95714585560395,43.98609435169254,10.565264155316086,泄漏故障
装配部,PA-40,PA-40-004,2023-02-06 12:00:00,5.105573700968463,273.7893253554828,27.890342271262583,30.129219587834708,9.223299119491234,正常
测试部,PA-40,PA-40-006,2023-02-06 12:00:00,6.913044681928261,176.5076042319432,19.7001662969024,30.44369843129824,8.02674820406828,正常
气压部A,PA-40,PA-40-005,2023-02-06 12:00:00,1.182938307898426,508.6196696342922,21.71127793714008,51.65520602623422,14.623025563710955,泄漏故障
气压部A,PA-40,PA-40-005,2023-02-06 13:00:00,8.460755513844257,222.16788579098943,31.583382596427946,55.19289786510155,12.954082969356142,正常
装配部,PA-40,PA-40-004,2023-02-06 13:00:00,3.800565241982908,18.303487472237745,24.36954327882239,58.049889123391296,7.631702559975722,过滤器堵塞
测试部,PA-40,PA-40-006,2023-02-06 13:00:00,4.851247436903567,158.47271125276788,25.04820468205578,50.001625471965696,11.629147807222155,正常
测试部,PA-40,PA-40-006,2023-02-06 14:00:00,6.456834803146073,108.91984146473705,31.10562855112237,54.45941361240098,9.910131636782255,正常
气压部A,PA-40,PA-40-005,2023-02-06 14:00:00,8.781095089015034,225.4356718400275,23.11606438999218,54.67935245768994,7.904666976784002,正常
装配部,PA-40,PA-40-004,2023-02-06 14:00:00,3.678953079020345,49.69032328450727,27.702898087354093,34.47271405887038,11.300539449408465,过滤器堵塞
装配部,PA-40,PA-40-004,2023-02-06 15:00:00,4.379687197796766,29.545944781280166,33.45943897353457,40.14841269420309,9.260519766735014,过滤器堵塞
测试部,PA-40,PA-40-006,2023-02-06 15:00:00,5.048401134235148,123.62117922005164,17.41269495960245,50.84611709757169,11.138337910861004,正常
气压部A,PA-40,PA-40-005,2023-02-06 15:00:00,5.252606623633279,229.6763994465389,27.11936485228209,46.251914493483305,5.264798669124109,正常
测试部,PA-40,PA-40-006,2023-02-06 16:00:00,9.110720530841045,172.48640308737583,23.168358840909832,45.6651201346266,7.198392146462594,正常
气压部A,PA-40,PA-40-005,2023-02-06 16:00:00,8.948936811091372,269.0950526205165,15.683993922031188,35.64855143263094,11.494056161207208,正常
装配部,PA-40,PA-40-004,2023-02-06 16:00:00,8.503269744322205,159.02132533412436,16.07243979678274,46.79086246363819,10.724717807484645,正常
气压部A,PA-40,PA-40-005,2023-02-06 17:00:00,3.832991944794309,26.25323916061302,34.071653355802056,44.331060389802616,7.996067096339411,过滤器堵塞
测试部,PA-40,PA-40-006,2023-02-06 17:00:00,5.577889393369399,108.42595828980323,2.2070721538600537,104.374162658502,14.130945295306798,冷凝故障
装配部,PA-40,PA-40-004,2023-02-06 17:00:00,6.138500788476122,126.6872161272301,33.79376319747424,47.4954891610765,10.975097187231384,正常
气压部A,PA-40,PA-40-005,2023-02-06 18:00:00,3.970081472807907,17.626087641712147,33.84510946520264,32.07484237637205,13.766337754831373,过滤器堵塞
测试部,PA-40,PA-40-006,2023-02-06 18:00:00,7.482796280446846,138.32775058329491,5.915142723738905,145.24943413847797,5.244848723709056,冷凝故障
装配部,PA-40,PA-40-004,2023-02-06 18:00:00,7.967965596900886,304.0523993776728,19.726933608848228,34.03777410786668,6.2502521669129845,正常
测试部,PA-40,PA-40-006,2023-02-06 19:00:00,5.546754368332326,156.04822711421622,4.4002417896286845,101.64886535179716,6.7897412859670006,冷凝故障
装配部,PA-40,PA-40-004,2023-02-06 19:00:00,5.0417282357569295,113.60991691189868,19.545232098362312,29.210807616188248,11.175804151634484,正常
气压部A,PA-40,PA-40-005,2023-02-06 19:00:00,4.039105105952369,25.17935350154781,23.93492423854896,42.120828614260006,13.051506442450782,过滤器堵塞
测试部,PA-40,PA-40-006,2023-02-06 20:00:00,8.137174764731078,166.0743601119878,0.6324172245152744,91.39222427575848,13.672114805955603,冷凝故障
气压部A,PA-40,PA-40-005,2023-02-06 20:00:00,3.637632005052649,4.588165365908434,19.18536335358656,30.788405371403908,13.424452113811816,过滤器堵塞
装配部,PA-40,PA-40-004,2023-02-06 20:00:00,4.416729288189293,12.768410555598312,31.888060748913222,31.145786394759284,7.335661945276499,过滤器堵塞
气压部A,PA-40,PA-40-005,2023-02-06 21:00:00,3.6698718332142968,6.075780179524594,28.518458831264557,55.34702822705179,9.16991143388758,过滤器堵塞
装配部,PA-40,PA-40-004,2023-02-06 21:00:00,3.5394981261288603,17.669572142416282,22.285313283625,33.84030513081611,8.052920945278727,过滤器堵塞
测试部,PA-40,PA-40-006,2023-02-06 21:00:00,6.382254521220784,219.63747237378897,24.69286257122197,39.56454215825368,11.882646226124692,正常
测试部,PA-40,PA-40-006,2023-02-06 22:00:00,7.182899953727168,275.82674206011745,17.933797337930905,53.8794879078658,13.61620110827142,正常
气压部A,PA-40,PA-40-005,2023-02-06 22:00:00,3.880353761505804,1.007039628783344,17.581507227095237,38.34967499135647,11.408402094687746,过滤器堵塞
装配部,PA-40,PA-40-004,2023-02-06 22:00:00,4.167555503732638,59.47849632004391,26.69635833594237,34.85901149695572,13.23832022806448,过滤器堵塞
气压部A,PA-40,PA-40-005,2023-02-06 23:00:00,4.006793257272301,29.657564890679964,32.68132650843736,44.084794535183065,12.575693703611618,过滤器堵塞
装配部,PA-40,PA-40-004,2023-02-06 23:00:00,5.641772974554104,241.41314842733817,22.441678993601997,53.89498897404021,9.086894557186724,正常
测试部,PA-40,PA-40-006,2023-02-06 23:00:00,9.907657137703795,114.8785590163214,33.94248712137072,34.38913792789381,6.581876709527493,正常
气压部A,PA-40,PA-40-005,2023-02-07 00:00:00,3.8018992321951233,27.967619542190555,19.768506368465168,59.54760387859238,10.754859255120952,过滤器堵塞
装配部,PA-40,PA-40-004,2023-02-07 00:00:00,6.351525046588475,111.16630725649404,24.177629319202023,31.235616488678765,11.327770490564443,正常
测试部,PA-40,PA-40-006,2023-02-07 00:00:00,8.24035406216386,226.46400897549915,33.60682090774437,50.85493738372378,13.280255884216109,正常
装配部,PA-40,PA-40-004,2023-02-07 01:00:00,8.686783206416786,206.35385142877985,27.81839952061497,34.96170248944554,12.849675340994574,正常
气压部A,PA-40,PA-40-005,2023-02-07 01:00:00,8.480317143593867,123.78908662683456,16.16453951718401,48.193955477161616,14.78988439533591,正常
测试部,PA-40,PA-40-006,2023-02-07 01:00:00,8.333971981889755,302.3207536439793,26.407832200118573,38.82758075674808,8.66847112482715,正常
测试部,PA-40,PA-40-006,2023-02-07 02:00:00,8.855344864702854,264.05957349426944,21.639816841158744,48.69819305912896,10.752618374878375,正常
气压部A,PA-40,PA-40-005,2023-02-07 02:00:00,8.599273212950418,103.21983422972416,22.95143326604032,52.20491000558463,10.71929097431957,正常
装配部,PA-40,PA-40-004,2023-02-07 02:00:00,9.484551980870688,234.36717724078545,14.7744805042903,47.7557434799234,5.117383006621282,正常
气压部A,PA-40,PA-40-005,2023-02-07 03:00:00,5.262056919812951,267.63634569226883,18.094794915338817,55.17364498468088,5.92243406859729,正常
测试部,PA-40,PA-40-006,2023-02-07 03:00:00,8.512133603539073,158.20147850114478,30.45494766163425,35.04812685990299,9.553299007259662,正常
装配部,PA-40,PA-40-004,2023-02-07 03:00:00,6.38762386582308,305.3055840925045,20.84754956872664,53.16167159154712,10.296214726482832,正常
装配部,PA-40,PA-40-004,2023-02-07 04:00:00,8.03519004459131,144.56983659075723,23.69788151370144,52.50043653247366,12.436682763640464,正常
测试部,PA-40,PA-40-006,2023-02-07 04:00:00,9.913775273538382,229.4313435210763,16.778997727981317,58.4637715723548,14.076841806184865,正常
气压部A,PA-40,PA-40-005,2023-02-07 04:00:00,7.071797223481232,194.3797501575092,29.65026072787784,46.81730512088415,14.061658567956709,正常
装配部,PA-40,PA-40-004,2023-02-07 05:00:00,5.931506565233192,123.21755557922285,16.115675615907172,59.57888698183416,6.815787335379156,正常
测试部,PA-40,PA-40-006,2023-02-07 05:00:00,5.163235694971903,242.78692166187545,32.730936706894255,47.22361546078164,5.501318050392346,正常
气压部A,PA-40,PA-40-005,2023-02-07 05:00:00,7.9692918512334225,160.20524914902583,30.849391077169983,48.48903969077628,5.9393530384917215,正常
装配部,PA-40,PA-40-004,2023-02-07 06:00:00,6.456393092798957,299.60774147018367,31.56494518687448,56.78503044575393,12.965440211522612,正常
测试部,PA-40,PA-40-006,2023-02-07 06:00:00,6.451452562168838,117.77108309661766,32.29267866167443,47.814344571535095,8.886961972497208,正常
气压部A,PA-40,PA-40-005,2023-02-07 06:00:00,2.81275072909562,510.42394563836285,16.911257070445927,47.277664463930975,12.27719066297397,泄漏故障
装配部,PA-40,PA-40-004,2023-02-07 07:00:00,4.030235010686422,27.00322720086797,30.70367587737252,52.05324673428381,11.172876280602525,过滤器堵塞
测试部,PA-40,PA-40-006,2023-02-07 07:00:00,5.489980615592062,213.9069211284521,29.08997045480078,73.34914103190157,19.78556762923074,干燥器故障
气压部A,PA-40,PA-40-005,2023-02-07 07:00:00,1.4719891469411042,381.0108500198018,34.2680975195441,54.89544158351742,11.042093486964353,泄漏故障
测试部,PA-40,PA-40-006,2023-02-07 08:00:00,6.194903283803743,298.6115237528014,23.24110184203886,99.44373955223324,25.829575681707677,干燥器故障
气压部A,PA-40,PA-40-005,2023-02-07 08:00:00,0.8459443671352455,456.97223836582975,25.772204518269405,35.77404172318313,9.519999980604936,泄漏故障
装配部,PA-40,PA-40-004,2023-02-07 08:00:00,3.743694801859763,12.743713517369237,25.50510844178256,49.0579905550473,10.74852288442895,过滤器堵塞
测试部,PA-40,PA-40-006,2023-02-07 09:00:00,8.385223027396629,275.5356235989594,23.776476464658256,72.68459313304875,20.67641802108725,干燥器故障
气压部A,PA-40,PA-40-005,2023-02-07 09:00:00,1.5170611226176378,373.5301329395729,27.825930402253384,45.0860765488596,7.782445752171723,泄漏故障
装配部,PA-40,PA-40-004,2023-02-07 09:00:00,3.521355550969624,26.666764259223747,29.99683910730954,57.7633847510799,11.045388547394,过滤器堵塞
装配部,PA-40,PA-40-004,2023-02-07 10:00:00,4.243842454023893,10.140134139648058,27.80933197609829,57.90646596764344,12.94707665736717,过滤器堵塞
气压部A,PA-40,PA-40-005,2023-02-07 10:00:00,7.894305720955383,257.53694501417283,22.318709150195545,44.05738017893382,7.576069019482105,正常
测试部,PA-40,PA-40-006,2023-02-07 10:00:00,9.062432410891264,268.3756842000181,27.975616416387755,77.44258005327646,19.797745027464277,干燥器故障
装配部,PA-40,PA-40-004,2023-02-07 11:00:00,3.787972155742861,37.11180283111784,25.776774336873697,35.585297031997705,13.824874768652768,过滤器堵塞
测试部,PA-40,PA-40-006,2023-02-07 11:00:00,9.735823586502722,214.28361240234156,28.597045428895864,99.3778937542802,23.734923568248654,干燥器故障
气压部A,PA-40,PA-40-005,2023-02-07 11:00:00,7.345255426129897,263.5929894271449,16.903520215330573,38.86683044989356,5.36521166896145,正常
气压部A,PA-40,PA-40-005,2023-02-07 12:00:00,8.319788633486686,122.409102337917,34.13960825543852,50.94422145237428,10.45814555110465,正常
测试部,PA-40,PA-40-006,2023-02-07 12:00:00,7.274748054152753,209.35404482761535,33.59210458411061,37.78641404200358,8.844884975007865,正常
装配部,PA-40,PA-40-004,2023-02-07 12:00:00,4.039487521726614,32.86442780198283,23.8492966299692,33.37457679897262,7.181613739208296,过滤器堵塞
气压部A,PA-40,PA-40-005,2023-02-07 13:00:00,6.304021049960275,274.65127360058847,17.741699956726,46.61361906560079,7.278607357066108,正常
装配部,PA-40,PA-40-004,2023-02-07 13:00:00,4.470113878638046,49.93556512599535,17.0985317168373,44.18021442713002,7.778892561001275,过滤器堵塞
测试部,PA-40,PA-40-006,2023-02-07 13:00:00,8.105953360682168,262.9037803193031,24.06960645955457,30.836706156089875,8.168063533611596,正常
气压部A,PA-40,PA-40-005,2023-02-07 14:00:00,7.111647008411064,223.19582713347768,16.17654756201406,52.97633569885431,13.427577867858398,正常
装配部,PA-40,PA-40-004,2023-02-07 14:00:00,3.661116076674161,43.50893810583009,25.68190783365805,53.56446489818281,4.728934578500509,过滤器堵塞
测试部,PA-40,PA-40-006,2023-02-07 14:00:00,7.685598565218521,145.01591380635688,17.426808667457042,50.86268849904949,14.159452675072242,正常
测试部,PA-40,PA-40-006,2023-02-07 15:00:00,6.995711694607578,141.90942777306523,32.89772297291469,37.25824815523956,7.673839409841591,正常
装配部,PA-40,PA-40-004,2023-02-07 15:00:00,8.69183818423925,176.91369470990554,25.092305728289958,33.55992653175218,6.381922210105441,正常
气压部A,PA-40,PA-40-005,2023-02-07 15:00:00,8.134354638198195,290.23558532173865,16.855177826674172,44.243549552622845,6.055726427085478,正常
气压部A,PA-40,PA-40-005,2023-02-07 16:00:00,6.388670917842525,237.81262253961427,18.33613614418108,46.44619154885587,7.141778395114639,正常
装配部,PA-40,PA-40-004,2023-02-07 16:00:00,6.881088612843705,179.49192196240267,23.40171425678479,46.64319697397344,9.552907522874287,正常
测试部,PA-40,PA-40-006,2023-02-07 16:00:00,9.316310805777045,180.73954300781065,19.213258275965885,59.763227877131065,12.622719833066595,正常
装配部,PA-40,PA-40-004,2023-02-07 17:00:00,7.981002161106788,265.5811312760744,32.75821643036807,53.88139993049314,14.116896896997446,正常
测试部,PA-40,PA-40-006,2023-02-07 17:00:00,7.68565396195699,125.20552711553088,15.104303312948607,42.67262787968465,11.01956702884872,正常
气压部A,PA-40,PA-40-005,2023-02-07 17:00:00,6.640596812787808,189.7739028853364,17.459074876714528,36.37450120568739,13.793612417589982,正常
测试部,PA-40,PA-40-006,2023-02-07 18:00:00,7.314157076979437,189.65704908963627,26.688969869941577,38.264775558937096,10.125286489990334,压力调节故障
装配部,PA-40,PA-40-004,2023-02-07 18:00:00,6.937438368559073,208.55652448779165,16.57537752821911,48.33033535191176,8.739124718444915,正常
气压部A,PA-40,PA-40-005,2023-02-07 18:00:00,6.759975596909546,152.66761574933278,26.575209438895357,39.58409351411891,12.949726186143735,正常
装配部,PA-40,PA-40-004,2023-02-07 19:00:00,6.481345566937916,99.29866813226292,31.269947257080684,37.17152920963048,8.194888700105922,正常
气压部A,PA-40,PA-40-005,2023-02-07 19:00:00,9.474483187349612,207.3649964528813,22.250473803409434,57.311743721173535,9.949119751025892,正常
测试部,PA-40,PA-40-006,2023-02-07 19:00:00,5.270603535051194,238.84196076564825,24.01709372538486,36.43160664189479,5.964745692349135,压力调节故障
装配部,PA-40,PA-40-004,2023-02-07 20:00:00,5.521884654399124,254.63455366999557,15.707425401891118,36.61824579201586,11.778674818830163,正常
气压部A,PA-40,PA-40-005,2023-02-07 20:00:00,5.7060025473610585,142.67006841455768,32.387553670894974,43.454316419313535,9.173897771997655,正常
测试部,PA-40,PA-40-006,2023-02-07 20:00:00,8.705276385948011,247.44202768248863,25.608157306060274,46.80324911734196,10.255520405675831,压力调节故障
装配部,PA-40,PA-40-004,2023-02-07 21:00:00,5.016897331652914,193.36497524235597,32.17765708909881,46.97173974923716,13.554436030789036,正常
气压部A,PA-40,PA-40-005,2023-02-07 21:00:00,5.909557085612324,185.02778363290915,17.30753013546025,56.42451332203956,6.503231382817756,压力调节故障
测试部,PA-40,PA-40-006,2023-02-07 21:00:00,9.076204818390082,179.86780364552098,14.85355041955857,53.494352893524535,7.567817735673831,压力调节故障
测试部,PA-40,PA-40-006,2023-02-07 22:00:00,6.198390302035913,192.335043322415,15.9939987804644,35.874771132878784,9.700565889305812,压力调节故障
装配部,PA-40,PA-40-004,2023-02-07 22:00:00,4.824487838144977,254.60452079474223,34.96443671163278,33.81968483075743,14.004229935248455,正常
气压部A,PA-40,PA-40-005,2023-02-07 22:00:00,7.260679162727556,160.48555418333507,15.203206523129849,31.517252105212947,8.85118854034094,压力调节故障
装配部,PA-40,PA-40-004,2023-02-07 23:00:00,6.144838082873414,203.5119765079125,23.861994483687948,51.192549767366025,12.169280797048248,正常
气压部A,PA-40,PA-40-005,2023-02-07 23:00:00,8.417234275684391,196.8352480065985,16.082229138757494,59.61826603493409,10.263633633221772,压力调节故障
测试部,PA-40,PA-40-006,2023-02-07 23:00:00,7.023634214011184,253.496624556814,23.6711716006928,43.91574065286779,11.454947506662249,压力调节故障
测试部,PA-40,PA-40-006,2023-02-08 00:00:00,6.248561250842403,198.96696790409095,15.200609683281897,34.697378931466496,10.89710429675907,压力调节故障
气压部A,PA-40,PA-40-005,2023-02-08 00:00:00,9.492202913930686,229.5662227514248,23.994106678717813,52.19257704942484,10.879819583775864,压力调节故障
装配部,PA-40,PA-40-004,2023-02-08 00:00:00,7.31776802117822,182.3601954388493,21.32453174954393,30.563108039637516,14.910481047736456,正常
测试部,PA-40,PA-40-006,2023-02-08 01:00:00,8.39825532141201,222.8642229372827,34.028498807332035,57.79186674722757,5.567733906752975,正常
气压部A,PA-40,PA-40-005,2023-02-08 01:00:00,9.737259755487743,184.01990354392413,21.85325181371477,47.01564353851261,11.75225069737716,压力调节故障
装配部,PA-40,PA-40-004,2023-02-08 01:00:00,7.3711969528638255,221.96418640855669,23.58388004515335,35.555625480093184,8.485621574418653,正常
测试部,PA-40,PA-40-006,2023-02-08 02:00:00,4.839999527874518,201.16693250916356,23.032169416018828,54.68827935282956,5.477230733850104,正常
气压部A,PA-40,PA-40-005,2023-02-08 02:00:00,7.417509168914989,190.10815498782085,27.35918029501876,36.56399584638303,12.606423397160778,正常
装配部,PA-40,PA-40-004,2023-02-08 02:00:00,4.968164952607668,286.7065971335026,34.86185861730402,33.066488135172754,7.915609677381377,正常
测试部,PA-40,PA-40-006,2023-02-08 03:00:00,2.6714878660590493,368.0646909340985,35.27671139747496,52.36154820748333,12.151926928066954,泄漏故障
气压部A,PA-40,PA-40-005,2023-02-08 03:00:00,7.156186609096803,264.954820942544,31.40114323858141,56.47289369087284,11.479188811469609,正常
装配部,PA-40,PA-40-004,2023-02-08 03:00:00,7.212437098116445,198.55051907990088,19.125724798718576,41.38236566947784,6.080308437873254,正常
气压部A,PA-40,PA-40-005,2023-02-08 04:00:00,9.9921967322225,290.9422352857437,21.95902292670212,42.25193226047298,13.925791797966196,正常
测试部,PA-40,PA-40-006,2023-02-08 04:00:00,2.499879864897281,483.6842032083296,20.5458964483955,43.37871030349352,8.93878105653263,泄漏故障
装配部,PA-40,PA-40-004,2023-02-08 04:00:00,8.55170967435723,214.59284968069665,20.933040444132335,37.32326062876847,6.484703145393571,正常
装配部,PA-40,PA-40-004,2023-02-08 05:00:00,9.619727802739032,169.08211942569807,26.212645561083598,52.47914673636897,5.472575629813279,正常
气压部A,PA-40,PA-40-005,2023-02-08 05:00:00,3.628884086786094,24.66080004867936,27.98051376304496,54.58610320862051,11.39883767805206,过滤器堵塞
测试部,PA-40,PA-40-006,2023-02-08 05:00:00,1.3311259747253998,407.7785259963867,15.736315200977948,39.34968532292675,14.723699464950151,泄漏故障
装配部,PA-40,PA-40-004,2023-02-08 06:00:00,5.93530629680773,262.56962113491403,33.4032015009907,53.05282596334885,11.885504371692354,正常
测试部,PA-40,PA-40-006,2023-02-08 06:00:00,0.847777066575645,389.52885233570765,31.87933494145298,41.2593154742006,8.226590947352156,泄漏故障
气压部A,PA-40,PA-40-005,2023-02-08 06:00:00,3.7857074834830335,31.562064889776828,32.24036688808205,36.13134830845769,7.562823830923232,过滤器堵塞
装配部,PA-40,PA-40-004,2023-02-08 07:00:00,5.306654698939764,294.0649687529228,27.10791914458364,54.632528879625774,11.263316061308116,正常
测试部,PA-40,PA-40-006,2023-02-08 07:00:00,6.5336241727079685,169.3374086668198,23.28612607483102,57.66509180968463,10.776345891027429,正常
气压部A,PA-40,PA-40-005,2023-02-08 07:00:00,3.948216158654089,3.947246032150258,33.75570737570151,57.1881053239177,7.971867151785736,过滤器堵塞
测试部,PA-40,PA-40-006,2023-02-08 08:00:00,7.771354578013891,223.4422518674298,33.064137446018755,44.30752971050888,9.657842230140846,正常
气压部A,PA-40,PA-40-005,2023-02-08 08:00:00,3.864440205014224,37.96790596413352,20.485014870106667,58.22041822981414,6.51769242474032,过滤器堵塞
装配部,PA-40,PA-40-004,2023-02-08 08:00:00,6.488741907974911,252.1994292768661,31.327575091839865,40.74624224805439,11.453746754154588,压力调节故障
测试部,PA-40,PA-40-006,2023-02-08 09:00:00,9.164447009378918,236.2330142952461,32.99935236368345,107.0108287923085,24.529082402208456,干燥器故障
装配部,PA-40,PA-40-004,2023-02-08 09:00:00,7.126183115613096,180.73948059274028,22.50267255532816,56.82476082871233,5.412444933576872,压力调节故障
气压部A,PA-40,PA-40-005,2023-02-08 09:00:00,4.315889344207919,23.936261856830868,30.45121232275229,38.29397660936001,6.761736017725459,过滤器堵塞
测试部,PA-40,PA-40-006,2023-02-08 10:00:00,6.067932805271569,211.64053138671596,27.933913980854307,82.00812023503701,20.63556787414713,干燥器故障
气压部A,PA-40,PA-40-005,2023-02-08 10:00:00,3.914256693923031,47.54727755490224,14.992051057404648,31.00171566002871,14.48383947942661,过滤器堵塞
装配部,PA-40,PA-40-004,2023-02-08 10:00:00,7.744046493729306,236.10252676796216,15.289405648706987,55.47880230289245,14.099614808241672,压力调节故障
装配部,PA-40,PA-40-004,2023-02-08 11:00:00,6.895339803905348,202.0272708628048,33.18838515455401,53.0006588982804,13.135511090516257,压力调节故障
测试部,PA-40,PA-40-006,2023-02-08 11:00:00,8.008015226506263,292.94853345701944,16.845214148159044,84.10538485595312,18.478861552775207,干燥器故障
气压部A,PA-40,PA-40-005,2023-02-08 11:00:00,4.14750867525629,50.79701092609883,29.35961482262605,52.74558029345392,7.33654587937424,过滤器堵塞
测试部,PA-40,PA-40-006,2023-02-08 12:00:00,8.573929001546045,150.6067725985063,33.831613595205496,78.58976040899529,19.519567862501464,干燥器故障
气压部A,PA-40,PA-40-005,2023-02-08 12:00:00,3.9919665923449337,24.17778875738811,26.342468323611936,39.13515885771711,14.75661268608538,过滤器堵塞
装配部,PA-40,PA-40-004,2023-02-08 12:00:00,8.60732125677159,148.11267294500473,30.016445467436288,58.37648867228304,13.054837787414948,压力调节故障
装配部,PA-40,PA-40-004,2023-02-08 13:00:00,6.5974222472794,175.37747608866462,26.955859884456697,37.475104458937615,9.222764112022835,压力调节故障
测试部,PA-40,PA-40-006,2023-02-08 13:00:00,6.425090131460535,146.44834982461458,29.43193434702288,72.13550315255875,25.23999619455032,干燥器故障
气压部A,PA-40,PA-40-005,2023-02-08 13:00:00,7.203417493141148,118.9107031905638,25.286280314718056,44.40143571449181,6.839488891485174,正常
装配部,PA-40,PA-40-004,2023-02-08 14:00:00,9.45246403084612,205.8118286168049,21.292861920470227,54.23840805939216,13.324985628994089,正常
气压部A,PA-40,PA-40-005,2023-02-08 14:00:00,9.748220075152974,209.9774830559681,33.67134747375248,37.82570154323852,6.04067912045021,正常
测试部,PA-40,PA-40-006,2023-02-08 14:00:00,5.873110163095481,261.8409302866896,24.82428158115776,102.4193354638391,22.74094238300046,干燥器故障
测试部,PA-40,PA-40-006,2023-02-08 15:00:00,7.901079662841748,147.8619426234743,31.42456650731303,88.85658803300396,19.23623233770424,干燥器故障
气压部A,PA-40,PA-40-005,2023-02-08 15:00:00,6.474499587907918,193.6743524525116,22.64716651081483,50.79971774603547,7.989955839822605,正常
装配部,PA-40,PA-40-004,2023-02-08 15:00:00,9.81254488483133,213.2916184918556,33.64712893045313,53.18493586935596,14.764274451244267,正常
气压部A,PA-40,PA-40-005,2023-02-08 16:00:00,8.898971639562665,226.7590645239881,33.286529380096525,52.9888109410851,8.46353921430079,正常
装配部,PA-40,PA-40-004,2023-02-08 16:00:00,5.320987385617735,239.9478143199374,26.252052335064363,30.63322989377773,11.709024036864284,正常
测试部,PA-40,PA-40-006,2023-02-08 16:00:00,8.090483546247965,269.1458601309158,35.498070809108896,84.6815380998339,18.2070092719303,干燥器故障
装配部,PA-40,PA-40-004,2023-02-08 17:00:00,8.002913551897654,220.2428634472347,19.86739534522559,57.85767313226245,11.53560349474805,正常
测试部,PA-40,PA-40-006,2023-02-08 17:00:00,9.61262436542837,287.80781752999746,15.84591596066118,89.86991514416002,23.84339513906254,干燥器故障
气压部A,PA-40,PA-40-005,2023-02-08 17:00:00,3.724627042980607,51.23199080969908,31.59413825145805,32.66870650231449,10.542384291348856,过滤器堵塞
气压部A,PA-40,PA-40-005,2023-02-08 18:00:00,4.478191785015668,41.74434547465831,20.299377223106656,45.19564193554991,9.512127388372532,过滤器堵塞
装配部,PA-40,PA-40-004,2023-02-08 18:00:00,9.437319475044651,241.7954866478061,29.715078573391963,57.84660596654852,13.394393709630972,正常
测试部,PA-40,PA-40-006,2023-02-08 18:00:00,5.733207631083986,211.96039272191135,24.60835385929761,72.49906168674698,26.743094675572404,干燥器故障
气压部A,PA-40,PA-40-005,2023-02-08 19:00:00,3.5353063672067897,1.9857953532339545,19.955158830625265,42.81639357750376,6.250947339797399,过滤器堵塞
装配部,PA-40,PA-40-004,2023-02-08 19:00:00,5.129034561217763,236.01629812362495,18.02335092075199,50.40720502973196,7.787751106628168,正常
测试部,PA-40,PA-40-006,2023-02-08 19:00:00,6.620874193582446,221.4681208550369,23.148070634918884,85.95239848231628,26.38073697807541,干燥器故障
装配部,PA-40,PA-40-004,2023-02-08 20:00:00,8.3272425988122,168.33315457633134,16.667134870344313,31.2941637744906,9.886646009329668,压力调节故障
测试部,PA-40,PA-40-006,2023-02-08 20:00:00,6.176458324764228,155.95047641935307,33.27137606583631,79.08202147922633,21.34287569817165,干燥器故障
气压部A,PA-40,PA-40-005,2023-02-08 20:00:00,4.150382979943367,36.00654865367131,22.33993971459123,59.858369358065545,14.784919953878967,过滤器堵塞
装配部,PA-40,PA-40-004,2023-02-08 21:00:00,9.676568405319628,149.039069202242,17.440626697740136,44.31372101392338,9.721238733758245,压力调节故障
气压部A,PA-40,PA-40-005,2023-02-08 21:00:00,3.6905038707706823,3.717801598204165,15.534916131733908,36.825138419806336,8.38132924236457,过滤器堵塞
测试部,PA-40,PA-40-006,2023-02-08 21:00:00,9.76838066959025,256.82789605555945,18.606721482731697,89.44402735440808,22.519911390677027,干燥器故障
装配部,PA-40,PA-40-004,2023-02-08 22:00:00,9.118043584286802,144.01350924893617,15.73926211208243,37.42489550321737,6.629109269864619,压力调节故障
气压部A,PA-40,PA-40-005,2023-02-08 22:00:00,4.255017162948023,52.32862607880646,26.41460528507667,56.18627003523441,9.002786642419188,过滤器堵塞
测试部,PA-40,PA-40-006,2023-02-08 22:00:00,7.940386073031846,105.2553440380998,31.99412095515947,82.55374086106639,21.92280720667809,干燥器故障
气压部A,PA-40,PA-40-005,2023-02-08 23:00:00,4.2574374178229615,40.89961370401321,21.029186644047403,37.294514790383786,6.395444949789604,过滤器堵塞
测试部,PA-40,PA-40-006,2023-02-08 23:00:00,8.048526119860838,160.149388988949,16.634988340596003,50.4729861100085,14.107696357577309,正常
装配部,PA-40,PA-40-004,2023-02-08 23:00:00,6.911365063033042,251.2929673568989,23.50003376595204,58.42341422433594,5.669634473560534,压力调节故障
测试部,PA-40,PA-40-006,2023-02-09 00:00:00,6.32386068893325,168.38930696708707,22.69518564253277,49.92462730426836,6.179593055449619,正常
装配部,PA-40,PA-40-004,2023-02-09 00:00:00,7.340441019186316,246.55729384695232,28.66477469355082,38.63379391513988,9.985990896068849,压力调节故障
气压部A,PA-40,PA-40-005,2023-02-09 00:00:00,3.8383839701297706,33.44952754816422,18.65607716886934,39.45304092126292,10.195107075141395,过滤器堵塞
装配部,PA-40,PA-40-004,2023-02-09 01:00:00,6.667188480824225,211.93835470317663,22.214428393664484,34.46576932725354,11.091890153118706,压力调节故障
测试部,PA-40,PA-40-006,2023-02-09 01:00:00,5.1581808096236,191.4424413446743,25.17496863096157,54.46198296151315,8.181944270119022,正常
气压部A,PA-40,PA-40-005,2023-02-09 01:00:00,5.10302577780097,140.4609083263578,32.1272149857528,56.8510854807575,11.518020928286209,正常
装配部,PA-40,PA-40-004,2023-02-09 02:00:00,5.48088196283829,117.52981611066927,18.081708829144937,46.696358089653074,6.08507572037766,正常
测试部,PA-40,PA-40-006,2023-02-09 02:00:00,9.118222814198765,150.92990870912257,17.02513178877461,50.12311882704835,10.398690357324888,正常
气压部A,PA-40,PA-40-005,2023-02-09 02:00:00,6.454537439078994,239.2043945990114,18.38505307873264,51.664755240030985,10.778044688428992,正常
气压部A,PA-40,PA-40-005,2023-02-09 03:00:00,9.23271023907171,291.31383653318625,21.16778206286772,47.37601653919337,7.552101760312079,正常
装配部,PA-40,PA-40-004,2023-02-09 03:00:00,8.26242850818698,157.0303586677617,26.81995363658192,35.636682013123895,8.820314959807675,正常
测试部,PA-40,PA-40-006,2023-02-09 03:00:00,8.096881492042947,266.6201423609905,23.60955455518772,45.65144361593956,6.10992713961913,正常
测试部,PA-40,PA-40-006,2023-02-09 04:00:00,7.724397279619404,132.8270624161933,14.586883674393334,54.7309925135953,6.457507687197475,正常
气压部A,PA-40,PA-40-005,2023-02-09 04:00:00,9.881407261974063,151.01265707103406,26.788686309321054,52.9288755208266,12.603560673495265,正常
装配部,PA-40,PA-40-004,2023-02-09 04:00:00,6.010362854340934,157.50581424874804,17.902164260477782,42.52769134860608,7.488889910992466,正常
装配部,PA-40,PA-40-004,2023-02-09 05:00:00,9.036895869357208,255.38884389731712,26.508092860924517,43.356614339320906,11.171562773075566,正常
气压部A,PA-40,PA-40-005,2023-02-09 05:00:00,5.576889173941564,125.08880431252524,23.67057396979036,46.91995956336063,6.721507067965056,正常
测试部,PA-40,PA-40-006,2023-02-09 05:00:00,8.80599147618207,283.4783407067388,19.554127200766924,53.14402233976625,12.062777996215608,正常
气压部A,PA-40,PA-40-005,2023-02-09 06:00:00,8.054078621189918,199.77741686439452,31.744862054962837,58.56919305512001,10.693341208318015,正常
装配部,PA-40,PA-40-004,2023-02-09 06:00:00,9.23666597208407,136.79315516648023,32.72808228371714,49.144590962429646,6.575242603580877,正常
测试部,PA-40,PA-40-006,2023-02-09 06:00:00,6.43142212114015,153.9869168611146,27.676226073361317,58.35601433991432,9.01389494031419,压力调节故障
装配部,PA-40,PA-40-004,2023-02-09 07:00:00,4.351116382045472,32.41632733238278,23.9896769381407,51.91997232616979,8.035568161719455,过滤器堵塞
气压部A,PA-40,PA-40-005,2023-02-09 07:00:00,7.967769584440641,308.132970303441,22.733049788772743,52.04917707482078,14.411642955382154,正常
测试部,PA-40,PA-40-006,2023-02-09 07:00:00,6.851577156014226,240.60061800730892,25.07441458466878,35.60598769958617,7.16527161708714,压力调节故障
测试部,PA-40,PA-40-006,2023-02-09 08:00:00,5.60501075944423,206.56845548340823,29.92620729003405,57.281272165186905,8.937614256665894,压力调节故障
气压部A,PA-40,PA-40-005,2023-02-09 08:00:00,8.215785986941698,238.9156380197208,24.214785627279568,48.99107071084988,11.339420225332743,正常
装配部,PA-40,PA-40-004,2023-02-09 08:00:00,3.7289303055778937,42.4215159014367,26.76783831913166,44.61963419731816,12.397435129571358,过滤器堵塞
测试部,PA-40,PA-40-006,2023-02-09 09:00:00,7.651536879256357,187.9874406931134,14.410822106699571,51.7853532941746,8.674856902458462,压力调节故障
气压部A,PA-40,PA-40-005,2023-02-09 09:00:00,7.624824467915146,266.9573247517452,28.14983838744977,35.96090969641428,14.30847614900912,正常
装配部,PA-40,PA-40-004,2023-02-09 09:00:00,3.603656553060653,6.283408874837734,28.27857144037102,39.203390320260105,13.46786002017377,过滤器堵塞
测试部,PA-40,PA-40-006,2023-02-09 10:00:00,6.812225325589465,189.14326552186185,32.917148835125374,40.05864340192059,7.054101088294504,压力调节故障
气压部A,PA-40,PA-40-005,2023-02-09 10:00:00,7.38259667333131,196.0990138143964,7.177446906106831,101.25299748585309,6.889678010192675,冷凝故障
装配部,PA-40,PA-40-004,2023-02-09 10:00:00,4.194966158572635,43.3989134671488,29.923845411585862,41.72629243421556,13.386909544232669,过滤器堵塞
测试部,PA-40,PA-40-006,2023-02-09 11:00:00,6.967138423634445,162.1167830695194,24.8220146753223,50.81886752418357,7.012290365855828,压力调节故障
气压部A,PA-40,PA-40-005,2023-02-09 11:00:00,6.474458620398076,112.63202830996514,1.3795416851636126,135.42689659567085,9.05443769668451,冷凝故障
装配部,PA-40,PA-40-004,2023-02-09 11:00:00,3.810163354715971,3.176539534745031,27.719045110350446,33.27736756862948,8.43697481147722,过滤器堵塞
气压部A,PA-40,PA-40-005,2023-02-09 12:00:00,6.593236654223257,278.1022139012067,1.2298113281511842,148.6603856411675,7.127535420917025,冷凝故障
装配部,PA-40,PA-40-004,2023-02-09 12:00:00,4.059563397739301,14.280989760946769,33.39905945147854,42.44601401285181,14.13661254248191,过滤器堵塞
测试部,PA-40,PA-40-006,2023-02-09 12:00:00,8.062025538660617,225.8812972376271,22.40490241834341,38.384705525432686,9.056799853636363,正常
测试部,PA-40,PA-40-006,2023-02-09 13:00:00,7.807548815252844,192.7671507288497,23.917464607511377,56.2598974317572,6.374457343851304,正常
气压部A,PA-40,PA-40-005,2023-02-09 13:00:00,8.517520392498144,173.37322902706345,1.0394566984768594,121.88820894443424,6.573866354272908,冷凝故障
装配部,PA-40,PA-40-004,2023-02-09 13:00:00,4.494688235307707,58.420456939514274,32.78641412005875,48.39602783934252,13.19148465465944,过滤器堵塞
装配部,PA-40,PA-40-004,2023-02-09 14:00:00,5.594752481456405,195.10974642284404,26.181595005624462,44.34529674221599,8.037798420688747,正常
测试部,PA-40,PA-40-006,2023-02-09 14:00:00,8.997267063514341,227.7751195819418,16.943500788056678,41.49984514576125,5.315716741927897,正常
气压部A,PA-40,PA-40-005,2023-02-09 14:00:00,9.646503479888988,143.03017982481967,6.784647438004628,138.72720791109606,7.787951881902513,冷凝故障
装配部,PA-40,PA-40-004,2023-02-09 15:00:00,8.467842475965718,104.59742088346177,26.47559373363117,46.494622203383145,7.411813855505954,正常
测试部,PA-40,PA-40-006,2023-02-09 15:00:00,7.776263886743217,132.41677080802197,17.620662566126814,47.415717576520215,11.601321477944724,正常
气压部A,PA-40,PA-40-005,2023-02-09 15:00:00,7.681095007578873,246.7814644866413,26.26589149604963,46.57051389119852,7.879011231627786,正常
装配部,PA-40,PA-40-004,2023-02-09 16:00:00,5.162185284986491,233.1575606701026,22.11914038362629,56.514432835459786,13.142147785919905,正常
测试部,PA-40,PA-40-006,2023-02-09 16:00:00,5.05464615328501,206.91870936346092,26.163905474156028,45.29737650775442,8.562514735201832,正常
气压部A,PA-40,PA-40-005,2023-02-09 16:00:00,7.242152476881822,188.8857788941186,23.39260015125684,59.21464825906131,6.271381974764246,正常
测试部,PA-40,PA-40-006,2023-02-09 17:00:00,7.40571017440158,157.96637967135473,29.07180036444915,37.47041256407347,14.975491398098654,正常
气压部A,PA-40,PA-40-005,2023-02-09 17:00:00,6.403384427999377,224.8648708753208,27.39215210629638,34.14246376203717,14.426298295428436,正常
装配部,PA-40,PA-40-004,2023-02-09 17:00:00,7.733722318469616,133.35409589314708,17.991685549557452,34.1777125386212,7.0779342327704935,正常
气压部A,PA-40,PA-40-005,2023-02-09 18:00:00,9.98054266326585,170.47571989308383,27.88180719473482,35.56124356490845,9.005915387586674,正常
装配部,PA-40,PA-40-004,2023-02-09 18:00:00,5.994167420801847,228.57148590095625,20.724388099355178,49.1938373150685,12.221163634794031,正常
测试部,PA-40,PA-40-006,2023-02-09 18:00:00,7.133658374664387,128.12977092386305,23.56910438037968,54.64089300422327,9.503889130983705,正常
测试部,PA-40,PA-40-006,2023-02-09 19:00:00,8.266249675898786,275.74070684090003,26.201713817710136,31.52599243825964,12.000304583093126,正常
气压部A,PA-40,PA-40-005,2023-02-09 19:00:00,9.353663750286,208.73316405216423,26.20336066515808,30.631440494749857,14.04056548348203,正常
装配部,PA-40,PA-40-004,2023-02-09 19:00:00,9.07146492184299,270.3497202523357,28.0219181092032,58.79991209037692,11.075749150351452,正常
测试部,PA-40,PA-40-006,2023-02-09 20:00:00,7.299846764396705,251.24585760766044,22.417284301135144,54.90545731456388,15.066998914057136,正常
气压部A,PA-40,PA-40-005,2023-02-09 20:00:00,8.154833108079506,159.43284341187527,35.11623450837647,48.86427163628684,9.511186909749693,正常
装配部,PA-40,PA-40-004,2023-02-09 20:00:00,7.490757520189679,166.57950794510558,29.700125331341155,49.31382827716569,7.707802866016582,正常
测试部,PA-40,PA-40-006,2023-02-09 21:00:00,7.888629016356562,122.20460443933064,21.710994553871743,52.34637763385487,14.071922375972736,正常
气压部A,PA-40,PA-40-005,2023-02-09 21:00:00,5.270758688821723,266.4147020572892,31.53356929606183,41.61598641887524,13.10613198478096,正常
装配部,PA-40,PA-40-004,2023-02-09 21:00:00,7.7861378807444765,113.42889410138145,23.60096696980838,42.25746359745797,7.8391856598397505,正常
测试部,PA-40,PA-40-006,2023-02-09 22:00:00,7.035095959244241,193.5835797011871,17.550761202908326,50.79402745567771,9.519271685593774,正常
气压部A,PA-40,PA-40-005,2023-02-09 22:00:00,7.573541565454883,97.75788703362564,24.796010149097043,51.13775951501658,6.602279361793978,正常
装配部,PA-40,PA-40-004,2023-02-09 22:00:00,9.377739412227866,189.44901893124555,28.226898158636505,40.88154837213321,14.283732281175682,正常
测试部,PA-40,PA-40-006,2023-02-09 23:00:00,5.851999831387934,193.13495181782068,15.482657132255532,54.590262101777896,14.823571529255744,正常
气压部A,PA-40,PA-40-005,2023-02-09 23:00:00,6.275946731075996,153.42900748810473,31.305580470888607,41.318287316570974,10.211289853235606,正常
装配部,PA-40,PA-40-004,2023-02-09 23:00:00,5.834426762167586,182.66858691828665,30.51827508750592,39.39034573322824,8.888719723475456,正常
装配部,PA-40,PA-40-004,2023-02-10 00:00:00,6.397696800330376,135.00132139143238,20.03443734820472,36.81223318012948,9.482817620169277,正常
测试部,PA-40,PA-40-006,2023-02-10 00:00:00,8.802081165383305,133.9869188531709,15.788931703964924,86.01139131454593,18.256128426955048,干燥器故障
气压部A,PA-40,PA-40-005,2023-02-10 00:00:00,8.35916440101298,196.9951320622945,25.539513805643743,49.71262342710484,7.793341610296562,正常
装配部,PA-40,PA-40-004,2023-02-10 01:00:00,0.5884483673432607,518.157435274513,19.59235012994029,51.08672320763522,10.229932322635992,泄漏故障
气压部A,PA-40,PA-40-005,2023-02-10 01:00:00,8.225537959001699,264.11009038326864,25.87351245176692,44.5391722662547,8.550277014715453,正常
测试部,PA-40,PA-40-006,2023-02-10 01:00:00,9.875815201115367,220.2570961526385,18.21147134769989,77.22729874221034,26.956599094831112,干燥器故障
测试部,PA-40,PA-40-006,2023-02-10 02:00:00,9.184655443897675,120.9553879309723,28.42413531805319,83.42348836260109,26.44480316546008,干燥器故障
装配部,PA-40,PA-40-004,2023-02-10 02:00:00,2.439666208824532,483.9937250408164,30.05015315369197,38.443982774359405,11.273912936500086,泄漏故障
气压部A,PA-40,PA-40-005,2023-02-10 02:00:00,7.0637951720830126,171.83667116453086,22.43279792221541,34.49592995055864,14.32099573736439,正常
测试部,PA-40,PA-40-006,2023-02-10 03:00:00,6.967691519273885,173.19385689187666,27.98315703048712,87.2383931378907,25.299382680595613,干燥器故障
气压部A,PA-40,PA-40-005,2023-02-10 03:00:00,6.989002972933921,235.7968213661632,34.35357853807247,31.37109583122713,5.083599889275616,正常
装配部,PA-40,PA-40-004,2023-02-10 03:00:00,2.766695587402814,486.3382998061153,20.385723389028637,50.34584315628359,5.380733429096697,泄漏故障
测试部,PA-40,PA-40-006,2023-02-10 04:00:00,7.777112514761122,182.84926797006733,33.459046675953985,87.6737037812059,23.809729339711406,干燥器故障
气压部A,PA-40,PA-40-005,2023-02-10 04:00:00,7.588034817779812,210.2975746889688,33.646704598876774,48.40907039226933,8.860850697313719,正常
装配部,PA-40,PA-40-004,2023-02-10 04:00:00,1.3659781730991498,507.6171860200035,27.789853688943825,39.53438653028375,11.027386570355874,泄漏故障
测试部,PA-40,PA-40-006,2023-02-10 05:00:00,6.608763532156724,147.95647615718556,27.986124488551138,95.1863170998,21.355009845203064,干燥器故障
装配部,PA-40,PA-40-004,2023-02-10 05:00:00,1.0925764801885527,478.3719803318098,22.232987418044026,33.64358299092487,10.743619580204518,泄漏故障
气压部A,PA-40,PA-40-005,2023-02-10 05:00:00,9.461185256027743,204.74538237449377,16.929301735664033,39.360023241423946,6.264673510122624,正常
装配部,PA-40,PA-40-004,2023-02-10 06:00:00,0.5018465124652777,516.6460629733941,22.869182238877684,57.22182127238348,11.891522443384458,泄漏故障
测试部,PA-40,PA-40-006,2023-02-10 06:00:00,6.416702881138255,156.3749670116816,16.754554007656086,81.79821456434973,20.966905638516455,干燥器故障
气压部A,PA-40,PA-40-005,2023-02-10 06:00:00,5.305242607598626,95.33907357984512,25.014173525133216,56.11646788297779,10.532760766880315,正常
装配部,PA-40,PA-40-004,2023-02-10 07:00:00,5.499276174688714,289.78520157336527,34.32604150652281,32.43818703773033,11.72182051699902,正常
测试部,PA-40,PA-40-006,2023-02-10 07:00:00,8.250490816380472,271.25200634015306,24.87607441015925,103.0974547033456,22.513401380989777,干燥器故障
气压部A,PA-40,PA-40-005,2023-02-10 07:00:00,4.948298618111208,213.65885326998836,19.13316565747921,46.03643502882667,10.046911547574572,正常
装配部,PA-40,PA-40-004,2023-02-10 08:00:00,5.856483316793629,260.3062626260639,23.47004935344009,32.48619471041322,7.630110763275422,正常
测试部,PA-40,PA-40-006,2023-02-10 08:00:00,6.653393677112297,223.3669629138449,15.97966875039502,92.54791476852148,25.37945238930052,干燥器故障
气压部A,PA-40,PA-40-005,2023-02-10 08:00:00,7.669727898311284,203.61267395165945,32.73717869777893,41.258896833538095,8.840953462148303,正常
测试部,PA-40,PA-40-006,2023-02-10 09:00:00,6.274864773639115,228.81516768807683,29.96256159488828,48.16636427719271,14.729483876865649,正常
气压部A,PA-40,PA-40-005,2023-02-10 09:00:00,6.046540652149993,169.6777744730705,17.005646863259948,59.75357611849945,11.646572588723531,正常
装配部,PA-40,PA-40-004,2023-02-10 09:00:00,9.55202308411977,199.61371648112024,14.89663724097017,52.52422159505835,12.508235891010909,正常
测试部,PA-40,PA-40-006,2023-02-10 10:00:00,7.412334809294894,149.19181731100355,15.697855077803329,32.35896196927578,14.803972689052369,正常
气压部A,PA-40,PA-40-005,2023-02-10 10:00:00,6.1699741644504105,100.3369953209149,23.00923405807472,37.89953360916412,9.527248136806715,正常
装配部,PA-40,PA-40-004,2023-02-10 10:00:00,9.70969653299638,245.5861349057573,34.539851348586616,44.763422808708405,6.2635503146245535,正常
气压部A,PA-40,PA-40-005,2023-02-10 11:00:00,9.353209414840228,99.02280786824014,25.72618356210106,37.48582441630794,6.323552101931803,正常
测试部,PA-40,PA-40-006,2023-02-10 11:00:00,8.827901006876527,130.94624145464925,15.987847731782844,53.79136591140794,12.529865474932237,正常
装配部,PA-40,PA-40-004,2023-02-10 11:00:00,8.229892362083282,230.5429962813148,16.47715678859966,43.82092019075341,12.562288945880216,压力调节故障
气压部A,PA-40,PA-40-005,2023-02-10 12:00:00,5.5189020879148725,126.90618507012782,29.90569923090911,52.96241561539512,12.471901946008895,正常
测试部,PA-40,PA-40-006,2023-02-10 12:00:00,9.231926913458285,259.61208278185967,34.93433846726407,33.64697743363592,5.549520685128497,正常
装配部,PA-40,PA-40-004,2023-02-10 12:00:00,5.258204296878424,220.03763966280016,19.1003903865933,37.61294454817473,13.38862195564765,压力调节故障
测试部,PA-40,PA-40-006,2023-02-10 13:00:00,9.280674713182751,192.0564512859929,21.06498622096537,50.6812023496877,6.454743290849965,正常
气压部A,PA-40,PA-40-005,2023-02-10 13:00:00,5.546068898319133,156.84320561451844,25.491772116242835,30.815341220448936,8.9073822212671,正常
装配部,PA-40,PA-40-004,2023-02-10 13:00:00,7.395624171050285,173.33867388238016,17.59642089369887,57.09179227449743,12.501173322313653,压力调节故障
测试部,PA-40,PA-40-006,2023-02-10 14:00:00,7.155204395045169,112.74513192211448,19.66108833857904,39.43388366965698,8.737983666324482,正常
装配部,PA-40,PA-40-004,2023-02-10 14:00:00,8.121111324407051,200.42738858582848,29.82531677839393,58.91309591879519,6.862020665552842,压力调节故障
气压部A,PA-40,PA-40-005,2023-02-10 14:00:00,5.316125333455824,119.43593655218666,24.803783714614102,48.31471373155004,12.73153799843825,正常
气压部A,PA-40,PA-40-005,2023-02-10 15:00:00,4.82875213275273,146.72977095060304,22.41177124190674,40.48860581061986,13.6561519697984,正常
测试部,PA-40,PA-40-006,2023-02-10 15:00:00,9.971555058436545,158.76430875052273,24.32799545295328,53.09489809437388,10.11551862814015,正常
装配部,PA-40,PA-40-004,2023-02-10 15:00:00,8.533548688215909,164.10652621782322,26.064329046316907,34.18755180391217,12.492120142586586,压力调节故障
装配部,PA-40,PA-40-004,2023-02-10 16:00:00,8.29757327321515,145.5117373927057,33.37775429278397,47.47434442268304,11.268612177348968,压力调节故障
测试部,PA-40,PA-40-006,2023-02-10 16:00:00,6.493349177402594,159.15585083967184,29.268346982061104,46.47088950516601,13.56918646195262,正常
气压部A,PA-40,PA-40-005,2023-02-10 16:00:00,5.457646001360968,101.9453542097868,24.051114557353245,35.74826062614239,5.567795429574589,正常
气压部A,PA-40,PA-40-005,2023-02-10 17:00:00,9.341713241768389,192.90031964397636,21.98134902181917,31.01983143865844,13.190843259569174,正常
装配部,PA-40,PA-40-004,2023-02-10 17:00:00,10.052959970161432,242.41801700416207,19.067082898570817,51.76232714551061,13.63140941943544,正常
测试部,PA-40,PA-40-006,2023-02-10 17:00:00,9.768103013661916,201.55897255735448,27.035954311989205,39.4609978044698,9.45393160412528,正常
装配部,PA-40,PA-40-004,2023-02-10 18:00:00,5.430721536886262,286.15266104096963,29.1122786719698,51.376471662297845,10.469480997659431,正常
气压部A,PA-40,PA-40-005,2023-02-10 18:00:00,6.598935212822991,272.4386912053074,29.275425546496017,52.27548803428958,7.155770004811013,正常
测试部,PA-40,PA-40-006,2023-02-10 18:00:00,8.843611230781063,251.1635189344439,30.116598733338844,52.96530478444275,7.239943389429655,正常
测试部,PA-40,PA-40-006,2023-02-10 19:00:00,5.527431447445618,274.4045629679017,26.022788697192727,34.831485368643115,13.471781368766688,正常
装配部,PA-40,PA-40-004,2023-02-10 19:00:00,7.612257992928673,200.147676076698,21.15436286401677,41.34475433231302,13.561252206971549,正常
气压部A,PA-40,PA-40-005,2023-02-10 19:00:00,8.173295009703628,117.72242341677456,29.16623987543682,55.08134691615845,13.795768498879127,正常
测试部,PA-40,PA-40-006,2023-02-10 20:00:00,9.172193751605787,253.18158959321036,20.92087536387602,54.512386538978845,6.423881616568314,正常
气压部A,PA-40,PA-40-005,2023-02-10 20:00:00,9.030439252283616,189.92159251143707,31.605951787848635,53.38069861427668,6.901861541263454,正常
装配部,PA-40,PA-40-004,2023-02-10 20:00:00,7.09635401026866,152.0073230529457,23.834308108180903,55.58485864497583,11.342040766252552,正常
装配部,PA-40,PA-40-004,2023-02-10 21:00:00,5.365919717947555,263.1941237995425,18.43773397127371,57.16894403217122,5.714459004637217,正常
装配部,PA-40,PA-40-004,2023-02-10 22:00:00,5.570683787323329,211.7294615140412,22.77083696034916,45.503223518312325,4.894622866757005,压力调节故障
装配部,PA-40,PA-40-004,2023-02-10 23:00:00,5.690941703469408,195.7979990582324,18.99910294146266,31.821722177683405,7.511849459506515,压力调节故障
装配部,PA-40,PA-40-004,2023-02-11 00:00:00,8.344470750787334,162.41372067481024,32.29279361137706,57.73965958358744,14.312745121583008,压力调节故障
装配部,PA-40,PA-40-004,2023-02-11 01:00:00,8.385772535422753,155.8285302271826,15.30614326317228,31.14343496189641,6.153928349414991,压力调节故障
装配部,PA-40,PA-40-004,2023-02-11 02:00:00,8.762464123669504,236.1618051862517,15.292776945624745,31.411913884205237,5.512649902929314,压力调节故障
装配部,PA-40,PA-40-004,2023-02-11 03:00:00,7.034311480613994,213.5360877648784,14.920674904191396,35.6233508133533,9.476010139968505,压力调节故障
装配部,PA-40,PA-40-004,2023-02-11 04:00:00,7.232155106104712,235.7740519260245,16.715293879507033,31.393200254278234,11.475981052025045,压力调节故障
装配部,PA-40,PA-40-004,2023-02-11 05:00:00,6.980613006718569,172.42688424588886,33.03906539856541,47.17864134916109,7.975392623236861,压力调节故障
装配部,PA-40,PA-40-004,2023-02-11 06:00:00,9.255974802668836,205.7241452425945,32.56470918187327,30.938127039738724,15.212944936463636,正常
装配部,PA-40,PA-40-004,2023-02-11 07:00:00,4.058339050214764,57.29329630531221,30.2860579309796,35.520789744854504,12.3101940546091,过滤器堵塞
装配部,PA-40,PA-40-004,2023-02-11 08:00:00,4.18477687600533,5.580639689105964,30.76874760444824,48.19589241520426,12.848681330711091,过滤器堵塞
装配部,PA-40,PA-40-004,2023-02-11 09:00:00,3.856547011328466,36.92282612749534,26.965303750164978,52.632386352456486,5.642900658264745,过滤器堵塞
装配部,PA-40,PA-40-004,2023-02-11 10:00:00,4.352022169321213,10.304353810095472,32.31940023709161,52.333258907173054,11.875655548299466,过滤器堵塞
装配部,PA-40,PA-40-004,2023-02-11 11:00:00,4.003124880530359,45.77649026686676,32.32704030929019,60.7405503521798,13.202228027275998,过滤器堵塞
装配部,PA-40,PA-40-004,2023-02-11 12:00:00,4.026222780302171,20.8132071285543,20.957302303765807,37.6177692492484,14.42923342238142,过滤器堵塞
装配部,PA-40,PA-40-004,2023-02-11 13:00:00,3.606523509376615,48.49722614500505,29.626169603925447,59.26115456084813,9.258026085464628,过滤器堵塞
装配部,PA-40,PA-40-004,2023-02-11 14:00:00,5.038694377921637,286.0982093828343,22.04738753662465,30.12466198418782,14.803511825522344,正常
装配部,PA-40,PA-40-004,2023-02-11 15:00:00,9.513906848966588,192.5802063950494,22.95703575752757,49.10825122604682,6.115447016397792,正常
装配部,PA-40,PA-40-004,2023-02-11 16:00:00,8.833073593391397,292.10648770887286,16.755041967982148,44.0638269353741,7.021136183254903,正常
装配部,PA-40,PA-40-004,2023-02-11 17:00:00,9.232012914657856,93.1188314843462,19.348061588584077,58.33848489552098,9.381390462380566,正常
装配部,PA-40,PA-40-004,2023-02-11 18:00:00,5.920789084625979,142.17353727248562,31.00869514750989,58.50777272998558,14.03267726911402,正常
装配部,PA-40,PA-40-004,2023-02-11 19:00:00,7.49150587989844,114.85906570787026,29.734461338921275,43.29573990900082,8.8291630935235,正常
装配部,PA-40,PA-40-004,2023-02-11 20:00:00,8.989689161682499,254.00010740884304,19.30952042547935,30.993570277231804,7.263059726643683,正常
装配部,PA-40,PA-40-004,2023-02-11 21:00:00,6.983952579037878,280.3571135202341,26.48675930999599,38.85517682209687,10.33408302073013,正常
装配部,PA-40,PA-40-004,2023-02-11 22:00:00,6.571802544450772,117.93825719986566,26.3221957679126,35.52713452572787,9.97560811902924,正常
装配部,PA-40,PA-40-004,2023-02-11 23:00:00,8.073239659840684,289.0323604866928,16.467870753220158,38.26801484019197,10.796863990779782,正常
装配部,PA-40,PA-40-004,2023-02-12 00:00:00,7.846679388058402,136.28755540395943,25.56281347219662,61.17654473947845,7.64996295053607,正常
装配部,PA-40,PA-40-004,2023-02-12 01:00:00,7.396172571116167,117.46976080014046,24.56790490970866,91.9946778435287,23.838888635247336,干燥器故障
装配部,PA-40,PA-40-004,2023-02-12 02:00:00,9.513979296301258,126.05841846407894,23.451894348976428,84.49805158028471,26.843530165150163,干燥器故障
装配部,PA-40,PA-40-004,2023-02-12 03:00:00,6.27376912864108,263.300161651494,15.947263081771736,97.94062400941274,21.600543533844636,干燥器故障
装配部,PA-40,PA-40-004,2023-02-12 04:00:00,6.848092746188011,243.76456742204635,15.672752342713697,102.93990132544712,26.306230644415,干燥器故障
装配部,PA-40,PA-40-004,2023-02-12 05:00:00,9.665018243146232,272.33789566539866,34.098075503103225,77.82228415482476,22.851551926238717,干燥器故障
装配部,PA-40,PA-40-004,2023-02-12 06:00:00,9.79380913993604,245.84845828194057,29.40485661450232,85.19583571381162,21.842229786192416,干燥器故障
装配部,PA-40,PA-40-004,2023-02-12 07:00:00,6.464733701036467,243.69633856206065,29.610590366046463,91.16308050805526,20.536476867271908,干燥器故障
装配部,PA-40,PA-40-004,2023-02-12 08:00:00,8.77282840031236,180.46733098436312,33.62684744334486,88.08932127565231,18.66693140134502,干燥器故障
装配部,PA-40,PA-40-004,2023-02-12 09:00:00,9.652823736188498,109.97479270960064,27.595085240523066,54.62179523633829,5.624135249502592,正常
装配部,PA-40,PA-40-004,2023-02-12 10:00:00,9.842779506835443,193.9185594828521,34.05217287963264,34.63816872365893,11.992756407218584,正常
装配部,PA-40,PA-40-004,2023-02-12 11:00:00,6.779549240567417,212.3378912058357,18.95462926519709,52.19774542727043,10.579076093214791,正常
装配部,PA-40,PA-40-004,2023-02-12 12:00:00,9.207909990780616,150.52193746035044,33.396907773388335,55.14510519276514,14.490616870892636,正常
装配部,PA-40,PA-40-004,2023-02-12 13:00:00,4.062530595121292,24.345944328530035,23.708241825799032,33.66437462789645,10.529282566455894,过滤器堵塞
装配部,PA-40,PA-40-004,2023-02-12 14:00:00,3.6858085525913022,38.804091969871926,19.033132130521235,38.21245206543156,14.09720592122004,过滤器堵塞
装配部,PA-40,PA-40-004,2023-02-12 15:00:00,4.475358973601324,3.9241750287388233,32.043143647292865,55.3970260367241,10.87948325125408,过滤器堵塞
装配部,PA-40,PA-40-004,2023-02-12 16:00:00,3.834207236341573,55.22614556017654,22.0441638458546,47.93818799286491,5.760403881806289,过滤器堵塞
装配部,PA-40,PA-40-004,2023-02-12 17:00:00,3.5113681181899867,39.00688929645389,23.837880153052375,55.057904742042005,14.94140405131331,过滤器堵塞
装配部,PA-40,PA-40-004,2023-02-12 18:00:00,3.7553619600282806,34.03446501593301,16.96505654866141,53.38227113809523,13.439181365850391,过滤器堵塞
装配部,PA-40,PA-40-004,2023-02-12 19:00:00,3.949200524737953,52.78006623991703,18.50158392079447,54.8934532242486,7.477968676902732,过滤器堵塞
装配部,PA-40,PA-40-004,2023-02-12 20:00:00,4.228414312453562,7.974534611683824,17.127178472776293,51.499102078935536,10.453640582949085,过滤器堵塞
装配部,PA-40,PA-40-004,2023-02-12 21:00:00,5.439795120859764,127.56413355748164,15.665382780948036,45.34195543605389,11.120964052876074,正常
装配部,PA-40,PA-40-004,2023-02-12 22:00:00,9.6673449704894,166.04481611065032,31.41792579589745,50.87412353993096,6.067303109292137,正常
装配部,PA-40,PA-40-004,2023-02-12 23:00:00,5.088603726656396,146.0737786308841,34.02203664774483,57.10601910634981,8.869598593994318,正常
装配部,PA-40,PA-40-004,2023-02-13 00:00:00,9.724695878799434,125.08865529945685,7.083147538559209,141.48711465034032,12.638441981094896,冷凝故障
装配部,PA-40,PA-40-004,2023-02-13 01:00:00,7.313457095979034,140.46510981115685,4.278001193935034,92.18645068520894,14.805285456467152,冷凝故障
装配部,PA-40,PA-40-004,2023-02-13 02:00:00,6.247057247799408,285.2168121558012,7.826099013622146,148.59778760772923,10.87816770541157,冷凝故障
装配部,PA-40,PA-40-004,2023-02-13 03:00:00,9.147711737501108,289.1270875136729,23.211518929328825,47.415366973838665,9.63453802739587,正常
装配部,PA-40,PA-40-004,2023-02-13 04:00:00,10.147600662822406,154.8708400221109,19.34985793064753,37.91017606956016,13.617368668886026,正常
装配部,PA-40,PA-40-004,2023-02-13 05:00:00,6.014425862929644,253.55135184266507,32.30642184271306,77.6085306368567,21.74448308926081,干燥器故障
装配部,PA-40,PA-40-004,2023-02-13 06:00:00,8.167679729552807,220.85691389068268,14.9952144207507,80.14597522120663,23.073746160932075,干燥器故障
装配部,PA-40,PA-40-004,2023-02-13 07:00:00,9.889168764397995,120.31237527993252,26.849596261918432,89.24798685238586,25.92107169216105,干燥器故障
装配部,PA-40,PA-40-004,2023-02-13 08:00:00,6.5761329887843525,128.51900075659557,22.89296901713,90.00462873042407,23.185464254976058,干燥器故障
装配部,PA-40,PA-40-004,2023-02-13 09:00:00,9.7467743747781,215.2829192524452,22.23861129300739,101.4305665994188,22.29313007987181,干燥器故障
装配部,PA-40,PA-40-004,2023-02-13 10:00:00,5.636656359576292,208.6416490808464,21.122657554936666,93.60522602982115,24.48156895652804,干燥器故障
装配部,PA-40,PA-40-004,2023-02-13 11:00:00,6.342792463510867,186.58838379735596,17.077598246116654,45.20267610704856,7.351866368210506,正常
装配部,PA-40,PA-40-004,2023-02-13 12:00:00,7.067353667434174,274.3174819513804,17.617538040737816,31.966041798823166,9.628393307660108,正常
装配部,PA-40,PA-40-004,2023-02-13 13:00:00,8.76738636423951,214.9672755410413,29.025666251875005,34.85766266131919,5.66092047068856,正常
装配部,PA-40,PA-40-004,2023-02-13 14:00:00,5.235452619284444,266.3991112508167,19.23990977895789,32.5493337987665,12.29499795846424,正常
装配部,PA-40,PA-40-004,2023-02-13 15:00:00,9.261094693628372,197.11315494614345,34.0586166927166,31.269002328555946,6.557360567774983,正常
装配部,PA-40,PA-40-004,2023-02-13 16:00:00,10.035618267242128,162.0497994050009,34.62082138937592,47.510301117332,8.809778549212009,正常
装配部,PA-40,PA-40-004,2023-02-13 17:00:00,7.074923375041007,296.8309029454681,22.916302367859444,31.08810072183877,14.797988093090432,正常
装配部,PA-40,PA-40-004,2023-02-13 18:00:00,9.267173478319991,150.30101188628177,31.62043886510928,46.02853572488642,13.149454677531391,正常
装配部,PA-40,PA-40-004,2023-02-13 19:00:00,7.409713493536413,190.3680825162256,22.684450593720378,48.76438744877713,8.884582960939879,正常
装配部,PA-40,PA-40-004,2023-02-13 20:00:00,9.179554617014915,228.096602360608,28.72334808839768,36.60036852895954,14.071592275028475,正常
