department,设备型号,设备名称,time,振动频率,振幅,相位角,温度,转速,status
设备监测部,VA-25,VA-25-005,2023-01-01 00:00:00,23.160830775834427,0.3052468198751274,309.6395808672262,35.660248765909515,1395.061055837221,正常
设备监测部,VA-25,VA-25-005,2023-01-01 01:00:00,41.62798044255496,1.4057403869892124,50.60296456824135,40.69020083860153,836.0275989582352,正常
设备监测部,VA-25,VA-25-005,2023-01-01 02:00:00,36.60134502713272,1.8865411251033144,120.5848992416052,45.353880614071954,1254.745822877957,正常
设备监测部,VA-25,VA-25-005,2023-01-01 03:00:00,41.390248756369616,1.3254893091240179,228.03866699671596,39.558980987024995,1194.3058975200463,正常
设备监测部,VA-25,VA-25-005,2023-01-01 04:00:00,19.58572647494777,1.4558212261085686,331.5298242648781,28.488727518933622,1698.1979860198076,正常
设备监测部,VA-25,VA-25-005,2023-01-01 05:00:00,81.3471752138037,3.2948243322803514,186.91710823400246,22.844105594415517,1246.7556396485074,共振
设备监测部,VA-25,VA-25-005,2023-01-01 06:00:00,112.4758779247027,3.1063744031199456,289.1899232271024,44.50172362497457,851.6058682194524,共振
设备监测部,VA-25,VA-25-005,2023-01-01 07:00:00,90.53284066301713,4.268547161235354,35.588014923424645,47.486026312846796,1431.623842015836,共振
设备监测部,VA-25,VA-25-005,2023-01-01 08:00:00,39.97420994875897,0.4067086666073094,48.40335074591567,60.07104646007747,1576.5118112142804,正常
设备监测部,VA-25,VA-25-005,2023-01-01 09:00:00,66.90106250839918,1.7190841958299228,146.90421604474466,55.13087005253834,1422.3243529699023,不对中
设备监测部,VA-25,VA-25-005,2023-01-01 10:00:00,82.64097501658078,0.7620768968229704,113.63858348624686,49.95053411668457,1129.7039011082904,不对中
设备监测部,VA-25,VA-25-005,2023-01-01 11:00:00,76.21837647553942,0.5604932443901544,129.90870622462282,56.633198125251056,1227.2255071095556,不对中
设备监测部,VA-25,VA-25-005,2023-01-01 12:00:00,92.04359551377063,1.5449753355426854,122.02240857786826,45.76902347552202,1465.8997026818286,不对中
设备监测部,VA-25,VA-25-005,2023-01-01 13:00:00,74.08930376770724,1.5407614140646793,106.19574855142426,35.95133133774754,1437.367175588703,不对中
设备监测部,VA-25,VA-25-005,2023-01-01 14:00:00,67.58348473354896,0.3153595444300809,145.2094433741666,53.906704219855335,881.9394281148171,不对中
设备监测部,VA-25,VA-25-005,2023-01-01 15:00:00,35.49299990739035,1.8171159221627622,70.76766446435889,36.7371901230453,1172.2083117710943,正常
设备监测部,VA-25,VA-25-005,2023-01-01 16:00:00,47.61944721094775,1.834947558300932,107.8450912467308,48.63365952916299,1499.3607112810644,正常
设备监测部,VA-25,VA-25-005,2023-01-01 17:00:00,15.868526695895387,0.6771713769605217,222.33713222066262,41.641961765125046,1409.0807585113641,正常
设备监测部,VA-25,VA-25-005,2023-01-01 18:00:00,31.602667799918468,1.3735256245125964,117.63904632636762,54.8345281758546,1628.0842615172949,正常
设备监测部,VA-25,VA-25-005,2023-01-01 19:00:00,20.10908535160352,1.9091261746781905,259.1823967618915,31.054459312103656,932.0465196662163,正常
设备监测部,VA-25,VA-25-005,2023-01-01 20:00:00,27.65649428341114,0.49213828616830596,331.50089743167206,36.751354249874275,984.7580553661724,正常
设备监测部,VA-25,VA-25-005,2023-01-01 21:00:00,84.5131450177382,0.15279237306120966,135.92517704465507,32.45960269918037,1310.3625555117396,不对中
设备监测部,VA-25,VA-25-005,2023-01-01 22:00:00,93.56621450258785,0.7105560015898033,143.8119380199309,26.08077997209626,877.4603603270624,不对中
设备监测部,VA-25,VA-25-005,2023-01-01 23:00:00,62.51172955212161,1.7582681596286245,131.6179565569899,30.832951686983098,902.2449163382627,不对中
设备监测部,VA-25,VA-25-005,2023-01-02 00:00:00,86.90622927468422,0.8781970664577509,102.71548077222094,43.80463074048646,977.6824174218945,不对中
设备监测部,VA-25,VA-25-005,2023-01-02 01:00:00,89.12724916788015,0.121572608421245,102.52933856141325,60.89986365583046,1656.0633864418803,不对中
设备监测部,VA-25,VA-25-005,2023-01-02 02:00:00,71.13549686226803,1.4522457828341149,120.51285530652669,58.92450802535196,877.8842440712662,不对中
设备监测部,VA-25,VA-25-005,2023-01-02 03:00:00,68.98214441391576,2.0036649451842017,129.84378905049186,22.25555121065958,933.9862018086924,不对中
设备监测部,VA-25,VA-25-005,2023-01-02 04:00:00,65.45998785736623,1.044048031560586,129.25079662399327,25.183447861798907,1023.6197363199537,不对中
设备监测部,VA-25,VA-25-005,2023-01-02 05:00:00,20.194582692214148,0.5035946324190848,4.60575522359022,55.62256948924045,1809.60972014334,正常
设备监测部,VA-25,VA-25-005,2023-01-02 06:00:00,40.039117015338604,1.8307461669815437,95.24066412783986,27.403654785649227,942.4486460371148,正常
设备监测部,VA-25,VA-25-005,2023-01-02 07:00:00,30.06136682952618,0.849926953677059,283.0803034100983,24.54398097817625,1152.493442189402,正常
设备监测部,VA-25,VA-25-005,2023-01-02 08:00:00,12.531374510114526,1.5310365520057134,59.796964273866074,55.84955929781382,1490.7444609555653,正常
设备监测部,VA-25,VA-25-005,2023-01-02 09:00:00,27.946295552145912,1.9824126840679823,28.189543071664907,30.682096994923324,1072.1594077497025,正常
设备监测部,VA-25,VA-25-005,2023-01-02 10:00:00,17.489507056712263,1.520093786857141,23.07136090071912,42.82283118344753,1160.8261458415334,正常
设备监测部,VA-25,VA-25-005,2023-01-02 11:00:00,84.85960961009614,2.851450585458908,34.17151244796095,64.76222127536933,1151.5574469829432,轴承故障
设备监测部,VA-25,VA-25-005,2023-01-02 12:00:00,80.63131948937816,3.1344144269488776,254.8611920328366,68.43922796596758,1518.490686356173,轴承故障
设备监测部,VA-25,VA-25-005,2023-01-02 13:00:00,63.16108197630089,2.7186639802182215,339.06462843391205,67.83997422419692,1240.3230913421864,轴承故障
设备监测部,VA-25,VA-25-005,2023-01-02 14:00:00,63.40273710381695,3.5113906104195025,150.81840600895075,64.64469676182551,1034.2736051949616,轴承故障
设备监测部,VA-25,VA-25-005,2023-01-02 15:00:00,77.51280848792484,2.9124027461575257,0.0,64.80232392896536,1461.7704286927274,轴承故障
设备监测部,VA-25,VA-25-005,2023-01-02 16:00:00,27.599907357470915,1.1657593878476982,92.42690184506047,52.22629733888245,1411.2527096045096,正常
设备监测部,VA-25,VA-25-005,2023-01-02 17:00:00,13.883595789841245,0.8797688887541514,186.82412746068783,35.82963806600714,1652.2180504013008,正常
设备监测部,VA-25,VA-25-005,2023-01-02 18:00:00,31.191860661584002,1.5155153105378014,212.8584863431585,24.848553044126117,1578.6375701762092,正常
设备监测部,VA-25,VA-25-005,2023-01-02 19:00:00,45.18982008913425,1.6203083826521003,264.33336317746415,58.169881216965656,1005.1062129851658,正常
设备监测部,VA-25,VA-25-005,2023-01-02 20:00:00,49.3650716229806,1.783799746764165,152.4625770162381,58.12411803432082,1803.6579053066462,正常
设备监测部,VA-25,VA-25-005,2023-01-02 21:00:00,17.149920074434743,1.8708763027357314,32.54861731205769,55.51461363224834,1355.2496808308579,正常
设备监测部,VA-25,VA-25-005,2023-01-02 22:00:00,11.92685395753658,0.8951082351049519,97.15532002932862,37.17080135049651,1388.7861484516338,正常
设备监测部,VA-25,VA-25-005,2023-01-02 23:00:00,26.98358014849447,1.8802180222720737,11.614360775490969,49.73045496694354,850.8277506657522,正常
设备监测部,VA-25,VA-25-005,2023-01-03 00:00:00,41.21168684842949,1.0925218032483155,135.82435889238684,42.678935492078665,1561.0863705622817,正常
设备监测部,VA-25,VA-25-005,2023-01-03 01:00:00,20.802900306541297,0.1904995536424875,82.5698128705443,51.7470412480656,846.8027466214189,正常
设备监测部,VA-25,VA-25-005,2023-01-03 02:00:00,30.64778545276834,1.9197944496137314,42.4481912427318,37.54707682039981,887.3570415029933,正常
设备监测部,VA-25,VA-25-005,2023-01-03 03:00:00,10.141173275437453,0.491808769958762,352.86741717153905,42.41506930073128,1032.5241799592595,正常
设备监测部,VA-25,VA-25-005,2023-01-03 04:00:00,38.041844985213075,0.4525793618930943,285.5198471009048,34.63612777934729,1170.6105028568948,正常
设备监测部,VA-25,VA-25-005,2023-01-03 05:00:00,29.31673500917114,1.8179095379693915,117.79090118760891,32.38010682875705,1640.0395127524853,正常
设备监测部,VA-25,VA-25-005,2023-01-03 06:00:00,44.583389893031324,0.5355495351601748,10.477278337483131,28.088252368878702,1345.2489520879644,正常
设备监测部,VA-25,VA-25-005,2023-01-03 07:00:00,63.485959663818555,2.5358657477824407,127.36462202753492,63.00908523989913,1660.3855942686687,轴承故障
设备监测部,VA-25,VA-25-005,2023-01-03 08:00:00,63.895554375484295,2.4658967036318096,148.21686836889418,68.2923153269489,997.1812410738377,轴承故障
设备监测部,VA-25,VA-25-005,2023-01-03 09:00:00,75.54177699026461,2.782100958716531,195.05026732142218,65.09484071382262,1125.9894915949337,轴承故障
设备监测部,VA-25,VA-25-005,2023-01-03 10:00:00,66.95309285148241,2.879807670777783,334.71684099560235,68.48543580531253,1066.9155849286592,轴承故障
设备监测部,VA-25,VA-25-005,2023-01-03 11:00:00,86.81529668711227,2.6346611571282077,96.0182864655917,65.2478967068153,977.8320745359357,轴承故障
设备监测部,VA-25,VA-25-005,2023-01-03 12:00:00,88.03197629838847,3.0891561349573626,38.674486090566624,68.79580888169663,1769.155105745776,轴承故障
设备监测部,VA-25,VA-25-005,2023-01-03 13:00:00,63.411059157159,3.174713278551474,87.85627229372207,67.1303946353674,1108.7710826346718,轴承故障
设备监测部,VA-25,VA-25-005,2023-01-03 14:00:00,50.19996433805261,1.450082493803169,135.33565864240146,57.98066836506567,1249.9388712742166,正常
设备监测部,VA-25,VA-25-005,2023-01-03 15:00:00,11.311762589617565,0.1741886955804347,258.3196891349678,27.615301542703296,986.3577973015192,正常
设备监测部,VA-25,VA-25-005,2023-01-03 16:00:00,13.622475946097728,1.1922519094762694,80.82653276800579,40.26632874931532,1789.384845985899,正常
设备监测部,VA-25,VA-25-005,2023-01-03 17:00:00,33.28314993285005,0.8607436687014501,254.65914809364415,48.896001499533625,964.8049867645188,正常
设备监测部,VA-25,VA-25-005,2023-01-03 18:00:00,31.635385208426666,0.18607718849645752,346.6482089447942,36.39202970038709,1275.4128247160577,正常
设备监测部,VA-25,VA-25-005,2023-01-03 19:00:00,14.04945387146201,1.7316824807917235,328.8353328146523,49.54538235577826,1330.166814564436,正常
设备监测部,VA-25,VA-25-005,2023-01-03 20:00:00,30.958822408943153,0.3286869581409689,283.57089152985054,52.603580555585665,1201.1282538643593,正常
设备监测部,VA-25,VA-25-005,2023-01-03 21:00:00,23.697722847626586,1.895021027569748,46.3386949826788,38.99641780307022,1677.4606272481353,正常
设备监测部,VA-25,VA-25-005,2023-01-03 22:00:00,69.93973950453979,3.4453442029888794,284.7246864174918,67.29054850906381,1093.6070647915915,轴承故障
设备监测部,VA-25,VA-25-005,2023-01-03 23:00:00,71.85015228549639,2.723214698187781,302.4885446183278,65.3826697914674,1403.6210013642378,轴承故障
设备监测部,VA-25,VA-25-005,2023-01-04 00:00:00,69.38149436258614,2.860457142955775,117.92233463386079,63.47483884993478,1527.7332000631718,轴承故障
设备监测部,VA-25,VA-25-005,2023-01-04 01:00:00,85.40304816909,2.498465671014624,337.36439339834135,65.34827173521656,1160.6435956504565,轴承故障
设备监测部,VA-25,VA-25-005,2023-01-04 02:00:00,85.45294797866661,2.596142245823697,50.87332993176728,63.67378148442268,881.1150727881742,轴承故障
设备监测部,VA-25,VA-25-005,2023-01-04 03:00:00,62.49364350593645,3.454587668083101,198.75845117361493,68.5134008489691,1529.1315556307607,轴承故障
设备监测部,VA-25,VA-25-005,2023-01-04 04:00:00,67.36048891614229,3.0523072046787836,231.81063324528554,66.74837008804866,1321.3748137807436,轴承故障
设备监测部,VA-25,VA-25-005,2023-01-04 05:00:00,36.5233455610152,1.5626897539555722,152.2397565425298,45.775599758760976,1393.089082611443,正常
设备监测部,VA-25,VA-25-005,2023-01-04 06:00:00,89.67340091312747,0.35422582833616517,142.66018996254138,40.31965993396255,1184.6429615834427,不对中
设备监测部,VA-25,VA-25-005,2023-01-04 07:00:00,72.22295757655417,0.6203460466311833,108.42910721125598,40.4872445241368,1584.498881258438,不对中
设备监测部,VA-25,VA-25-005,2023-01-04 08:00:00,85.82219390302939,1.4210750001429098,103.67527891661929,39.45851818058027,1264.9864052044475,不对中
设备监测部,VA-25,VA-25-005,2023-01-04 09:00:00,89.29783096036684,1.375287156880476,147.96645985467228,32.23236290117135,1769.8920030528154,不对中
设备监测部,VA-25,VA-25-005,2023-01-04 10:00:00,95.57380741643577,1.945426997187398,137.5592339068984,51.17092897082251,1083.2961525585742,不对中
设备监测部,VA-25,VA-25-005,2023-01-04 11:00:00,89.00165133409266,1.2235511586919479,132.323315497777,35.960092945735894,1146.8086675936481,不对中
设备监测部,VA-25,VA-25-005,2023-01-04 12:00:00,43.83796336305367,1.8288999972619997,270.44170262546874,20.678694070483775,987.6717914125944,正常
设备监测部,VA-25,VA-25-005,2023-01-04 13:00:00,34.16993009353423,1.1054372183755148,354.9590953390683,25.17457120855495,1406.3509141561703,正常
设备监测部,VA-25,VA-25-005,2023-01-04 14:00:00,10.154459584541186,0.8839823685372119,207.0264179166098,29.22438913264362,1256.5088939461045,正常
设备监测部,VA-25,VA-25-005,2023-01-04 15:00:00,18.26218225054089,1.333962075594531,340.5933410463624,49.78355606834188,1674.0134115044827,正常
设备监测部,VA-25,VA-25-005,2023-01-04 16:00:00,46.9567240379718,1.822663278814025,241.99047662185905,46.86151787827577,1504.207622963163,正常
设备监测部,VA-25,VA-25-005,2023-01-04 17:00:00,17.836402170736644,1.6947477565116933,318.7874806511205,58.49583322124642,777.8978965124278,正常
设备监测部,VA-25,VA-25-005,2023-01-04 18:00:00,46.00758914916514,0.9667702538032782,22.859543031994736,56.179813641811194,905.3152405847189,正常
设备监测部,VA-25,VA-25-005,2023-01-04 19:00:00,28.0973426429261,1.225979162749268,339.44947034185077,38.32921747259326,1767.6145264441761,正常
设备监测部,VA-25,VA-25-005,2023-01-04 20:00:00,41.658650579238085,0.662735856217621,209.17248420303636,53.47693992943155,1419.15280815656,正常
设备监测部,VA-25,VA-25-005,2023-01-04 21:00:00,28.97479782762411,0.15864463950679886,371.4402919312813,20.596212863842634,1732.4873849784933,正常
设备监测部,VA-25,VA-25-005,2023-01-04 22:00:00,36.95439255180712,0.3491517542757035,11.450894999964643,28.66271850098101,1816.8952931876684,正常
设备监测部,VA-25,VA-25-005,2023-01-04 23:00:00,12.105782293607131,0.35542540246987214,236.72985967886828,44.329752260284444,870.8095146424849,正常
设备监测部,VA-25,VA-25-005,2023-01-05 00:00:00,23.562685511378138,1.9310976144033463,279.9231533989778,24.6684743588196,1521.9559211666856,正常
设备监测部,VA-25,VA-25-005,2023-01-05 01:00:00,45.85189223920282,0.8871791780912109,199.6289699362714,33.85433430806744,897.5909079590647,正常
设备监测部,VA-25,VA-25-005,2023-01-05 02:00:00,28.26266642462062,1.1876796109443877,102.18021438679634,58.76829757836625,1593.3643415639717,正常
设备监测部,VA-25,VA-25-005,2023-01-05 03:00:00,36.742677833299815,1.4708378189265423,249.56625275025695,47.206569396450355,1492.6839329909233,正常
设备监测部,VA-25,VA-25-005,2023-01-05 04:00:00,21.685152986810337,1.8225551594351312,248.82853576291922,57.76975340784171,1718.977788159731,正常
设备监测部,VA-25,VA-25-005,2023-01-05 05:00:00,20.20372698509799,1.0500343603845588,329.947579234605,42.71213669866959,821.939358042287,正常
设备监测部,VA-25,VA-25-005,2023-01-05 06:00:00,15.120460744448987,1.8277647842818072,3.9032256186656547,43.41841600298041,923.3605663924246,正常
设备监测部,VA-25,VA-25-005,2023-01-05 07:00:00,108.9394295811384,4.491784184405453,134.9680535503156,51.48538274613146,1326.8025006157404,共振
设备监测部,VA-25,VA-25-005,2023-01-05 08:00:00,113.05935332671922,4.723160712163738,141.232513605188,52.18233924931362,1313.2086617260165,共振
设备监测部,VA-25,VA-25-005,2023-01-05 09:00:00,116.53921108229106,4.904554214951896,118.55045039635338,52.559926094892155,1458.936281150572,共振
设备监测部,VA-25,VA-25-005,2023-01-05 10:00:00,104.19761668166481,3.889607643838196,50.452113722717485,41.10653082151247,1150.1550338718687,共振
设备监测部,VA-25,VA-25-005,2023-01-05 11:00:00,118.38786199302785,4.435719852018087,12.52674716919822,47.5583858623417,1032.8222136821369,共振
设备监测部,VA-25,VA-25-005,2023-01-05 12:00:00,9.422509030028394,0.5220574730625761,217.60246336667862,35.81064501869253,1522.4050073486555,正常
设备监测部,VA-25,VA-25-005,2023-01-05 13:00:00,15.197976112747487,1.8211670710968988,228.3189735095059,33.28818280786462,1613.469405169624,正常
设备监测部,VA-25,VA-25-005,2023-01-05 14:00:00,45.693816773835785,1.9399985557170216,222.12997423831428,45.04519214498341,1721.9759123169142,正常
设备监测部,VA-25,VA-25-005,2023-01-05 15:00:00,42.740963054790654,1.344935758715774,176.46697395648485,23.804623750492482,1397.035929557522,正常
设备监测部,VA-25,VA-25-005,2023-01-05 16:00:00,11.679561400356647,0.5611797662532337,85.14873590721814,19.389181062584036,1044.453395391189,正常
设备监测部,VA-25,VA-25-005,2023-01-05 17:00:00,34.590381459342964,0.3459525211402257,206.05541587554202,34.06235418172166,1218.2349847470664,正常
设备监测部,VA-25,VA-25-005,2023-01-05 18:00:00,10.100035272926174,1.5135424299110614,184.74986509988932,50.282244156289245,1530.6336966954525,正常
设备监测部,VA-25,VA-25-005,2023-01-05 19:00:00,25.683188301721675,1.5433367498875015,37.100058879773655,26.430237909135098,1386.560257967402,正常
设备监测部,VA-25,VA-25-005,2023-01-05 20:00:00,37.64634834435551,0.9705760030071537,160.15193469212278,57.93571614890874,1391.7522491562104,正常
设备监测部,VA-25,VA-25-005,2023-01-05 21:00:00,13.275672161881982,0.4011035662603683,211.30313425895756,33.3412170190885,1456.6537003955484,正常
设备监测部,VA-25,VA-25-005,2023-01-05 22:00:00,41.89992418043907,1.941482505485187,20.189316559570077,37.944677744625686,1763.113830999024,正常
设备监测部,VA-25,VA-25-005,2023-01-05 23:00:00,14.821873416186062,3.1259521235227625,183.35648195778245,50.255474912276235,1502.5240891615456,不平衡
设备监测部,VA-25,VA-25-005,2023-01-06 00:00:00,31.2895733812076,2.5244953860392862,198.22096390270895,36.65884004512148,1130.230836310337,不平衡
设备监测部,VA-25,VA-25-005,2023-01-06 01:00:00,9.205231597394583,2.4365730957725242,176.25127515663314,49.83457324951271,983.6988915703321,不平衡
设备监测部,VA-25,VA-25-005,2023-01-06 02:00:00,34.00661935274305,2.779457904445059,144.0646234824144,55.81526138695552,1680.7964759743684,不平衡
设备监测部,VA-25,VA-25-005,2023-01-06 03:00:00,20.749353875103715,2.899219014333107,197.90969221098277,29.24073414833517,1135.2534591394185,不平衡
设备监测部,VA-25,VA-25-005,2023-01-06 04:00:00,44.77830841465377,0.5855435374323333,56.7668220583887,33.8436621030461,1138.9277650768104,正常
设备监测部,VA-25,VA-25-005,2023-01-06 05:00:00,35.34101462807107,0.5439281283180118,239.59907806819973,48.02771155907467,778.0138842985323,正常
设备监测部,VA-25,VA-25-005,2023-01-06 06:00:00,27.813426408352424,1.1151222089723678,248.16587811584373,49.20805606967342,1632.1050013163017,正常
设备监测部,VA-25,VA-25-005,2023-01-06 07:00:00,24.51594287806726,0.34733336997012265,115.95815047071886,47.79142927722703,973.3869350483875,正常
设备监测部,VA-25,VA-25-005,2023-01-06 08:00:00,19.00347106843018,1.0230734910129928,29.64386756699404,23.473363362905907,943.359369663395,正常
设备监测部,VA-25,VA-25-005,2023-01-06 09:00:00,14.84018260110535,1.1525116642025302,70.33153884775895,55.848078810971,1177.6731682744346,正常
设备监测部,VA-25,VA-25-005,2023-01-06 10:00:00,10.87109294781778,0.2701670170824315,329.4292551666397,34.57249069349319,1031.6472437373966,正常
设备监测部,VA-25,VA-25-005,2023-01-06 11:00:00,37.8174333055871,1.814481102960115,262.16173793913424,50.20931728389242,1310.6317927625644,正常
设备监测部,VA-25,VA-25-005,2023-01-06 12:00:00,26.966687423730633,0.6596469380168928,271.3538709935755,42.657550706946836,1141.4149307580522,正常
设备监测部,VA-25,VA-25-005,2023-01-06 13:00:00,42.50165085230535,1.4359425269001855,216.44751775985495,31.965396770183567,1210.6591295487142,正常
设备监测部,VA-25,VA-25-005,2023-01-06 14:00:00,35.46898905719168,0.41913563307634927,69.10352886034033,45.103833137005175,1530.4049648020643,正常
设备监测部,VA-25,VA-25-005,2023-01-06 15:00:00,41.63193971055431,1.3909345610060355,192.50165344841346,27.55624766288254,960.6029165994449,正常
设备监测部,VA-25,VA-25-005,2023-01-06 16:00:00,40.20197183102877,0.12394802496974024,104.87331588122389,31.302615614684367,1142.104506040731,正常
设备监测部,VA-25,VA-25-005,2023-01-06 17:00:00,24.675033065674217,1.3449378701596109,83.2768993909716,24.601906081755335,1308.2772835584487,正常
设备监测部,VA-25,VA-25-005,2023-01-06 18:00:00,11.905203219866692,1.190191888423884,351.92604499704515,44.22799691426669,1322.466741290962,正常
设备监测部,VA-25,VA-25-005,2023-01-06 19:00:00,38.03372894528498,0.5753345661235864,45.72214954223888,37.94372838727712,818.4050751216872,正常
设备监测部,VA-25,VA-25-005,2023-01-06 20:00:00,13.957232584759232,0.7564970400968191,154.01175264603643,30.549099446529304,1193.3241663484,正常
设备监测部,VA-25,VA-25-005,2023-01-06 21:00:00,25.515772345462906,1.304158815126183,61.23899851169941,54.13705107953765,1388.3275371902291,正常
设备监测部,VA-25,VA-25-005,2023-01-06 22:00:00,119.82298683693156,4.642755986079973,241.25641930214897,38.302481699425485,1798.6933398736417,共振
设备监测部,VA-25,VA-25-005,2023-01-06 23:00:00,89.32825570066224,3.648541177143092,277.1403200462364,61.33846603902925,1588.3004091140199,共振
设备监测部,VA-25,VA-25-005,2023-01-07 00:00:00,110.43794885721002,4.655937056487012,54.537281588813244,59.273929726367335,1387.938933629057,共振
设备监测部,VA-25,VA-25-005,2023-01-07 01:00:00,98.3276781818041,4.081077901364251,261.0363536749187,22.170106882206372,1723.7597956656189,共振
设备监测部,VA-25,VA-25-005,2023-01-07 02:00:00,88.52503482546845,4.199180081871281,284.15145476267753,29.851499422202178,1759.1889738338841,共振
设备监测部,VA-25,VA-25-005,2023-01-07 03:00:00,89.91685592998745,4.742304998904258,118.94925283577967,45.672049872366706,1639.4009869425872,共振
设备监测部,VA-25,VA-25-005,2023-01-07 04:00:00,93.19923253931576,3.00804064334704,275.0979711644156,39.39684137710819,888.229095266517,共振
设备监测部,VA-25,VA-25-005,2023-01-07 05:00:00,49.977423158618414,1.7748943617475692,53.34546424575113,44.19125755629755,1364.3404641688119,正常
设备监测部,VA-25,VA-25-005,2023-01-07 06:00:00,19.059226075650763,1.1109712158011043,247.72641095879368,37.58331283012498,1730.6325358054924,正常
设备监测部,VA-25,VA-25-005,2023-01-07 07:00:00,15.98666309198335,0.28916009229012707,264.8688847683972,49.798825165843624,1768.2312954965705,正常
设备监测部,VA-25,VA-25-005,2023-01-07 08:00:00,31.454390875703346,1.22216998901934,347.68317056807894,51.666409607229326,1497.1242715564294,正常
设备监测部,VA-25,VA-25-005,2023-01-07 09:00:00,40.248487861539374,1.9617640142580186,232.66248839698187,53.697152369963085,1280.2842509684385,正常
设备监测部,VA-25,VA-25-005,2023-01-07 10:00:00,15.65150926081735,0.6472999955661215,116.77265449451431,30.517609726007265,1235.075239110522,正常
设备监测部,VA-25,VA-25-005,2023-01-07 11:00:00,20.70779864063026,0.4553998966552229,74.94769449271534,55.788927492425316,1811.1091059057183,正常
设备监测部,VA-25,VA-25-005,2023-01-07 12:00:00,11.989774729887591,1.3145990119530975,316.28071206478563,34.24176425234763,958.692805519936,正常
设备监测部,VA-25,VA-25-005,2023-01-07 13:00:00,30.122336723950816,1.5018153927547797,123.41317022172262,50.69420035778961,1739.7905972925628,正常
设备监测部,VA-25,VA-25-005,2023-01-07 14:00:00,44.242681098365445,1.6852772809433259,298.79690674666847,35.25470747471551,928.2672585524833,正常
设备监测部,VA-25,VA-25-005,2023-01-07 15:00:00,48.331838254553,0.2946507053482539,290.3402164656569,60.89860353113003,1689.6446555467803,正常
设备监测部,VA-25,VA-25-005,2023-01-07 16:00:00,21.165860073932446,0.31473574523704684,22.48421334095537,28.838131611252305,1325.6160868242785,正常
设备监测部,VA-25,VA-25-005,2023-01-07 17:00:00,17.72539820636329,1.7398148072775685,302.32658426340544,48.09807005041785,1710.0678325154959,正常
设备监测部,VA-25,VA-25-005,2023-01-07 18:00:00,33.20071469544378,0.4792670843664894,26.074118973995873,20.644639525911362,1499.7786709294887,正常
设备监测部,VA-25,VA-25-005,2023-01-07 19:00:00,24.674636097361077,2.7210695336259287,194.01961625735296,21.83321108050943,1465.5753168023837,不平衡
设备监测部,VA-25,VA-25-005,2023-01-07 20:00:00,13.615402579902343,2.759321430082944,151.41234422166508,49.42334630805637,1399.3897276430716,不平衡
设备监测部,VA-25,VA-25-005,2023-01-07 21:00:00,21.705258506269956,3.2990642848964566,226.79082184544006,51.23608216344737,1168.250344259297,不平衡
设备监测部,VA-25,VA-25-005,2023-01-07 22:00:00,51.26491442347219,2.823016868643654,132.23653899859707,46.598910828375104,1705.7447244192595,不平衡
设备监测部,VA-25,VA-25-005,2023-01-07 23:00:00,35.43521915696091,2.6424538589692332,188.15246697792983,35.78166584673378,1399.746170238791,不平衡
设备监测部,VA-25,VA-25-005,2023-01-08 00:00:00,32.44476130586292,1.1589172654089566,297.74078000446775,32.1242536159966,1716.7777839601952,正常
设备监测部,VA-25,VA-25-005,2023-01-08 01:00:00,21.30936348253219,0.7604768571293653,142.06745045329586,23.039275886600894,1255.7370408070412,正常
设备监测部,VA-25,VA-25-005,2023-01-08 02:00:00,97.95450102023875,1.6188831254568845,117.31541830096663,33.08222348245082,1175.6441427184154,不对中
设备监测部,VA-25,VA-25-005,2023-01-08 03:00:00,62.90680116243822,1.4522566153195675,133.68918047756483,33.50665153485193,1241.7759855127424,不对中
设备监测部,VA-25,VA-25-005,2023-01-08 04:00:00,84.33030231049074,1.975569459066773,102.24239983241019,38.93256547796487,1794.273078605212,不对中
设备监测部,VA-25,VA-25-005,2023-01-08 05:00:00,63.872502126512735,1.4850983242544356,144.7322358136632,34.70298952354752,1494.9104913797298,不对中
设备监测部,VA-25,VA-25-005,2023-01-08 06:00:00,75.60512042994712,0.15154368890323325,140.19262418168998,26.294050174244123,1525.925183354221,不对中
设备监测部,VA-25,VA-25-005,2023-01-08 07:00:00,10.74489590723881,0.6919060305689916,21.770534161819587,19.595008363017143,972.5526860025211,正常
设备监测部,VA-25,VA-25-005,2023-01-08 08:00:00,46.390800957288,1.8339764774858447,114.40280565386932,32.7843740450334,1334.1134187682692,正常
设备监测部,VA-25,VA-25-005,2023-01-08 09:00:00,13.33011710443208,1.9105300167513208,317.9322187794006,37.754828024442396,1580.033396937543,正常
设备监测部,VA-25,VA-25-005,2023-01-08 10:00:00,81.20714575332696,3.0550946319900483,197.80315929322705,65.71793264805017,896.9688889215612,轴承故障
设备监测部,VA-25,VA-25-005,2023-01-08 11:00:00,80.88422462415465,3.300174183145298,245.5310051882803,63.530445638700634,1753.6947856524423,轴承故障
设备监测部,VA-25,VA-25-005,2023-01-08 12:00:00,79.78208751081513,3.47093493529717,106.88999816691563,68.42247268872258,1695.232556522262,轴承故障
设备监测部,VA-25,VA-25-005,2023-01-08 13:00:00,67.1390926419207,3.061033404451489,347.3639325257242,64.3482754134114,771.841430361809,轴承故障
设备监测部,VA-25,VA-25-005,2023-01-08 14:00:00,72.274541710788,3.533522969866369,340.7078679008561,64.25146103725547,1260.6897746558352,轴承故障
设备监测部,VA-25,VA-25-005,2023-01-08 15:00:00,83.01539143232176,3.318984447923377,245.59697690108572,64.0563089935344,952.9695420115713,轴承故障
设备监测部,VA-25,VA-25-005,2023-01-08 16:00:00,79.38569586725802,3.1262768441572604,241.5513509938974,67.42545162095742,1821.2621409392007,轴承故障
设备监测部,VA-25,VA-25-005,2023-01-08 17:00:00,85.79453424217277,2.4089389180295773,119.44474409744818,66.8001917254663,836.9327880914251,轴承故障
设备监测部,VA-25,VA-25-005,2023-01-08 18:00:00,48.53035838429841,0.7346242142797705,62.932676136093875,27.960129123013676,881.8134267853179,正常
设备监测部,VA-25,VA-25-005,2023-01-08 19:00:00,40.82356631613016,1.9603135600896509,96.70132041100183,35.75133404105637,1047.5826862949039,正常
设备监测部,VA-25,VA-25-005,2023-01-08 20:00:00,31.180657007249305,0.8142131631018759,54.420008138333976,24.495495240390166,1588.3553384206562,正常
设备监测部,VA-25,VA-25-005,2023-01-08 21:00:00,47.1086193813501,0.6956123561125428,167.62515690633725,37.81265817165327,1177.5852638685606,正常
设备监测部,VA-25,VA-25-005,2023-01-08 22:00:00,19.46810632092776,1.7148055890115839,278.3671043078912,24.719954127426174,1136.4944080930206,正常
设备监测部,VA-25,VA-25-005,2023-01-08 23:00:00,49.86501246243595,0.7587932956101203,128.86658266385626,45.33528279734178,1203.2414750512285,正常
设备监测部,VA-25,VA-25-005,2023-01-09 00:00:00,19.78995172635288,2.4739275685239157,135.56434864253288,55.11560853727588,1137.5896746127983,不平衡
设备监测部,VA-25,VA-25-005,2023-01-09 01:00:00,13.278677300856389,3.240208103181736,205.58612084037435,38.93523295961261,1367.732201164044,不平衡
设备监测部,VA-25,VA-25-005,2023-01-09 02:00:00,18.866539209446128,3.4060037233429172,208.28488480249842,39.82719414214797,1164.9437775138454,不平衡
设备监测部,VA-25,VA-25-005,2023-01-09 03:00:00,38.401525540607075,2.8586126764289332,216.553228084048,27.039635809977867,1043.9551220932835,不平衡
设备监测部,VA-25,VA-25-005,2023-01-09 04:00:00,34.82867207029104,2.830761765757425,132.5229619821261,34.29640351870242,1402.0166026908203,不平衡
设备监测部,VA-25,VA-25-005,2023-01-09 05:00:00,36.0709879104498,3.433208669306462,138.1795212601009,42.49214666431709,1469.8803423948893,不平衡
设备监测部,VA-25,VA-25-005,2023-01-09 06:00:00,16.79717370649475,3.20377395054264,179.95017421410387,27.98441790293503,1367.2702342929392,不平衡
设备监测部,VA-25,VA-25-005,2023-01-09 07:00:00,61.495418102483384,1.2750706330856343,138.1437950666693,25.987080302534864,1676.6007172642883,不对中
设备监测部,VA-25,VA-25-005,2023-01-09 08:00:00,73.0762140235077,0.6874434515930434,102.07109767405834,20.096559452252546,1104.5303122778168,不对中
设备监测部,VA-25,VA-25-005,2023-01-09 09:00:00,66.90565673334459,1.1836891695704987,129.6303100831844,28.48735099212473,947.0091286280087,不对中
设备监测部,VA-25,VA-25-005,2023-01-09 10:00:00,12.726238734519312,1.5639587173905918,287.08901425800667,22.491849737266104,1392.221974778874,正常
设备监测部,VA-25,VA-25-005,2023-01-09 11:00:00,39.16788408767464,0.6371111113982096,262.535711659493,57.64263747652686,1087.9260636299584,正常
设备监测部,VA-25,VA-25-005,2023-01-09 12:00:00,18.383841836523157,1.3984555926915896,29.880555083543058,24.82873092578506,1628.00970500991,正常
设备监测部,VA-25,VA-25-005,2023-01-09 13:00:00,23.03783706630568,1.3470965265767028,285.7525697116718,48.07841675222132,1093.5928524284725,正常
设备监测部,VA-25,VA-25-005,2023-01-09 14:00:00,48.88694495612006,0.7074651965867664,186.5261359911505,25.708647581658024,1445.3038019381374,正常
设备监测部,VA-25,VA-25-005,2023-01-09 15:00:00,45.53473465390539,0.9773242538824067,86.22246725825298,37.97203245965465,1413.4378475394503,正常
设备监测部,VA-25,VA-25-005,2023-01-09 16:00:00,88.02034285228962,4.874899525356904,112.76861362900186,47.5215357134509,1090.2072250517133,共振
设备监测部,VA-25,VA-25-005,2023-01-09 17:00:00,90.98946038620305,3.0742538917787763,336.0926710330985,35.333641515053024,1669.7652610677608,共振
设备监测部,VA-25,VA-25-005,2023-01-09 18:00:00,102.54906553133435,3.7072249837502635,85.72724051667151,41.11228369999858,1341.7682936108142,共振
设备监测部,VA-25,VA-25-005,2023-01-09 19:00:00,100.04985505725507,3.6935084919413397,112.06160576635745,44.01836604848498,1715.9591412813518,共振
设备监测部,VA-25,VA-25-005,2023-01-09 20:00:00,82.03543709676617,3.1532878801381443,180.11389889473503,48.50838703183068,1362.1860410978622,共振
设备监测部,VA-25,VA-25-005,2023-01-09 21:00:00,116.85380078511812,3.839822437992015,370.69538637249843,42.3574190178147,1757.9045565099027,共振
设备监测部,VA-25,VA-25-005,2023-01-09 22:00:00,92.94013737688394,3.27922280528891,300.7934269080221,43.46931557939495,1588.2917180662296,共振
设备监测部,VA-25,VA-25-005,2023-01-09 23:00:00,41.295242874217614,1.7817438265194658,308.5121452032331,35.94317423055,1174.6055070293949,正常
设备监测部,VA-25,VA-25-005,2023-01-10 00:00:00,34.76474192914666,0.9131422076752826,147.5016459353539,25.128289304235217,1595.931788667098,正常
设备监测部,VA-25,VA-25-005,2023-01-10 01:00:00,21.79152411302416,1.4635763922554237,30.570349084173195,52.69853127676657,1425.202358167108,正常
设备监测部,VA-25,VA-25-005,2023-01-10 02:00:00,34.03856739566431,1.037057553971659,100.22827790189027,51.650220548647034,1538.9345288271618,正常
设备监测部,VA-25,VA-25-005,2023-01-10 03:00:00,39.56628682295551,0.1503226090603856,42.63785580716741,21.977385714969696,1545.7720511706834,正常
设备监测部,VA-25,VA-25-005,2023-01-10 04:00:00,12.380550709282787,0.9450873467879062,86.64672857446593,35.35891358026474,1648.7245382426713,正常
设备监测部,VA-25,VA-25-005,2023-01-10 05:00:00,78.67804180568426,2.9310856210054497,259.55460608840525,67.90246600539764,1106.0746830643523,轴承故障
设备监测部,VA-25,VA-25-005,2023-01-10 06:00:00,69.00448169365647,2.511197041697626,153.93866995535726,68.15069632552832,1549.7165490992622,轴承故障
设备监测部,VA-25,VA-25-005,2023-01-10 07:00:00,67.64346753713711,2.5437879622729644,334.1895027577386,68.8174046288864,1534.6575560219437,轴承故障
设备监测部,VA-25,VA-25-005,2023-01-10 08:00:00,75.59070126311636,3.396472916589213,274.8572657398502,63.073164056538886,1497.6552989117038,轴承故障
设备监测部,VA-25,VA-25-005,2023-01-10 09:00:00,60.48425843835021,2.769908856576197,328.49299707709986,65.99681107754552,1509.8827441428357,轴承故障
设备监测部,VA-25,VA-25-005,2023-01-10 10:00:00,73.35657696827278,2.768688999924756,272.2591199319416,65.0209517482106,1077.5445224044804,轴承故障
设备监测部,VA-25,VA-25-005,2023-01-10 11:00:00,33.23498297611086,1.3471787326419713,5.730569532035049,35.50275614638339,1114.5237469130104,正常
设备监测部,VA-25,VA-25-005,2023-01-10 12:00:00,19.906800762891578,1.8290140830365085,315.59275382105074,32.407157900288354,936.3663437736633,正常
设备监测部,VA-25,VA-25-005,2023-01-10 13:00:00,19.723859501492605,0.6263992068532409,155.22967614141623,38.83739792088167,886.6187362014813,正常
设备监测部,VA-25,VA-25-005,2023-01-10 14:00:00,46.922192193411,0.25856265724845284,161.2683982157875,28.27057351122044,1194.9927128624959,正常
设备监测部,VA-25,VA-25-005,2023-01-10 15:00:00,17.485279885951606,1.4548253409975191,209.22722147737977,57.52786548142681,1491.3167098634026,正常
设备监测部,VA-25,VA-25-005,2023-01-10 16:00:00,46.706198634040625,0.394825565287574,244.5165023541285,19.064839516861003,918.6515711105284,正常
设备监测部,VA-25,VA-25-005,2023-01-10 17:00:00,45.915643485699384,0.7025505246796326,238.15009109616474,37.19530844186992,1734.9993193533755,正常
设备监测部,VA-25,VA-25-005,2023-01-10 18:00:00,13.29034541941604,0.7555678831549937,290.86316887475965,32.1431867692036,893.7483240735228,正常
设备监测部,VA-25,VA-25-005,2023-01-10 19:00:00,34.08021156609998,0.13666153860226657,295.37370219743957,38.166731731395146,1788.2179610767892,正常
设备监测部,VA-25,VA-25-005,2023-01-10 20:00:00,35.951864896022805,1.1177498411781928,0.0,48.707688636142386,853.0281004765072,正常
设备监测部,VA-25,VA-25-005,2023-01-10 21:00:00,82.27561689561867,0.4976986844161815,103.6666620588129,57.993429025425954,1826.8243190726214,不对中
设备监测部,VA-25,VA-25-005,2023-01-10 22:00:00,79.03711699698374,1.7453243673380936,112.59861870496981,49.12480046808063,1710.883887811664,不对中
设备监测部,VA-25,VA-25-005,2023-01-10 23:00:00,87.08252802906753,1.7040084681941297,104.95005426795952,26.168049152222764,1772.2913095414317,不对中
设备监测部,VA-25,VA-25-005,2023-01-11 00:00:00,61.343829302337916,1.3048486382999505,113.43704675652509,54.049859513631,1587.4935490295925,不对中
设备监测部,VA-25,VA-25-005,2023-01-11 01:00:00,63.16119651469415,0.15423715040945146,101.59894314659829,58.254603809733894,1506.9237493082207,不对中
设备监测部,VA-25,VA-25-005,2023-01-11 02:00:00,72.97599055850748,0.7449764533455439,115.78269288656713,51.57761707577083,1675.5356298021043,不对中
设备监测部,VA-25,VA-25-005,2023-01-11 03:00:00,96.76512724318164,1.0666991081814177,134.1528692318751,43.8941377352227,1737.017075839813,不对中
设备监测部,VA-25,VA-25-005,2023-01-11 04:00:00,95.42633999887917,0.22621333412776895,147.7388788980764,36.62072564108268,1279.4882467184793,不对中
设备监测部,VA-25,VA-25-005,2023-01-11 05:00:00,40.26700425030847,1.570874448831467,249.17159065312237,27.697447691749264,1764.8686168263298,正常
设备监测部,VA-25,VA-25-005,2023-01-11 06:00:00,39.63792612779297,0.8534032183231762,324.56387579284774,35.47618086539334,1635.5368392017685,正常
设备监测部,VA-25,VA-25-005,2023-01-11 07:00:00,41.11068425543821,1.4118690078321128,339.0399719805967,32.156075825637345,1366.7150176261678,正常
设备监测部,VA-25,VA-25-005,2023-01-11 08:00:00,32.39102100808472,0.3852431572581496,124.00858529531429,26.774238977242366,1711.118209745871,正常
设备监测部,VA-25,VA-25-005,2023-01-11 09:00:00,30.65482501697915,1.47825002914772,61.536715073709225,42.30883913837804,1085.0041247616648,正常
设备监测部,VA-25,VA-25-005,2023-01-11 10:00:00,46.71577160406951,1.3726805083330265,48.55275287997018,48.93918251866362,1347.3702660359572,正常
设备监测部,VA-25,VA-25-005,2023-01-11 11:00:00,38.88122256960663,0.18406013545410937,58.5787692727662,47.56971280479362,1235.4396325813132,正常
设备监测部,VA-25,VA-25-005,2023-01-11 12:00:00,34.67865864270865,1.7378298628710622,247.18172961317845,24.205464761758844,1034.0590983079853,正常
设备监测部,VA-25,VA-25-005,2023-01-11 13:00:00,32.662510994237174,1.1796765194472068,131.2372021207699,53.542748317979985,978.3458714014691,正常
设备监测部,VA-25,VA-25-005,2023-01-11 14:00:00,36.76181191350732,0.2354182179201294,272.9668126331565,23.67284818251088,1282.929938824789,正常
设备监测部,VA-25,VA-25-005,2023-01-11 15:00:00,75.48983908587012,2.749646574394678,208.79953347078148,67.77760202852551,1146.4092686432223,轴承故障
设备监测部,VA-25,VA-25-005,2023-01-11 16:00:00,85.72259996790832,2.885616947102689,200.3799481733465,64.49360019771106,817.5553148848613,轴承故障
设备监测部,VA-25,VA-25-005,2023-01-11 17:00:00,61.91291578578117,2.576697144753118,134.17419804920357,65.13978568744395,1418.5307262756187,轴承故障
设备监测部,VA-25,VA-25-005,2023-01-11 18:00:00,75.57953925624484,3.1961687844328734,310.0868899710193,65.6174835990388,1056.5874846867746,轴承故障
设备监测部,VA-25,VA-25-005,2023-01-11 19:00:00,36.06580446794604,0.1584535609429215,172.21688528213954,38.55397065880486,806.7586323340557,正常
设备监测部,VA-25,VA-25-005,2023-01-11 20:00:00,15.895392832782713,1.2136047355789685,138.53158184820484,53.30535059335091,922.0328097314277,正常
设备监测部,VA-25,VA-25-005,2023-01-11 21:00:00,40.778194571285354,0.1938773460357724,8.891161558895048,22.086886770153022,1669.5433594147032,正常
设备监测部,VA-25,VA-25-005,2023-01-11 22:00:00,37.34244514247514,0.5279970884474843,83.08198679906779,27.788794876777576,1113.8561272894337,正常
设备监测部,VA-25,VA-25-005,2023-01-11 23:00:00,72.93139253093045,2.4103627683224,302.7253342599558,65.96043750234256,1538.6087441358752,轴承故障
设备监测部,VA-25,VA-25-005,2023-01-12 00:00:00,62.42154595572453,2.5312183341271597,154.20053850987088,64.31043946255966,1672.2296742850617,轴承故障
设备监测部,VA-25,VA-25-005,2023-01-12 01:00:00,81.4183997759411,2.553855799888311,238.7101233951813,67.11989050669736,1315.9063414191753,轴承故障
设备监测部,VA-25,VA-25-005,2023-01-12 02:00:00,66.95455774029641,3.1410743025622674,226.56576946112006,67.202857639891,1746.421888341022,轴承故障
设备监测部,VA-25,VA-25-005,2023-01-12 03:00:00,72.74790410808613,3.3672529220612804,111.72028501124092,64.82987592054353,1073.2296669545474,轴承故障
设备监测部,VA-25,VA-25-005,2023-01-12 04:00:00,77.31835323106631,3.0858338756146417,170.49555625125686,63.458926605196694,918.9761570050704,轴承故障
设备监测部,VA-25,VA-25-005,2023-01-12 05:00:00,79.86068214323123,3.525829527098158,28.181330306272375,68.94889972860865,1165.0380093322897,轴承故障
设备监测部,VA-25,VA-25-005,2023-01-12 06:00:00,74.20006865081469,2.86723003456599,260.2372361133549,67.55707280904927,1387.5371939135896,轴承故障
设备监测部,VA-25,VA-25-005,2023-01-12 07:00:00,36.71760372133117,1.6931181914535987,329.9516372783899,32.50234231465685,1153.7463155410978,正常
设备监测部,VA-25,VA-25-005,2023-01-12 08:00:00,27.438338461429257,0.7199365221787757,60.165849146532366,38.371609405964094,939.8523747492571,正常
设备监测部,VA-25,VA-25-005,2023-01-12 09:00:00,46.62844249457543,0.03068019653193242,317.3550778907839,49.25138096405712,1636.1092359104762,正常
设备监测部,VA-25,VA-25-005,2023-01-12 10:00:00,82.81261023762488,2.442256889663302,313.1168647123025,66.81651260881803,1351.1239848945347,轴承故障
设备监测部,VA-25,VA-25-005,2023-01-12 11:00:00,64.93014937138653,3.14299135010592,91.46813678830614,68.14541597952422,1429.0876545957565,轴承故障
设备监测部,VA-25,VA-25-005,2023-01-12 12:00:00,84.85378636807997,2.684079178830065,144.92324715373752,66.51177437246344,1111.1758291343776,轴承故障
设备监测部,VA-25,VA-25-005,2023-01-12 13:00:00,88.50500789026272,3.0601890892425,195.58883676627119,63.2665760383928,1641.6995063799725,轴承故障
设备监测部,VA-25,VA-25-005,2023-01-12 14:00:00,69.96208466607847,3.529629901583955,104.66572238121192,66.54707072228199,1034.3952955792954,轴承故障
设备监测部,VA-25,VA-25-005,2023-01-12 15:00:00,73.1261352858225,3.2167646562849987,246.80976210794452,64.57084420278437,1106.4195820234845,轴承故障
设备监测部,VA-25,VA-25-005,2023-01-12 16:00:00,20.19678516284672,1.0316602022160968,95.09119460586197,32.333913742010765,1151.2084756994045,正常
设备监测部,VA-25,VA-25-005,2023-01-12 17:00:00,12.691089544685214,1.4590810475530684,325.30443825702514,28.02815488981266,1726.609581964643,正常
设备监测部,VA-25,VA-25-005,2023-01-12 18:00:00,30.155682967513858,0.6242492135426115,167.86082944095682,43.548118563173624,804.9861571240775,正常
设备监测部,VA-25,VA-25-005,2023-01-12 19:00:00,12.135885987342313,1.1418714385472943,153.83096761591156,54.95747800192733,1500.670049154004,正常
设备监测部,VA-25,VA-25-005,2023-01-12 20:00:00,42.14825728921079,0.6371200739668292,170.9088216916313,57.015907613336,1037.8029427082038,正常
设备监测部,VA-25,VA-25-005,2023-01-12 21:00:00,13.399197545361348,0.7511309275764653,160.7995947647028,55.327933044731815,1476.5336406512736,正常
设备监测部,VA-25,VA-25-005,2023-01-12 22:00:00,25.465473901412775,1.5573863275565214,332.32906247496845,25.21153204320553,1451.137526391459,正常
设备监测部,VA-25,VA-25-005,2023-01-12 23:00:00,29.365930432771382,0.30988888792934416,342.30564439793847,47.03233561211329,1148.0061959610869,正常
设备监测部,VA-25,VA-25-005,2023-01-13 00:00:00,47.61042572077031,0.34453058451809726,187.9503119001104,28.69898139527738,1249.0958526382374,正常
设备监测部,VA-25,VA-25-005,2023-01-13 01:00:00,77.0906705972975,2.9440484419882225,240.1223851629393,67.75777254003332,1163.1768583649687,轴承故障
设备监测部,VA-25,VA-25-005,2023-01-13 02:00:00,88.01637097255637,3.3676495011210354,226.29470646537467,67.39053119940496,869.433462797994,轴承故障
设备监测部,VA-25,VA-25-005,2023-01-13 03:00:00,75.37431936888645,2.5588332073047146,42.7644715439628,63.77092334231004,1324.7740636893368,轴承故障
设备监测部,VA-25,VA-25-005,2023-01-13 04:00:00,61.188159366269076,2.4076364052707913,10.815301399791545,65.3690885924081,915.5126459868701,轴承故障
设备监测部,VA-25,VA-25-005,2023-01-13 05:00:00,72.23667085731009,2.7235596240417324,199.99390757336735,63.757183753841524,932.3215315744318,轴承故障
设备监测部,VA-25,VA-25-005,2023-01-13 06:00:00,88.28535751555849,2.500975813513021,68.46784582569465,63.31015815213252,1530.0603607158641,轴承故障
设备监测部,VA-25,VA-25-005,2023-01-13 07:00:00,88.52684591585093,2.580781286151538,262.7586546148142,64.2196666835714,1136.6409952182787,轴承故障
设备监测部,VA-25,VA-25-005,2023-01-13 08:00:00,71.78347976061636,2.886416163915918,225.68916300335013,64.49413149476635,1711.620541527612,轴承故障
设备监测部,VA-25,VA-25-005,2023-01-13 09:00:00,23.042159707317023,0.2524124229421259,301.6431054376286,55.54069913658078,1475.355156661305,正常
设备监测部,VA-25,VA-25-005,2023-01-13 10:00:00,12.235725030823446,1.0841215389859873,234.8471813914503,51.64576752083638,1704.7451123031726,正常
设备监测部,VA-25,VA-25-005,2023-01-13 11:00:00,34.12682851533693,0.7526180325466594,127.16029054340851,28.208356119241706,1396.753194434234,正常
设备监测部,VA-25,VA-25-005,2023-01-13 12:00:00,44.01969357004646,1.8869017901485816,322.38706076132314,27.473869623058405,947.3837501807127,正常
设备监测部,VA-25,VA-25-005,2023-01-13 13:00:00,14.591209602123634,1.1698718493687648,223.5927550375536,34.73673222831659,1190.4536386488262,正常
设备监测部,VA-25,VA-25-005,2023-01-13 14:00:00,47.7530632629884,1.260852888845457,310.11719770192525,60.131562066598974,1698.440475714976,正常
设备监测部,VA-25,VA-25-005,2023-01-13 15:00:00,33.52920006214437,1.326625872928671,151.87940488309474,57.777526985102405,1629.4354988178661,正常
设备监测部,VA-25,VA-25-005,2023-01-13 16:00:00,33.998279393673755,0.9899919723713956,164.33959955924956,29.70986144865781,1503.9929887785302,正常
设备监测部,VA-25,VA-25-005,2023-01-13 17:00:00,110.12469815473716,3.5985787275127894,239.78737208935328,29.41914138927804,1187.3921247535334,共振
设备监测部,VA-25,VA-25-005,2023-01-13 18:00:00,106.44568277085891,4.884886214167372,91.98900889670787,48.11741447508964,829.0789848884335,共振
设备监测部,VA-25,VA-25-005,2023-01-13 19:00:00,87.36025200472663,3.267636158918936,247.1085266843678,47.86480485178158,1243.0900845973438,共振
设备监测部,VA-25,VA-25-005,2023-01-13 20:00:00,25.698418759607065,1.5766146827432566,107.64237859201549,51.12416185041859,1725.6035089227742,正常
设备监测部,VA-25,VA-25-005,2023-01-13 21:00:00,91.45051678194987,0.23915490491717914,111.30825946301559,51.09613423653538,1172.898464691108,不对中
设备监测部,VA-25,VA-25-005,2023-01-13 22:00:00,78.48897271278358,1.733113815225256,144.37693125803617,25.292832171438132,1416.176967218512,不对中
设备监测部,VA-25,VA-25-005,2023-01-13 23:00:00,69.30625071716881,1.7119528737331782,143.06100973501663,35.75688521627508,900.9764896457184,不对中
生产部B,VA-25,VA-25-002,2023-01-14 00:00:00,38.571989969859395,3.257338902092988,214.40464628460802,35.27816454606479,1363.9871697405947,不平衡
设备监测部,VA-25,VA-25-005,2023-01-14 00:00:00,86.6554527988545,1.3548990881244671,130.9894193015468,61.900854604050984,953.1478698424053,不对中
设备监测部,VA-25,VA-25-005,2023-01-14 01:00:00,30.462068298499666,0.5342058450065884,5.833713787446692,24.256651173082066,1217.011744520825,正常
生产部B,VA-25,VA-25-002,2023-01-14 01:00:00,19.974088097514123,3.185139839482275,155.44419831994477,47.7874906492799,1218.3068190649487,不平衡
生产部B,VA-25,VA-25-002,2023-01-14 02:00:00,20.242490344577654,2.6544419188470454,161.75735931044628,43.1827337602142,1621.0996191445688,不平衡
设备监测部,VA-25,VA-25-005,2023-01-14 02:00:00,18.844681706032876,1.8561365733433124,291.6281454069968,26.9018322161752,1333.4671884941317,正常
设备监测部,VA-25,VA-25-005,2023-01-14 03:00:00,49.21023771779627,1.014806639404227,22.53295953381274,23.491968075993697,1344.561314419412,正常
生产部B,VA-25,VA-25-002,2023-01-14 03:00:00,19.534849506723894,2.9887849136146216,131.37481846975504,34.69746489941901,1042.722384685278,不平衡
设备监测部,VA-25,VA-25-005,2023-01-14 04:00:00,41.68295827766385,1.65082206237243,108.16840391989832,24.571671983971118,883.4977962796465,正常
生产部B,VA-25,VA-25-002,2023-01-14 04:00:00,36.29173451504182,3.0527487622607703,165.55209405808137,26.15905255505859,989.544560711172,不平衡
设备监测部,VA-25,VA-25-005,2023-01-14 05:00:00,36.35693135205932,0.6402242258512543,2.7154431238765397,56.20419686341929,1301.839953173099,正常
生产部B,VA-25,VA-25-002,2023-01-14 05:00:00,42.23699205531002,0.04804332982845522,172.30818086971826,39.1892542646506,820.7146935590191,正常
生产部B,VA-25,VA-25-002,2023-01-14 06:00:00,31.88566254623959,0.6423628929305987,62.49751533475951,32.45709575277394,1782.713366241331,正常
设备监测部,VA-25,VA-25-005,2023-01-14 06:00:00,40.238789811614865,0.5895428187970837,61.96300491401556,25.015502845010772,1502.5483947695298,正常
生产部B,VA-25,VA-25-002,2023-01-14 07:00:00,45.31178095115499,0.9200244207446339,211.1342391003616,36.56176541440734,1654.7458930879152,正常
设备监测部,VA-25,VA-25-005,2023-01-14 07:00:00,34.532956340286404,2.060698693656443,276.90319415794175,43.2173074828057,1798.0849126431485,正常
生产部B,VA-25,VA-25-002,2023-01-14 08:00:00,47.744076000158884,1.8744889746521927,346.1477407783785,49.28207081304688,1752.9712967355742,正常
设备监测部,VA-25,VA-25-005,2023-01-14 08:00:00,22.360394249157928,1.3719406969676238,154.9372027448818,60.10339717799179,855.7029112871966,正常
生产部B,VA-25,VA-25-002,2023-01-14 09:00:00,37.27409740986918,0.39817602395645313,250.7826050741494,57.236705822742564,1464.1698636533547,正常
设备监测部,VA-25,VA-25-005,2023-01-14 09:00:00,41.73360156996807,1.0483866463207314,297.3254203797071,18.839028050866805,947.4182638305455,正常
生产部B,VA-25,VA-25-002,2023-01-14 10:00:00,48.0070402183967,1.9189957105591877,0.0,27.876406989774914,1326.1875575602626,正常
设备监测部,VA-25,VA-25-005,2023-01-14 10:00:00,48.34402344655851,0.9894773823614068,80.23881560869776,58.76346410731406,1665.9529466276038,正常
设备监测部,VA-25,VA-25-005,2023-01-14 11:00:00,25.328574979663557,1.6914933581132063,190.1042035588456,33.468649615941516,945.8345076256342,正常
生产部B,VA-25,VA-25-002,2023-01-14 11:00:00,90.22149735135724,4.387450653671364,103.37059852572908,32.45987373657906,1582.689692484373,共振
设备监测部,VA-25,VA-25-005,2023-01-14 12:00:00,32.515956110488005,1.5585390256844138,230.68563104966947,33.99823562773711,1672.3031661577957,正常
生产部B,VA-25,VA-25-002,2023-01-14 12:00:00,113.97959594402934,4.0699521104420295,72.18598793896338,37.01400853530662,836.2121929205886,共振
生产部B,VA-25,VA-25-002,2023-01-14 13:00:00,117.06560960135883,4.996989434917187,64.8458188199888,33.8277502047592,1235.8558358873697,共振
设备监测部,VA-25,VA-25-005,2023-01-14 13:00:00,30.254536564276968,0.5647721438604804,143.62712665351188,23.84145437691544,1295.1676188076547,正常
设备监测部,VA-25,VA-25-005,2023-01-14 14:00:00,19.24447806095819,0.2617013621784186,44.05304821113273,35.60484961693822,1270.6242503759918,正常
生产部B,VA-25,VA-25-002,2023-01-14 14:00:00,105.2748299639364,3.6626731289445633,307.18658963640763,56.37274569538572,1534.5219090629612,共振
设备监测部,VA-25,VA-25-005,2023-01-14 15:00:00,17.356241121990628,0.018002355929953112,151.50309384376683,48.507040811789885,1237.5877850026952,正常
生产部B,VA-25,VA-25-002,2023-01-14 15:00:00,17.358671759996632,0.41134590847672875,1.1944406754019128,29.88615734760777,1209.9423927148487,正常
生产部B,VA-25,VA-25-002,2023-01-14 16:00:00,10.307392383203508,0.504178825602583,351.45953223826143,44.52846622259794,1510.482473004024,正常
设备监测部,VA-25,VA-25-005,2023-01-14 16:00:00,39.5643392950213,0.42444045122657925,29.219273930760842,43.57198403103913,1241.914560732086,正常
生产部B,VA-25,VA-25-002,2023-01-14 17:00:00,40.49017117189016,1.806935603409762,33.049270604462954,46.972966609350635,1060.1605396512537,正常
设备监测部,VA-25,VA-25-005,2023-01-14 17:00:00,32.56820860253576,0.7680952826853811,10.96658106250876,41.837995398762715,1264.8415614745861,正常
生产部B,VA-25,VA-25-002,2023-01-14 18:00:00,44.66393351086158,2.4521314663224025,186.94633004785226,36.87431766828093,1473.5306286936093,不平衡
设备监测部,VA-25,VA-25-005,2023-01-14 18:00:00,40.81991878725324,1.5045116185101672,269.05841600270617,56.695401103258774,1753.1468162148526,正常
设备监测部,VA-25,VA-25-005,2023-01-14 19:00:00,11.128865788969495,1.3249613637182607,220.07468306098113,51.53008067988603,1153.620148865373,正常
生产部B,VA-25,VA-25-002,2023-01-14 19:00:00,33.53618187580567,3.0222566575720338,179.2151078147135,34.81998425592555,1236.207184726095,不平衡
设备监测部,VA-25,VA-25-005,2023-01-14 20:00:00,46.13387880040346,1.544291471135815,243.79443421454454,45.95290976520307,817.8305555608404,正常
生产部B,VA-25,VA-25-002,2023-01-14 20:00:00,27.153441793245257,3.2165483942995463,202.01667766448105,22.868311177176036,1584.2653960782184,不平衡
设备监测部,VA-25,VA-25-005,2023-01-14 21:00:00,37.633351098088596,1.8746725618079567,344.60992564678196,56.96112725954659,1308.6481784666207,正常
生产部B,VA-25,VA-25-002,2023-01-14 21:00:00,10.418140081232181,3.5306547312780276,222.29687768528353,43.75883941515767,894.6029487942885,不平衡
设备监测部,VA-25,VA-25-005,2023-01-14 22:00:00,28.897931539919142,1.5762739691285979,36.0494894010131,41.12576677086351,1087.5741102157263,正常
生产部B,VA-25,VA-25-002,2023-01-14 22:00:00,39.612231796858104,0.22308348556101404,217.1909599730195,41.7309312278255,1153.3830076854952,正常
设备监测部,VA-25,VA-25-005,2023-01-14 23:00:00,22.508727203376324,1.9050225183458112,138.6112803746057,37.770902560647265,975.1631289537258,正常
生产部B,VA-25,VA-25-002,2023-01-14 23:00:00,45.111484667530725,0.8732584771263522,86.15214410139906,35.884507386972786,1520.4004215837876,正常
生产部B,VA-25,VA-25-002,2023-01-15 00:00:00,47.294371449218644,0.5355477144470828,213.92765133521976,33.09956809401069,825.674313685083,正常
生产部B,VA-25,VA-25-001,2023-01-15 00:00:00,34.6161921349031,0.796709310193545,62.71732782084395,53.33086884298622,1266.0721644712323,正常
设备监测部,VA-25,VA-25-005,2023-01-15 00:00:00,40.47507312655511,1.5273704776824513,178.66310497070407,39.78463931499293,1439.2302336713178,正常
生产部B,VA-25,VA-25-001,2023-01-15 01:00:00,35.2028840130779,4.909131954028702,0.0,20.96329288000454,1548.8952411420933,松动
生产部B,VA-25,VA-25-002,2023-01-15 01:00:00,38.678369925323885,1.6665642584493623,145.16393351852017,34.83500585306024,1480.1483582301523,正常
设备监测部,VA-25,VA-25-005,2023-01-15 01:00:00,19.333635874269795,0.050274628273898586,284.90181684651577,32.46656467639797,1611.4183069997378,正常
生产部B,VA-25,VA-25-001,2023-01-15 02:00:00,24.346982953284268,4.16209678512539,133.35392483420472,27.7456548623746,1553.6281343127357,松动
设备监测部,VA-25,VA-25-005,2023-01-15 02:00:00,47.15938581534622,0.7726793011750853,164.17878907373046,22.365601764731156,1577.5820765037279,正常
生产部B,VA-25,VA-25-002,2023-01-15 02:00:00,86.98936366517445,1.209328489938354,136.63859805675563,45.98216452066814,1243.981283750696,不对中
生产部B,VA-25,VA-25-001,2023-01-15 03:00:00,23.473681784782965,4.501825209968371,166.31366955553426,38.35826146996824,1268.1542079822777,松动
生产部B,VA-25,VA-25-002,2023-01-15 03:00:00,89.28276329121509,0.7036508988059491,112.91375367749568,27.98906549723845,1380.0444438972957,不对中
设备监测部,VA-25,VA-25-005,2023-01-15 03:00:00,25.328934320831365,1.2843971879165963,57.442172213277836,57.21554248054255,1744.0077170801003,正常
生产部B,VA-25,VA-25-001,2023-01-15 04:00:00,30.33350595405971,4.434550928455364,94.06944474450216,44.29845478039358,1083.4577312157548,松动
生产部B,VA-25,VA-25-002,2023-01-15 04:00:00,81.04227622319053,2.054497565338594,135.9786166617407,47.13876822129269,1625.4631019428725,不对中
设备监测部,VA-25,VA-25-005,2023-01-15 04:00:00,49.29231823493425,0.24110630124980995,348.9328193431158,20.8571244765891,1405.936310733177,正常
设备监测部,VA-25,VA-25-005,2023-01-15 05:00:00,35.0701555152761,1.5746762250176232,240.31401335559093,55.878944498724,1574.8000199183464,正常
生产部B,VA-25,VA-25-001,2023-01-15 05:00:00,26.924428224586688,3.279070605977251,58.950089049308616,36.16910956772107,1285.8509577622883,松动
生产部B,VA-25,VA-25-002,2023-01-15 05:00:00,77.51450208442273,1.1733266570409477,134.21783510499873,56.292550515540334,1655.0402327643003,不对中
生产部B,VA-25,VA-25-001,2023-01-15 06:00:00,27.095025027785468,3.7050661829210814,114.94035434991709,34.58558687206959,1294.4643279287372,松动
生产部B,VA-25,VA-25-002,2023-01-15 06:00:00,63.75477638727084,1.3982430464152453,148.73554192028163,25.38626640826738,954.791793640671,不对中
设备监测部,VA-25,VA-25-005,2023-01-15 06:00:00,32.52020660501033,0.9138442969269434,224.7270686081492,33.587134426782306,1107.524604844707,正常
生产部B,VA-25,VA-25-001,2023-01-15 07:00:00,24.322183490105342,4.382553126784984,66.48613601731562,41.34110437399809,1766.7107350471188,松动
设备监测部,VA-25,VA-25-005,2023-01-15 07:00:00,39.98328989491675,1.796049802297736,78.86368370400203,52.63971912780106,1214.7294125858618,正常
生产部B,VA-25,VA-25-002,2023-01-15 07:00:00,66.03474570971937,0.6237944617955031,110.32252278791147,35.256282728622224,789.6706275335872,不对中
生产部B,VA-25,VA-25-002,2023-01-15 08:00:00,25.28811168294661,0.690002964423402,331.5987627182185,59.73385896211596,1352.662231008065,正常
生产部B,VA-25,VA-25-001,2023-01-15 08:00:00,48.42981555779561,0.8253930300442838,12.64807027979939,48.60531184217932,1478.8593408272989,正常
设备监测部,VA-25,VA-25-005,2023-01-15 08:00:00,50.470056184487085,0.5683602969806102,281.6580025221382,27.813442360116326,1031.6797308314858,正常
生产部B,VA-25,VA-25-001,2023-01-15 09:00:00,40.00192928499193,1.033117648845472,125.46775105329283,22.709978947584645,975.5816690122774,正常
设备监测部,VA-25,VA-25-005,2023-01-15 09:00:00,36.73857841479967,1.6266178594334473,226.73276751278127,57.069527088217214,1763.18257446063,正常
生产部B,VA-25,VA-25-002,2023-01-15 09:00:00,50.508678686799186,0.2415533139885906,153.85777838760725,40.87316358053934,1793.0768248099653,正常
生产部B,VA-25,VA-25-002,2023-01-15 10:00:00,30.324121690623254,0.6355252341372416,81.07438072639229,32.509610749048974,1631.0596239807426,正常
设备监测部,VA-25,VA-25-005,2023-01-15 10:00:00,41.72832142576403,0.9625601819419523,72.74079045756649,28.5369259746758,1212.8788788271897,正常
生产部B,VA-25,VA-25-001,2023-01-15 10:00:00,35.89586817294534,1.647929774319956,142.65700733659102,28.05945435093583,962.9932147159973,正常
设备监测部,VA-25,VA-25-005,2023-01-15 11:00:00,37.139498812894516,1.003916454034398,204.8002188456133,32.59974175357923,1317.06759924501,正常
生产部B,VA-25,VA-25-001,2023-01-15 11:00:00,48.83245790315914,0.6257454824647513,287.3257103726858,24.685731655640367,1105.6743411595096,正常
生产部B,VA-25,VA-25-002,2023-01-15 11:00:00,37.40337441162149,0.5902847430046987,240.02485471157956,29.653478337444824,1391.8648461624202,正常
设备监测部,VA-25,VA-25-005,2023-01-15 12:00:00,22.755400529105835,1.8330743146920674,292.6672958892393,50.5355674242257,1460.8583912367362,正常
生产部B,VA-25,VA-25-001,2023-01-15 12:00:00,12.348036212642034,0.5606882727352059,246.17651861057203,23.538375031448666,754.6636811341494,正常
生产部B,VA-25,VA-25-002,2023-01-15 12:00:00,16.74677921978148,1.5259212052325235,92.90227824068849,48.476654764814214,1559.2683591976988,正常
生产部B,VA-25,VA-25-001,2023-01-15 13:00:00,51.55461679330194,0.3237483225473394,107.34610690640773,40.99569605337888,868.4363939659834,正常
生产部B,VA-25,VA-25-002,2023-01-15 13:00:00,15.939912661221321,1.6555466888679657,224.38334077586782,41.522468863878565,1186.6919942447516,正常
设备监测部,VA-25,VA-25-005,2023-01-15 13:00:00,43.1568186929917,0.24699562697708252,108.81895564100158,57.75666521308428,1734.6807773005037,正常
生产部B,VA-25,VA-25-002,2023-01-15 14:00:00,27.086994465217924,0.8725532454462941,157.54867436948666,39.083207982903964,1354.947593542783,正常
生产部B,VA-25,VA-25-001,2023-01-15 14:00:00,84.13709211006798,2.8540485733176952,257.56374631213805,66.9121433502363,1751.727867582969,轴承故障
设备监测部,VA-25,VA-25-005,2023-01-15 14:00:00,34.81144607201063,1.9790894316165344,283.0408796879731,45.85688206397098,1536.162106320498,正常
生产部B,VA-25,VA-25-002,2023-01-15 15:00:00,42.73348881280407,0.19476515436291864,238.16165671933987,46.00567198541982,839.0750706127207,正常
生产部B,VA-25,VA-25-001,2023-01-15 15:00:00,60.924975654816215,3.5677184627790783,299.16799234251636,64.26951285889423,1116.1394175592238,轴承故障
设备监测部,VA-25,VA-25-005,2023-01-15 15:00:00,49.78841478223368,1.0498121791041835,20.556922474068326,27.49076765390876,1733.5617407783313,正常
生产部B,VA-25,VA-25-002,2023-01-15 16:00:00,33.10871918081298,0.8116452596218523,254.02930047965523,37.92720866090583,983.453798407258,正常
生产部B,VA-25,VA-25-001,2023-01-15 16:00:00,86.48030473142649,3.5475625883409494,35.90515596238733,68.70654925697487,892.2434132939969,轴承故障
设备监测部,VA-25,VA-25-005,2023-01-15 16:00:00,16.513587484186196,1.1024831994030977,35.606440591278336,43.09038917604048,945.4233984295865,正常
设备监测部,VA-25,VA-25-005,2023-01-15 17:00:00,45.378859128776185,1.3505868250303723,146.49983408785047,22.20851396832866,1510.7030109010566,正常
生产部B,VA-25,VA-25-002,2023-01-15 17:00:00,29.082977631346566,1.2092895956901577,245.54453996859715,32.29489682840388,1006.8965548715635,正常
生产部B,VA-25,VA-25-001,2023-01-15 17:00:00,23.641891824970592,1.8193651422139494,51.2992341682124,36.8569467037763,1706.616961102119,正常
生产部B,VA-25,VA-25-001,2023-01-15 18:00:00,16.428280184163842,0.23944269831069448,267.41516841216793,34.290046029105596,1086.7425009516082,正常
设备监测部,VA-25,VA-25-005,2023-01-15 18:00:00,46.27325787996469,1.5105165612069755,185.39027708607662,38.029295726193794,1673.803364135426,正常
生产部B,VA-25,VA-25-002,2023-01-15 18:00:00,30.4451339522068,1.7998032624328852,79.88866046916803,40.962702219036196,1687.8716455163112,正常
生产部B,VA-25,VA-25-001,2023-01-15 19:00:00,39.77526686512444,0.17990413185954607,239.1307818401793,30.634393182291465,1126.2570504530222,正常
设备监测部,VA-25,VA-25-005,2023-01-15 19:00:00,12.258266128837505,1.4783129965912467,328.45771994370386,21.66730019810418,1782.289399487491,正常
生产部B,VA-25,VA-25-002,2023-01-15 19:00:00,34.83936471988461,0.9102144457416613,231.79254604477882,29.996100582527724,1480.9535923926817,正常
生产部B,VA-25,VA-25-002,2023-01-15 20:00:00,49.96729533971153,0.7911331930510197,187.08361679088733,54.93359826464553,1406.9442517867726,正常
设备监测部,VA-25,VA-25-005,2023-01-15 20:00:00,21.198064568502605,0.8033197530882927,177.43667720180332,58.275080967393265,970.0467060429343,正常
生产部B,VA-25,VA-25-001,2023-01-15 20:00:00,37.469863200025024,0.5950064705449255,215.42309108450874,19.443461465288003,1736.4711633377894,正常
生产部B,VA-25,VA-25-002,2023-01-15 21:00:00,51.37111989288503,0.2973691298043897,263.0040515626617,52.64517492665829,1408.3023908094538,正常
生产部B,VA-25,VA-25-001,2023-01-15 21:00:00,43.03359787555198,1.7690757101168137,140.9227518106642,27.848439283080452,1667.2928847145627,正常
设备监测部,VA-25,VA-25-005,2023-01-15 21:00:00,32.07895856796296,1.0999395237897915,290.1559163309715,48.85795737957714,822.7626117650925,正常
设备监测部,VA-25,VA-25-005,2023-01-15 22:00:00,32.63355932064658,0.6270488964515796,151.48856169537314,56.7684497121367,1216.6336962468024,正常
生产部B,VA-25,VA-25-001,2023-01-15 22:00:00,21.53393782274779,1.8404447733344123,119.52990136670911,49.792792506350914,1236.55749177669,正常
生产部B,VA-25,VA-25-002,2023-01-15 22:00:00,12.544884198825674,1.8954577204511152,114.67180295288557,46.60801715889102,983.6495483568974,正常
生产部B,VA-25,VA-25-002,2023-01-15 23:00:00,13.046972105694287,1.5947831213104728,330.9182350007747,22.83044182481561,1294.7355104115084,正常
生产部B,VA-25,VA-25-001,2023-01-15 23:00:00,26.147894559358225,0.6181847873893628,198.82184948785505,28.770412383903267,1001.2432960910851,正常
设备监测部,VA-25,VA-25-005,2023-01-15 23:00:00,98.35705200571718,1.9793743814697324,117.10509919194067,38.131193749825144,1604.9070590386352,不对中
生产部B,VA-25,VA-25-002,2023-01-16 00:00:00,20.34891294347168,0.8246250005162301,177.3523736112189,59.17771631661744,1152.8058331841764,正常
生产部B,VA-25,VA-25-001,2023-01-16 00:00:00,18.728502430280866,0.36716189484696937,33.94145645061556,53.02980545314192,1047.2288015048473,正常
设备监测部,VA-25,VA-25-005,2023-01-16 00:00:00,80.57035690713384,0.6778845140603614,128.25845390661425,39.420886592335414,1314.5731748747169,不对中
生产部B,VA-25,VA-25-002,2023-01-16 01:00:00,47.773446896179856,1.2452638539697602,92.73288695416251,22.496951405096045,1742.6786552424917,正常
设备监测部,VA-25,VA-25-005,2023-01-16 01:00:00,69.52023757942922,0.44969405468736795,147.8666062605044,44.27059193961406,1517.0151916258262,不对中
生产部B,VA-25,VA-25-001,2023-01-16 01:00:00,45.404997338798225,0.5433136790299444,173.36844653897018,51.334838331472554,1740.9663722473435,正常
生产部B,VA-25,VA-25-002,2023-01-16 02:00:00,74.26940484850637,3.0157621647171817,306.268944879048,65.38276897989148,1053.4505469796638,轴承故障
生产部B,VA-25,VA-25-001,2023-01-16 02:00:00,42.3794951194612,0.8973106896421206,325.48223029449497,33.77671446548747,1705.7365240806378,正常
设备监测部,VA-25,VA-25-005,2023-01-16 02:00:00,78.72495990431733,1.2106882293292083,141.39221692005637,33.30743144448226,1725.4247215298417,不对中
设备监测部,VA-25,VA-25-005,2023-01-16 03:00:00,62.731993634974216,1.573090159789568,126.8642947271183,59.001537297376174,1244.302909789888,不对中
生产部B,VA-25,VA-25-002,2023-01-16 03:00:00,74.26613146472484,2.4982208913609516,86.44718840716244,63.27710297260066,1197.2755118799448,轴承故障
生产部B,VA-25,VA-25-001,2023-01-16 03:00:00,41.2244620016857,1.0068523338358832,301.33438287563666,54.69330944724091,1096.1327417039242,正常
设备监测部,VA-25,VA-25-005,2023-01-16 04:00:00,66.48670846783767,0.6919178211115493,145.68252539988453,27.55136232876535,1312.935250209561,不对中
生产部B,VA-25,VA-25-002,2023-01-16 04:00:00,66.6388569743091,2.6082794719312012,61.54293296688398,65.71675836261066,1202.9309130624274,轴承故障
生产部B,VA-25,VA-25-001,2023-01-16 04:00:00,50.495361503670026,0.3192160958455433,296.610915901862,26.989300441586266,1714.1663204565966,正常
生产部B,VA-25,VA-25-001,2023-01-16 05:00:00,15.952850969712383,1.460047591711056,56.680142279466494,52.9513989571664,1366.0541403839434,正常
设备监测部,VA-25,VA-25-005,2023-01-16 05:00:00,76.28368746203195,0.35716404284321057,120.46469664134358,27.357608356495785,1078.6789763820407,不对中
生产部B,VA-25,VA-25-002,2023-01-16 05:00:00,86.52768824288847,2.6594143255843727,38.37703935300847,67.29210559579637,1216.3063697205978,轴承故障
生产部B,VA-25,VA-25-002,2023-01-16 06:00:00,44.637030323479294,0.18493796131452409,138.33097057354655,27.65527143552182,1710.9181719876015,正常
设备监测部,VA-25,VA-25-005,2023-01-16 06:00:00,46.90398368057237,1.7479946290022212,158.49880848596956,31.89974115439529,1344.309601404937,正常
生产部B,VA-25,VA-25-001,2023-01-16 06:00:00,40.05109809657111,1.564338751259844,52.42549744506355,49.11596451118817,930.3681821636909,正常
生产部B,VA-25,VA-25-001,2023-01-16 07:00:00,33.00922564700424,0.9723453181953052,268.0371701617178,56.407681438449444,1053.3046630542299,正常
生产部B,VA-25,VA-25-002,2023-01-16 07:00:00,29.05316793978406,0.42110203398110824,254.72004470196902,52.8977986315215,1713.435852018171,正常
设备监测部,VA-25,VA-25-005,2023-01-16 07:00:00,27.175869632332475,0.9805935960680393,15.806941425977257,37.768873502154776,1109.92311838498,正常
设备监测部,VA-25,VA-25-005,2023-01-16 08:00:00,15.332314337056388,1.8027734113402727,241.94594555233212,31.5726085373747,1213.444334652127,正常
生产部B,VA-25,VA-25-002,2023-01-16 08:00:00,11.479572456737028,0.14329709278339278,30.516032868115076,51.49306534089431,1602.3348912714316,正常
生产部B,VA-25,VA-25-001,2023-01-16 08:00:00,48.03453745449864,0.7763669798282904,237.69661877517794,23.852702060371858,1539.450144567757,正常
生产部B,VA-25,VA-25-001,2023-01-16 09:00:00,8.471554591005246,1.3919338587573933,251.09894922686306,43.83565589055382,1092.899032901124,正常
设备监测部,VA-25,VA-25-005,2023-01-16 09:00:00,60.46311055243648,2.7401402990617765,289.90033293711224,68.88866769726565,1566.2498294459008,轴承故障
生产部B,VA-25,VA-25-002,2023-01-16 09:00:00,42.95661032328315,0.12589803090603197,320.6670530579184,24.530732793298792,1097.3455833037633,正常
设备监测部,VA-25,VA-25-005,2023-01-16 10:00:00,71.71012012151415,3.30168511064139,312.90109573950735,65.17262690638302,919.6467829358764,轴承故障
生产部B,VA-25,VA-25-002,2023-01-16 10:00:00,13.328718469745112,1.7527416562331204,261.90686535628237,43.40234128807594,1427.2784997680003,正常
生产部B,VA-25,VA-25-001,2023-01-16 10:00:00,26.08475868664985,1.5110782204783717,202.85245183797915,51.886232060348625,1569.152652887192,正常
设备监测部,VA-25,VA-25-005,2023-01-16 11:00:00,72.54535237325604,2.419612380475726,279.1847598320327,66.49265851546814,1141.0111455718502,轴承故障
生产部B,VA-25,VA-25-001,2023-01-16 11:00:00,18.161295977598,1.7081344828851872,7.137761971409029,30.063196133329512,1008.8972576624719,正常
生产部B,VA-25,VA-25-002,2023-01-16 11:00:00,12.248975591097961,0.5687564313629487,249.27819926284397,41.54242034622142,1460.3443914006673,正常
生产部B,VA-25,VA-25-001,2023-01-16 12:00:00,64.23305199257878,0.09136898626887884,117.28742493003256,26.777740362355207,1464.117465303313,不对中
生产部B,VA-25,VA-25-002,2023-01-16 12:00:00,40.528681614322664,0.6950740345271288,141.7231947303007,20.835063710891603,1217.1221255767118,正常
设备监测部,VA-25,VA-25-005,2023-01-16 12:00:00,88.91761349920995,2.4450714049811912,247.91474844171447,66.71765599055185,1261.9343818985474,轴承故障
设备监测部,VA-25,VA-25-005,2023-01-16 13:00:00,48.89208113433471,1.5575350210912813,232.97845494936254,42.15392330712958,1525.2891596963825,正常
生产部B,VA-25,VA-25-001,2023-01-16 13:00:00,72.7874760955804,0.28768886377503444,124.4429079405288,41.81071014236219,1456.3807243949125,不对中
生产部B,VA-25,VA-25-002,2023-01-16 13:00:00,18.00283237657239,1.9685010564241139,245.52151341332998,25.85951599720487,1136.9848582248478,正常
生产部B,VA-25,VA-25-001,2023-01-16 14:00:00,71.10105483871526,0.34571171452729654,134.6488833216421,34.17940631480385,1502.7837503621965,不对中
设备监测部,VA-25,VA-25-005,2023-01-16 14:00:00,28.989805502960323,1.4235574025534004,310.09335362643316,56.253315722680604,792.1427227669815,正常
生产部B,VA-25,VA-25-002,2023-01-16 14:00:00,32.80253698391233,1.3228970445077273,93.44819154990049,39.06362636503773,1190.8467924260592,正常
生产部B,VA-25,VA-25-001,2023-01-16 15:00:00,98.04143912675138,0.5812735385915205,142.96798687015462,53.632909036411625,1362.8242942617,不对中
设备监测部,VA-25,VA-25-005,2023-01-16 15:00:00,22.259311110329342,1.2624286736219323,188.89040735892436,33.28753945588503,1099.4242477865048,正常
生产部B,VA-25,VA-25-002,2023-01-16 15:00:00,14.191140153810252,0.3500137295674297,174.11921090467862,55.02720779154276,1542.1608306641247,正常
生产部B,VA-25,VA-25-001,2023-01-16 16:00:00,60.5407608023311,0.9696991808670741,119.21553101688879,29.647949007323646,1251.143544940095,不对中
设备监测部,VA-25,VA-25-005,2023-01-16 16:00:00,109.63941733929829,3.544810961258865,181.8251663535262,43.348678609338414,1147.8610997389053,共振
生产部B,VA-25,VA-25-002,2023-01-16 16:00:00,10.393807975085908,0.15413551673488304,226.7285613594071,58.543638906142775,1413.6600491159795,正常
设备监测部,VA-25,VA-25-005,2023-01-16 17:00:00,86.5347950042998,3.9122108592270592,314.35196887356466,36.93084060446161,1635.425016265726,共振
生产部B,VA-25,VA-25-001,2023-01-16 17:00:00,77.88261902510958,1.2028870458559155,122.60376532464898,57.07194054251263,1265.0812281287078,不对中
生产部B,VA-25,VA-25-002,2023-01-16 17:00:00,19.635674373855004,0.4268594112278639,257.14673453693047,25.199439423449725,1271.1309128047312,正常
生产部B,VA-25,VA-25-002,2023-01-16 18:00:00,103.6651985130857,3.8830298594893478,23.028025837821577,20.535204898366732,1161.4269261009601,共振
设备监测部,VA-25,VA-25-005,2023-01-16 18:00:00,98.7611744025124,4.323353076352648,358.8333078343736,26.64100844255755,1209.436286257185,共振
生产部B,VA-25,VA-25-001,2023-01-16 18:00:00,95.78380825580342,0.7053961271249433,128.34159030116192,40.74739095485002,1255.30476125757,不对中
生产部B,VA-25,VA-25-001,2023-01-16 19:00:00,85.47516905229611,0.3527977960496792,130.83037767172115,42.46915630781666,1158.2796403622904,不对中
设备监测部,VA-25,VA-25-005,2023-01-16 19:00:00,92.32275852449668,4.796046148504921,226.1681980998807,36.12625329043026,1126.0509366579681,共振
生产部B,VA-25,VA-25-002,2023-01-16 19:00:00,83.41210250456352,3.3124398001773754,301.8563228376154,23.044467526159902,1640.3662930710875,共振
生产部B,VA-25,VA-25-002,2023-01-16 20:00:00,115.46668389101895,4.650751768907733,196.53018816938416,58.63668490694361,818.682305744421,共振
设备监测部,VA-25,VA-25-005,2023-01-16 20:00:00,105.09381629583177,3.5742038521832056,253.34371619859246,29.754988324460196,1334.1445216272439,共振
生产部B,VA-25,VA-25-001,2023-01-16 20:00:00,33.997902358226746,0.30294633900582507,328.74371758672055,55.33521939563412,1608.3174834746535,正常
生产部B,VA-25,VA-25-002,2023-01-16 21:00:00,26.567605032396408,0.46572181151554115,195.7262697350812,57.825715763120925,1238.8464458594974,正常
生产部B,VA-25,VA-25-001,2023-01-16 21:00:00,14.029966588512421,1.2400088186169358,69.99104835882912,29.64636957462302,1319.1761449088535,正常
设备监测部,VA-25,VA-25-005,2023-01-16 21:00:00,45.74356041010772,1.3655171720704404,269.2751670086154,27.418308186039535,1030.8272067840642,正常
设备监测部,VA-25,VA-25-005,2023-01-16 22:00:00,22.391987693823694,1.6707078116678236,246.983082635771,51.12425623436947,1363.1586022439114,正常
生产部B,VA-25,VA-25-001,2023-01-16 22:00:00,25.34920910975015,3.381268478637671,156.54175657898742,43.20786378375788,1107.505670320961,不平衡
生产部B,VA-25,VA-25-002,2023-01-16 22:00:00,11.67783888728048,1.1967421163681777,334.97701769448935,33.09932188920055,944.4376860172903,正常
生产部B,VA-25,VA-25-001,2023-01-16 23:00:00,28.041303370259573,3.582771739611728,215.6650623789879,47.16961950352106,931.8821423639971,不平衡
生产部B,VA-25,VA-25-002,2023-01-16 23:00:00,16.691023989708583,1.2348838471049006,190.43351901668228,46.63213396745576,829.9569263380976,正常
设备监测部,VA-25,VA-25-005,2023-01-16 23:00:00,82.16635392166755,1.7428242815515025,134.153288202213,42.70716773355931,1386.7795437682992,不对中
生产部B,VA-25,VA-25-002,2023-01-17 00:00:00,16.118150561778453,0.547143420501442,95.13367517161275,55.36580550126393,1362.938574044467,正常
设备监测部,VA-25,VA-25-005,2023-01-17 00:00:00,63.30383339326932,1.4018110555338654,138.39262107524334,55.08006307775998,905.7417208214437,不对中
生产部B,VA-25,VA-25-001,2023-01-17 00:00:00,26.778018181367752,2.8445444981122305,230.1567531277252,58.90009655566825,1067.7130291518222,不平衡
生产部B,VA-25,VA-25-002,2023-01-17 01:00:00,19.77261109906173,0.3861657899032163,42.17075630640393,26.921290222347153,1700.2746001583214,正常
设备监测部,VA-25,VA-25-005,2023-01-17 01:00:00,80.88683572719972,0.9873803184625357,117.60435640440534,38.760133627872044,1038.57793495908,不对中
生产部B,VA-25,VA-25-001,2023-01-17 01:00:00,12.925760704927207,3.412353239128925,205.55265766245952,43.771750106951245,1674.2127841911622,不平衡
设备监测部,VA-25,VA-25-005,2023-01-17 02:00:00,94.16269152509508,0.9884337794304792,122.38292709565835,33.35178683561023,1353.0083603641217,不对中
生产部B,VA-25,VA-25-001,2023-01-17 02:00:00,36.90408514310502,2.90819469554227,134.9245663235502,51.056059377217736,1455.3583423820971,不平衡
生产部B,VA-25,VA-25-002,2023-01-17 02:00:00,44.75663423307077,0.9407799093232002,275.3342650148801,41.463627524113214,1159.4892727333072,正常
生产部B,VA-25,VA-25-002,2023-01-17 03:00:00,21.12231661185468,0.12756945015702187,58.90252271077841,32.36167290032353,1796.625818895956,正常
设备监测部,VA-25,VA-25-005,2023-01-17 03:00:00,77.88585427076461,1.1209366049532956,138.48282676043672,29.979356468714776,883.1059176061274,不对中
生产部B,VA-25,VA-25-001,2023-01-17 03:00:00,29.441535520702956,2.8568789493511533,179.97394947326688,38.71290376947276,1248.8700997277158,不平衡
生产部B,VA-25,VA-25-002,2023-01-17 04:00:00,13.394537393684791,1.5633362052227624,302.9002430665086,34.07687512334986,1240.7125340328982,正常
设备监测部,VA-25,VA-25-005,2023-01-17 04:00:00,74.05492422192064,1.5448811074009368,100.68532451464942,59.269711871334856,1624.8744231230044,不对中
生产部B,VA-25,VA-25-001,2023-01-17 04:00:00,39.23646164500929,2.9855627657095143,223.51470724745238,39.40666729728838,1432.1631474709243,不平衡
生产部B,VA-25,VA-25-002,2023-01-17 05:00:00,48.22616260206188,1.9368008471755473,326.22513392221714,31.151143253220827,1273.4360205575558,正常
生产部B,VA-25,VA-25-001,2023-01-17 05:00:00,26.31055021414063,0.4411160877145802,168.60355233980917,29.017345288706075,1632.7144535383463,正常
设备监测部,VA-25,VA-25-005,2023-01-17 05:00:00,82.08692233449648,1.3832923765364755,122.27923526746571,34.959294563294925,1010.9034841450368,不对中
生产部B,VA-25,VA-25-001,2023-01-17 06:00:00,32.093405351177815,1.899361935179433,108.17026271959813,45.13960607166814,818.9920898387743,正常
设备监测部,VA-25,VA-25-005,2023-01-17 06:00:00,93.1906823965912,1.083089977649261,111.83231802138405,34.803598545203855,1255.2059343128703,不对中
生产部B,VA-25,VA-25-002,2023-01-17 06:00:00,33.53575219697221,1.5819866967643952,217.69003407276634,56.96110135485135,1025.1707849000252,正常
生产部B,VA-25,VA-25-002,2023-01-17 07:00:00,41.33732243293148,1.3658655223748122,55.615997771420105,38.859267927944245,1344.196632062588,正常
生产部B,VA-25,VA-25-001,2023-01-17 07:00:00,31.911766190876904,0.6401591069827541,31.429573347294575,51.835029616647674,1229.3988024139683,正常
设备监测部,VA-25,VA-25-005,2023-01-17 07:00:00,16.69593976842763,1.79143468991741,0.0,38.63341805253447,1325.8162653473305,正常
生产部B,VA-25,VA-25-001,2023-01-17 08:00:00,50.87331035676221,0.2985155573485463,314.1451900177129,37.41568321643903,1808.3795264824805,正常
设备监测部,VA-25,VA-25-005,2023-01-17 08:00:00,19.277001506467165,1.3062495267935528,98.42126350571996,40.29727510843641,925.2916289002719,正常
生产部B,VA-25,VA-25-002,2023-01-17 08:00:00,45.46543877410821,1.0950133665027009,0.0,39.74587117934486,1395.9772406622335,正常
设备监测部,VA-25,VA-25-005,2023-01-17 09:00:00,18.127090870872543,1.3573772971160118,255.73572084773184,37.57028888961093,1547.593254635873,正常
生产部B,VA-25,VA-25-001,2023-01-17 09:00:00,15.148365509212162,1.7238315708794403,216.85902583203216,53.42844655954764,1488.8822089637702,正常
生产部B,VA-25,VA-25-002,2023-01-17 09:00:00,10.97270740100623,0.6649633852035648,341.6806245796966,46.97572834194206,1736.2163324914934,正常
生产部B,VA-25,VA-25-001,2023-01-17 10:00:00,22.410073006857253,0.6601553161051696,223.7285754918167,32.61803200971795,1763.474470878721,正常
生产部B,VA-25,VA-25-002,2023-01-17 10:00:00,11.072891669531456,1.3541431512843747,69.12585344888741,55.955892135178985,1646.6566824758947,正常
设备监测部,VA-25,VA-25-005,2023-01-17 10:00:00,29.211311897319092,1.4031799666787266,62.836820810801655,28.02885397219642,1046.7497715387883,正常
设备监测部,VA-25,VA-25-005,2023-01-17 11:00:00,44.91619077285764,1.3783348607890438,179.75322833618364,54.25088974307185,1271.8195595344484,正常
生产部B,VA-25,VA-25-002,2023-01-17 11:00:00,28.799368611142476,1.2450577683810753,264.6405430240552,23.976089088872964,1442.302035690316,正常
生产部B,VA-25,VA-25-001,2023-01-17 11:00:00,37.83538038430378,1.0407313425919325,110.25820899222178,33.091237830631805,972.4936135472242,正常
生产部B,VA-25,VA-25-002,2023-01-17 12:00:00,29.362014444548546,1.5277783676803667,94.14758997987148,24.44773438430788,871.7056179831366,正常
生产部B,VA-25,VA-25-001,2023-01-17 12:00:00,12.513665122822536,0.5175122099419573,113.68296671164697,58.3658997912605,879.9324234089971,正常
设备监测部,VA-25,VA-25-005,2023-01-17 12:00:00,11.096397062604717,1.592207506408028,26.103269581321296,36.721478429392754,1192.4162105726007,正常
设备监测部,VA-25,VA-25-005,2023-01-17 13:00:00,20.73876538238016,1.529405985254527,250.48371401000261,28.159168237330494,1108.1864574840413,正常
生产部B,VA-25,VA-25-002,2023-01-17 13:00:00,44.77781568079794,0.3445122558584812,248.26954145018397,43.89169915367714,1448.2184796474814,正常
生产部B,VA-25,VA-25-001,2023-01-17 13:00:00,47.49234000333938,1.7822609739448023,0.0,43.3007681726047,982.2371863323218,正常
生产部B,VA-25,VA-25-001,2023-01-17 14:00:00,33.49422782506821,1.3134493046088564,115.2359153741317,23.988235806776963,1312.1647945761554,正常
生产部B,VA-25,VA-25-002,2023-01-17 14:00:00,34.058930026683825,1.4568987791894232,326.2728994938476,29.202534113569165,1047.696470418405,正常
设备监测部,VA-25,VA-25-005,2023-01-17 14:00:00,28.309730903848006,0.18760034472078563,74.30522797383779,50.72199042455512,1295.1972907064949,正常
设备监测部,VA-25,VA-25-005,2023-01-17 15:00:00,50.174107095486,0.9843906601794853,115.78384639803416,51.6094707632077,1075.5425039001848,正常
生产部B,VA-25,VA-25-002,2023-01-17 15:00:00,18.045984401508385,1.2736545597522038,86.60821017275204,44.85912810156803,1330.8978255956292,正常
生产部B,VA-25,VA-25-001,2023-01-17 15:00:00,45.16500193576437,0.8322723543732096,21.83158746507415,57.296667010907264,1006.3363874005703,正常
生产部B,VA-25,VA-25-001,2023-01-17 16:00:00,18.740929788992833,0.39611534608679055,220.2406639899011,31.543394800392697,1303.1901631779328,正常
生产部B,VA-25,VA-25-002,2023-01-17 16:00:00,48.67609381068924,0.9214863435473234,132.15883588625618,45.512611873066795,811.6004422992552,正常
生产部B,VA-25,VA-25-001,2023-01-17 17:00:00,10.505559078321422,0.1384994712275729,118.49765843904686,40.18702764391049,1641.0967792430386,正常
生产部B,VA-25,VA-25-002,2023-01-17 17:00:00,20.080536349690508,2.0055829764107758,77.45650365378657,55.61446103764525,1564.8986552009917,正常
生产部B,VA-25,VA-25-001,2023-01-17 18:00:00,12.663825687641022,1.3852581593318982,266.64116910648806,44.26277965973896,1186.6292275768526,正常
生产部B,VA-25,VA-25-002,2023-01-17 18:00:00,42.714176820758496,0.4769768111492851,151.84253994669854,32.33729187122329,925.5591335790493,正常
生产部B,VA-25,VA-25-001,2023-01-17 19:00:00,30.3611840773131,2.8783350662661364,143.85663252055977,25.536664227326995,1461.9613892325726,不平衡
生产部B,VA-25,VA-25-002,2023-01-17 19:00:00,12.549587127030467,1.1576697755058776,186.22533013670687,52.278206015212184,1073.9544142023897,正常
生产部B,VA-25,VA-25-001,2023-01-17 20:00:00,10.968938542329951,3.165838596022755,153.3697719690889,34.206595637753146,1671.5216201389503,不平衡
生产部B,VA-25,VA-25-002,2023-01-17 20:00:00,24.618678331581705,1.2850002568864356,141.9236224745868,36.00587818460221,999.9766108421591,正常
生产部B,VA-25,VA-25-001,2023-01-17 21:00:00,44.99189480300724,3.479123494750518,229.08132124287232,29.181233221488664,1213.7219303123898,不平衡
生产部B,VA-25,VA-25-002,2023-01-17 21:00:00,24.501890674685555,1.8613635841039606,120.50908472537067,19.903858103702486,1343.6496608862385,正常
生产部B,VA-25,VA-25-001,2023-01-17 22:00:00,36.312882457405365,2.6189835898801075,192.08096238361546,20.027856613589933,938.8398884035481,不平衡
生产部B,VA-25,VA-25-002,2023-01-17 22:00:00,28.872914026759616,0.3520561598123054,263.2769726317882,19.546666777625564,1050.3415971296436,正常
生产部B,VA-25,VA-25-001,2023-01-17 23:00:00,17.28124884008517,3.075384364004869,153.1234684622638,35.73724317858634,1413.61420957121,不平衡
生产部B,VA-25,VA-25-002,2023-01-17 23:00:00,16.69024243370763,0.0773374904818576,356.2423755512377,47.468754734117255,1464.8962394158766,正常
生产部B,VA-25,VA-25-002,2023-01-18 00:00:00,24.647657797475517,1.908128912989817,126.11371695906338,48.276163942565404,1458.945438195863,正常
生产部B,VA-25,VA-25-001,2023-01-18 00:00:00,30.416170514431176,2.7341210119158625,198.61515199009304,44.06180305844045,861.6810247864285,不平衡
生产部B,VA-25,VA-25-002,2023-01-18 01:00:00,28.236743237706918,1.181444156333903,210.3695523576982,37.92579269265502,1756.3566087904821,正常
生产部B,VA-25,VA-25-001,2023-01-18 01:00:00,24.632902815416738,3.2734128791052437,144.9425023496512,37.58947266257917,1493.69605258403,不平衡
生产部B,VA-25,VA-25-001,2023-01-18 02:00:00,30.56006628995955,0.38440299198224653,110.93669027613316,38.84381246636146,1199.7101180708623,正常
生产部B,VA-25,VA-25-002,2023-01-18 02:00:00,28.375292556109343,1.5648746108086655,66.2098634461066,31.409275436877483,1412.4856612878168,正常
生产部B,VA-25,VA-25-001,2023-01-18 03:00:00,10.834932559443262,1.971614878556688,250.54106061560026,60.42324146143261,1457.39036712551,正常
生产部B,VA-25,VA-25-002,2023-01-18 03:00:00,88.87117817857317,3.020903555004717,112.92524498544431,35.70885613539653,1751.005649455536,共振
生产部B,VA-25,VA-25-002,2023-01-18 04:00:00,90.13229137632433,4.391576648741743,254.2930983926495,45.31881856217807,1714.386641321626,共振
生产部B,VA-25,VA-25-001,2023-01-18 04:00:00,22.946990751685938,0.6523855943529305,8.894032865123904,58.76087558536005,1037.3497332824911,正常
生产部B,VA-25,VA-25-001,2023-01-18 05:00:00,24.37548826716099,0.9173060483507751,285.9765608620181,56.07240364220211,1198.730768897399,正常
生产部B,VA-25,VA-25-002,2023-01-18 05:00:00,82.2194038270602,3.095437698790204,246.70734597977102,29.948560668650387,1178.142000516798,共振
生产部B,VA-25,VA-25-001,2023-01-18 06:00:00,32.119723339294254,0.6923306783141951,229.45278190042833,57.3404319027741,992.6828935775515,正常
生产部B,VA-25,VA-25-002,2023-01-18 06:00:00,110.03614939103224,4.8085974885755,123.0743229882369,21.340191747474396,1606.623897621236,共振
生产部B,VA-25,VA-25-001,2023-01-18 07:00:00,42.06203587141661,0.7653990890621155,181.12441996624867,20.765253601363995,990.0175079609727,正常
生产部B,VA-25,VA-25-002,2023-01-18 07:00:00,80.7423258577776,3.5595198897852307,76.78402839878497,37.79581796557212,1127.601309841592,共振
生产部B,VA-25,VA-25-001,2023-01-18 08:00:00,47.5053757478531,1.9553935781970873,177.29685194182312,22.742535241838993,796.5560965759377,正常
生产部B,VA-25,VA-25-002,2023-01-18 08:00:00,101.01104991116146,3.2529097684961714,298.2606241226294,42.7606235471456,1004.927700335783,共振
生产部B,VA-25,VA-25-001,2023-01-18 09:00:00,46.914030298156504,0.5857162220714814,294.98921738049705,38.39164044724643,1385.5114861310394,正常
生产部B,VA-25,VA-25-002,2023-01-18 09:00:00,113.99352882101675,3.0464966506195097,109.0516208266646,54.87959867745105,1070.0579163768298,共振
生产部B,VA-25,VA-25-002,2023-01-18 10:00:00,113.08325795663177,3.378606489168048,114.24525967231924,34.63571201790623,937.6370822510295,共振
生产部B,VA-25,VA-25-001,2023-01-18 10:00:00,15.37840451760427,1.0470565827617069,143.53030782194793,47.77920977109389,900.4683673239492,正常
生产部B,VA-25,VA-25-002,2023-01-18 11:00:00,18.91265712734874,0.10225126413191159,339.3718949368999,28.04628076612556,1626.029756983473,正常
生产部B,VA-25,VA-25-001,2023-01-18 11:00:00,19.07894790796803,1.945320133544184,224.4002852985542,43.19866042071812,1181.0520892938537,正常
生产部B,VA-25,VA-25-001,2023-01-18 12:00:00,14.490781871260761,1.972830398184223,158.82497620089006,54.017484512592326,1666.9443193586303,正常
生产部B,VA-25,VA-25-002,2023-01-18 12:00:00,15.649015540883594,0.6661446654015265,127.98261754361391,41.489893689948346,1013.6899535350349,正常
生产部B,VA-25,VA-25-002,2023-01-18 13:00:00,10.47664962118156,1.0463161605953084,99.54887844804347,43.52302434713542,1727.0804716831956,正常
生产部B,VA-25,VA-25-001,2023-01-18 13:00:00,14.459584825521553,0.32205644948963963,170.66670135415393,39.995425987374915,1479.571763535207,正常
生产部B,VA-25,VA-25-002,2023-01-18 14:00:00,25.151770911270066,0.33831237626857624,224.35584760877234,37.5609450399048,1555.0870225138347,正常
生产部B,VA-25,VA-25-001,2023-01-18 14:00:00,48.5263827868944,1.4429690774930042,228.14034346707916,35.6544959175433,1243.200427235823,正常
生产部B,VA-25,VA-25-002,2023-01-18 15:00:00,84.82485810613458,4.565483653469885,218.1075644941389,25.521587449285985,1700.4043921980265,共振
生产部B,VA-25,VA-25-001,2023-01-18 15:00:00,13.228428982422834,1.3848905369196374,122.28566214020199,33.32057193738359,1422.1372219957727,正常
生产部B,VA-25,VA-25-002,2023-01-18 16:00:00,119.91883641641769,4.7210404788804405,177.38881827266704,53.4156621446961,1595.5067800315471,共振
生产部B,VA-25,VA-25-001,2023-01-18 16:00:00,41.97268123286864,1.3575065780118136,261.0251525917086,38.984232791389,1472.3078078389203,正常
生产部B,VA-25,VA-25-002,2023-01-18 17:00:00,83.50135773480147,3.2283959848534747,267.5455782659009,44.008026944232995,1217.9394416829296,共振
生产部B,VA-25,VA-25-001,2023-01-18 17:00:00,37.867492556445264,1.9802857408829055,80.5489258189455,18.053866776566927,1709.6878161129482,正常
生产部B,VA-25,VA-25-001,2023-01-18 18:00:00,10.87352395223467,1.4095581671906061,358.95495672867264,57.0356204045523,1623.1275425548265,正常
生产部B,VA-25,VA-25-002,2023-01-18 18:00:00,87.2407263353245,4.227650324755141,147.45104509451434,38.949323788500635,959.5006045922163,共振
生产部B,VA-25,VA-25-001,2023-01-18 19:00:00,12.302121195829164,1.1297421018256966,264.99097376083057,34.19029234507166,1079.532379275613,正常
生产部B,VA-25,VA-25-002,2023-01-18 19:00:00,84.92695777290298,4.431035311486625,315.01360747555026,60.31106524318827,1638.7300788371942,共振
生产部B,VA-25,VA-25-002,2023-01-18 20:00:00,102.94092147298875,3.0101289163720484,362.8601751835669,22.64317301850438,1249.079563244799,共振
生产部B,VA-25,VA-25-001,2023-01-18 20:00:00,83.90745491129951,2.5675048616930383,86.69947673428467,67.18645354448041,967.0175154624275,轴承故障
生产部B,VA-25,VA-25-002,2023-01-18 21:00:00,111.62987135500656,4.13081273084813,185.66346279735905,51.079825464527275,873.7579379163956,共振
生产部B,VA-25,VA-25-001,2023-01-18 21:00:00,74.81184588086151,3.23727715322672,132.4606363830081,66.49274650352206,978.802357141052,轴承故障
生产部B,VA-25,VA-25-001,2023-01-18 22:00:00,61.51116820148966,2.6715874160975983,331.21859974392254,68.57914458078697,872.4866137695933,轴承故障
生产部B,VA-25,VA-25-002,2023-01-18 22:00:00,110.86133039663397,4.946177047366866,60.8959869322109,50.93717245726732,1292.6967968626082,共振
生产部B,VA-25,VA-25-002,2023-01-18 23:00:00,29.006982404641867,0.7168581057662883,373.09536640376626,20.30885596109126,949.2416665487482,正常
生产部B,VA-25,VA-25-001,2023-01-18 23:00:00,81.27924091550253,3.1100658590557275,321.518345852676,64.77964869957607,1184.53436541514,轴承故障
生产部B,VA-25,VA-25-002,2023-01-19 00:00:00,33.20218157347959,0.27516940077541613,278.6330113763741,31.209341077846844,1294.991439285211,正常
生产部B,VA-25,VA-25-001,2023-01-19 00:00:00,81.0964192558504,3.407438806494373,271.9057491400184,65.08852790787317,1544.464934496739,轴承故障
生产部B,VA-25,VA-25-002,2023-01-19 01:00:00,31.821635337329134,1.6873651397622247,46.08771560799666,58.53417614817775,983.9314150234957,正常
生产部B,VA-25,VA-25-001,2023-01-19 01:00:00,60.28542127476581,3.261895425348267,269.9987229244891,63.5019976194987,1569.3091600389546,轴承故障
生产部B,VA-25,VA-25-001,2023-01-19 02:00:00,81.76278385773779,3.097514413210795,139.32376856179616,66.20534361545745,1493.502001056514,轴承故障
生产部B,VA-25,VA-25-002,2023-01-19 02:00:00,43.638334398602574,1.58737486761758,218.03839613725316,34.267447972034816,1098.3827031708881,正常
生产部B,VA-25,VA-25-002,2023-01-19 03:00:00,30.8916807171051,0.16269037898677965,171.02078893809042,49.25327969283912,1772.8376322146173,正常
生产部B,VA-25,VA-25-001,2023-01-19 03:00:00,77.90686086221906,3.402212590902142,334.0263786618281,68.13090560564255,1728.9969292905387,轴承故障
生产部B,VA-25,VA-25-001,2023-01-19 04:00:00,84.24798369876024,2.410302994540687,27.603821736856027,63.01464474993191,841.8528916212335,轴承故障
生产部B,VA-25,VA-25-002,2023-01-19 04:00:00,37.4140399436666,1.0062009233627656,166.27337361310617,49.49643591116575,1797.5281699377094,正常
生产部B,VA-25,VA-25-001,2023-01-19 05:00:00,68.31219812334935,3.272922785739681,146.50822289267558,64.59873471219623,1497.8877253981098,轴承故障
生产部B,VA-25,VA-25-002,2023-01-19 05:00:00,39.63549480876913,0.35869984123922755,168.21270887974305,43.91302732966232,902.439491887761,正常
生产部B,VA-25,VA-25-002,2023-01-19 06:00:00,46.46417488786358,0.4507219047346762,195.39680457105547,36.177484738379476,1092.5134598017225,正常
生产部B,VA-25,VA-25-001,2023-01-19 06:00:00,86.13858554916516,2.594360011054194,354.59524629901983,68.17759173973934,1822.306766567096,轴承故障
生产部B,VA-25,VA-25-001,2023-01-19 07:00:00,66.50324991495003,3.359313759557916,311.2272079231392,65.98487212906137,1260.9115720727411,轴承故障
生产部B,VA-25,VA-25-002,2023-01-19 07:00:00,13.967939657599338,1.020219835972366,282.2563726505342,27.185575162332086,1427.0436256907751,正常
生产部B,VA-25,VA-25-001,2023-01-19 08:00:00,67.3494812461749,2.54767149919043,248.33124269271988,64.97102605662874,1647.4868366503965,轴承故障
生产部B,VA-25,VA-25-002,2023-01-19 08:00:00,42.601701079868576,0.9424634803990335,71.37250772565842,31.673195546018032,912.8247350136539,正常
生产部B,VA-25,VA-25-001,2023-01-19 09:00:00,64.08911096655949,3.1730456735740913,37.65520621456075,66.76714191202629,893.6338303417319,轴承故障
生产部B,VA-25,VA-25-002,2023-01-19 09:00:00,24.843262169408224,1.5059903680318178,225.53771818552133,22.703478530132962,1023.2615118472102,正常
生产部B,VA-25,VA-25-001,2023-01-19 10:00:00,33.04064113539999,2.0327429910620283,72.58432341511246,20.009867617047348,1497.643389864073,正常
生产部B,VA-25,VA-25-002,2023-01-19 10:00:00,40.027985212606964,0.6355359067380214,110.23395995017188,38.819630700680854,1192.3567224548337,正常
生产部B,VA-25,VA-25-002,2023-01-19 11:00:00,92.92396177111394,0.3928460079515886,109.68708386414396,26.19537729812812,1629.3296440579722,不对中
生产部B,VA-25,VA-25-001,2023-01-19 11:00:00,25.39037644659057,1.602497702498924,283.7557040198303,30.932124264745646,1715.0894711666465,正常
生产部B,VA-25,VA-25-002,2023-01-19 12:00:00,94.11943520082289,1.8519751118095586,146.9150968849462,54.049262968414546,1787.903677695591,不对中
生产部B,VA-25,VA-25-001,2023-01-19 12:00:00,15.03740953489966,1.3184097778378805,274.47301935966846,24.22054036394647,1153.9917785924006,正常
生产部B,VA-25,VA-25-001,2023-01-19 13:00:00,34.52562389207934,0.5998515745668717,244.32869007836908,58.08206135097067,1262.6825364659544,正常
生产部B,VA-25,VA-25-002,2023-01-19 13:00:00,86.92952984899651,0.6676576549617773,114.48980095972193,47.02189135086911,1306.856122145233,不对中
生产部B,VA-25,VA-25-001,2023-01-19 14:00:00,45.385521394387915,0.621983199166445,247.66571976281352,30.148855935305786,955.7559249744805,正常
生产部B,VA-25,VA-25-002,2023-01-19 14:00:00,24.59424465259374,0.9973115639083316,19.701603331550245,36.26706720463229,1589.7141331580924,正常
生产部B,VA-25,VA-25-002,2023-01-19 15:00:00,46.11280065778598,1.9898655337001965,171.5047459373033,20.709587552724216,1453.0157871535355,正常
生产部B,VA-25,VA-25-001,2023-01-19 15:00:00,28.85985718019602,0.6284973721108085,146.59897081368547,23.745611311501726,1424.1205256476505,正常
生产部B,VA-25,VA-25-001,2023-01-19 16:00:00,33.54257989355058,0.9172191139457045,288.5193344978467,26.180297410191837,883.6618221330108,正常
生产部B,VA-25,VA-25-002,2023-01-19 16:00:00,30.079030064574763,0.6878671401719402,281.86455452740154,42.200066557453205,898.1630550376151,正常
生产部B,VA-25,VA-25-001,2023-01-19 17:00:00,18.88152416065916,0.9062833978533524,347.8241250023856,57.26648609186177,964.2712523665416,正常
生产部B,VA-25,VA-25-002,2023-01-19 17:00:00,27.06791112420826,0.14554613889095844,183.63445747229133,32.941833939687754,897.2342866994605,正常
生产部B,VA-25,VA-25-001,2023-01-19 18:00:00,15.40688834083791,0.1157905967959831,62.5124691308708,29.661334725582247,938.4174098307195,正常
生产部B,VA-25,VA-25-002,2023-01-19 18:00:00,20.300419513657197,1.1795586200393247,217.19829159793187,49.664733058279886,1387.2150638805026,正常
生产部B,VA-25,VA-25-002,2023-01-19 19:00:00,65.46654029606485,0.5585796254292956,114.41636229056823,46.170801474564556,1449.4634913995367,不对中
生产部B,VA-25,VA-25-001,2023-01-19 19:00:00,34.889005401987355,1.0384612760481664,124.63740637866684,33.93813039871064,772.531515859074,正常
生产部B,VA-25,VA-25-001,2023-01-19 20:00:00,31.53734601790847,1.6860671304301447,7.948484254438032,47.295389630224506,1358.9340633792356,正常
生产部B,VA-25,VA-25-002,2023-01-19 20:00:00,96.81220697102192,0.08228291151247533,104.29025248201508,21.374834841912374,1171.2094958573132,不对中
生产部B,VA-25,VA-25-001,2023-01-19 21:00:00,44.93089376046442,1.7840895482763175,317.4253068109105,43.03878936064957,1499.0121034619776,正常
生产部B,VA-25,VA-25-002,2023-01-19 21:00:00,85.38314524487669,0.8465948705014217,111.03755824605427,53.05513846024643,1206.6528257094017,不对中
生产部B,VA-25,VA-25-002,2023-01-19 22:00:00,61.635745475271996,0.6821382807963132,120.94860026902882,23.716659317451537,892.6310597451388,不对中
生产部B,VA-25,VA-25-001,2023-01-19 22:00:00,25.707886980061417,0.5482583273621906,3.9074273859390627,42.33936819224566,894.5614629418731,正常
生产部B,VA-25,VA-25-002,2023-01-19 23:00:00,96.54972047039996,0.19748342612527492,144.4712849796195,23.192580534054304,1614.7769666948607,不对中
生产部B,VA-25,VA-25-001,2023-01-19 23:00:00,28.277821224238686,0.9213749739342253,125.44119357310075,34.06258202403242,1078.5127540011147,正常
生产部B,VA-25,VA-25-001,2023-01-20 00:00:00,44.83297370706641,0.7594775680497442,240.9108697021988,29.90642967756187,1046.184027112897,正常
维修部A,VA-25,VA-25-004,2023-01-20 00:00:00,23.134207662062476,0.3856592782344948,338.2609916907497,58.752942203852164,1047.6050948286672,正常
生产部B,VA-25,VA-25-002,2023-01-20 00:00:00,28.197125073117295,4.608140407785943,315.09162998243863,20.77762932933825,888.6846877838415,松动
生产部B,VA-25,VA-25-002,2023-01-20 01:00:00,26.328230356612917,4.110783513888535,57.25758432891565,60.884064189850164,1517.0425986975329,松动
生产部B,VA-25,VA-25-001,2023-01-20 01:00:00,36.62420753539196,1.550812443954169,219.76922549495288,40.50718991181063,972.3508491940877,正常
维修部A,VA-25,VA-25-004,2023-01-20 01:00:00,29.300050625986113,0.17501828952511728,294.3425632718604,32.976150353930706,1363.1108878483444,正常
生产部B,VA-25,VA-25-001,2023-01-20 02:00:00,25.962032046048016,1.146333841271212,239.93104701039837,49.20926628940306,945.7236870680339,正常
维修部A,VA-25,VA-25-004,2023-01-20 02:00:00,43.306768851603344,1.570541509197593,177.39311314190613,49.94550635855894,1780.5339541701271,正常
生产部B,VA-25,VA-25-002,2023-01-20 02:00:00,33.29083137652453,3.0824654296100698,306.3455748171773,29.696441889701976,1408.8720012622668,松动
维修部A,VA-25,VA-25-004,2023-01-20 03:00:00,18.66980828068427,0.2901333969550055,116.24959225511813,46.644050489635845,1125.619801403665,正常
生产部B,VA-25,VA-25-002,2023-01-20 03:00:00,16.55896567516547,0.3751152436664759,272.8755930276244,25.25205111348522,1271.3111655699227,正常
生产部B,VA-25,VA-25-001,2023-01-20 03:00:00,12.48230097816468,0.37730197476083166,163.91258173192645,58.5298867953475,956.8264608896516,正常
维修部A,VA-25,VA-25-004,2023-01-20 04:00:00,47.96706033056647,1.7944460938330253,339.76739902711455,57.07918829511965,957.2297821146358,正常
生产部B,VA-25,VA-25-001,2023-01-20 04:00:00,47.25388299553363,1.3889754722315386,292.5584039854874,36.208164857554955,921.1339566931805,正常
生产部B,VA-25,VA-25-002,2023-01-20 04:00:00,31.921704156836856,1.7236270628394352,32.22156883110803,49.13697621939512,1666.8866377438758,正常
生产部B,VA-25,VA-25-002,2023-01-20 05:00:00,19.590015017170057,1.974522837703332,40.38639214673215,19.188779475476704,1744.9912199057642,正常
生产部B,VA-25,VA-25-001,2023-01-20 05:00:00,41.38863291309482,1.3817267077945616,250.1743445648458,31.94396210800417,1760.3676221387468,正常
维修部A,VA-25,VA-25-004,2023-01-20 05:00:00,25.746698043749983,0.40175979948058455,107.79915696675256,52.82552327402591,904.4463907518057,正常
维修部A,VA-25,VA-25-004,2023-01-20 06:00:00,43.09913991727908,1.3963739690438846,94.3726351155551,45.06962798543277,1356.9789910866746,正常
生产部B,VA-25,VA-25-002,2023-01-20 06:00:00,119.84135575246911,4.322356948435504,339.3276845588108,43.12017071773139,1452.2134584802582,共振
生产部B,VA-25,VA-25-001,2023-01-20 06:00:00,49.026835300198066,0.6811753847186548,351.1942800500407,20.10839099946747,1755.9694146144316,正常
维修部A,VA-25,VA-25-004,2023-01-20 07:00:00,41.270983994716666,0.3132035848680663,120.52885775831561,32.70628224117193,949.4557232215075,正常
生产部B,VA-25,VA-25-001,2023-01-20 07:00:00,43.56730315379919,0.5122286828441125,217.66068481408826,51.77040416562687,1346.861545797895,正常
生产部B,VA-25,VA-25-002,2023-01-20 07:00:00,90.7028055814208,3.2601404634644693,308.5106030026609,51.562675793207646,1286.5510105662554,共振
生产部B,VA-25,VA-25-001,2023-01-20 08:00:00,43.02730609137622,0.5813034816936288,35.84572416500802,52.83279505184682,1507.4308566479124,正常
维修部A,VA-25,VA-25-004,2023-01-20 08:00:00,23.30924959798618,1.8813589405800926,53.407502469596146,28.524881559564214,834.5626827925165,正常
生产部B,VA-25,VA-25-002,2023-01-20 08:00:00,93.1421673286735,4.286021308998706,20.447097256847105,41.250225811964306,1752.1962945865587,共振
维修部A,VA-25,VA-25-004,2023-01-20 09:00:00,46.27475999354184,2.0556235171816972,341.99513095311323,44.42056808007975,946.7834368795819,正常
生产部B,VA-25,VA-25-002,2023-01-20 09:00:00,119.23791726727077,3.630721790694065,204.49313556513275,54.439960475703,1593.3959215819789,共振
生产部B,VA-25,VA-25-001,2023-01-20 09:00:00,28.888250820604874,0.6923727003617439,153.91385699666415,55.05836946247106,1804.586525722833,正常
生产部B,VA-25,VA-25-002,2023-01-20 10:00:00,82.61964646886042,4.556007500842449,16.238234582172975,26.929088206975543,1561.2624218908923,共振
维修部A,VA-25,VA-25-004,2023-01-20 10:00:00,15.386962046269604,1.6100120159250377,344.6799775037591,34.18313245654495,1533.5659655946868,正常
生产部B,VA-25,VA-25-001,2023-01-20 10:00:00,35.32002987795005,2.0779645682419656,123.02669721661117,53.88327000768339,986.6135288295718,正常
生产部B,VA-25,VA-25-002,2023-01-20 11:00:00,41.30910501865124,3.5534705394451773,227.03093809536904,53.3327722609038,1644.8384672821712,不平衡
生产部B,VA-25,VA-25-001,2023-01-20 11:00:00,45.06160618141536,1.1371807974075767,32.94768991958219,22.45172026112174,1305.9234940794045,正常
维修部A,VA-25,VA-25-004,2023-01-20 11:00:00,15.705363075884911,1.3196975556206274,289.8727714145672,48.46561057226641,945.0678874010689,正常
生产部B,VA-25,VA-25-001,2023-01-20 12:00:00,34.34329595603247,1.0775592339045974,296.4137312942775,49.33333190099205,1589.2665261141358,正常
生产部B,VA-25,VA-25-002,2023-01-20 12:00:00,39.6257650542081,3.274802830198878,229.70779582584507,56.381599251991894,1171.674159193296,不平衡
维修部A,VA-25,VA-25-004,2023-01-20 12:00:00,117.3837412634912,4.430029721844438,372.8326330574539,50.4605315844049,1679.1928399477233,共振
生产部B,VA-25,VA-25-002,2023-01-20 13:00:00,12.731191018694833,3.2380155021851964,145.3086077587519,58.85169116010293,1617.4115783703041,不平衡
维修部A,VA-25,VA-25-004,2023-01-20 13:00:00,93.96828814343732,3.577834781406052,25.99709903590653,34.957605517786355,1611.237217082552,共振
生产部B,VA-25,VA-25-001,2023-01-20 13:00:00,28.03514682390452,0.2856200409132394,216.64589379967356,22.934278749569202,1315.5750518916116,正常
生产部B,VA-25,VA-25-001,2023-01-20 14:00:00,23.870401447980004,1.0344735354021894,117.61421742335924,46.30923404694342,872.3485618749907,正常
维修部A,VA-25,VA-25-004,2023-01-20 14:00:00,118.11403509883436,3.6855892942082047,266.5622347238429,48.045820176652875,1600.351641406931,共振
生产部B,VA-25,VA-25-002,2023-01-20 14:00:00,35.246486804782826,2.919258561674974,199.16810595897826,41.03055621698601,992.9589427470935,不平衡
生产部B,VA-25,VA-25-002,2023-01-20 15:00:00,15.203433008404662,3.2479763250871545,182.74737747455032,34.69381400674406,1201.2205561410635,不平衡
生产部B,VA-25,VA-25-001,2023-01-20 15:00:00,33.797558419261385,0.9501572082534602,150.36372292990512,52.25815247468416,1023.5337797122963,正常
维修部A,VA-25,VA-25-004,2023-01-20 15:00:00,112.667328226234,3.740260385317171,223.74706599536748,32.02107705659616,1485.929452971465,共振
维修部A,VA-25,VA-25-004,2023-01-20 16:00:00,27.434678890489057,0.0636920673261178,62.58202624964128,53.843347502445226,1189.4926417837085,正常
生产部B,VA-25,VA-25-001,2023-01-20 16:00:00,49.871642966334214,0.2217466410376909,72.1585105262281,24.75339471510529,1745.510058395273,正常
生产部B,VA-25,VA-25-002,2023-01-20 16:00:00,22.114801199145283,2.570679869309604,160.85001249309113,37.27192791365005,1719.3628153456254,不平衡
维修部A,VA-25,VA-25-004,2023-01-20 17:00:00,39.33387488892465,0.5294885264748377,138.8751164896889,27.582324023807434,1222.864812839784,正常
生产部B,VA-25,VA-25-001,2023-01-20 17:00:00,49.613220687898895,0.9353409763167025,182.72978990969088,26.5684857351103,1475.1464291557033,正常
生产部B,VA-25,VA-25-002,2023-01-20 17:00:00,34.98641590123157,2.61743162234289,129.51470168986486,31.986688143185276,1278.9733510512672,不平衡
生产部B,VA-25,VA-25-001,2023-01-20 18:00:00,16.159179492218875,0.1349372180845114,61.623234550299266,26.334733384789484,1584.943527060253,正常
生产部B,VA-25,VA-25-002,2023-01-20 18:00:00,21.791527349040784,4.5852335795347114,16.372732794480143,26.139593176621343,1159.3210599577847,松动
维修部A,VA-25,VA-25-004,2023-01-20 18:00:00,49.10061654395191,0.34418212918233715,327.7145102656394,26.308171946199064,1319.3093587385888,正常
维修部A,VA-25,VA-25-004,2023-01-20 19:00:00,39.619234598110054,0.7406165784503931,150.83586834449534,55.95880161752132,851.3180205781044,正常
生产部B,VA-25,VA-25-002,2023-01-20 19:00:00,23.064222963154233,4.509293433932293,284.37855128860843,34.21870137493148,1740.4157767469978,松动
生产部B,VA-25,VA-25-001,2023-01-20 19:00:00,14.29918966596233,0.5107172495627791,20.45198755535445,55.41595680340935,1687.803054056928,正常
生产部B,VA-25,VA-25-002,2023-01-20 20:00:00,22.13660158570479,4.508608650856171,320.50570156355093,48.73807218766941,1683.036025036607,松动
生产部B,VA-25,VA-25-001,2023-01-20 20:00:00,24.272403543303493,0.1212717400292211,147.4345093519202,41.737543350870894,1429.2350286248459,正常
维修部A,VA-25,VA-25-004,2023-01-20 20:00:00,37.20659940507926,1.4553845019508658,69.06087618208335,43.05505698999242,1573.6713046931488,正常
生产部B,VA-25,VA-25-001,2023-01-20 21:00:00,13.954172129759536,0.8442707332625203,58.56803139117012,24.737882462388754,990.1770751260143,正常
生产部B,VA-25,VA-25-002,2023-01-20 21:00:00,33.0904228294251,4.386043851368916,50.666765704744115,42.230114166049,1151.0087540612699,松动
维修部A,VA-25,VA-25-004,2023-01-20 21:00:00,25.721816817432693,1.9231124965747772,86.5281657570241,54.88969802516447,878.8025114213957,正常
生产部B,VA-25,VA-25-001,2023-01-20 22:00:00,12.21980617266408,2.902793148215129,143.19100143282463,21.970791085600016,1648.6736038726838,不平衡
生产部B,VA-25,VA-25-002,2023-01-20 22:00:00,37.70291675824987,0.8015830951530716,76.86444692996942,56.12533267302584,1492.6093463420118,正常
维修部A,VA-25,VA-25-004,2023-01-20 22:00:00,33.204317721262775,1.1780375129828755,104.35231604876071,26.13951873152113,1132.4433355287222,正常
生产部B,VA-25,VA-25-001,2023-01-20 23:00:00,14.609293897122704,3.253025777878947,148.95730341036807,42.01046786628947,885.2564184249395,不平衡
生产部B,VA-25,VA-25-002,2023-01-20 23:00:00,47.86553232571896,1.2003473752796916,15.957013058984343,55.695989943647945,1385.7333775469465,正常
维修部A,VA-25,VA-25-004,2023-01-20 23:00:00,46.5438728386217,1.843117900899786,317.8348417151661,23.484404524245615,1074.9280654327265,正常
维修部A,VA-25,VA-25-004,2023-01-21 00:00:00,18.449913656521126,0.35689234582296503,11.861882533726657,38.85963348963902,853.260548151789,正常
生产部B,VA-25,VA-25-001,2023-01-21 00:00:00,35.07125885781989,3.5373438216001025,229.0188698902449,54.575903990397755,1590.130990389385,不平衡
生产部B,VA-25,VA-25-002,2023-01-21 00:00:00,37.80776625770492,1.4735480615944891,187.21773670878233,36.166965353924674,1172.9708857423095,正常
维修部A,VA-25,VA-25-004,2023-01-21 01:00:00,42.084682072017934,0.9517967711928541,271.28456030080474,57.955827919076576,1711.358297680266,正常
生产部B,VA-25,VA-25-001,2023-01-21 01:00:00,22.575165642719156,3.1818591647052124,171.7998706466669,51.200829826258975,1060.384237407732,不平衡
生产部B,VA-25,VA-25-002,2023-01-21 01:00:00,45.34085480466021,0.8342271489409363,240.75922230230563,36.11781461821445,1460.3494925828734,正常
维修部A,VA-25,VA-25-004,2023-01-21 02:00:00,14.157983337230178,1.5716420366710846,262.6898306375155,50.36476765008994,1019.8019235853923,正常
生产部B,VA-25,VA-25-001,2023-01-21 02:00:00,29.774665681627507,2.730633773836324,171.15646813093505,49.99782550527494,1274.5409982930737,不平衡
生产部B,VA-25,VA-25-002,2023-01-21 02:00:00,30.787423694853793,1.473491606984712,292.45647889400817,29.65543874711073,1209.283267014897,正常
生产部B,VA-25,VA-25-002,2023-01-21 03:00:00,34.75621274271455,1.5741779311411672,203.59144886649847,50.44420302943996,1527.5538222814469,正常
维修部A,VA-25,VA-25-004,2023-01-21 03:00:00,42.94483478311627,1.5432996444355538,347.5310143603653,56.94639184020461,1491.0029713159838,正常
生产部B,VA-25,VA-25-001,2023-01-21 03:00:00,29.088176587219813,3.4825441104210975,136.86104031862652,53.38618820304725,1655.642107673686,不平衡
生产部B,VA-25,VA-25-001,2023-01-21 04:00:00,33.72444459372022,3.1762356650648353,201.8097585693413,21.587030561936057,905.8713304945617,不平衡
维修部A,VA-25,VA-25-004,2023-01-21 04:00:00,14.178305151601824,1.3839112344041515,307.21129880009323,48.63492653654997,1223.2110019035335,正常
生产部B,VA-25,VA-25-002,2023-01-21 04:00:00,42.69241717309644,0.9480001855545716,43.67952140833546,26.130957864626623,1168.718327477132,正常
生产部B,VA-25,VA-25-002,2023-01-21 05:00:00,48.084573848214795,1.5417983949114467,8.504103089954324,55.58721689054041,1686.6222085910945,正常
维修部A,VA-25,VA-25-004,2023-01-21 05:00:00,33.11467765251567,0.5555463004424211,114.84282309846382,31.537899300401204,1424.3201549222217,正常
生产部B,VA-25,VA-25-001,2023-01-21 05:00:00,24.65163502958812,3.1185173190220397,215.03611979108192,28.311888347354717,1599.0354252742777,不平衡
维修部A,VA-25,VA-25-004,2023-01-21 06:00:00,46.331003164097574,0.7790447002976911,25.139474094812478,48.56323739528059,1582.2363420559177,正常
生产部B,VA-25,VA-25-001,2023-01-21 06:00:00,47.61091248445488,0.4426320521830384,198.23704048400168,45.47278293616807,1652.7608815888336,正常
生产部B,VA-25,VA-25-002,2023-01-21 06:00:00,49.06040980923948,0.6290275415032743,338.58350313565415,48.89338601737816,1629.623617201473,正常
维修部A,VA-25,VA-25-004,2023-01-21 07:00:00,30.102406642490013,1.4979268518135025,33.34401331175847,59.1184135029008,1817.492551394402,正常
生产部B,VA-25,VA-25-002,2023-01-21 07:00:00,49.433955529481,1.004623653602041,302.28121673914757,29.433180093102493,1432.4114995733971,正常
生产部B,VA-25,VA-25-001,2023-01-21 07:00:00,37.56517946850049,0.9676064738538976,233.249247000986,59.181292228869836,1147.0707432408167,正常
生产部B,VA-25,VA-25-001,2023-01-21 08:00:00,15.454636373687002,0.990408817154103,209.21777884308352,53.762636526052155,1115.174808373584,正常
维修部A,VA-25,VA-25-004,2023-01-21 08:00:00,18.577258163903647,1.8726568886788535,171.37535672740466,57.622540681049585,1765.0555037609702,正常
生产部B,VA-25,VA-25-002,2023-01-21 08:00:00,43.016640017150266,1.1429581974579255,225.2084717900633,35.53512977318206,1519.9818456406604,正常
生产部B,VA-25,VA-25-002,2023-01-21 09:00:00,40.5972480187262,1.7898972525123023,64.24410902975488,26.648327785762362,1014.1160500333956,正常
维修部A,VA-25,VA-25-004,2023-01-21 09:00:00,40.82443973774646,0.37973554244085195,17.169083915013978,31.913102994347142,1147.6019372568076,正常
生产部B,VA-25,VA-25-001,2023-01-21 09:00:00,39.44548757121534,1.1348716820962548,66.67420378838983,59.52336943826668,1723.3460642523276,正常
维修部A,VA-25,VA-25-004,2023-01-21 10:00:00,42.78245846596893,1.9889747046753397,307.7251522786733,48.581465237942965,1208.863368566846,正常
生产部B,VA-25,VA-25-001,2023-01-21 10:00:00,20.637247253348768,1.9770541512773019,325.54924190128077,47.833114084725345,816.1326359282078,正常
生产部B,VA-25,VA-25-002,2023-01-21 10:00:00,16.438405528902482,1.9056189859359565,197.74507249409152,47.157292462645934,1209.796881032625,正常
生产部B,VA-25,VA-25-002,2023-01-21 11:00:00,28.45970492687353,0.4377673531937808,278.8089452653165,29.383309179171267,1483.4892063443322,正常
生产部B,VA-25,VA-25-001,2023-01-21 11:00:00,20.427591159414874,0.25621648137941944,70.04406203789577,19.739549062554065,1152.1470087589391,正常
维修部A,VA-25,VA-25-004,2023-01-21 11:00:00,41.58030006459976,0.42475341331393035,359.88641692246506,46.20605420690227,1461.317503840616,正常
生产部B,VA-25,VA-25-002,2023-01-21 12:00:00,44.53491366535105,1.2595184036935492,52.30942470745252,55.06175426709104,1710.233945602045,正常
维修部A,VA-25,VA-25-004,2023-01-21 12:00:00,34.5648389629271,2.0217118474412064,155.80068790249467,21.376564561997903,1545.4100355644946,正常
生产部B,VA-25,VA-25-001,2023-01-21 12:00:00,21.30113759803769,0.012907161192293792,315.68896189368513,39.94429400476749,1216.1612849539652,正常
生产部B,VA-25,VA-25-002,2023-01-21 13:00:00,62.07222014545585,0.6586667961404814,120.64890552541436,36.825558036699675,1195.278246561566,不对中
生产部B,VA-25,VA-25-001,2023-01-21 13:00:00,24.170792786893173,0.36616202749088766,265.3915437600139,36.5689260829612,945.8743988134979,正常
维修部A,VA-25,VA-25-004,2023-01-21 13:00:00,36.333031491899675,0.9720952762738921,249.61297870389905,33.68296056564557,1400.7533812600293,正常
维修部A,VA-25,VA-25-004,2023-01-21 14:00:00,18.558543103566624,1.1563656715666768,33.57152677380216,33.687589442418,1410.9744180797913,正常
生产部B,VA-25,VA-25-001,2023-01-21 14:00:00,36.37477328381706,0.9013384259919527,114.55602459836713,54.74207348760312,976.3860636345554,正常
生产部B,VA-25,VA-25-002,2023-01-21 14:00:00,95.13935549878906,1.7161100379704874,145.326395286807,38.25178450788613,1741.035177599081,不对中
维修部A,VA-25,VA-25-004,2023-01-21 15:00:00,15.93657334122674,0.84901938524909,13.561715318188583,20.656101833860085,1393.1786006639531,正常
生产部B,VA-25,VA-25-002,2023-01-21 15:00:00,62.97956791649043,0.5155100109384372,139.92752893307656,19.00225004849683,1416.57973419617,不对中
生产部B,VA-25,VA-25-001,2023-01-21 15:00:00,91.86763804045775,0.622853207757817,148.44335045296498,58.90783003033962,1412.5155811271768,不对中
生产部B,VA-25,VA-25-002,2023-01-21 16:00:00,77.29661683860442,0.8979539375552383,127.67074294959758,44.26588337486643,917.5413646232378,不对中
生产部B,VA-25,VA-25-001,2023-01-21 16:00:00,92.72035051634622,1.063459560232575,137.50883731511962,20.42144721114645,891.7790199614981,不对中
维修部A,VA-25,VA-25-004,2023-01-21 16:00:00,27.766842947784543,0.6876558681075761,125.84602464675856,30.028074244077143,1041.496771106403,正常
生产部B,VA-25,VA-25-002,2023-01-21 17:00:00,66.07728196258668,0.5312084165183744,107.14000460821262,18.637562580556494,977.7274408991776,不对中
生产部B,VA-25,VA-25-001,2023-01-21 17:00:00,63.93540292732012,1.2780849688114395,131.3382626779316,48.9834699666938,955.5769187775554,不对中
维修部A,VA-25,VA-25-004,2023-01-21 17:00:00,42.90617267891603,0.6739069352893212,66.81574126578484,56.116192505222216,1374.6637778846703,正常
生产部B,VA-25,VA-25-001,2023-01-21 18:00:00,90.44017239853551,0.9689830058933959,102.69055847090065,46.028049123293016,1416.1842247760035,不对中
维修部A,VA-25,VA-25-004,2023-01-21 18:00:00,31.355538080572,1.976536647682573,190.3459965350531,46.65109395808493,1637.144916573306,正常
生产部B,VA-25,VA-25-002,2023-01-21 18:00:00,22.673664081985972,1.8615871614647932,319.6079000345327,58.90558976498753,1040.0294914195736,正常
维修部A,VA-25,VA-25-004,2023-01-21 19:00:00,39.95105748117569,0.7635158653688874,124.35768009391639,57.19714868104879,1495.0759612230897,正常
生产部B,VA-25,VA-25-001,2023-01-21 19:00:00,68.05438943269945,0.1141826958835237,149.16325906887903,46.47164120134376,1132.1794951176491,不对中
生产部B,VA-25,VA-25-002,2023-01-21 19:00:00,26.15688879804178,0.17532705844728044,145.176953293116,47.47152931913402,1094.489897430847,正常
生产部B,VA-25,VA-25-002,2023-01-21 20:00:00,26.087736379901948,1.6274101320804355,350.1004568693784,23.042789310062904,951.1673913091226,正常
维修部A,VA-25,VA-25-004,2023-01-21 20:00:00,32.971492445942815,0.9385463600316373,39.4203609335399,19.037245084747607,1348.7711244604548,正常
生产部B,VA-25,VA-25-001,2023-01-21 20:00:00,93.41999319919063,1.3829638596462073,114.40718261954503,56.22036778979073,1481.8488742979948,不对中
维修部A,VA-25,VA-25-004,2023-01-21 21:00:00,38.419349085455316,0.7351108172570398,147.30200610688624,38.45781911039409,939.7765087157294,正常
生产部B,VA-25,VA-25-002,2023-01-21 21:00:00,15.024115967335522,0.5540081806971825,349.7290388620764,30.55252347676675,1001.9542545522496,正常
生产部B,VA-25,VA-25-001,2023-01-21 21:00:00,48.2851905659409,2.6044284445131156,147.52666244369865,27.691936335581257,1055.1854344037638,不平衡
维修部A,VA-25,VA-25-004,2023-01-21 22:00:00,39.2171232593761,1.3419549030088647,347.8701563760732,32.54258540531654,1477.4612179201233,正常
生产部B,VA-25,VA-25-002,2023-01-21 22:00:00,20.552864917576333,1.9534838872533766,69.34371941199595,54.82784513243849,1754.95162156503,正常
生产部B,VA-25,VA-25-001,2023-01-21 22:00:00,33.53210195060637,2.7112346072500357,181.83761872610228,37.26881194040621,1140.6473163466878,不平衡
生产部B,VA-25,VA-25-001,2023-01-21 23:00:00,40.9760476042699,2.6377043770777755,174.49462267170497,34.92684424699277,793.3884943541368,不平衡
生产部B,VA-25,VA-25-002,2023-01-21 23:00:00,15.895078469831876,1.8926890920328048,169.07024709854494,44.5108447234739,1690.2224258778076,正常
维修部A,VA-25,VA-25-004,2023-01-21 23:00:00,27.592438297385662,0.3507612377770228,310.84154187071834,27.281419079314972,981.5428524354307,正常
维修部A,VA-25,VA-25-004,2023-01-22 00:00:00,43.59901962062075,0.35383990327447146,105.7960724329196,51.878607676412095,1657.331412052332,正常
生产部B,VA-25,VA-25-002,2023-01-22 00:00:00,12.859825986103052,1.8038534471740695,288.5037020907491,24.843164397387866,1603.4018715136451,正常
生产部B,VA-25,VA-25-001,2023-01-22 00:00:00,12.883295266215608,3.288784424245243,209.64796215912637,58.10304911422444,949.9743159502665,不平衡
生产部B,VA-25,VA-25-001,2023-01-22 01:00:00,41.53396494392313,2.4920666668636926,216.61148828416162,21.712481074699834,1090.1854478172786,不平衡
维修部A,VA-25,VA-25-004,2023-01-22 01:00:00,46.79882977434309,2.980237644133069,199.3051984316263,28.386857749447394,1317.2996817797537,不平衡
生产部B,VA-25,VA-25-002,2023-01-22 01:00:00,50.00029100140884,1.985260759058963,349.261045691942,31.477849627826068,1317.7368409992296,正常
生产部B,VA-25,VA-25-001,2023-01-22 02:00:00,39.18861222245558,1.5271983431538911,271.009663713321,47.00324668768309,993.7344438185957,正常
维修部A,VA-25,VA-25-004,2023-01-22 02:00:00,31.903892711986096,3.019833014399596,167.25487623777656,39.937070601138494,1061.193527822786,不平衡
生产部B,VA-25,VA-25-002,2023-01-22 02:00:00,29.381270728256823,0.2472995744660225,201.68539284240862,44.93663910979838,1320.115984619859,正常
生产部B,VA-25,VA-25-001,2023-01-22 03:00:00,18.536781045285,3.2674794905813913,205.2857169072763,43.42204444150419,1284.407287082082,不平衡
生产部B,VA-25,VA-25-002,2023-01-22 03:00:00,42.24725830052805,1.8368758701522603,10.054229458208528,41.018052756628244,871.3257386561719,正常
维修部A,VA-25,VA-25-004,2023-01-22 03:00:00,32.5238767697041,2.6711575208673346,217.72662396912085,54.7777507058101,1112.3169643542337,不平衡
生产部B,VA-25,VA-25-001,2023-01-22 04:00:00,18.815992338116732,2.4701075574036255,193.07765957256984,23.43038283979167,1742.0271455520442,不平衡
维修部A,VA-25,VA-25-004,2023-01-22 04:00:00,15.344735524029902,1.0709867483628497,49.32220317248558,52.68253117272547,1209.0597033274098,正常
生产部B,VA-25,VA-25-002,2023-01-22 04:00:00,34.4741261496359,1.9849016631607597,285.715176177606,42.403597461212364,873.4195654652927,正常
生产部B,VA-25,VA-25-001,2023-01-22 05:00:00,43.8768720542934,3.353754632985657,151.66470149073837,49.98452831351533,1571.4282501304965,不平衡
维修部A,VA-25,VA-25-004,2023-01-22 05:00:00,13.147248613283821,1.0141197536340385,339.6633657285694,41.81374155329682,1495.034171927454,正常
生产部B,VA-25,VA-25-002,2023-01-22 05:00:00,24.104003054605506,0.28548204881829503,295.14364904790244,41.76319177031169,1598.7875646704092,正常
生产部B,VA-25,VA-25-001,2023-01-22 06:00:00,11.528430260670822,1.4970866633896356,288.46039860049643,33.18118290954088,1264.800967033175,正常
维修部A,VA-25,VA-25-004,2023-01-22 06:00:00,23.094619105762348,0.6979785359280595,146.22169909358894,45.44338043921851,1307.7964398848653,正常
生产部B,VA-25,VA-25-002,2023-01-22 06:00:00,12.448221100036553,1.6078542674104395,171.5669474164873,26.907468036944717,806.8421053032699,正常
生产部B,VA-25,VA-25-002,2023-01-22 07:00:00,47.92677353607619,0.5098716923162268,308.6120038643902,27.26237155989061,1709.3004392435269,正常
生产部B,VA-25,VA-25-001,2023-01-22 07:00:00,26.78588770967012,0.9702604239124637,102.36320220001444,46.9592356413381,1408.114722182767,正常
维修部A,VA-25,VA-25-004,2023-01-22 07:00:00,12.626943101115678,2.0843852183855116,208.44792990297887,38.148791871168,1120.1250133566111,正常
维修部A,VA-25,VA-25-004,2023-01-22 08:00:00,29.506385598131093,0.8501052773074551,348.5428579342797,20.380008603475922,1779.9843847942504,正常
生产部B,VA-25,VA-25-001,2023-01-22 08:00:00,18.507858686840876,1.2780827586550592,149.66472875523857,59.039648821321336,1363.2092703375688,正常
生产部B,VA-25,VA-25-002,2023-01-22 08:00:00,15.192935096445963,1.9201120991788811,280.9800227840662,49.66956400345212,1768.5472895645837,正常
维修部A,VA-25,VA-25-004,2023-01-22 09:00:00,49.8346068449948,1.0936694235102349,352.059143450403,31.425541789290424,1082.4899668556093,正常
生产部B,VA-25,VA-25-001,2023-01-22 09:00:00,10.359317301658239,0.14357449280280699,220.9783366394702,20.62037156094524,920.1827044824264,正常
生产部B,VA-25,VA-25-002,2023-01-22 09:00:00,31.44961376079574,1.74795920404322,6.669420599951627,36.693580694329185,1718.7386122997582,正常
维修部A,VA-25,VA-25-004,2023-01-22 10:00:00,41.979960181714425,1.9251387586021327,352.26166725179843,48.464039706082296,948.9791700376425,正常
生产部B,VA-25,VA-25-001,2023-01-22 10:00:00,31.609382579866413,1.4487191859345592,183.18756438930077,35.35440588926197,1784.4602297095792,正常
生产部B,VA-25,VA-25-002,2023-01-22 10:00:00,30.681544336285924,0.8078692710179233,227.78404391680368,49.44424229657265,1348.9888059938314,正常
生产部B,VA-25,VA-25-001,2023-01-22 11:00:00,62.39915205572662,0.5657448473082279,110.34157199348645,34.16681241364327,1659.9641369867122,不对中
生产部B,VA-25,VA-25-002,2023-01-22 11:00:00,28.746169493646903,0.1797699679149771,286.5507934835054,21.383509445341744,1461.7423637583195,正常
维修部A,VA-25,VA-25-004,2023-01-22 11:00:00,41.01628363267199,0.6316951719078041,181.86621923732008,53.752514361721,1085.3828826197393,正常
生产部B,VA-25,VA-25-001,2023-01-22 12:00:00,97.61363444714382,0.7143218616220226,101.01008284213329,37.174739045294565,930.2774791167164,不对中
生产部B,VA-25,VA-25-002,2023-01-22 12:00:00,29.369126652049452,1.7170776317006067,274.7025954157767,27.106067994873474,1387.8947669254762,正常
维修部A,VA-25,VA-25-004,2023-01-22 12:00:00,31.71919717798896,0.3954008456071308,74.90768911158902,24.334533376473196,1621.241681336407,正常
维修部A,VA-25,VA-25-004,2023-01-22 13:00:00,12.273738350821759,1.9015537503120101,275.66871734031304,47.20763501379816,1431.7398396356596,正常
生产部B,VA-25,VA-25-001,2023-01-22 13:00:00,77.86697631452716,0.9510475733623017,143.35911751217367,55.293156282047505,1569.2029606220763,不对中
生产部B,VA-25,VA-25-002,2023-01-22 13:00:00,41.358253075896506,0.8111059611079445,36.730727953122404,30.75645637408976,1044.5343908127268,正常
生产部B,VA-25,VA-25-001,2023-01-22 14:00:00,38.21208301818707,0.9507782486050771,29.081305934446053,25.06012898103851,1310.5361890537797,正常
维修部A,VA-25,VA-25-004,2023-01-22 14:00:00,20.60043353442034,1.367308965179459,44.10263628509387,22.78248386308079,900.3037265115903,正常
生产部B,VA-25,VA-25-002,2023-01-22 14:00:00,31.24725804477102,1.475007604872541,340.9061905668609,26.989705106199715,996.5010359933711,正常
维修部A,VA-25,VA-25-004,2023-01-22 15:00:00,40.07303789775058,0.6119821865454206,338.2938302471542,30.723096237207315,1569.8794877565192,正常
生产部B,VA-25,VA-25-002,2023-01-22 15:00:00,26.43699369837506,1.1871748082287406,342.81423277382606,50.786674817521096,1253.5951734744278,正常
生产部B,VA-25,VA-25-001,2023-01-22 15:00:00,9.042377713638706,0.7807373427695619,308.1942918710063,25.267736306319065,1138.5153008697978,正常
维修部A,VA-25,VA-25-004,2023-01-22 16:00:00,50.12281325698803,1.505999378465964,283.4842423749799,57.087600085437685,854.4310604227845,正常
生产部B,VA-25,VA-25-002,2023-01-22 16:00:00,39.38618594643802,1.8273023723966464,172.49994669290993,40.10385345279431,1390.8029705988451,正常
生产部B,VA-25,VA-25-001,2023-01-22 16:00:00,22.121512202725942,0.701346188234231,200.92078463834784,59.035583478511406,1690.8476804810316,正常
生产部B,VA-25,VA-25-002,2023-01-22 17:00:00,37.24921823219819,4.738451848668706,300.2273823691461,61.40415356274034,1800.2321421364838,松动
维修部A,VA-25,VA-25-004,2023-01-22 17:00:00,24.06138945676361,0.45536392230993583,227.6432716492859,20.399477036585903,1592.431133250175,正常
生产部B,VA-25,VA-25-001,2023-01-22 17:00:00,9.430403378714924,0.07374654543796383,329.24188685772555,29.773171449049087,1416.7864510883408,正常
生产部B,VA-25,VA-25-001,2023-01-22 18:00:00,22.053599559777176,0.24621260765289937,302.67858373744235,48.87581357600253,1571.9298578670289,正常
维修部A,VA-25,VA-25-004,2023-01-22 18:00:00,43.633070054196104,0.6023213437277126,323.30630684841304,43.38552335979246,1674.1134393149039,正常
生产部B,VA-25,VA-25-002,2023-01-22 18:00:00,23.569258315939493,4.485229872004195,312.50806459141813,32.4839111176499,1622.290942172288,松动
生产部B,VA-25,VA-25-001,2023-01-22 19:00:00,16.095243634905312,1.9648801739323596,301.0134203686318,36.69437433482318,1123.0817526522826,正常
维修部A,VA-25,VA-25-004,2023-01-22 19:00:00,24.265009137337415,1.934827278175297,259.2677046498801,45.099072065703886,1731.9117147350514,正常
生产部B,VA-25,VA-25-002,2023-01-22 19:00:00,37.29765653542996,3.4953925707039692,247.11529967768814,32.07801674520896,1447.6845431856773,松动
生产部B,VA-25,VA-25-001,2023-01-22 20:00:00,18.785131490175633,1.822553849674635,334.8341299821835,30.029523757990933,1200.7701260100123,正常
维修部A,VA-25,VA-25-004,2023-01-22 20:00:00,20.78899374026023,2.01953124909162,273.4487368234979,23.132976651218385,900.6438568022324,正常
生产部B,VA-25,VA-25-002,2023-01-22 20:00:00,38.23848240061932,4.2112859863930705,139.0300664408053,22.413659691977024,1071.2407388680692,松动
生产部B,VA-25,VA-25-001,2023-01-22 21:00:00,28.412913389580428,0.505648377956436,45.13817756841702,46.38382039992125,1617.025647896058,正常
维修部A,VA-25,VA-25-004,2023-01-22 21:00:00,18.919526691077905,0.7404132906120571,61.618498535424145,52.13527633010324,1185.6820361277892,正常
生产部B,VA-25,VA-25-002,2023-01-22 21:00:00,36.66621627480101,4.6727754569680435,263.95082932140764,60.5880613319229,1467.545336011611,松动
维修部A,VA-25,VA-25-004,2023-01-22 22:00:00,29.275832449655432,0.2969204193533387,318.85627947974365,44.8483750981834,885.0249102675039,正常
生产部B,VA-25,VA-25-002,2023-01-22 22:00:00,32.16095264462445,4.324088823760719,35.49807418645986,36.583078838781134,1700.6672144624235,松动
生产部B,VA-25,VA-25-001,2023-01-22 22:00:00,44.30468184014754,0.7969846772101686,0.0,28.51498738464928,1720.012330737674,正常
维修部A,VA-25,VA-25-004,2023-01-22 23:00:00,48.84647164912079,0.3674728794431594,45.01098593594949,41.307252208566304,1004.5799618548625,正常
生产部B,VA-25,VA-25-002,2023-01-22 23:00:00,38.859384750759546,1.3644348004986546,160.92247053444396,25.656879348045255,1656.493417676922,正常
生产部B,VA-25,VA-25-001,2023-01-22 23:00:00,20.29185504460024,0.5346597475828786,230.87895713448967,55.77737523580116,1001.6982419647748,正常
生产部B,VA-25,VA-25-002,2023-01-23 00:00:00,16.408400536377552,1.229212485155713,99.29055474823231,23.775533854468584,899.6584433250235,正常
维修部A,VA-25,VA-25-004,2023-01-23 00:00:00,17.281620244497017,1.4692198059101824,325.62614686661794,57.39336708497802,1494.1813311824744,正常
生产部B,VA-25,VA-25-001,2023-01-23 00:00:00,35.67569342460189,0.2786330289708699,326.4522348214498,24.3400113573459,1507.3801382900253,正常
生产部B,VA-25,VA-25-002,2023-01-23 01:00:00,43.301897504811755,1.5526245905918294,25.802804960976882,56.33486558792994,828.9583035439268,正常
维修部A,VA-25,VA-25-004,2023-01-23 01:00:00,32.43207729650127,1.393798697576219,152.3434178923606,19.175314455725868,1672.727355003654,正常
生产部B,VA-25,VA-25-001,2023-01-23 01:00:00,13.965519355268468,0.9969763143315962,121.63584771614559,44.97825283107124,984.8453556944655,正常
生产部B,VA-25,VA-25-001,2023-01-23 02:00:00,17.165986410458416,1.555830150416497,334.8129344945194,37.64967279969229,1322.901922444329,正常
维修部A,VA-25,VA-25-004,2023-01-23 02:00:00,17.287000951856875,0.4743023231927657,237.04126076083648,50.70874747524712,1093.11213724499,正常
生产部B,VA-25,VA-25-002,2023-01-23 02:00:00,17.261775087820787,0.5109550361380767,27.946684970544048,23.134401049913826,1282.4132033378871,正常
维修部A,VA-25,VA-25-004,2023-01-23 03:00:00,47.44709049404026,1.2180733434831752,336.8890981567806,50.300164927065524,1721.103177765123,正常
生产部B,VA-25,VA-25-001,2023-01-23 03:00:00,17.178458588360456,1.6932390784162086,43.89251488075105,42.055574467719275,1573.9977789724232,正常
生产部B,VA-25,VA-25-002,2023-01-23 03:00:00,39.80418232814787,0.8132611506764746,244.17657565562246,54.70019341143556,812.5322905333513,正常
生产部B,VA-25,VA-25-002,2023-01-23 04:00:00,32.08989976546182,1.010533781677422,299.7552516218712,40.469646428270075,858.1628088872893,正常
生产部B,VA-25,VA-25-001,2023-01-23 04:00:00,40.88330203766878,0.9996354762351288,54.78698043387929,23.138670453533727,1313.1682997677126,正常
维修部A,VA-25,VA-25-004,2023-01-23 04:00:00,32.37356020685542,0.3230589680310846,356.6900301164993,51.25494678325287,1463.8354297655958,正常
维修部A,VA-25,VA-25-004,2023-01-23 05:00:00,27.315139813617154,1.9158742606956964,176.37988252644303,55.69197153367995,1170.0062648290661,正常
生产部B,VA-25,VA-25-002,2023-01-23 05:00:00,31.443398172567445,0.39207966776670766,181.47762367828182,50.07891057206446,870.7413434084876,正常
生产部B,VA-25,VA-25-001,2023-01-23 05:00:00,32.273019711508965,0.7456591741207946,155.5944442438833,45.62252759270614,1127.9958798572056,正常
生产部B,VA-25,VA-25-002,2023-01-23 06:00:00,31.13874222646245,4.227768190862787,308.11076890383936,55.43342172039179,1811.966368371736,松动
生产部B,VA-25,VA-25-001,2023-01-23 06:00:00,11.586062043375108,1.6117470439857566,53.8166020475701,37.96380749792798,1220.7883995714471,正常
维修部A,VA-25,VA-25-004,2023-01-23 06:00:00,22.16574960382909,2.432777060225768,216.01050355775757,20.836394712664532,951.3403350674289,不平衡
维修部A,VA-25,VA-25-004,2023-01-23 07:00:00,12.485215939588343,2.487115877582694,153.72800881552456,21.666924157741583,1649.4042929280006,不平衡
生产部B,VA-25,VA-25-002,2023-01-23 07:00:00,22.89687643459171,4.42023042023105,273.316368529196,44.294018883995435,1499.3070990471942,松动
生产部B,VA-25,VA-25-001,2023-01-23 07:00:00,93.91507876859475,0.3558672020038313,136.3068727581935,59.29464548887774,1677.8699503384435,不对中
维修部A,VA-25,VA-25-004,2023-01-23 08:00:00,36.18551811672371,3.5931944984855044,149.49391641327344,56.998120705161206,1137.0212890434889,不平衡
生产部B,VA-25,VA-25-001,2023-01-23 08:00:00,60.12332773921521,1.27034525239315,108.18986784460256,55.378774535787144,894.3779824564165,不对中
生产部B,VA-25,VA-25-002,2023-01-23 08:00:00,28.28504364535081,3.299763001489609,335.34139357200036,41.603430342082945,1226.3585906785163,松动
维修部A,VA-25,VA-25-004,2023-01-23 09:00:00,41.390205903525455,3.004857350605505,196.6175514956349,18.638875034058103,1501.8411451402012,不平衡
生产部B,VA-25,VA-25-002,2023-01-23 09:00:00,31.554025913451778,3.3564752188573737,63.47344079018578,25.161567940833276,1373.1953644269372,松动
生产部B,VA-25,VA-25-001,2023-01-23 09:00:00,86.22255809632999,1.4058199492679413,110.02026040342683,32.18410206174162,1817.0640173543784,不对中
生产部B,VA-25,VA-25-002,2023-01-23 10:00:00,27.004681317323715,3.584482283069521,180.37370115162142,32.12154703123678,954.6894621494247,松动
生产部B,VA-25,VA-25-001,2023-01-23 10:00:00,15.119302861185782,1.4724761233245767,99.05395981728614,23.072421156775675,1181.9444471899676,正常
维修部A,VA-25,VA-25-004,2023-01-23 10:00:00,46.47237327221428,1.9096671257788835,223.76157172035258,56.054450329841586,896.0203704881114,正常
维修部A,VA-25,VA-25-004,2023-01-23 11:00:00,13.372772947825979,0.3102033154919669,319.5030503680795,49.72253374766335,823.9005821211987,正常
生产部B,VA-25,VA-25-002,2023-01-23 11:00:00,31.391670534314635,4.463462060928173,302.0969289631064,51.424163073467746,1155.9056029354135,松动
生产部B,VA-25,VA-25-001,2023-01-23 11:00:00,73.0494556725271,2.575516460734458,1.670216098834473,65.02831282385264,1149.623917046912,轴承故障
维修部A,VA-25,VA-25-004,2023-01-23 12:00:00,27.29722870062318,0.47476260064484743,61.98743540585074,42.35029379798893,1668.883510753835,正常
生产部B,VA-25,VA-25-002,2023-01-23 12:00:00,23.672521561648143,4.861995428954874,221.0790313757001,52.139505269488616,1011.4251342055289,松动
生产部B,VA-25,VA-25-001,2023-01-23 12:00:00,74.1898168214728,2.959909545055491,97.14200977060467,63.49438069520909,983.9667266195195,轴承故障
生产部B,VA-25,VA-25-001,2023-01-23 13:00:00,82.04685097666531,2.6721386170741113,186.8282985345343,63.71598690491225,895.7890237046768,轴承故障
维修部A,VA-25,VA-25-004,2023-01-23 13:00:00,44.13598397178674,0.9332797297757306,206.1857480354773,49.43806515382432,1592.891553082428,正常
生产部B,VA-25,VA-25-002,2023-01-23 13:00:00,21.55542303982383,3.1426982140535213,34.10248902908757,31.87174461196256,1238.5097805796918,松动
生产部B,VA-25,VA-25-001,2023-01-23 14:00:00,89.3694489729473,2.604281478356408,276.22955236923434,65.58028175895078,1133.1127153657148,轴承故障
维修部A,VA-25,VA-25-004,2023-01-23 14:00:00,11.285334729669389,0.4773895985450081,148.10423740510646,43.88149440281235,842.6985168750332,正常
生产部B,VA-25,VA-25-002,2023-01-23 14:00:00,11.066875416669397,1.590949509902736,121.77389060883326,33.57886161200113,801.5336683666935,正常
生产部B,VA-25,VA-25-001,2023-01-23 15:00:00,89.66823499705251,3.2359093488440656,260.68416700817596,64.18261978078391,1649.0678486507304,轴承故障
生产部B,VA-25,VA-25-002,2023-01-23 15:00:00,12.142649792158894,3.583676701351343,181.9399463710009,44.92924503503694,1215.7960432846205,不平衡
维修部A,VA-25,VA-25-004,2023-01-23 15:00:00,20.510254923138493,1.8138793689150883,64.74064270281691,20.002979478934073,894.68911255225,正常
维修部A,VA-25,VA-25-004,2023-01-23 16:00:00,44.0509488700185,0.5681222047733768,186.3224921755843,57.533997932091154,1410.7381467559708,正常
生产部B,VA-25,VA-25-001,2023-01-23 16:00:00,30.844695000001146,1.7406062507574789,82.96010527893966,61.25060762830615,976.5315862813362,正常
生产部B,VA-25,VA-25-002,2023-01-23 16:00:00,49.043616525760115,2.530590060955926,140.64072098220396,45.48555238890186,1484.0589089427506,不平衡
维修部A,VA-25,VA-25-004,2023-01-23 17:00:00,48.33884953585559,1.0121410587926996,282.45036088918675,55.397864829839435,1524.0573524563831,正常
生产部B,VA-25,VA-25-002,2023-01-23 17:00:00,41.13593779971736,3.381629751818913,221.01878032205047,37.263048747634286,1106.6882286211487,不平衡
生产部B,VA-25,VA-25-001,2023-01-23 17:00:00,13.158821460739334,0.48847086038647586,83.09892892431536,55.470278927789195,1715.8231803448925,正常
生产部B,VA-25,VA-25-001,2023-01-23 18:00:00,17.81151626735765,0.3099994059677332,298.33565896874256,45.95232735920304,1577.9143236918737,正常
维修部A,VA-25,VA-25-004,2023-01-23 18:00:00,40.51806870635211,1.5339381552173599,125.73744281020936,21.76506317052284,1613.4935128432928,正常
生产部B,VA-25,VA-25-002,2023-01-23 18:00:00,41.42047007933459,2.727512723242986,151.05012314971816,28.707360067680725,1251.703817961319,不平衡
维修部A,VA-25,VA-25-004,2023-01-23 19:00:00,21.27460908329985,1.5672799762603962,41.56891172448314,32.617483152017485,1776.2305872310399,正常
生产部B,VA-25,VA-25-002,2023-01-23 19:00:00,50.88108883813472,3.2359928317692033,205.02188907501,38.2364444212064,1150.6444973565722,不平衡
生产部B,VA-25,VA-25-001,2023-01-23 19:00:00,22.774807665017132,1.6991135532825776,327.6643770693639,22.46323897613324,1047.47752918748,正常
生产部B,VA-25,VA-25-002,2023-01-23 20:00:00,35.43765996606228,2.96901640434946,151.34216636364403,58.34076353196069,1447.4666320639537,不平衡
生产部B,VA-25,VA-25-001,2023-01-23 20:00:00,36.2846497752064,0.8543294764475426,155.3964147596231,35.309476696446254,987.4861531307837,正常
维修部A,VA-25,VA-25-004,2023-01-23 20:00:00,42.92951558987494,1.6309931980025452,0.0,47.08264613875286,906.880589592184,正常
生产部B,VA-25,VA-25-002,2023-01-23 21:00:00,27.157579763738287,2.5577348658658807,128.7413399482069,37.18233033162986,1319.8567142503882,不平衡
生产部B,VA-25,VA-25-001,2023-01-23 21:00:00,15.861759804505073,0.11527515285665871,179.92710977602974,58.58201419568449,901.9808497970049,正常
维修部A,VA-25,VA-25-004,2023-01-23 21:00:00,14.22305266467042,1.6107296224875927,116.07106916958121,49.514850358870255,1209.0785757595395,正常
生产部B,VA-25,VA-25-002,2023-01-23 22:00:00,33.32544288882623,1.3978588277976984,117.28581574760015,57.39249851854597,1048.6256110385093,正常
生产部B,VA-25,VA-25-001,2023-01-23 22:00:00,15.513845814700058,1.2639175341875326,169.7758970430251,22.236956499930685,866.7949364272665,正常
维修部A,VA-25,VA-25-004,2023-01-23 22:00:00,9.660008377443479,1.109091421855496,308.59312765327866,44.68256279556127,1075.04870892089,正常
维修部A,VA-25,VA-25-004,2023-01-23 23:00:00,14.522091139612842,0.18697243864814186,114.38474204179887,33.32231651436234,1621.1974100550917,正常
生产部B,VA-25,VA-25-001,2023-01-23 23:00:00,23.803429839178634,1.6588739756102362,226.1788323441154,58.31574526201813,1167.9219952926162,正常
生产部B,VA-25,VA-25-002,2023-01-23 23:00:00,16.98560235374299,1.2934415777410042,85.47792426690083,23.140232726184653,942.8489937950508,正常
生产部B,VA-25,VA-25-002,2023-01-24 00:00:00,24.362070086001243,0.5047293123401929,245.6862828820345,39.75644730215361,1062.3811861700249,正常
维修部A,VA-25,VA-25-004,2023-01-24 00:00:00,40.741019621162245,0.9745551988774436,144.90101618117757,33.845390538624855,1332.3106518890581,正常
生产部B,VA-25,VA-25-001,2023-01-24 00:00:00,46.163121125758906,0.2321989989074734,104.01806942289375,55.87588562253218,1491.535438341818,正常
生产部B,VA-25,VA-25-001,2023-01-24 01:00:00,34.96885945232506,0.17055627856988526,176.792448548699,50.53181021393575,1655.1838606797864,正常
维修部A,VA-25,VA-25-004,2023-01-24 01:00:00,18.141374979025084,0.3152830045403081,165.2792282615469,40.81364509008391,1132.3304537334136,正常
生产部B,VA-25,VA-25-002,2023-01-24 01:00:00,63.43860384229584,1.6444730669190883,110.65555543247909,47.42740768136725,1233.701558927335,不对中
维修部A,VA-25,VA-25-004,2023-01-24 02:00:00,39.745007669483286,3.1530897685362875,175.17750079080898,30.82450331982297,955.0193856292666,不平衡
生产部B,VA-25,VA-25-002,2023-01-24 02:00:00,89.115642266359,0.3237367068573952,136.71440622810667,43.97469240267706,802.3950862602446,不对中
生产部B,VA-25,VA-25-001,2023-01-24 02:00:00,34.46576972907305,0.30659557192918907,239.6362614307802,41.23043779286953,1062.4734050507363,正常
生产部B,VA-25,VA-25-002,2023-01-24 03:00:00,73.24847097431734,1.9101748430725465,111.21484127705071,58.23002146486582,830.7546753270548,不对中
生产部B,VA-25,VA-25-001,2023-01-24 03:00:00,28.95823758051325,0.7305570105283202,334.4104911313239,40.007886479505665,1332.8291037688307,正常
维修部A,VA-25,VA-25-004,2023-01-24 03:00:00,21.175749904269637,3.3807383153116,135.77915604105723,46.807777440026804,909.278260064765,不平衡
生产部B,VA-25,VA-25-002,2023-01-24 04:00:00,69.0587947930665,1.6719987900809017,143.00712496665332,33.76132285356812,1309.0731150032534,不对中
生产部B,VA-25,VA-25-001,2023-01-24 04:00:00,12.162887969404077,1.0723529609656954,335.96899237546234,47.757513889267585,1141.8970368231298,正常
维修部A,VA-25,VA-25-004,2023-01-24 04:00:00,18.881517015612676,2.50295271251761,147.48045391463845,36.98393041067702,1162.4554055585343,不平衡
生产部B,VA-25,VA-25-002,2023-01-24 05:00:00,81.46128416207475,0.41283703022066215,100.90192368532581,54.01138770327852,1351.9833700595036,不对中
生产部B,VA-25,VA-25-001,2023-01-24 05:00:00,17.568830553386583,1.3303520123910615,354.27850455904115,53.90967881882428,1761.4731540267485,正常
维修部A,VA-25,VA-25-004,2023-01-24 05:00:00,33.92531990484226,3.446944252380705,133.27397546463772,40.11589262629653,1631.7012785540517,不平衡
维修部A,VA-25,VA-25-004,2023-01-24 06:00:00,34.40447136160357,3.2687331684171337,166.2921379299411,41.164650926165685,1297.4357734124742,不平衡
生产部B,VA-25,VA-25-001,2023-01-24 06:00:00,81.16067298357993,4.424949960526643,229.323178096796,41.342309569471766,1341.929227276261,共振
生产部B,VA-25,VA-25-002,2023-01-24 06:00:00,24.95931749794913,0.6199880860306313,342.98635433250104,19.57377910730653,1761.4919896487793,正常
维修部A,VA-25,VA-25-004,2023-01-24 07:00:00,20.554588284595713,2.7830427965638957,169.97822979408247,21.680509633852132,1703.2717837760404,不平衡
生产部B,VA-25,VA-25-001,2023-01-24 07:00:00,83.82319267926616,4.955590101376728,13.118099282073842,41.36626202656649,1121.4280872930963,共振
生产部B,VA-25,VA-25-002,2023-01-24 07:00:00,96.06943137409182,4.470024390583566,290.61791832731586,46.122384820401656,1777.1827171816558,共振
维修部A,VA-25,VA-25-004,2023-01-24 08:00:00,50.88725460491879,2.8524847174601695,141.75171635324375,47.96996307465855,1680.7834810685333,不平衡
生产部B,VA-25,VA-25-002,2023-01-24 08:00:00,110.88463645662851,3.692891646232731,98.81143856970692,37.26264657263551,919.2414661266417,共振
生产部B,VA-25,VA-25-001,2023-01-24 08:00:00,94.89619504830621,3.598322414858468,63.45286586085356,32.114747208504774,821.8090066213617,共振
生产部B,VA-25,VA-25-002,2023-01-24 09:00:00,103.94303607321586,4.058574419901787,247.4941081909624,36.337656967720754,1740.7843912248595,共振
生产部B,VA-25,VA-25-001,2023-01-24 09:00:00,107.20357765534186,4.40609279388356,26.01752731422991,31.874027692214693,879.5311966874818,共振
维修部A,VA-25,VA-25-004,2023-01-24 09:00:00,34.17121614487153,3.02624266609461,310.33127581619334,48.92359810736634,1406.290006883583,松动
维修部A,VA-25,VA-25-004,2023-01-24 10:00:00,38.158853203480405,3.6704478610318882,181.51851775544645,41.663317885694475,1083.5813011692119,松动
生产部B,VA-25,VA-25-002,2023-01-24 10:00:00,17.0991218848932,0.7794755258021958,99.07552145534254,48.456335691422595,1557.5817668712102,正常
生产部B,VA-25,VA-25-001,2023-01-24 10:00:00,92.82590695613463,3.6485013197151908,247.0484761375928,58.66545938608508,1820.1748278132025,共振
生产部B,VA-25,VA-25-002,2023-01-24 11:00:00,15.58320829088191,0.21422655012826586,110.58039453691379,38.80020017439095,1708.3321096875231,正常
维修部A,VA-25,VA-25-004,2023-01-24 11:00:00,32.33529807131841,3.4150018699731475,316.92821714470057,30.422594831764528,1486.9257964382266,松动
生产部B,VA-25,VA-25-001,2023-01-24 11:00:00,91.07675839174567,4.759449107420586,57.979360551115384,29.47234144717679,1676.0840403939878,共振
生产部B,VA-25,VA-25-002,2023-01-24 12:00:00,22.48438564966813,1.6205061220717074,367.21746740753935,56.52454654070222,998.7354407708856,正常
维修部A,VA-25,VA-25-004,2023-01-24 12:00:00,36.517477672786974,4.435528864905872,114.28941653551603,51.566995589912274,1606.5004212310528,松动
生产部B,VA-25,VA-25-001,2023-01-24 12:00:00,35.05808434300286,0.5644670964283,220.64202855052562,49.83597769608362,1381.831592296306,正常
维修部A,VA-25,VA-25-004,2023-01-24 13:00:00,31.45118576734084,3.9692919253443657,264.4787636614414,49.07847181967008,1289.889794479913,松动
生产部B,VA-25,VA-25-002,2023-01-24 13:00:00,18.45722778594892,1.1776431774414764,351.577142921308,21.184992724810375,1518.8116029959497,正常
生产部B,VA-25,VA-25-001,2023-01-24 13:00:00,39.6120107326314,1.4905046964174231,163.8648528495444,52.84342279347316,1117.9028663829715,正常
维修部A,VA-25,VA-25-004,2023-01-24 14:00:00,32.5124351848725,4.820046995228392,129.20285303401778,37.50350154263191,1489.8894931597176,松动
生产部B,VA-25,VA-25-001,2023-01-24 14:00:00,29.733995174651202,1.344170502071914,171.66095026128326,25.485783887054577,1787.8726793299743,正常
生产部B,VA-25,VA-25-002,2023-01-24 14:00:00,22.619079407199294,1.3904359126025527,134.3876982591775,57.220988592482165,1222.3507387971517,正常
维修部A,VA-25,VA-25-004,2023-01-24 15:00:00,34.98418395846731,4.3970374124204845,115.29661378533197,42.25618649878548,1793.8637682835079,松动
生产部B,VA-25,VA-25-002,2023-01-24 15:00:00,37.029394299322554,1.7102800609284612,63.77219911804507,27.797269095710618,811.1779663312703,正常
生产部B,VA-25,VA-25-001,2023-01-24 15:00:00,20.917374263511647,0.14604034597002719,214.5731963811504,54.96216024418445,1014.6088458109914,正常
生产部B,VA-25,VA-25-002,2023-01-24 16:00:00,23.52902178847711,0.5864816351742638,227.13876848966046,28.86332160166493,1382.854284004937,正常
维修部A,VA-25,VA-25-004,2023-01-24 16:00:00,33.19335418857246,3.493232176359138,353.65793892435835,58.49636601195855,1516.6632234897427,松动
生产部B,VA-25,VA-25-001,2023-01-24 16:00:00,11.866304644811626,1.1593337092423452,309.36646197245096,21.62827912010202,819.6539059504211,正常
生产部B,VA-25,VA-25-002,2023-01-24 17:00:00,32.85934034327336,4.481458134113581,142.19666657965743,21.866157608867283,1739.5500590808974,松动
维修部A,VA-25,VA-25-004,2023-01-24 17:00:00,23.52010946782245,1.3324825376331497,112.05428633028974,36.83851347553164,1485.4123751477698,正常
生产部B,VA-25,VA-25-001,2023-01-24 17:00:00,23.366267892395452,1.0174674535046613,211.35910795316406,39.46108607044731,1059.4738951919098,正常
生产部B,VA-25,VA-25-002,2023-01-24 18:00:00,35.392984542202896,3.122621249222404,309.8623325616805,45.05717631319249,1220.4446894817854,松动
生产部B,VA-25,VA-25-001,2023-01-24 18:00:00,35.441384100009174,0.248901347856276,237.0782561947932,20.441912267790993,1710.7692271701771,正常
维修部A,VA-25,VA-25-004,2023-01-24 18:00:00,18.756997608809534,0.7792019869078617,120.36161458447286,59.49976553804446,1810.4700424591829,正常
生产部B,VA-25,VA-25-002,2023-01-24 19:00:00,30.462136656523388,3.307582645608856,169.8798410632766,27.32053324952613,787.8162062887566,松动
维修部A,VA-25,VA-25-004,2023-01-24 19:00:00,11.015521163979484,3.3753740356478543,225.24736027750942,39.09095199319356,1480.9763334360252,不平衡
生产部B,VA-25,VA-25-001,2023-01-24 19:00:00,47.27375443211652,1.1350541848430227,66.6623155229972,36.97942465930411,781.1380688438971,正常
生产部B,VA-25,VA-25-002,2023-01-24 20:00:00,24.270598957588227,4.932985454341933,10.972966549527895,25.181582195327834,1075.3551103625143,松动
生产部B,VA-25,VA-25-001,2023-01-24 20:00:00,32.00915522817277,0.6680678356292258,265.61673369881294,53.2346615948883,1440.909934482811,正常
维修部A,VA-25,VA-25-004,2023-01-24 20:00:00,39.39466948172053,2.620398861263636,229.81013705068682,19.15203497173839,1269.284727912823,不平衡
生产部B,VA-25,VA-25-001,2023-01-24 21:00:00,15.101231321121059,1.7468307673622196,288.6634907652262,38.12160596566761,880.8945901568162,正常
维修部A,VA-25,VA-25-004,2023-01-24 21:00:00,42.26447084393656,2.581267794063163,136.59330567537125,30.66597213534505,959.3404842848025,不平衡
生产部B,VA-25,VA-25-002,2023-01-24 21:00:00,32.85380328122812,3.3326404581721043,119.23444665365088,47.72402278592657,1615.833229470171,松动
维修部A,VA-25,VA-25-004,2023-01-24 22:00:00,42.64851241872724,2.8195350845457936,188.9693658983306,34.29322462120857,1278.507971069507,不平衡
生产部B,VA-25,VA-25-001,2023-01-24 22:00:00,44.11064537030193,0.6722805750921089,222.7251906918193,51.199277638213,1748.9071028079454,正常
生产部B,VA-25,VA-25-002,2023-01-24 22:00:00,33.808702596196724,4.517548314704657,117.18525712573098,45.31098105771161,1675.7427627124773,松动
生产部B,VA-25,VA-25-002,2023-01-24 23:00:00,27.47001173880934,3.5720987460053393,68.03436909727894,31.54664893251232,906.8018518413551,松动
生产部B,VA-25,VA-25-001,2023-01-24 23:00:00,31.43626635779106,1.2008075002743979,122.72052476956357,45.29966815962211,949.8572278895409,正常
维修部A,VA-25,VA-25-004,2023-01-24 23:00:00,33.99761757655765,2.4597406772516215,183.4801891385442,40.835254436086615,1034.6617930766192,不平衡
维修部A,VA-25,VA-25-004,2023-01-25 00:00:00,47.21015248775411,2.4235012989683473,145.47409838808318,40.61682794806667,840.8613242699184,不平衡
生产部B,VA-25,VA-25-001,2023-01-25 00:00:00,18.98351898542492,1.085592393672191,250.29539059878044,41.89893783184966,1471.7896069474114,正常
生产部B,VA-25,VA-25-002,2023-01-25 00:00:00,24.206366672196445,0.17021994593866374,9.120799672269808,35.94731715846984,1432.9094200884927,正常
生产部B,VA-25,VA-25-002,2023-01-25 01:00:00,35.69072225569655,1.3317161037668817,260.11686741702357,55.05361213739474,1319.6726341624196,正常
维修部A,VA-25,VA-25-004,2023-01-25 01:00:00,34.076101542737106,3.3862879422857675,177.1710645977514,30.030177781708424,1236.8523974507737,不平衡
生产部B,VA-25,VA-25-001,2023-01-25 01:00:00,26.266379674091347,1.518727955528458,338.35511979723805,51.4001867870121,1101.9371999075695,正常
生产部B,VA-25,VA-25-001,2023-01-25 02:00:00,37.47939861421078,1.6495216878134489,9.639748228498597,24.08092215414132,979.1157886705483,正常
生产部B,VA-25,VA-25-002,2023-01-25 02:00:00,83.79009475612415,4.454355921209084,272.31632583580466,58.93776055141523,960.8163817206196,共振
维修部A,VA-25,VA-25-004,2023-01-25 02:00:00,47.57463548992522,2.8230720935928386,155.57991590396566,43.741230679862696,1183.2776846311963,不平衡
维修部A,VA-25,VA-25-004,2023-01-25 03:00:00,24.6552069105292,1.757237690416203,161.92131496043842,55.556343124643156,1130.6185945604173,正常
生产部B,VA-25,VA-25-001,2023-01-25 03:00:00,69.6896840474697,3.3942238269140317,277.60183726192184,67.89147971858443,1740.3676327552391,轴承故障
生产部B,VA-25,VA-25-002,2023-01-25 03:00:00,82.30282475362971,3.1988554043814528,96.18618143530112,39.502438179002795,856.934220543846,共振
生产部B,VA-25,VA-25-002,2023-01-25 04:00:00,118.07262379453653,4.0450470694523215,21.814074975384827,60.63747389704284,1117.5605573158823,共振
生产部B,VA-25,VA-25-001,2023-01-25 04:00:00,81.67140124463391,3.49020301288195,0.0,63.036546392574586,1156.9215663185598,轴承故障
维修部A,VA-25,VA-25-004,2023-01-25 04:00:00,21.690944232965418,1.737624613867428,99.66248609392193,46.38687433335579,982.8059104110059,正常
生产部B,VA-25,VA-25-002,2023-01-25 05:00:00,89.86397476358536,4.785431947119784,213.34566225420252,50.198137847664064,1606.0462222860488,共振
维修部A,VA-25,VA-25-004,2023-01-25 05:00:00,39.86824365956817,1.0836937532724145,164.40891392263967,27.66617639842533,1521.3907052530149,正常
生产部B,VA-25,VA-25-001,2023-01-25 05:00:00,86.98184628058542,3.3272334112556994,208.35334083229074,63.704923788856426,1691.6564912701472,轴承故障
生产部B,VA-25,VA-25-001,2023-01-25 06:00:00,80.16495707266887,2.90147347806883,179.74314519269205,64.5653307658614,999.1079438887732,轴承故障
维修部A,VA-25,VA-25-004,2023-01-25 06:00:00,28.76933281250439,1.342805111594862,333.4938245003889,23.30934762996126,894.7075771827158,正常
生产部B,VA-25,VA-25-002,2023-01-25 06:00:00,90.85873702266665,4.815993970622207,17.316252864330167,33.63174068471444,1121.4752562665565,共振
生产部B,VA-25,VA-25-002,2023-01-25 07:00:00,36.19193750982528,0.16644145043157668,331.99574525096506,54.430415577078136,1651.6447178240123,正常
维修部A,VA-25,VA-25-004,2023-01-25 07:00:00,18.934157987367808,1.318275889052247,235.11925667871844,52.7950905908974,1652.495388576805,正常
生产部B,VA-25,VA-25-001,2023-01-25 07:00:00,89.93512268834004,3.1591908164826332,225.94498509174622,64.77782903068331,1517.8071907634026,轴承故障
维修部A,VA-25,VA-25-004,2023-01-25 08:00:00,47.921212445850635,2.8478052767311564,205.82795360605337,27.11578382951674,1412.0010877395089,不平衡
生产部B,VA-25,VA-25-002,2023-01-25 08:00:00,45.795700731670124,0.38988263636537057,85.56368053838595,46.76175749996643,1141.7662085254474,正常
生产部B,VA-25,VA-25-001,2023-01-25 08:00:00,75.66777232533607,2.997801341991424,168.26542527723723,65.06537527491598,1214.4129224097974,轴承故障
生产部B,VA-25,VA-25-002,2023-01-25 09:00:00,22.941725388856213,0.5725415766841931,306.8491172742938,55.461789166269774,1151.5165826559573,正常
维修部A,VA-25,VA-25-004,2023-01-25 09:00:00,18.57839682375223,2.7190262445440014,201.8429476356482,23.749829110385225,980.7673198310008,不平衡
生产部B,VA-25,VA-25-001,2023-01-25 09:00:00,36.637611429716486,0.5088238224856776,78.0966121399865,35.03459472630516,1644.9827299497604,正常
生产部B,VA-25,VA-25-001,2023-01-25 10:00:00,35.52804336925435,0.748278889979796,226.17217088257524,55.73852319414419,1302.6813110800647,正常
生产部B,VA-25,VA-25-002,2023-01-25 10:00:00,32.2445151683611,0.5050760451402329,231.407034470763,20.60695860688402,1499.1977790988738,正常
维修部A,VA-25,VA-25-004,2023-01-25 10:00:00,19.24486669313,2.469322088996268,206.42705719273673,26.206536227849977,1379.1146101043282,不平衡
维修部A,VA-25,VA-25-004,2023-01-25 11:00:00,35.04584501082,0.5128946084065146,210.7556687885182,37.463172151232676,1462.4546002259153,正常
生产部B,VA-25,VA-25-002,2023-01-25 11:00:00,47.65007021062889,0.2856835667612289,88.00640706660582,22.095132812370583,1126.5093612659512,正常
生产部B,VA-25,VA-25-001,2023-01-25 11:00:00,70.68741276721138,1.1075370664243547,146.62784045114608,50.95712342370057,879.9952299179181,不对中
维修部A,VA-25,VA-25-004,2023-01-25 12:00:00,26.644683810294385,0.8992950940187,79.74136751021005,34.18360372859249,1188.8107035158273,正常
生产部B,VA-25,VA-25-001,2023-01-25 12:00:00,88.20700506359519,1.0622858923042102,139.31628081718986,42.28988275175511,1407.5278399155668,不对中
生产部B,VA-25,VA-25-002,2023-01-25 12:00:00,21.81582119706561,1.5321635466361412,44.92098135653946,45.35340500155214,1372.8436117420254,正常
维修部A,VA-25,VA-25-004,2023-01-25 13:00:00,35.416990513470566,1.787919914888218,214.24785641978085,52.57623449868341,938.1981386775498,正常
生产部B,VA-25,VA-25-001,2023-01-25 13:00:00,66.39857403732624,0.3380117594203494,113.15829199990169,44.51926088367978,857.409946291439,不对中
生产部B,VA-25,VA-25-002,2023-01-25 13:00:00,45.20032001778938,0.5513838837197128,66.32931346003919,23.91826805060207,1117.1722325247651,正常
生产部B,VA-25,VA-25-001,2023-01-25 14:00:00,84.97941767704218,0.5738594519373958,111.57746198849819,39.16895237909718,868.955398279877,不对中
生产部B,VA-25,VA-25-002,2023-01-25 14:00:00,33.15658129483255,1.2141530469699944,92.33356727721917,48.33358954760745,1421.0173089209266,正常
维修部A,VA-25,VA-25-004,2023-01-25 14:00:00,17.773193912628543,1.0241990877548486,313.1839372986907,52.92783491635671,878.9954712584025,正常
维修部A,VA-25,VA-25-004,2023-01-25 15:00:00,19.650348688646364,1.3107100963575562,242.20132703828205,55.76466140011407,1013.6916622394369,正常
生产部B,VA-25,VA-25-001,2023-01-25 15:00:00,93.00648078438682,1.6380791113813131,137.32790714578198,46.11630854207275,1126.67328080935,不对中
生产部B,VA-25,VA-25-002,2023-01-25 15:00:00,37.03097958887031,4.986043827775131,228.76704567518206,43.76072336703461,960.6732576051639,松动
生产部B,VA-25,VA-25-001,2023-01-25 16:00:00,77.17120459337129,1.9637674820837578,133.44375429912986,36.47787662389187,1026.0607140317509,不对中
维修部A,VA-25,VA-25-004,2023-01-25 16:00:00,25.101030088853385,3.3889314531691106,124.77378738187652,52.26101205369551,1753.1482145017856,松动
生产部B,VA-25,VA-25-002,2023-01-25 16:00:00,21.479250252990532,3.553898047705524,330.8696967393841,37.683394599338776,1331.5660172974426,松动
生产部B,VA-25,VA-25-002,2023-01-25 17:00:00,24.854385920895215,4.626567010492933,334.58489516769345,26.85153567450883,1484.8755734677172,松动
维修部A,VA-25,VA-25-004,2023-01-25 17:00:00,23.849581872766414,4.278794750291908,125.61791149103384,57.69682044302373,1220.3250498162836,松动
生产部B,VA-25,VA-25-001,2023-01-25 17:00:00,86.79136292931226,1.6980169103963951,127.44091408528473,52.94268851283186,1691.4096211051242,不对中
生产部B,VA-25,VA-25-002,2023-01-25 18:00:00,25.51026893301427,4.468599726695227,327.70983523046414,24.334490938212493,1165.8587568285539,松动
生产部B,VA-25,VA-25-001,2023-01-25 18:00:00,92.0195943096181,1.3963603259561699,114.63937336352942,22.930207661496198,1110.7445886115927,不对中
维修部A,VA-25,VA-25-004,2023-01-25 18:00:00,23.5883487353462,3.498119194730921,37.28482889340564,42.12217593852213,1516.680001713285,松动
生产部B,VA-25,VA-25-002,2023-01-25 19:00:00,38.77790447591758,3.209705985071003,245.5624625181745,22.49385026110237,1329.1110491959314,松动
生产部B,VA-25,VA-25-001,2023-01-25 19:00:00,14.992908176986452,1.2079990932795501,363.981727335627,41.15597123240403,869.5398341572942,正常
维修部A,VA-25,VA-25-004,2023-01-25 19:00:00,31.006997636702913,3.3215630785811507,71.84676694933043,30.786763051837553,959.605554459934,松动
维修部A,VA-25,VA-25-004,2023-01-25 20:00:00,31.90560347508778,3.6805037877825058,154.8793109755534,56.46799692099875,1012.9679764342609,松动
生产部B,VA-25,VA-25-002,2023-01-25 20:00:00,31.131146730425908,3.2916992961193086,21.840715554331368,47.317854434959266,953.4471706290773,松动
生产部B,VA-25,VA-25-001,2023-01-25 20:00:00,31.197750745391108,1.0311322710014423,11.847239755094305,48.28976353510125,1377.9729946623124,正常
生产部B,VA-25,VA-25-002,2023-01-25 21:00:00,23.344446834653525,3.3331435377946317,233.71106883417394,39.42893906547487,1748.2289887023715,松动
生产部B,VA-25,VA-25-001,2023-01-25 21:00:00,22.36767805495326,1.7326648809664287,219.58763935055083,32.73916493840032,1482.7029778323604,正常
维修部A,VA-25,VA-25-004,2023-01-25 21:00:00,26.42972006205654,3.310086335851861,104.651817487203,31.473177397050367,860.1672081649159,松动
生产部B,VA-25,VA-25-001,2023-01-25 22:00:00,20.59271687248972,1.0029034980100662,3.5543467581284,52.742895412750094,1578.767364846615,正常
维修部A,VA-25,VA-25-004,2023-01-25 22:00:00,28.84702881884903,1.08700817263553,281.91242991929204,38.057754557355985,1444.5126728902717,正常
生产部B,VA-25,VA-25-002,2023-01-25 22:00:00,24.957841810169874,4.829503436707192,78.58628338791638,22.65668251655411,1325.7207043200383,松动
生产部B,VA-25,VA-25-002,2023-01-25 23:00:00,25.4612580302745,1.2999371554787573,191.99369969678892,57.00798433679983,1774.3999282339892,正常
生产部B,VA-25,VA-25-001,2023-01-25 23:00:00,110.5796357316351,4.034781211944422,221.22366788720964,50.483320149640384,1831.9796280573541,共振
维修部A,VA-25,VA-25-004,2023-01-25 23:00:00,86.45636025402231,3.598393095243837,203.11329584575583,51.62529307985786,1337.346190744758,共振
生产部B,VA-25,VA-25-002,2023-01-26 00:00:00,39.158852646612566,1.2401502130298863,208.25387968752773,48.70479191703334,1117.8543820903863,正常
维修部A,VA-25,VA-25-004,2023-01-26 00:00:00,99.93517704141904,3.1558507837833494,63.80330625185955,37.792702052918905,1501.3586532713205,共振
生产部B,VA-25,VA-25-001,2023-01-26 00:00:00,118.4122299381301,3.024503394851212,228.65651415912006,33.69852526832216,1567.3838314910681,共振
生产部B,VA-25,VA-25-002,2023-01-26 01:00:00,38.79429102936755,1.3165226409896473,203.4241349704759,60.437430202465144,1208.623952324452,正常
维修部A,VA-25,VA-25-004,2023-01-26 01:00:00,103.51199566117381,3.2733199834709756,21.265747115121798,30.76395728131531,1377.7214976681707,共振
生产部B,VA-25,VA-25-001,2023-01-26 01:00:00,117.3938276632986,3.8840768945402946,127.2679068309736,39.087828729405345,1390.5354711447176,共振
生产部B,VA-25,VA-25-001,2023-01-26 02:00:00,24.77287615834138,1.3053407910272627,213.98453126100873,47.3313309150811,1063.0735236676126,正常
维修部A,VA-25,VA-25-004,2023-01-26 02:00:00,81.66977689494647,3.050836151307621,77.7157722953146,54.39531665188718,1010.7147513991486,共振
生产部B,VA-25,VA-25-002,2023-01-26 02:00:00,16.220161802745988,1.6315920550718106,63.80376491696037,52.525806325581996,1776.983021400505,正常
维修部A,VA-25,VA-25-004,2023-01-26 03:00:00,114.34452224184018,4.81415669482182,260.04847137982193,51.34138368554956,828.9170524015748,共振
生产部B,VA-25,VA-25-001,2023-01-26 03:00:00,17.67113239192634,0.8528787981830808,141.69027850394338,29.660459192209952,1048.7050780817615,正常
生产部B,VA-25,VA-25-002,2023-01-26 03:00:00,49.411113756658324,0.3350518119297557,12.78773257342749,30.708443620662738,1121.4832059867379,正常
维修部A,VA-25,VA-25-004,2023-01-26 04:00:00,105.0359765048004,3.549496239820611,204.66602978886124,28.671668506667967,1156.3202086712884,共振
生产部B,VA-25,VA-25-001,2023-01-26 04:00:00,10.667859059335173,0.478542645124058,359.03424479484903,35.41655603548233,1407.623032965975,正常
生产部B,VA-25,VA-25-002,2023-01-26 04:00:00,40.972238713929,1.9719440199362248,220.1757960894972,31.887189227597865,1356.3824672620672,正常
生产部B,VA-25,VA-25-001,2023-01-26 05:00:00,41.99773330522591,0.49315012118245005,123.47608152600063,33.72797951464345,989.4955878092968,正常
维修部A,VA-25,VA-25-004,2023-01-26 05:00:00,26.080183772837845,0.5746278153604001,261.5654955513504,42.13294976273439,1680.3557696443268,正常
生产部B,VA-25,VA-25-002,2023-01-26 05:00:00,25.47005728497529,1.2536494903582773,98.91373095597008,41.645436187502185,1157.4508787524624,正常
生产部B,VA-25,VA-25-001,2023-01-26 06:00:00,68.86165655873182,0.8049700040151457,126.74789849547354,50.71809565315027,1752.5506697543676,不对中
生产部B,VA-25,VA-25-002,2023-01-26 06:00:00,22.448264593653715,0.6675939828412987,260.5386167420689,45.06959699862561,1551.3040071887135,正常
维修部A,VA-25,VA-25-004,2023-01-26 06:00:00,18.037134787723364,1.3752235016980685,32.1136282338783,35.48328054860626,1528.0669093088848,正常
生产部B,VA-25,VA-25-001,2023-01-26 07:00:00,97.50359223122987,1.1516692092470404,100.68641558432836,46.74066250753706,1576.3261508542032,不对中
维修部A,VA-25,VA-25-004,2023-01-26 07:00:00,17.63811014485101,1.608313469395934,53.80317504824745,28.644048323883577,1511.2032560070736,正常
生产部B,VA-25,VA-25-002,2023-01-26 07:00:00,19.922742039108297,1.317809504897563,184.80008693802205,38.00706540196724,1774.7145927930162,正常
生产部B,VA-25,VA-25-002,2023-01-26 08:00:00,32.71945469877993,0.1998143338053019,169.40339249723408,41.99225567817702,940.48339729322,正常
生产部B,VA-25,VA-25-001,2023-01-26 08:00:00,94.89771304773419,0.18226517034321252,118.65700245196624,39.99768362107886,1131.8094905076398,不对中
维修部A,VA-25,VA-25-004,2023-01-26 08:00:00,45.76194965996846,1.7974349443257596,12.432869871027764,24.612538375955108,1326.4339481239913,正常
维修部A,VA-25,VA-25-004,2023-01-26 09:00:00,63.66595756995446,2.967849403895193,264.17598125603774,66.91247182166788,1356.1028089707777,轴承故障
生产部B,VA-25,VA-25-002,2023-01-26 09:00:00,22.412912717349744,0.3027286343334559,274.13755739275837,29.83100368671589,1577.0732089686267,正常
生产部B,VA-25,VA-25-001,2023-01-26 09:00:00,60.77770623083041,0.45920120095222144,109.58611143084592,19.375137623419697,1407.489357840036,不对中
生产部B,VA-25,VA-25-002,2023-01-26 10:00:00,41.39794168217455,1.5071646310655822,284.16146451557483,57.8001738303865,1685.324743907061,正常
维修部A,VA-25,VA-25-004,2023-01-26 10:00:00,84.98809782608672,3.24291317911292,177.92529885486965,65.93996018958205,1704.4133648298919,轴承故障
生产部B,VA-25,VA-25-001,2023-01-26 10:00:00,79.58796443885727,0.6741999479194227,137.67453853371765,24.457038253145907,1426.5322681059354,不对中
生产部B,VA-25,VA-25-001,2023-01-26 11:00:00,63.244606816843955,1.245666859342912,137.43463863095891,19.51976216537595,1250.4399473328572,不对中
生产部B,VA-25,VA-25-002,2023-01-26 11:00:00,31.33385755532754,0.5096782250997297,277.9644037090165,58.596688095261875,1110.7596199414436,正常
维修部A,VA-25,VA-25-004,2023-01-26 11:00:00,61.27285734460812,2.7058378729132615,279.79300281270883,65.48074036980177,1132.8687264921089,轴承故障
生产部B,VA-25,VA-25-001,2023-01-26 12:00:00,88.32317404006162,1.3914337137899666,104.90385461705361,36.21497399664301,1235.7088198922916,不对中
生产部B,VA-25,VA-25-002,2023-01-26 12:00:00,24.428527948357868,1.3173620723094597,348.9742446524365,47.17525203892504,1403.3425662432032,正常
维修部A,VA-25,VA-25-004,2023-01-26 12:00:00,73.29452138423359,3.441365122722469,161.48322446058546,64.41977655502963,1663.9420246687287,轴承故障
生产部B,VA-25,VA-25-002,2023-01-26 13:00:00,14.255996551079019,1.4195128977397058,148.7366442541771,44.676792432616786,1631.2323613056822,正常
生产部B,VA-25,VA-25-001,2023-01-26 13:00:00,22.615279926485336,0.7473249664498344,292.91558957411985,35.30881122462462,1437.0297469838229,正常
维修部A,VA-25,VA-25-004,2023-01-26 13:00:00,70.89451111085867,2.7416089377140236,73.59449995853026,65.4406659790879,869.2972524075495,轴承故障
生产部B,VA-25,VA-25-001,2023-01-26 14:00:00,17.187875064248797,0.45852290371789867,165.1337607331857,23.051636328590643,1501.2732575322489,正常
生产部B,VA-25,VA-25-002,2023-01-26 14:00:00,11.349799285513724,0.42015102079827926,47.11612829943822,38.293245882543694,988.1878245846154,正常
维修部A,VA-25,VA-25-004,2023-01-26 14:00:00,23.33750568906678,1.1183759228583694,357.89107391406947,52.46860159981855,1600.4941852068152,正常
生产部B,VA-25,VA-25-001,2023-01-26 15:00:00,46.62265394918578,1.0732106434444457,45.408043077532916,49.314164040718445,1765.7301332448294,正常
生产部B,VA-25,VA-25-002,2023-01-26 15:00:00,26.71487512795456,1.6472834943942336,276.2063634134368,28.711830080332977,889.313010807159,正常
维修部A,VA-25,VA-25-004,2023-01-26 15:00:00,27.13540625267669,1.0184600575984744,168.5676191954179,35.96192014646861,1062.702905192801,正常
维修部A,VA-25,VA-25-004,2023-01-26 16:00:00,16.545391252597224,1.1452816974937725,168.13041825004976,42.69372782939654,1106.5225031181876,正常
生产部B,VA-25,VA-25-001,2023-01-26 16:00:00,36.944981945545884,1.131725073026922,198.64530939331067,38.32612106553021,1334.8074287988425,正常
生产部B,VA-25,VA-25-002,2023-01-26 16:00:00,10.885259514482206,3.3809228027473934,183.4166117750851,60.37702942074767,836.4835700526681,不平衡
生产部B,VA-25,VA-25-001,2023-01-26 17:00:00,11.370019653749466,1.7616391156827418,329.4243762864268,44.39623299336202,882.6012917427139,正常
生产部B,VA-25,VA-25-002,2023-01-26 17:00:00,19.424874666432316,2.7515590014273235,130.33824262064167,57.07833213578064,1467.2806350635483,不平衡
维修部A,VA-25,VA-25-004,2023-01-26 17:00:00,25.438861080173126,1.830329855953551,92.02865116407625,20.02695904110208,950.2473699913148,正常
维修部A,VA-25,VA-25-004,2023-01-26 18:00:00,40.37834501772358,0.19303614612791098,198.4290433718013,45.48265844255693,1288.9625102096913,正常
生产部B,VA-25,VA-25-002,2023-01-26 18:00:00,33.47571216509371,2.6229623822885255,148.17777083710433,43.62901594495104,1227.9250072230113,不平衡
生产部B,VA-25,VA-25-001,2023-01-26 18:00:00,24.77317742997066,0.1537520215072375,156.26918261346208,31.615672004798064,1145.179763709031,正常
生产部B,VA-25,VA-25-001,2023-01-26 19:00:00,39.48855214757289,1.0665429371493198,161.46042770238162,60.82192911531095,1636.9801623032927,正常
生产部B,VA-25,VA-25-002,2023-01-26 19:00:00,19.357902950814125,2.620787521697584,159.52653378971465,34.20383498183812,1524.874762840371,不平衡
维修部A,VA-25,VA-25-004,2023-01-26 19:00:00,32.0979081778516,0.8984969407821969,155.64979573171917,55.738576549230324,1241.631376024785,正常
生产部B,VA-25,VA-25-002,2023-01-26 20:00:00,29.94202677972977,2.7219544519174343,228.7524992801512,29.558362640457485,1443.256954788679,不平衡
生产部B,VA-25,VA-25-001,2023-01-26 20:00:00,12.145205596497009,1.4915357677485952,76.08079982273166,41.39380659389743,1070.2495492773717,正常
维修部A,VA-25,VA-25-004,2023-01-26 20:00:00,14.74164376629399,1.1164889287099309,266.934195595188,47.0173091389585,1317.848722538883,正常
维修部A,VA-25,VA-25-004,2023-01-26 21:00:00,45.84899014632455,1.5781178644566398,254.84989629822178,57.71402636626439,1389.02206597772,正常
生产部B,VA-25,VA-25-002,2023-01-26 21:00:00,27.590533494158137,2.539391113731158,143.0698406028941,53.898813352698525,1219.1628434874794,不平衡
生产部B,VA-25,VA-25-001,2023-01-26 21:00:00,25.5668607150859,0.9958700707811914,293.5097562727149,37.812664632859,1214.4221012817432,正常
维修部A,VA-25,VA-25-004,2023-01-26 22:00:00,42.05876828251152,0.53467699954303,239.50190700112552,32.56315634098852,1677.1832456598715,正常
生产部B,VA-25,VA-25-002,2023-01-26 22:00:00,15.836040810373797,0.4677969220369525,210.00156129986493,20.098186063047503,1492.0918195071729,正常
生产部B,VA-25,VA-25-001,2023-01-26 22:00:00,73.13102769863457,2.8460393324463915,76.19791518146224,63.311362388897635,869.1958127419497,轴承故障
生产部B,VA-25,VA-25-002,2023-01-26 23:00:00,36.29634889629418,1.1978468225470766,205.8253175452769,33.97112654177277,1776.8097327033631,正常
维修部A,VA-25,VA-25-004,2023-01-26 23:00:00,15.9149761794019,0.3542989168514619,149.32896230220553,37.75439911602636,1521.450028546445,正常
生产部B,VA-25,VA-25-001,2023-01-26 23:00:00,67.33916472475968,2.819016672590861,15.198465768181068,64.03698675039176,1674.4693877581938,轴承故障
生产部B,VA-25,VA-25-002,2023-01-27 00:00:00,13.128426700883594,1.1382723908983494,47.84437833653594,51.89124779128758,1758.319295095169,正常
维修部A,VA-25,VA-25-004,2023-01-27 00:00:00,40.296560023405924,1.607999398595282,238.36797531073506,24.228767744745905,1677.1801354117733,正常
生产部B,VA-25,VA-25-001,2023-01-27 00:00:00,81.32688692556454,3.379468854481691,112.01450152735507,66.22475154371745,1126.7731298619433,轴承故障
生产部B,VA-25,VA-25-002,2023-01-27 01:00:00,32.372266195952434,4.737457705966276,21.21840545382363,26.901662143524064,1401.0096101327538,松动
维修部A,VA-25,VA-25-004,2023-01-27 01:00:00,41.47064284262248,1.116262112541287,38.578207934029265,31.228919695124794,839.7981761480792,正常
生产部B,VA-25,VA-25-001,2023-01-27 01:00:00,36.89706717403046,1.4505373503455614,317.90412270307314,50.18163397867713,1071.6149506499053,正常
生产部B,VA-25,VA-25-001,2023-01-27 02:00:00,18.366677753662465,1.2555919080584927,261.885045502317,24.62668383359014,1627.2330896941107,正常
生产部B,VA-25,VA-25-002,2023-01-27 02:00:00,28.212145447889128,4.5975773590157445,181.92008063957354,44.89749691463203,1652.2157754967702,松动
维修部A,VA-25,VA-25-004,2023-01-27 02:00:00,27.969561267096424,3.7057958781477316,310.1252244558105,44.472022437317285,1194.6744088213748,松动
维修部A,VA-25,VA-25-004,2023-01-27 03:00:00,26.546360410871472,3.2526097986994538,40.876902939995226,42.36116914748536,978.1503705933568,松动
生产部B,VA-25,VA-25-002,2023-01-27 03:00:00,27.92781653515867,4.331949018659853,313.19953314946565,55.105789648146676,1461.3696044893557,松动
生产部B,VA-25,VA-25-001,2023-01-27 03:00:00,23.449165463211852,0.984954734569489,157.4240664392191,31.033207103065084,1136.1587617654732,正常
维修部A,VA-25,VA-25-004,2023-01-27 04:00:00,27.202821116800685,4.782982466939952,156.49929138141965,43.0421605665078,1312.426729443744,松动
生产部B,VA-25,VA-25-002,2023-01-27 04:00:00,28.596675155983288,4.776088777215511,213.68846098707334,41.52757361857671,814.7376261856006,松动
生产部B,VA-25,VA-25-001,2023-01-27 04:00:00,48.13279170155753,1.1509297909107679,102.61889979096703,40.20712924078019,1120.7767013505954,正常
生产部B,VA-25,VA-25-002,2023-01-27 05:00:00,32.997358726643824,3.688665748453607,50.95981842602865,27.28179221910366,841.8038068261193,松动
维修部A,VA-25,VA-25-004,2023-01-27 05:00:00,25.880621358731034,4.402248789574426,18.501213302284583,20.08688871830293,1355.5908293504422,松动
生产部B,VA-25,VA-25-001,2023-01-27 05:00:00,15.862954631547627,3.498527298355219,134.48519802629218,57.261965278010756,1073.4509303826894,不平衡
生产部B,VA-25,VA-25-002,2023-01-27 06:00:00,30.95975209149058,3.9586909653362325,235.85098239094793,23.679373607431394,1162.0587907283625,松动
维修部A,VA-25,VA-25-004,2023-01-27 06:00:00,37.99614864223032,4.333457891144314,130.91288013548666,40.21728917059982,900.1599695447059,松动
生产部B,VA-25,VA-25-001,2023-01-27 06:00:00,30.479916239011455,2.5278802869074526,174.41933314173826,50.225809988106434,1179.3895833025204,不平衡
生产部B,VA-25,VA-25-002,2023-01-27 07:00:00,18.94447221672273,0.9286547518924353,324.9464309174802,33.84961043179544,1395.9030060875361,正常
维修部A,VA-25,VA-25-004,2023-01-27 07:00:00,26.650457875216745,4.415905322416913,67.47331019721638,24.48193052983723,1521.3668873458755,松动
生产部B,VA-25,VA-25-001,2023-01-27 07:00:00,45.52145604529432,3.183798830878832,188.47702860254154,21.213720927837223,1595.6745164464664,不平衡
生产部B,VA-25,VA-25-002,2023-01-27 08:00:00,15.255730021745443,1.9228487046709506,4.607933531393541,20.002006201802107,1349.4139954807245,正常
维修部A,VA-25,VA-25-004,2023-01-27 08:00:00,25.761927051199645,0.3803644297735904,171.9574397836953,56.70263623917394,1392.1269335059285,正常
生产部B,VA-25,VA-25-001,2023-01-27 08:00:00,68.7616764999203,2.9735702217081084,292.2431568927713,68.48037088738499,1128.4526827953046,轴承故障
生产部B,VA-25,VA-25-001,2023-01-27 09:00:00,81.55193259195495,3.5085711616436326,103.20115396237219,66.77483556984645,1741.4525030453065,轴承故障
生产部B,VA-25,VA-25-002,2023-01-27 09:00:00,77.64241889791172,1.3474566690355851,127.164003660739,20.837363381773436,1415.4740422949696,不对中
维修部A,VA-25,VA-25-004,2023-01-27 09:00:00,30.54430829255137,0.16856587864618394,310.70948414225234,32.64577211408532,1638.3293802779945,正常
维修部A,VA-25,VA-25-004,2023-01-27 10:00:00,34.885010494025515,0.5925107159903987,30.92812004855391,43.478470809032835,1040.412383451772,正常
生产部B,VA-25,VA-25-002,2023-01-27 10:00:00,74.75315298825338,1.7316348718761203,135.74984833166565,22.624971112562324,1396.4774176865046,不对中
生产部B,VA-25,VA-25-001,2023-01-27 10:00:00,67.98323253915817,2.603109102333414,26.348477763696017,64.04661191925761,873.814322412788,轴承故障
生产部B,VA-25,VA-25-001,2023-01-27 11:00:00,89.5715369112839,2.99634467410858,95.00207128594326,68.74162886208558,1438.8926614990778,轴承故障
生产部B,VA-25,VA-25-002,2023-01-27 11:00:00,85.69596824935306,1.1876971827412226,108.11417231881671,25.675217764598695,1659.759742438952,不对中
维修部A,VA-25,VA-25-004,2023-01-27 11:00:00,12.98484973067948,1.5856657941862977,337.3991030301645,44.385763351093246,826.5662915890613,正常
维修部A,VA-25,VA-25-004,2023-01-27 12:00:00,41.338272527936674,1.7722533526928135,240.35135291960643,51.793215821923326,1373.568219628598,正常
生产部B,VA-25,VA-25-001,2023-01-27 12:00:00,83.24919208864073,2.825501671559718,101.40596808421479,68.78662747048085,1257.428306688731,轴承故障
生产部B,VA-25,VA-25-002,2023-01-27 12:00:00,63.378083519521624,0.2372399374454145,145.72243876105807,33.36372899381772,1021.6249897157404,不对中
生产部B,VA-25,VA-25-001,2023-01-27 13:00:00,34.76982671840984,0.2645014250214634,47.821088394140524,60.05215938659496,1596.3443506841677,正常
生产部B,VA-25,VA-25-002,2023-01-27 13:00:00,71.69688023557526,0.998972918188084,132.79476493371655,34.36574024548437,1769.9770658664638,不对中
维修部A,VA-25,VA-25-004,2023-01-27 13:00:00,28.5439657124319,0.8488243510362645,23.498090344005448,22.86134064220344,1266.7890885865663,正常
生产部B,VA-25,VA-25-002,2023-01-27 14:00:00,96.33638989463951,0.8936461460603043,123.36793457082584,37.73680588886774,1159.471990212706,不对中
维修部A,VA-25,VA-25-004,2023-01-27 14:00:00,16.029577118151277,0.30768278022663414,85.68297126819516,52.06795084141597,1660.9291310234503,正常
生产部B,VA-25,VA-25-001,2023-01-27 14:00:00,42.450107672326084,0.7451191353925742,360.15700130070377,35.45675030268946,836.7112415675879,正常
生产部B,VA-25,VA-25-001,2023-01-27 15:00:00,45.848242206625095,1.645317336883872,12.59309109067791,49.041195272807016,810.4857891179266,正常
生产部B,VA-25,VA-25-002,2023-01-27 15:00:00,14.368798276658737,0.27145617919466863,266.8734050688127,27.59700768511793,934.1100790253347,正常
维修部A,VA-25,VA-25-004,2023-01-27 15:00:00,16.43437979044994,1.1018612040104583,342.71439968493627,56.20598737141649,1553.3001588029442,正常
生产部B,VA-25,VA-25-001,2023-01-27 16:00:00,19.427267735660855,1.0397552132651273,88.4594743760141,43.838213585996634,1555.0607070841183,正常
维修部A,VA-25,VA-25-004,2023-01-27 16:00:00,32.76919514197516,1.6026341842698557,137.72840567121105,22.71686752381714,1029.9774561097827,正常
生产部B,VA-25,VA-25-002,2023-01-27 16:00:00,46.75349733461364,0.8295391324170823,68.67593493723273,21.892853109724996,1702.1421750832994,正常
维修部A,VA-25,VA-25-004,2023-01-27 17:00:00,81.6612853228054,1.805336559077908,143.2326668116573,58.129218483685555,1836.021895180174,不对中
生产部B,VA-25,VA-25-002,2023-01-27 17:00:00,31.681722432313588,0.8294297517613464,78.71508416219935,58.30195298166561,1713.388790226473,正常
生产部B,VA-25,VA-25-001,2023-01-27 17:00:00,71.55075376889482,3.4433702602784173,2.4626686199802545,67.63377216381953,1168.278269017535,轴承故障
生产部B,VA-25,VA-25-002,2023-01-27 18:00:00,19.64456454354288,0.6826505927948845,128.50725494137825,37.4017784196454,1142.2524989227036,正常
维修部A,VA-25,VA-25-004,2023-01-27 18:00:00,89.93141909454386,0.5776902155045919,149.60112885872067,50.31963241159531,1211.199061456296,不对中
生产部B,VA-25,VA-25-001,2023-01-27 18:00:00,69.80313533098658,3.352043702428296,186.38611561375882,64.81219411727062,874.5244334389803,轴承故障
生产部B,VA-25,VA-25-001,2023-01-27 19:00:00,73.01450991861725,3.2455646258571154,167.13434532456972,67.87491326649986,1231.095882357159,轴承故障
维修部A,VA-25,VA-25-004,2023-01-27 19:00:00,61.74334829454115,1.7849516491401485,118.86226523280015,44.7298910297302,1017.9544590857571,不对中
生产部B,VA-25,VA-25-002,2023-01-27 19:00:00,39.887892917411456,1.656646235670018,16.71427331809505,47.91075639704199,947.5347437928513,正常
生产部B,VA-25,VA-25-001,2023-01-27 20:00:00,76.56047343814322,3.2572442909441404,258.16362912409045,68.70309336703826,1204.5994527545656,轴承故障
维修部A,VA-25,VA-25-004,2023-01-27 20:00:00,18.754286831768525,1.537751190159304,258.1345487701504,44.239722561656016,811.2766189219379,正常
生产部B,VA-25,VA-25-002,2023-01-27 20:00:00,34.89436355387316,0.5469234054407501,207.52555290129712,56.46588443774774,1354.8531489003574,正常
生产部B,VA-25,VA-25-001,2023-01-27 21:00:00,82.71575551507247,2.985314586138944,147.25635502234243,68.86438153819127,873.9605277586696,轴承故障
生产部B,VA-25,VA-25-002,2023-01-27 21:00:00,20.302219592739924,1.8603486275654129,100.7319083055969,21.80456526736635,1372.1198112835034,正常
维修部A,VA-25,VA-25-004,2023-01-27 21:00:00,43.37808010761173,1.0346572352884198,212.73892820996642,27.75915977355544,901.2993534915508,正常
生产部B,VA-25,VA-25-001,2023-01-27 22:00:00,87.8248151712695,2.5286709821431352,225.67504367117107,67.02070513900804,995.6191191754823,轴承故障
生产部B,VA-25,VA-25-002,2023-01-27 22:00:00,48.776313223064754,0.32713243520741864,340.55405266835334,31.700672375721993,972.1915275502382,正常
维修部A,VA-25,VA-25-004,2023-01-27 22:00:00,44.351872141078935,1.0157654489894692,241.07834051858734,41.48501198235931,1217.792739425144,正常
维修部A,VA-25,VA-25-004,2023-01-27 23:00:00,36.544011821325164,1.816792510095544,313.4725419415805,42.60542689664266,936.6360200787888,正常
生产部B,VA-25,VA-25-002,2023-01-27 23:00:00,19.797500561295244,1.2231391263248026,354.18890423218085,22.215860757823243,823.3626162852842,正常
生产部B,VA-25,VA-25-001,2023-01-27 23:00:00,66.38002091029617,2.9257785266806495,223.6093170901748,67.36202245160625,1570.0507900210696,轴承故障
生产部B,VA-25,VA-25-001,2023-01-28 00:00:00,25.56932788479339,1.020028786243928,329.08737032310063,32.1291602584657,1245.572559707321,正常
维修部A,VA-25,VA-25-004,2023-01-28 00:00:00,23.90400260800938,1.7721492952584732,213.9482625877255,38.463440562573695,1291.6765615692402,正常
生产部B,VA-25,VA-25-002,2023-01-28 00:00:00,15.179670042250553,0.7598183057198392,48.02164368392091,57.41020011706178,1652.9819368493454,正常
生产部B,VA-25,VA-25-001,2023-01-28 01:00:00,24.23972794606725,1.250682090665009,130.39811589305953,21.849063165349985,1411.0622621060486,正常
维修部A,VA-25,VA-25-004,2023-01-28 01:00:00,34.039613537696106,1.7916515548163223,249.62968890220662,45.260327859068454,999.5086884606616,正常
生产部B,VA-25,VA-25-002,2023-01-28 01:00:00,19.949814041161503,1.9495184288880834,44.98122028426618,47.24792189145992,1591.2559133755476,正常
生产部B,VA-25,VA-25-002,2023-01-28 02:00:00,24.27763843012572,1.7500636892557648,23.252616290734238,45.94217840038087,1220.0570745015805,正常
维修部A,VA-25,VA-25-004,2023-01-28 02:00:00,12.069715465731207,0.38582168873978506,217.41613297953413,39.65440733390835,1051.3574364667406,正常
生产部B,VA-25,VA-25-001,2023-01-28 02:00:00,36.610197794671016,1.0556031833558945,240.98205505696484,46.31431953085289,1324.1726101966412,正常
生产部B,VA-25,VA-25-002,2023-01-28 03:00:00,36.8853958016221,0.8831022343134413,250.5309997217601,51.44019385651261,1783.7153387599647,正常
维修部A,VA-25,VA-25-004,2023-01-28 03:00:00,17.196399186163518,1.244809843749518,216.10962390690312,50.497934769607305,1260.1756593952373,正常
生产部B,VA-25,VA-25-001,2023-01-28 03:00:00,13.540487628981381,1.5777522591649351,245.71639455579628,22.476808936984423,1547.2746813069639,正常
生产部B,VA-25,VA-25-002,2023-01-28 04:00:00,38.401032288523986,1.4344750649385491,215.54423952617637,59.235599246160916,1255.4541500345854,正常
维修部A,VA-25,VA-25-004,2023-01-28 04:00:00,31.37494330134957,0.7096817949615798,233.8038991965401,57.67601173297807,1355.1613556575358,正常
生产部B,VA-25,VA-25-001,2023-01-28 04:00:00,12.287303692097588,1.7171811240098482,322.44160027997907,28.93645122328041,1735.2234083813528,正常
维修部A,VA-25,VA-25-004,2023-01-28 05:00:00,47.66588301463436,0.9203447378215511,28.602189816068552,20.76244730220859,1051.4093973158394,正常
生产部B,VA-25,VA-25-002,2023-01-28 05:00:00,16.79682887091702,0.41114208511936207,228.65645353691067,33.0188410133777,1016.4505175088584,正常
生产部B,VA-25,VA-25-001,2023-01-28 05:00:00,23.026092383922883,1.9345706736671897,302.90481201124396,40.010464462507784,1298.125127688698,正常
维修部A,VA-25,VA-25-004,2023-01-28 06:00:00,24.283792762821903,0.6658571609246728,69.3759272641036,21.956143020593643,866.3333936179466,正常
生产部B,VA-25,VA-25-002,2023-01-28 06:00:00,19.276712623421705,0.8798575055952688,119.69492948959031,43.53667721274823,1489.108438543842,正常
生产部B,VA-25,VA-25-001,2023-01-28 06:00:00,76.31533183224333,3.5557016264554253,187.49767859350234,63.72681928470734,887.7378559772533,轴承故障
生产部B,VA-25,VA-25-002,2023-01-28 07:00:00,16.403970985981694,0.9088326748086595,16.91005399751066,35.06584700007401,1263.6694083067741,正常
维修部A,VA-25,VA-25-004,2023-01-28 07:00:00,48.96643740052112,1.7984804438930864,109.99067649741656,35.65299342041559,1268.7600637201022,正常
生产部B,VA-25,VA-25-001,2023-01-28 07:00:00,83.98957321286929,2.6191865246791135,74.64481596616574,64.40602450939606,1638.676989975249,轴承故障
生产部B,VA-25,VA-25-001,2023-01-28 08:00:00,77.94455233500238,2.911138876621626,285.5328076128985,64.30402334876136,1784.602303410612,轴承故障
生产部B,VA-25,VA-25-002,2023-01-28 08:00:00,33.17243484071699,0.4063257663465793,269.12209025227554,44.8150152077017,979.9604840696737,正常
维修部A,VA-25,VA-25-004,2023-01-28 08:00:00,46.40875449953014,2.8435577840566246,210.83189019253405,37.89824656025005,961.8843057942793,不平衡
生产部B,VA-25,VA-25-002,2023-01-28 09:00:00,18.609422776275057,1.1220786826568159,208.97585320634747,54.076448916667374,860.7357548209576,正常
维修部A,VA-25,VA-25-004,2023-01-28 09:00:00,30.770424870661166,2.4844030013286105,149.83652034673966,55.92250041547136,1378.9755479598086,不平衡
生产部B,VA-25,VA-25-001,2023-01-28 09:00:00,85.83917974167849,2.5299620468699735,147.27973665354517,64.87526306964713,1633.7229094644717,轴承故障
生产部B,VA-25,VA-25-002,2023-01-28 10:00:00,28.32600244385881,0.13250755449801765,45.13650678238565,51.40319341481725,1487.5787850205345,正常
维修部A,VA-25,VA-25-004,2023-01-28 10:00:00,36.932295227763134,3.313589233339197,175.49012359173844,41.4480620371978,1055.7608406996453,不平衡
生产部B,VA-25,VA-25-001,2023-01-28 10:00:00,41.171350428444164,1.7365687736118223,196.52255416690534,58.60011877567697,1060.2072514751321,正常
生产部B,VA-25,VA-25-001,2023-01-28 11:00:00,35.468068926967945,1.7170474069631327,91.00496253477178,32.927825674195084,1422.0986705648475,正常
生产部B,VA-25,VA-25-002,2023-01-28 11:00:00,25.517762927881652,1.9349819643197332,285.7935613286955,55.62230725958575,1493.4885887593762,正常
维修部A,VA-25,VA-25-004,2023-01-28 11:00:00,38.8825044051414,3.421326597239956,142.93539705873198,55.27664791131354,1709.2216418326955,不平衡
维修部A,VA-25,VA-25-004,2023-01-28 12:00:00,45.49491086817146,2.4513153715246725,153.53022525565083,46.63971256134439,1485.0549230899496,不平衡
生产部B,VA-25,VA-25-001,2023-01-28 12:00:00,31.844408845739707,1.5101861004978256,148.90857199825746,47.51519205046613,1496.6255787151401,正常
生产部B,VA-25,VA-25-002,2023-01-28 12:00:00,20.570982248578495,0.2779219315183185,201.7969919134699,54.97514039428759,1558.1427126746767,正常
维修部A,VA-25,VA-25-004,2023-01-28 13:00:00,30.092861394832095,2.942134621513344,191.84817129949386,52.01887808985994,1013.2865233681827,不平衡
生产部B,VA-25,VA-25-001,2023-01-28 13:00:00,19.998436698585614,0.3342802813715004,345.70338560751816,44.04694637892915,1566.7977080299368,正常
生产部B,VA-25,VA-25-002,2023-01-28 13:00:00,11.819461761696235,1.8903019040870492,238.40072266971467,23.48512004799835,845.9946415946289,正常
生产部B,VA-25,VA-25-001,2023-01-28 14:00:00,17.202697341144997,0.8971276107845195,176.5688716961868,47.461162846661054,1073.6538566131132,正常
生产部B,VA-25,VA-25-002,2023-01-28 14:00:00,28.034858411314357,1.1109249227898101,315.7369478337589,45.06756094911977,1494.8493315416827,正常
维修部A,VA-25,VA-25-004,2023-01-28 14:00:00,42.17650929802575,2.8743515599254033,148.06463677544895,38.467114733702346,1341.3817255255335,不平衡
生产部B,VA-25,VA-25-002,2023-01-28 15:00:00,39.92152625313448,0.11567869992979132,290.9156418460074,34.927988151762996,1362.3965786809915,正常
生产部B,VA-25,VA-25-001,2023-01-28 15:00:00,15.463450872775127,0.621748692984792,305.3927303344324,31.668010635205697,1629.178971416735,正常
维修部A,VA-25,VA-25-004,2023-01-28 15:00:00,13.880845794061916,2.735230654217637,133.2084595940671,43.477319625794365,1009.3603091318128,不平衡
生产部B,VA-25,VA-25-002,2023-01-28 16:00:00,24.465735111105815,1.1304777743725218,278.3371043153319,36.49566952079766,1478.9111299113538,正常
生产部B,VA-25,VA-25-001,2023-01-28 16:00:00,46.00483823820227,0.725536486263407,137.93175821849948,40.63453540025355,1475.328451216056,正常
维修部A,VA-25,VA-25-004,2023-01-28 16:00:00,96.80165552399714,0.7272192906421365,116.84106804255453,37.26236093946184,1141.382266947472,不对中
维修部A,VA-25,VA-25-004,2023-01-28 17:00:00,98.52223371679958,1.8507404593810082,108.82088695311532,27.655286679795463,1032.33752186059,不对中
生产部B,VA-25,VA-25-002,2023-01-28 17:00:00,46.87857110904302,1.3192093405958214,76.70318650179632,48.537710445167875,1674.0385588171516,正常
生产部B,VA-25,VA-25-001,2023-01-28 17:00:00,28.479795870044057,1.5270887606060015,160.1916945487892,55.0798847664751,1550.0114385979778,正常
生产部B,VA-25,VA-25-001,2023-01-28 18:00:00,87.56432589320895,4.191860168873342,298.8128013767006,38.92909545576656,1645.463568034526,共振
生产部B,VA-25,VA-25-002,2023-01-28 18:00:00,65.7406398497952,0.10519648631633122,117.84570957756983,26.19047956627206,1669.7124317752666,不对中
维修部A,VA-25,VA-25-004,2023-01-28 18:00:00,91.08197068162448,1.823340977583151,116.18896984961587,47.78271645793669,1479.8824086204436,不对中
维修部A,VA-25,VA-25-004,2023-01-28 19:00:00,75.56655687839938,1.3169104866233363,135.99324321580545,29.002677192521965,1077.9280843111276,不对中
生产部B,VA-25,VA-25-002,2023-01-28 19:00:00,95.30456989359463,1.0131530876929578,125.04412783714059,48.22167486902988,990.2373836954979,不对中
生产部B,VA-25,VA-25-001,2023-01-28 19:00:00,101.13044886321532,4.122555857217718,16.991121439670017,33.03441676298327,1424.8371071093445,共振
维修部A,VA-25,VA-25-004,2023-01-28 20:00:00,89.52933713690891,1.1963681760276565,118.38847871860273,35.01364543217287,1206.0932266930888,不对中
生产部B,VA-25,VA-25-002,2023-01-28 20:00:00,82.6405195554252,0.20659421359396257,143.57166269414654,35.002750503474466,1810.6593395049733,不对中
生产部B,VA-25,VA-25-001,2023-01-28 20:00:00,80.84814539633959,4.341098455466566,237.4701480467466,45.56940095244356,1158.9265001594656,共振
生产部B,VA-25,VA-25-002,2023-01-28 21:00:00,65.31302336870384,1.1293061759170175,128.53869200283214,56.23719629125699,1320.0031373302463,不对中
生产部B,VA-25,VA-25-001,2023-01-28 21:00:00,87.49350151819795,3.024808239460228,35.718210538631624,38.40143679460569,897.0293520328822,共振
维修部A,VA-25,VA-25-004,2023-01-28 21:00:00,76.45522611998422,0.3401234092136787,128.50273117902293,28.417751604360244,1509.554404104643,不对中
维修部A,VA-25,VA-25-004,2023-01-28 22:00:00,86.51039052568096,0.707255435893368,117.12052706284025,56.470811556406886,1487.8913513706639,不对中
生产部B,VA-25,VA-25-001,2023-01-28 22:00:00,86.19518449443571,4.568070339314627,238.4179295190796,30.41831191055568,1521.8881384070833,共振
生产部B,VA-25,VA-25-002,2023-01-28 22:00:00,23.903965570048012,0.795798393923459,237.9951622004958,40.65648695906184,1222.3864049985157,正常
生产部B,VA-25,VA-25-001,2023-01-28 23:00:00,118.51693383909927,4.253180690434015,200.47919326740444,51.71804718656724,1723.456885716271,共振
生产部B,VA-25,VA-25-002,2023-01-28 23:00:00,38.737307632610396,1.125128974951331,176.01779046009887,22.784785229483237,890.5488436486186,正常
维修部A,VA-25,VA-25-004,2023-01-28 23:00:00,85.34518900328906,1.684337710895958,144.08588949889648,44.36275087621456,1670.3077290828116,不对中
生产部B,VA-25,VA-25-001,2023-01-29 00:00:00,110.78272827512431,4.037378746253804,118.09075634828665,24.422975748127215,1760.8221466396299,共振
生产部B,VA-25,VA-25-002,2023-01-29 00:00:00,37.35219252242496,0.9386158626618081,198.55031857341797,37.01635433885925,1675.0851552481552,正常
维修部A,VA-25,VA-25-004,2023-01-29 00:00:00,21.07073592309858,0.6068875382698128,69.1546201593605,39.170967438346636,1022.1120407544902,正常
生产部B,VA-25,VA-25-001,2023-01-29 01:00:00,108.96019101052069,3.9531773194026334,185.7682506464427,46.94876151335178,1583.245408175517,共振
生产部B,VA-25,VA-25-002,2023-01-29 01:00:00,23.58987414541344,0.3828902762832716,186.30944895529558,29.44696588035681,1630.700524001606,正常
维修部A,VA-25,VA-25-004,2023-01-29 01:00:00,47.09620432876088,0.8190064223775757,114.89532355918169,34.75763934063252,889.9244485577943,正常
生产部B,VA-25,VA-25-001,2023-01-29 02:00:00,37.44281585569696,0.7964572650143986,273.53378423928035,26.33078174017875,1416.4216487646565,正常
生产部B,VA-25,VA-25-002,2023-01-29 02:00:00,41.92280307831429,1.109335540270022,122.50724814967054,46.09872048084915,1610.537904036587,正常
维修部A,VA-25,VA-25-004,2023-01-29 02:00:00,32.9986793079399,1.753303777775805,346.7920278542456,21.634578555213306,847.8953433586663,正常
维修部A,VA-25,VA-25-004,2023-01-29 03:00:00,18.403484779263376,0.8844886051998262,75.4141750667047,45.58761534629043,1045.4129436589799,正常
生产部B,VA-25,VA-25-002,2023-01-29 03:00:00,12.44806368157122,0.9769895440608916,26.184898966993643,34.83259694971201,1356.7967809500913,正常
生产部B,VA-25,VA-25-001,2023-01-29 03:00:00,67.51987823277842,0.9010387804471108,100.15624632680058,24.079268294253243,1075.121296494041,不对中
维修部A,VA-25,VA-25-004,2023-01-29 04:00:00,28.37522322922633,1.6838236305588083,28.8964466590132,58.63012018079602,1541.739998142833,正常
生产部B,VA-25,VA-25-002,2023-01-29 04:00:00,26.49938507865797,1.367599869709542,237.73855415303467,27.73703832356057,1710.391722647671,正常
生产部B,VA-25,VA-25-001,2023-01-29 04:00:00,75.27085866732287,0.2909684886509719,144.7429227156623,40.66251462936156,1422.9667494462701,不对中
维修部A,VA-25,VA-25-004,2023-01-29 05:00:00,29.52613608382548,1.693244401065418,115.53652131308328,26.425668228750627,1376.0295043566368,正常
生产部B,VA-25,VA-25-002,2023-01-29 05:00:00,28.25257440135815,0.523705637157472,153.34923978722182,50.68453022629958,1184.207035650525,正常
生产部B,VA-25,VA-25-001,2023-01-29 05:00:00,84.61756487712853,1.1941080523520062,147.3900771979633,30.565481640830356,1717.656329583116,不对中
生产部B,VA-25,VA-25-001,2023-01-29 06:00:00,97.12422520556176,0.8909189820190914,147.38968897846985,32.17267437757303,1002.9036921580841,不对中
维修部A,VA-25,VA-25-004,2023-01-29 06:00:00,26.75820242763743,0.7208086006101012,350.44188908494,38.030891840777834,1581.8000520124338,正常
生产部B,VA-25,VA-25-002,2023-01-29 06:00:00,40.318422627404736,1.3135588044563598,56.46271655081979,44.95755498163715,1016.0699176360922,正常
生产部B,VA-25,VA-25-002,2023-01-29 07:00:00,26.621700973609673,2.6712387390155374,136.97581155488894,29.577386646040146,1659.331828823561,不平衡
生产部B,VA-25,VA-25-001,2023-01-29 07:00:00,37.707143980823936,0.933853596079229,297.4397517624638,54.14889537346338,1014.5676182667494,正常
维修部A,VA-25,VA-25-004,2023-01-29 07:00:00,23.119939834611177,0.7567462084434208,0.0,56.72600430705413,1129.1361221896113,正常
生产部B,VA-25,VA-25-002,2023-01-29 08:00:00,35.4490793391259,3.0062094089328495,233.99184207852838,25.26371239608221,933.4050872225207,不平衡
维修部A,VA-25,VA-25-004,2023-01-29 08:00:00,12.3242701654762,0.8356429338849699,139.7947679803595,48.617576339738505,942.3608903580274,正常
生产部B,VA-25,VA-25-001,2023-01-29 08:00:00,40.072881070137484,1.4941324653385442,86.23423484395637,56.75605227167549,984.6784271108562,正常
生产部B,VA-25,VA-25-002,2023-01-29 09:00:00,16.77819686164568,2.648012126276235,196.22503182001873,19.48087378489715,1341.2988963814978,不平衡
生产部B,VA-25,VA-25-001,2023-01-29 09:00:00,34.82181783864514,1.1210554603189569,166.1694662107585,29.284747737126544,1690.3806858716114,正常
维修部A,VA-25,VA-25-004,2023-01-29 09:00:00,30.655978221991223,1.2385706970230168,3.9908328450336903,61.94356970453152,1728.8719340257296,正常
生产部B,VA-25,VA-25-002,2023-01-29 10:00:00,39.171961968938945,3.0888575482076246,126.48348824688267,35.8494435142135,1673.0177886266497,不平衡
维修部A,VA-25,VA-25-004,2023-01-29 10:00:00,47.037199449978004,1.4535609803578897,329.4162925996705,54.61643662274219,1615.6141234168201,正常
生产部B,VA-25,VA-25-001,2023-01-29 10:00:00,38.87512059989622,0.6701782971419565,214.59961842097803,44.93705330749396,1036.4248772920862,正常
生产部B,VA-25,VA-25-002,2023-01-29 11:00:00,32.768453626691254,2.685452267503727,165.98417661912998,43.52668527495419,1298.425608112656,不平衡
生产部B,VA-25,VA-25-001,2023-01-29 11:00:00,10.82409417999856,1.8488431605223392,107.82379014245886,27.43732340264959,1250.7866097806418,正常
维修部A,VA-25,VA-25-004,2023-01-29 11:00:00,47.841488792145654,1.4432987596977855,269.90182988518086,21.668291471980677,1147.1899218768067,正常
生产部B,VA-25,VA-25-001,2023-01-29 12:00:00,34.0753213056995,1.1231142554602194,198.8907961830938,34.40471545098824,1146.0864308160326,正常
维修部A,VA-25,VA-25-004,2023-01-29 12:00:00,30.616549421506225,0.45322073815035246,304.2421675711608,58.94973288032937,971.4197316241266,正常
生产部B,VA-25,VA-25-002,2023-01-29 12:00:00,30.26903304126415,3.4808602791349905,194.6565776810067,58.0118627286911,1413.1350564734705,不平衡
生产部B,VA-25,VA-25-001,2023-01-29 13:00:00,47.33369975118109,0.8954590309436523,130.87091332603225,58.30073374265958,1765.152734605883,正常
维修部A,VA-25,VA-25-004,2023-01-29 13:00:00,9.555186965836466,1.3928350871166995,199.6340904811245,42.776169644367926,1500.6608942253417,正常
生产部B,VA-25,VA-25-002,2023-01-29 13:00:00,31.075662733891644,3.2216657196374467,208.88742096735527,29.875144187420307,1078.2693104091743,不平衡
维修部A,VA-25,VA-25-004,2023-01-29 14:00:00,23.49863602050971,1.7900726325584357,284.0507536427286,41.42664904886517,1061.472167916955,正常
生产部B,VA-25,VA-25-002,2023-01-29 14:00:00,16.776964967337346,3.1204998312188588,132.9380018062959,51.35380545342868,1136.54151314273,不平衡
生产部B,VA-25,VA-25-001,2023-01-29 14:00:00,44.00007908314004,0.10131834763854848,76.79303021790717,27.2883021805591,869.9809562445312,正常
生产部B,VA-25,VA-25-002,2023-01-29 15:00:00,19.00897736147884,2.5999728861164564,159.10746920737606,29.284259390797523,1016.1433220916933,不平衡
生产部B,VA-25,VA-25-001,2023-01-29 15:00:00,22.5452284347765,1.566057633077248,288.8854031441499,48.36268381092607,1757.267321579049,正常
维修部A,VA-25,VA-25-004,2023-01-29 15:00:00,49.108605159752706,1.5941156092928985,75.3178425965332,52.93204491194107,1537.2367030884386,正常
生产部B,VA-25,VA-25-001,2023-01-29 16:00:00,45.724497255749185,1.4787508971295296,73.56083577256807,24.30745625109705,1183.9030189589396,正常
生产部B,VA-25,VA-25-002,2023-01-29 16:00:00,42.29577819984042,2.806796878032497,178.67827100588505,41.98940821554827,838.5933762641502,不平衡
维修部A,VA-25,VA-25-004,2023-01-29 16:00:00,23.173488370994317,1.5786115189818695,211.42428075008507,32.36519986427891,1726.095148273073,正常
生产部B,VA-25,VA-25-001,2023-01-29 17:00:00,43.63138030595966,1.1016899779813618,223.47277599339358,47.63446467090025,1053.424536291795,正常
生产部B,VA-25,VA-25-002,2023-01-29 17:00:00,41.9284712968828,2.7140383965878727,151.32140615477974,48.60669120159513,1339.2204679866418,不平衡
维修部A,VA-25,VA-25-004,2023-01-29 17:00:00,107.89962581813569,3.706225018497276,267.1920053538301,40.66344649039042,1374.5597614010728,共振
生产部B,VA-25,VA-25-001,2023-01-29 18:00:00,43.225402316966324,3.48593366909369,202.1517347672938,54.331200953765034,1018.3117283177924,不平衡
生产部B,VA-25,VA-25-002,2023-01-29 18:00:00,44.58179890188566,2.955663330075309,165.42762221297025,55.90517391567478,1530.5784666374607,不平衡
维修部A,VA-25,VA-25-004,2023-01-29 18:00:00,107.41736483334577,3.6398743798516335,312.08432329801394,53.253612145118,1490.8672534432944,共振
生产部B,VA-25,VA-25-002,2023-01-29 19:00:00,25.881200518521094,0.37295061029598175,50.957754676973835,53.38155810639151,791.1890574328025,正常
生产部B,VA-25,VA-25-001,2023-01-29 19:00:00,18.650033304055448,3.5746135219092423,166.88926944183558,33.38514688361677,1114.6505750674653,不平衡
维修部A,VA-25,VA-25-004,2023-01-29 19:00:00,116.16261794100971,3.825614498746737,309.37540144555766,54.85985885006572,858.4159029054343,共振
生产部B,VA-25,VA-25-001,2023-01-29 20:00:00,43.544497555621746,2.613302659927012,152.5408694767902,52.431652860394045,1631.1515810553494,不平衡
生产部B,VA-25,VA-25-002,2023-01-29 20:00:00,49.166964108189454,0.8063372128436928,205.41742991522545,24.458821183281323,1110.2154847234704,正常
维修部A,VA-25,VA-25-004,2023-01-29 20:00:00,114.60440461252102,3.832886502237626,204.2750807498316,20.34970432552908,1256.7366429805502,共振
生产部B,VA-25,VA-25-001,2023-01-29 21:00:00,25.864387157873274,3.545389170057219,227.60458606349763,23.24695576118436,1303.7427313070368,不平衡
生产部B,VA-25,VA-25-002,2023-01-29 21:00:00,19.590090757832932,0.5748855999498765,256.1122675421093,26.635287967519698,1214.124295091388,正常
维修部A,VA-25,VA-25-004,2023-01-29 21:00:00,80.17437490997347,4.691070124637978,228.13995884293087,24.202827594017208,933.4032944993629,共振
生产部B,VA-25,VA-25-002,2023-01-29 22:00:00,36.85750907799099,0.803240652911976,153.67835899067484,33.94191008996787,1549.7721239175712,正常
生产部B,VA-25,VA-25-001,2023-01-29 22:00:00,33.44281886687407,2.9007164175044244,180.73355596301352,33.9309883752588,1684.9361357636164,不平衡
维修部A,VA-25,VA-25-004,2023-01-29 22:00:00,113.69953262276627,4.557324348853567,39.90028168693009,59.11271725015024,935.0016677158659,共振
维修部A,VA-25,VA-25-004,2023-01-29 23:00:00,107.28461975715457,4.729412406584963,3.8431930328160004,54.963295947919086,1018.1757292064702,共振
生产部B,VA-25,VA-25-001,2023-01-29 23:00:00,24.15256580058954,0.9671720719611734,67.17426250361326,58.74155837961642,1030.214210332209,正常
生产部B,VA-25,VA-25-002,2023-01-29 23:00:00,28.775791423944046,3.3237449685511304,168.31803805056276,49.044893319795165,1170.450507808226,不平衡
维修部A,VA-25,VA-25-004,2023-01-30 00:00:00,108.72768310578275,3.2775819458581523,308.5548467779568,22.81283124914106,1431.774670144316,共振
生产部B,VA-25,VA-25-002,2023-01-30 00:00:00,22.803357421868657,2.9491483335854083,217.35991227607366,32.942968327129925,1836.3014865337884,不平衡
生产部B,VA-25,VA-25-001,2023-01-30 00:00:00,42.65124876121762,1.9154372101377077,167.94152521827078,35.087948931737756,1357.6051267554433,正常
维修部A,VA-25,VA-25-004,2023-01-30 01:00:00,46.862197167256,1.3554496555214124,358.9630155991852,44.97217888143613,936.5773248391303,正常
生产部B,VA-25,VA-25-002,2023-01-30 01:00:00,45.26247746361068,3.1052347724535876,155.1578559035738,28.06277445983299,1008.552716146789,不平衡
生产部B,VA-25,VA-25-001,2023-01-30 01:00:00,49.210860387227136,1.0747132844778635,245.55034924212114,30.875213550467333,1754.4888465054835,正常
维修部A,VA-25,VA-25-004,2023-01-30 02:00:00,17.70477098894582,1.2090234370527173,307.07776191631217,41.71352653814769,1150.2279777540116,正常
生产部B,VA-25,VA-25-002,2023-01-30 02:00:00,23.036621147149166,3.4061101027823586,177.897726229118,35.09463250285956,1698.7629450478837,不平衡
生产部B,VA-25,VA-25-001,2023-01-30 02:00:00,35.43052598171731,0.18048603229129484,117.72607122103724,59.21827042089881,1025.1914825618,正常
生产部B,VA-25,VA-25-002,2023-01-30 03:00:00,47.692564781640314,1.81948194331852,129.26645206450073,39.555832596241906,1391.5866997938206,正常
维修部A,VA-25,VA-25-004,2023-01-30 03:00:00,39.261105630240465,0.4000005901073199,259.1209593954144,36.515553390672785,1327.8726245580222,正常
生产部B,VA-25,VA-25-001,2023-01-30 03:00:00,29.614635384878625,1.6442163194438428,324.73277400793484,40.888929806001116,1654.7490666886918,正常
维修部A,VA-25,VA-25-004,2023-01-30 04:00:00,24.612669217393858,1.4046562352096854,249.94856252997633,18.48144489419389,1546.1412137987372,正常
生产部B,VA-25,VA-25-002,2023-01-30 04:00:00,44.9959811820872,0.7708511033030354,50.941849302550764,38.53766855468299,1176.7821935777158,正常
生产部B,VA-25,VA-25-001,2023-01-30 04:00:00,30.01496880877402,1.9023812792406372,48.42377687793112,33.45184040254715,1052.474937618616,正常
维修部A,VA-25,VA-25-004,2023-01-30 05:00:00,43.02935176844261,0.3466708371612938,239.01839519196895,53.87526951952046,1583.8766472436957,正常
生产部B,VA-25,VA-25-002,2023-01-30 05:00:00,46.07334013853058,1.4295757541104555,192.51820818868902,27.693022501139524,1771.6037367959168,正常
生产部B,VA-25,VA-25-001,2023-01-30 05:00:00,21.63632507691035,0.22647743966545006,98.37462642942387,51.397687990825055,1805.6210115787508,正常
维修部A,VA-25,VA-25-004,2023-01-30 06:00:00,38.725592206419996,0.2494603286815201,322.2750919379083,51.39814624519102,1624.3497235333616,正常
生产部B,VA-25,VA-25-001,2023-01-30 06:00:00,28.89130631015983,4.360975017894347,0.0,29.682661946323996,1634.7995494792797,松动
生产部B,VA-25,VA-25-002,2023-01-30 06:00:00,11.988937221817272,1.8670396352330727,103.03701193474068,33.709006077502686,1077.2234231646723,正常
维修部A,VA-25,VA-25-004,2023-01-30 07:00:00,19.066579677479194,1.59494008415459,41.83459455618979,44.41867373014617,855.5091232984819,正常
生产部B,VA-25,VA-25-001,2023-01-30 07:00:00,27.839702095664617,3.8362917483794092,195.74692095937144,30.222574307330106,1708.177606763987,松动
生产部B,VA-25,VA-25-002,2023-01-30 07:00:00,16.57250812956412,0.7654470168326668,36.27350365121359,27.45328196191308,1082.4917326887928,正常
维修部A,VA-25,VA-25-004,2023-01-30 08:00:00,20.721306248416692,0.560163028097594,120.78476548338627,47.496637368199075,1327.7167185821565,正常
生产部B,VA-25,VA-25-001,2023-01-30 08:00:00,21.110561519632135,4.34301457442497,144.48240067517068,21.276843301085997,1577.397494368341,松动
生产部B,VA-25,VA-25-002,2023-01-30 08:00:00,25.777523082253463,1.8878575993831128,257.2815816041615,49.7297429774766,1285.8642351754281,正常
维修部A,VA-25,VA-25-004,2023-01-30 09:00:00,38.14751601250443,1.1658179164023248,290.95370223229077,31.281144417312856,1285.2559749537388,正常
生产部B,VA-25,VA-25-001,2023-01-30 09:00:00,21.894126782715947,3.1054061466284493,242.9409495513036,55.080242389586246,1537.255944242672,松动
生产部B,VA-25,VA-25-002,2023-01-30 09:00:00,34.66206423878698,0.22960071766057144,232.9325092555945,51.04195234244855,1748.0432194288824,正常
生产部B,VA-25,VA-25-001,2023-01-30 10:00:00,26.709881135105636,4.781669129745394,200.41092354707402,24.078513230946744,1798.048120243922,松动
维修部A,VA-25,VA-25-004,2023-01-30 10:00:00,27.548503367958755,1.0550803375145301,251.40699574093213,43.61188398774541,1607.6055985636415,正常
生产部B,VA-25,VA-25-002,2023-01-30 10:00:00,45.494383524376985,1.5172615295648528,218.53222880636207,34.0479484935642,1280.9738328222957,正常
生产部B,VA-25,VA-25-002,2023-01-30 11:00:00,16.976344318304005,0.9738906458891385,0.0,47.4443140380747,1191.9895131978267,正常
维修部A,VA-25,VA-25-004,2023-01-30 11:00:00,32.69330833273903,3.1846635235884264,263.5022767094506,33.581019542788866,920.9891327199036,松动
生产部B,VA-25,VA-25-001,2023-01-30 11:00:00,28.491172088545376,4.790347716462,176.17917259498265,48.38670760451932,926.0750798075053,松动
生产部B,VA-25,VA-25-001,2023-01-30 12:00:00,20.77862847949757,0.44168854743678265,278.1493275229302,37.285982649623534,1512.0857065790462,正常
生产部B,VA-25,VA-25-002,2023-01-30 12:00:00,18.378072173013663,1.3426294093699427,298.337317681054,51.37345193492648,1531.6024636866193,正常
维修部A,VA-25,VA-25-004,2023-01-30 12:00:00,33.969232844432476,3.9216356665916106,58.73286908243015,24.96009824927732,815.0334488066085,松动
生产部B,VA-25,VA-25-002,2023-01-30 13:00:00,27.929370736747813,1.6825434820446186,274.9241531573354,31.070379570410772,1499.9373922555233,正常
生产部B,VA-25,VA-25-001,2023-01-30 13:00:00,45.775455667913256,1.2191213316278022,105.43101108293881,40.815880261811074,1346.0151023710043,正常
维修部A,VA-25,VA-25-004,2023-01-30 13:00:00,38.50445195597936,4.376879603396554,312.81426686775455,28.19284925955891,1094.4331807362478,松动
维修部A,VA-25,VA-25-004,2023-01-30 14:00:00,23.083056302919537,3.1583470365286077,152.393538285062,26.4962673235269,1032.323416830545,松动
生产部B,VA-25,VA-25-001,2023-01-30 14:00:00,47.40684655073327,3.4805588333498694,227.3471989636222,55.70624599934054,1244.3757306397695,不平衡
生产部B,VA-25,VA-25-002,2023-01-30 14:00:00,25.38362154861492,1.9451058591403587,40.855152163305746,39.6949769932865,1112.5751867614724,正常
生产部B,VA-25,VA-25-002,2023-01-30 15:00:00,34.328519839897844,0.38196456349936164,340.43033413765727,53.39313098819577,1620.4959029625354,正常
维修部A,VA-25,VA-25-004,2023-01-30 15:00:00,36.137751559710495,0.8778742200733567,72.47059167080322,51.83190081249815,1137.888645888032,正常
生产部B,VA-25,VA-25-001,2023-01-30 15:00:00,25.673125130414565,3.119619669820649,145.88633828253114,60.14991459920212,1339.3534760664097,不平衡
生产部B,VA-25,VA-25-001,2023-01-30 16:00:00,28.114220114352538,2.591489392104401,176.5916478814679,61.82234521596499,1221.8555576808656,不平衡
维修部A,VA-25,VA-25-004,2023-01-30 16:00:00,22.009036162602296,0.6731498224165289,77.37206585226147,31.036292124161932,1200.566992112212,正常
生产部B,VA-25,VA-25-001,2023-01-30 17:00:00,28.423659153888774,2.657130857163599,170.05720204403642,48.215005967534196,1202.3641357772956,不平衡
维修部A,VA-25,VA-25-004,2023-01-30 17:00:00,33.07057964235452,0.3196369673681579,112.85897083635032,42.02772097981238,865.4486354999834,正常
生产部B,VA-25,VA-25-001,2023-01-30 18:00:00,19.9766261156659,3.3029882112674684,201.56665745344355,45.29433865356339,843.7322772555395,不平衡
维修部A,VA-25,VA-25-004,2023-01-30 18:00:00,29.789539621110986,1.4315245627953246,104.4536126432793,23.861547457108415,1770.329165552098,正常
生产部B,VA-25,VA-25-001,2023-01-30 19:00:00,20.771620314902194,3.1891007112316725,143.52984845420235,40.92618941101252,1400.4525314611826,不平衡
维修部A,VA-25,VA-25-004,2023-01-30 19:00:00,36.391774898207686,1.65272274744923,243.1181546039599,56.11203572469404,853.0452628682411,正常
维修部A,VA-25,VA-25-004,2023-01-30 20:00:00,27.833007031327334,1.4998768518098975,69.03650333201591,20.89582709979352,1215.4385335941377,正常
生产部B,VA-25,VA-25-001,2023-01-30 20:00:00,8.27988576783805,0.6730691927809168,334.2243116220574,52.60368196193157,1659.7369235731526,正常
维修部A,VA-25,VA-25-004,2023-01-30 21:00:00,45.647848002359595,1.6314341281160556,180.20203710474644,29.89742600336663,1095.0719755408838,正常
生产部B,VA-25,VA-25-001,2023-01-30 21:00:00,23.88962611737471,0.8170981032544941,2.086518219035021,19.941223548616627,1629.3420729437946,正常
维修部A,VA-25,VA-25-004,2023-01-30 22:00:00,23.43136709491098,0.8663161051827813,85.73073453313421,47.69661539621018,1213.474560122058,正常
生产部B,VA-25,VA-25-001,2023-01-30 22:00:00,37.10043181470431,1.0438976442270997,342.80567197069263,56.76677236801475,999.032219427887,正常
生产部B,VA-25,VA-25-001,2023-01-30 23:00:00,30.38544887499804,0.9064417593523296,88.83778543519037,40.46541451486785,1142.8173844819426,正常
维修部A,VA-25,VA-25-004,2023-01-30 23:00:00,31.20239699027904,0.8180127498991068,310.7664951910404,28.194833314084594,1226.784401930014,正常
生产部B,VA-25,VA-25-003,2023-01-31 00:00:00,26.630725702363865,3.5206415606222015,139.5598971358986,33.60221428037733,1014.6496998757465,不平衡
生产部B,VA-25,VA-25-001,2023-01-31 00:00:00,41.740145611325254,1.1882430231516703,248.2345712738943,23.879737519784708,1060.0224905602818,正常
维修部A,VA-25,VA-25-004,2023-01-31 00:00:00,81.68757277873463,2.4741882309919894,45.223361044133554,66.96236705809456,1417.214018231871,轴承故障
维修部A,VA-25,VA-25-004,2023-01-31 01:00:00,68.62741921689002,3.238426023458062,238.38964293888426,63.332359272380785,1288.9809313125759,轴承故障
生产部B,VA-25,VA-25-001,2023-01-31 01:00:00,32.15992850802629,0.9270023167796096,342.0191422359747,32.46647934141226,1244.2879230375038,正常
生产部B,VA-25,VA-25-003,2023-01-31 01:00:00,40.480910831167364,3.1854041388201617,136.8429128553424,21.96064895148513,1787.4032272243533,不平衡
生产部B,VA-25,VA-25-001,2023-01-31 02:00:00,29.760088055766133,3.2486796848633883,34.166784393222535,38.01001516921631,1567.0684129902722,松动
生产部B,VA-25,VA-25-003,2023-01-31 02:00:00,11.315473767413927,2.59123944436502,130.5720594040399,31.41490900411861,1630.2235000681803,不平衡
维修部A,VA-25,VA-25-004,2023-01-31 02:00:00,81.99988991684978,2.7853902680047216,28.295335746633423,66.19839197759586,1375.496498424876,轴承故障
生产部B,VA-25,VA-25-003,2023-01-31 03:00:00,29.20035294080814,0.2776891332544792,163.97798257684948,51.696771588157624,988.6199281078146,正常
维修部A,VA-25,VA-25-004,2023-01-31 03:00:00,76.27268966525958,2.513984240534323,107.37183550411713,65.65372781133983,1158.120394715238,轴承故障
生产部B,VA-25,VA-25-001,2023-01-31 03:00:00,22.851781267282924,3.602008730581172,335.6384813849299,22.123774974099504,1283.961877360271,松动
维修部A,VA-25,VA-25-004,2023-01-31 04:00:00,70.02464980801852,2.681936212392325,14.994445785305716,68.88826975651641,1188.1909327019844,轴承故障
生产部B,VA-25,VA-25-001,2023-01-31 04:00:00,36.87874593002441,3.329340801412067,53.90516307971055,39.134055377013695,1688.7628611966923,松动
生产部B,VA-25,VA-25-003,2023-01-31 04:00:00,45.86374568184153,1.8415067488170782,287.2432879831428,31.645096763846873,1393.1484854946414,正常
生产部B,VA-25,VA-25-001,2023-01-31 05:00:00,25.59976629716587,3.748399477803657,304.58485956024685,33.07608951314424,1777.1745538782545,松动
生产部B,VA-25,VA-25-003,2023-01-31 05:00:00,39.96441962428315,0.28335192298097645,216.92850936654207,49.628045741454905,1572.5427800729333,正常
维修部A,VA-25,VA-25-004,2023-01-31 05:00:00,62.5241117573817,3.0814642715878646,160.19093716264592,68.90435440221206,832.2865437297002,轴承故障
生产部B,VA-25,VA-25-003,2023-01-31 06:00:00,35.664005858056626,1.1639816957193434,251.62417113551075,38.8348400932987,1322.4386261192465,正常
维修部A,VA-25,VA-25-004,2023-01-31 06:00:00,72.92034512177241,2.611195012920833,297.4485717420755,67.08800743250384,973.7309655579664,轴承故障
生产部B,VA-25,VA-25-001,2023-01-31 06:00:00,29.324931979934405,3.7109494281895263,40.871609489324264,23.8521076268448,973.3801624853184,松动
生产部B,VA-25,VA-25-001,2023-01-31 07:00:00,32.44791159603919,4.305940151067643,247.66780011443154,23.722815742868733,1650.796840034325,松动
维修部A,VA-25,VA-25-004,2023-01-31 07:00:00,102.75695081393033,4.7542117464129525,6.754253296107445,38.009535887288926,1701.956510806182,共振
生产部B,VA-25,VA-25-003,2023-01-31 07:00:00,25.269824093451863,1.6762223437061117,133.2012532552046,21.994810295976087,1704.3736519570339,正常
生产部B,VA-25,VA-25-001,2023-01-31 08:00:00,27.54092752654637,3.967837784082854,50.098677337168404,36.07925153553884,1051.440477811665,松动
生产部B,VA-25,VA-25-003,2023-01-31 08:00:00,43.610110290054905,1.0626868082230654,130.1672919056019,43.466135197334424,1082.0127758606106,正常
维修部A,VA-25,VA-25-004,2023-01-31 08:00:00,104.21202590963911,4.644524728631065,262.0776725095323,42.546801286613075,1427.415059552157,共振
生产部B,VA-25,VA-25-001,2023-01-31 09:00:00,35.65130996586922,3.525119509376794,104.19596318186544,54.935406272150296,778.5031646409712,松动
维修部A,VA-25,VA-25-004,2023-01-31 09:00:00,90.65956378668785,3.793956034287948,26.04197986306997,51.624712786578115,1427.6911289282386,共振
生产部B,VA-25,VA-25-003,2023-01-31 09:00:00,30.974213267006604,1.9913359717059127,83.85927846354325,53.07495545787633,1197.7660619320498,正常
生产部B,VA-25,VA-25-001,2023-01-31 10:00:00,11.327059248180452,1.5107333686824886,135.10182333611715,32.695643057478996,1339.1996510485242,正常
维修部A,VA-25,VA-25-004,2023-01-31 10:00:00,87.41521269332274,3.158234635150407,188.5060651929804,29.134455001308236,1681.2364967199962,共振
生产部B,VA-25,VA-25-003,2023-01-31 10:00:00,44.997889869089875,0.12179958301781706,8.342194067876118,25.546681196281796,1605.8819070734767,正常
生产部B,VA-25,VA-25-003,2023-01-31 11:00:00,11.392538799614758,1.5932905731319722,240.60114549398895,32.14039720510871,1793.6555595991504,正常
生产部B,VA-25,VA-25-001,2023-01-31 11:00:00,27.39870704774395,0.4185520172590226,220.6465868209783,48.70148233073289,1198.254212522072,正常
维修部A,VA-25,VA-25-004,2023-01-31 11:00:00,107.4888311091247,3.8715649079860297,316.523469852462,54.28827013687629,1169.8828413730005,共振
生产部B,VA-25,VA-25-003,2023-01-31 12:00:00,15.452504913410154,0.7523046475688763,221.4629610399776,50.524035323123435,1139.8145447130605,正常
生产部B,VA-25,VA-25-001,2023-01-31 12:00:00,35.56057594615078,1.0641539630415822,344.7536684138759,53.521951348292056,1452.094074740748,正常
维修部A,VA-25,VA-25-004,2023-01-31 12:00:00,21.203364290365762,1.7440662515343959,274.3882501639892,53.85323834979198,1538.2880511400867,正常
生产部B,VA-25,VA-25-003,2023-01-31 13:00:00,28.009583511655848,3.2400510947698336,142.22895332131924,59.42911047178512,1025.690957763007,不平衡
维修部A,VA-25,VA-25-004,2023-01-31 13:00:00,28.93676803554321,0.1970633402526666,345.7255419254331,34.87302108455579,1514.4877045143037,正常
生产部B,VA-25,VA-25-001,2023-01-31 13:00:00,9.682980233466939,0.9596738669199869,79.15712906520557,33.126506282677624,991.8287641184354,正常
生产部B,VA-25,VA-25-003,2023-01-31 14:00:00,14.817582310968218,3.5116023830063217,144.5967488426024,57.28039853748099,1351.3677826123471,不平衡
生产部B,VA-25,VA-25-001,2023-01-31 14:00:00,19.001753761361055,2.067066238668467,112.37848545911334,44.755168505989424,1430.3681659374665,正常
维修部A,VA-25,VA-25-004,2023-01-31 14:00:00,33.42739766195738,0.6392336480940146,349.5370871640463,30.363185097749817,1089.0798511841194,正常
维修部A,VA-25,VA-25-004,2023-01-31 15:00:00,25.10971192724086,0.94021678996203,224.95097326858084,42.29752737268097,1558.3449371233837,正常
生产部B,VA-25,VA-25-003,2023-01-31 15:00:00,28.410486806230168,2.773618815411727,202.05315240863771,37.695962528110734,1299.906787486687,不平衡
生产部B,VA-25,VA-25-001,2023-01-31 15:00:00,26.51278347214662,1.7613732731909373,165.32776950655867,29.73529859936318,1691.9088729351229,正常
维修部A,VA-25,VA-25-004,2023-01-31 16:00:00,30.244197251179372,1.1505161378837985,217.77315199280133,53.88000467906148,1205.3457091949706,正常
生产部B,VA-25,VA-25-003,2023-01-31 16:00:00,30.45578534052031,3.3721206482892976,147.8732038908558,56.1222291176669,1107.7616243935495,不平衡
维修部A,VA-25,VA-25-004,2023-01-31 17:00:00,9.711331355575675,1.7126659226764904,92.27693729641298,54.4963464327863,1697.9409540150934,正常
生产部B,VA-25,VA-25-003,2023-01-31 17:00:00,36.369919420719086,2.9087986189794344,177.42466088946594,37.02104090780087,1100.9756852237172,不平衡
维修部A,VA-25,VA-25-004,2023-01-31 18:00:00,45.08328444831146,0.8860388906098073,190.7206403884091,52.424059793387755,1645.7616251123493,正常
生产部B,VA-25,VA-25-003,2023-01-31 18:00:00,44.511461968063955,3.579670412839792,187.21865720061606,28.549415793424075,1468.1755345096253,不平衡
生产部B,VA-25,VA-25-003,2023-01-31 19:00:00,30.161611731395595,2.4201296817710003,176.44598004949515,34.60352118380735,1258.2969657654794,不平衡
维修部A,VA-25,VA-25-004,2023-01-31 19:00:00,12.41097396772348,0.3467205200913617,3.556920617776754,47.271399244024906,901.7131849125584,正常
维修部A,VA-25,VA-25-004,2023-01-31 20:00:00,69.43279279778615,3.536709743302958,190.91743701292597,65.06081182055235,1087.43920790825,轴承故障
生产部B,VA-25,VA-25-003,2023-01-31 20:00:00,20.4500916522523,3.4746424957672932,230.12193537088712,49.340724632265555,1360.9731848358429,不平衡
生产部B,VA-25,VA-25-003,2023-01-31 21:00:00,20.94803861948306,0.12931278621901146,123.39070873192843,28.342563449746716,1141.7221850203669,正常
维修部A,VA-25,VA-25-004,2023-01-31 21:00:00,84.92112168717864,3.219764995272353,288.5080704400231,64.2625873769833,1340.843885407344,轴承故障
生产部B,VA-25,VA-25-003,2023-01-31 22:00:00,44.88774492549227,1.3596071201521411,296.55355771072124,26.733100451603566,1388.1269233456146,正常
维修部A,VA-25,VA-25-004,2023-01-31 22:00:00,68.88494989922314,3.440466153418969,299.60520912791685,63.68117904595898,1053.165694755338,轴承故障
维修部A,VA-25,VA-25-004,2023-01-31 23:00:00,76.64227966066478,3.157298399906563,280.0741220926935,66.44795624324982,1522.4949976091136,轴承故障
生产部B,VA-25,VA-25-003,2023-01-31 23:00:00,11.493489396198584,1.9262417000511498,296.4664704464112,41.045915248627495,1756.9983016368494,正常
生产部B,VA-25,VA-25-003,2023-02-01 00:00:00,32.86805904250519,0.9083822606866413,38.74368594503313,46.02066661628941,1366.5163789816797,正常
维修部A,VA-25,VA-25-004,2023-02-01 00:00:00,74.34779797680646,2.8233390264287763,49.90891856858373,65.4857882227274,1455.3961763171958,轴承故障
维修部A,VA-25,VA-25-004,2023-02-01 01:00:00,89.24973205140043,2.8160617008194633,181.7240680532102,64.11659132113951,1531.994603304307,轴承故障
生产部B,VA-25,VA-25-003,2023-02-01 01:00:00,47.46927413728218,0.966042319173029,146.58093540842012,25.062987698878484,1719.596566382493,正常
维修部A,VA-25,VA-25-004,2023-02-01 02:00:00,89.82430428253977,3.3486460440486145,294.6418340698295,68.2274295812704,1034.4073773511961,轴承故障
生产部B,VA-25,VA-25-003,2023-02-01 02:00:00,35.85061003050683,1.2059223495135192,183.43197729772538,45.7481678971402,1007.0373415352113,正常
维修部A,VA-25,VA-25-004,2023-02-01 03:00:00,39.373131506617426,1.8632904535952088,7.683199424755863,23.225095238978863,1337.2611739257698,正常
生产部B,VA-25,VA-25-003,2023-02-01 03:00:00,115.51154009565707,4.403893001032005,346.10957784839223,59.496588979299666,1417.628386351713,共振
生产部B,VA-25,VA-25-003,2023-02-01 04:00:00,92.30005939991636,3.8995903756900865,249.6357106999244,50.66246475257615,1052.3001223756592,共振
维修部A,VA-25,VA-25-004,2023-02-01 04:00:00,40.876087408540705,1.0474391641626661,365.1456702360209,39.8535587963188,1578.8823218603293,正常
维修部A,VA-25,VA-25-004,2023-02-01 05:00:00,37.76892170219787,0.6867028014206641,333.8014838692713,27.80302362585886,1671.5016919528684,正常
生产部B,VA-25,VA-25-003,2023-02-01 05:00:00,89.88750930770777,3.841309871048145,172.99908383996416,50.82795284955749,1293.5201939787935,共振
生产部B,VA-25,VA-25-003,2023-02-01 06:00:00,107.88919792021825,3.7404541829030613,72.66637740536552,32.40824452056887,1627.231553954022,共振
维修部A,VA-25,VA-25-004,2023-02-01 06:00:00,31.950130029324587,0.18920388962173917,172.340685983972,42.64662838392334,873.5493568372641,正常
生产部B,VA-25,VA-25-003,2023-02-01 07:00:00,103.46507322916247,4.527989662087141,307.56457520015266,57.28504507824678,1593.4768382090674,共振
维修部A,VA-25,VA-25-004,2023-02-01 07:00:00,11.637868992416243,1.3607215376495987,60.755469345242474,29.32455260633416,1256.4468579362972,正常
生产部B,VA-25,VA-25-003,2023-02-01 08:00:00,111.79240383545195,3.5852999942850703,244.84791002824025,24.322306985196523,1733.0283103221327,共振
维修部A,VA-25,VA-25-004,2023-02-01 08:00:00,12.604907950013533,0.7924653678258473,165.55405295397975,31.900747559708837,1174.1855901281438,正常
维修部A,VA-25,VA-25-004,2023-02-01 09:00:00,21.452061727903068,1.0335237774490091,38.96092633445466,52.787554662626555,1680.6921061653557,正常
生产部B,VA-25,VA-25-003,2023-02-01 09:00:00,117.77997925004885,4.310919347133929,207.7671543736117,30.760808881124404,868.667689277207,共振
生产部B,VA-25,VA-25-003,2023-02-01 10:00:00,33.92302394254235,0.4284006468806943,305.9271136823097,22.659652323081346,1274.9888578331859,正常
维修部A,VA-25,VA-25-004,2023-02-01 10:00:00,39.0704360492738,1.3572589961849209,246.98819964671432,47.0576892985045,1232.759674405681,正常
维修部A,VA-25,VA-25-004,2023-02-01 11:00:00,40.026171695104736,1.8820651313705072,43.220322354590486,47.08384715162314,1066.1207851341549,正常
生产部B,VA-25,VA-25-003,2023-02-01 11:00:00,27.47885289006599,1.8941013520669168,290.0688501552331,29.638055481747582,793.1685997464962,正常
生产部B,VA-25,VA-25-003,2023-02-01 12:00:00,23.17870700680706,0.6265168978045892,69.23621017368067,29.038754914769676,1143.5413483901064,正常
维修部A,VA-25,VA-25-004,2023-02-01 12:00:00,43.102483185508675,1.998952503488052,295.7614939187776,55.3120858784612,1227.285422522325,正常
维修部A,VA-25,VA-25-004,2023-02-01 13:00:00,39.83538653711753,0.7953553326890138,212.53714380355711,31.855758521873955,1197.4053690659496,正常
生产部B,VA-25,VA-25-003,2023-02-01 13:00:00,44.125523628821604,1.2956745967382313,340.80751195182813,21.28164019549515,1565.9437808820455,正常
生产部B,VA-25,VA-25-003,2023-02-01 14:00:00,45.78534812200488,1.50495052948451,77.20896949998837,46.11801814560246,1057.0690170522328,正常
维修部A,VA-25,VA-25-004,2023-02-01 14:00:00,87.534964173523,3.20009190119771,275.9465168338031,68.35528616629341,1236.8042958844633,轴承故障
生产部B,VA-25,VA-25-003,2023-02-01 15:00:00,115.79430443746703,4.936934754574291,182.84296603037075,55.05162858928745,1521.5767651256779,共振
维修部A,VA-25,VA-25-004,2023-02-01 15:00:00,88.4966634639762,3.1211159274717653,198.18162286931113,63.05526173706979,1205.5561546375811,轴承故障
维修部A,VA-25,VA-25-004,2023-02-01 16:00:00,78.22634740519132,2.843591225330847,256.709703400506,64.72283759064402,1505.9699287812891,轴承故障
生产部B,VA-25,VA-25-003,2023-02-01 16:00:00,109.4843342806476,4.096920725219819,310.53874058840773,46.249395420441225,1104.7770841383308,共振
生产部B,VA-25,VA-25-003,2023-02-01 17:00:00,86.661644372917,4.384811748671415,6.985327671102089,46.91547576008317,1451.1508346584033,共振
维修部A,VA-25,VA-25-004,2023-02-01 17:00:00,62.26137610463025,2.570763277306825,236.07066907299944,68.45487244582942,1434.9660384088015,轴承故障
生产部B,VA-25,VA-25-003,2023-02-01 18:00:00,94.27803954490277,4.438113291117314,34.73773710422083,52.99615298290279,1643.6707698307328,共振
维修部A,VA-25,VA-25-004,2023-02-01 18:00:00,61.74113038049314,2.985646383666264,185.44613277431995,68.27905478918179,1261.6184871100475,轴承故障
生产部B,VA-25,VA-25-003,2023-02-01 19:00:00,111.01018463949357,4.917664463382372,155.84001294729634,33.40732229827791,1362.906677710225,共振
维修部A,VA-25,VA-25-004,2023-02-01 19:00:00,102.8323265749781,3.888742900348652,236.7581799701468,40.85217061548609,1510.0693267732781,共振
生产部B,VA-25,VA-25-003,2023-02-01 20:00:00,111.24699171774331,3.7687875281408623,49.57405397936713,49.40095117970055,1455.9034680757768,共振
维修部A,VA-25,VA-25-004,2023-02-01 20:00:00,83.67987293167342,4.60696017842012,0.0,32.193261231638324,1200.3018322495489,共振
生产部B,VA-25,VA-25-003,2023-02-01 21:00:00,15.329841137148202,0.16259227502396256,50.04285317080064,29.17305638782788,802.1941835298749,正常
维修部A,VA-25,VA-25-004,2023-02-01 21:00:00,81.9535437730766,3.2539912222245997,139.47617380608676,33.43696837663709,862.06737522503,共振
生产部B,VA-25,VA-25-003,2023-02-01 22:00:00,15.031834441583975,0.28311147510864315,9.053503459528791,47.812153256754314,1495.3325239003532,正常
维修部A,VA-25,VA-25-004,2023-02-01 22:00:00,84.69650717827862,4.839735085246022,292.5016033713526,52.08634304400041,1309.6217676407075,共振
生产部B,VA-25,VA-25-003,2023-02-01 23:00:00,10.15100819777323,1.6388030289544222,66.56350035809503,38.45841290934301,1478.4182780926396,正常
维修部A,VA-25,VA-25-004,2023-02-01 23:00:00,96.43895550657302,3.545801433321074,158.0241720385067,34.87337237536603,1433.6764367332119,共振
生产部B,VA-25,VA-25-003,2023-02-02 00:00:00,32.351173747140805,0.4629274650669729,306.7304971160573,44.129159742298135,1275.1413236133378,正常
维修部A,VA-25,VA-25-004,2023-02-02 00:00:00,97.69345617025175,3.1658824661035148,354.3264037897222,20.733659121046617,1429.4769806044924,共振
生产部B,VA-25,VA-25-003,2023-02-02 01:00:00,31.00998227594392,0.4567810591624567,271.4763956791526,36.27547565048331,1426.167225874942,正常
维修部A,VA-25,VA-25-004,2023-02-02 01:00:00,87.78885235892214,3.5375179173102858,46.110442601526096,28.63714785367035,1332.2695126036365,共振
生产部B,VA-25,VA-25-003,2023-02-02 02:00:00,42.685017920903135,1.5859404366475023,127.97745899726374,22.6033693733257,1380.7116501973817,正常
维修部A,VA-25,VA-25-004,2023-02-02 02:00:00,89.46986777795632,3.6215544842898066,54.59029587331974,49.12597178243954,1217.2291587614013,共振
维修部A,VA-25,VA-25-004,2023-02-02 03:00:00,35.65521221202981,0.5761375627161595,285.3237489533733,44.86740153308755,1460.3522393809608,正常
生产部B,VA-25,VA-25-003,2023-02-02 03:00:00,84.20573268051821,0.9699232566808423,115.01600156780228,38.50692735109734,1435.4032718197634,不对中
生产部B,VA-25,VA-25-003,2023-02-02 04:00:00,87.91964675606906,0.7671700311004528,113.83419623591148,59.88660409257509,1630.1830509055947,不对中
维修部A,VA-25,VA-25-004,2023-02-02 04:00:00,42.43104621832046,0.11402005741030949,287.88096952883325,26.25626562356063,1068.61573245384,正常
生产部B,VA-25,VA-25-003,2023-02-02 05:00:00,61.27428753293547,0.26756025827436586,124.5369081819678,29.284669169172297,1425.0678979186207,不对中
维修部A,VA-25,VA-25-004,2023-02-02 05:00:00,42.63302028884329,1.2087523924925447,107.87667831228586,39.690297666671746,1673.6176399614199,正常
维修部A,VA-25,VA-25-004,2023-02-02 06:00:00,18.59150822707227,1.3678488654977232,17.43834626453134,37.86020692431779,986.0592918686208,正常
生产部B,VA-25,VA-25-003,2023-02-02 06:00:00,33.569796750537876,1.9430805043612078,206.73971896906892,49.0877159726791,1678.2752488151011,正常
维修部A,VA-25,VA-25-004,2023-02-02 07:00:00,47.1288196902505,1.2593208807603926,12.25758436970184,49.22369278883498,1291.815105933466,正常
生产部B,VA-25,VA-25-003,2023-02-02 07:00:00,20.291178259792478,0.8158280533209518,288.78106868504574,49.1661355373944,1481.432457626775,正常
生产部B,VA-25,VA-25-003,2023-02-02 08:00:00,44.705754229162736,1.7476445484714547,272.67276105195396,45.11427861480197,827.8695908635383,正常
维修部A,VA-25,VA-25-004,2023-02-02 08:00:00,30.16536862475136,0.44497754982189697,229.77424336899986,22.500488729431087,991.2226043393032,正常
生产部B,VA-25,VA-25-003,2023-02-02 09:00:00,25.24958431842193,1.8669674603027275,255.6418586124225,27.76183294073641,1434.2604254765986,正常
维修部A,VA-25,VA-25-004,2023-02-02 09:00:00,11.967379162120512,1.7570944250142322,113.33372132951817,57.726174037513424,1314.1981795853108,正常
生产部B,VA-25,VA-25-003,2023-02-02 10:00:00,78.81117843292765,2.8185384997346663,4.892173823097977,64.35632588867506,1320.6077217680604,轴承故障
维修部A,VA-25,VA-25-004,2023-02-02 10:00:00,18.494048639752155,1.5950554350282007,87.41098467161622,29.406924512318376,957.5741050869436,正常
生产部B,VA-25,VA-25-003,2023-02-02 11:00:00,67.98379919068013,3.145659866595846,256.69401714005477,66.97106884073571,1028.8485164640886,轴承故障
维修部A,VA-25,VA-25-004,2023-02-02 11:00:00,20.44256814951156,1.0269849119347434,152.56237814651854,52.20565334332575,1100.2622745428666,正常
生产部B,VA-25,VA-25-003,2023-02-02 12:00:00,64.6473201066836,2.8113083064787094,203.70381724433187,65.70234637961828,1401.9152289181293,轴承故障
维修部A,VA-25,VA-25-004,2023-02-02 12:00:00,26.116013776519914,0.5675122686365662,28.29115193899225,26.020361016618402,1445.0830650591688,正常
生产部B,VA-25,VA-25-003,2023-02-02 13:00:00,65.78337027955833,0.6573389978454117,129.9499620065681,45.5752588518084,1208.0537219230341,不对中
维修部A,VA-25,VA-25-004,2023-02-02 13:00:00,29.56110679025653,1.8649208675942563,14.832905167158462,21.025353465666903,1731.2885785851815,正常
生产部B,VA-25,VA-25-003,2023-02-02 14:00:00,99.25634876026749,1.6564799559514742,116.53992997666046,35.84926123916397,887.7001613950135,不对中
维修部A,VA-25,VA-25-004,2023-02-02 14:00:00,25.566771857940033,1.4894438420379603,10.235152594721743,44.085190628274965,787.9806286395385,正常
维修部A,VA-25,VA-25-004,2023-02-02 15:00:00,47.5770238133181,1.2458091066317265,71.21784124440885,22.981849771710426,1608.6350343710628,正常
生产部B,VA-25,VA-25-003,2023-02-02 15:00:00,88.29828490187346,1.428629324443299,100.36482020813729,32.94647517264281,896.135253201525,不对中
生产部B,VA-25,VA-25-003,2023-02-02 16:00:00,97.68375367722629,0.4171398953183513,118.037002663479,36.30454403548715,1686.637636345966,不对中
维修部A,VA-25,VA-25-004,2023-02-02 16:00:00,73.8362984849959,2.6689963328933772,84.87087343289899,66.45737701970953,885.8655892618029,轴承故障
维修部A,VA-25,VA-25-004,2023-02-02 17:00:00,76.72975004413499,3.0989659291297498,133.90598751696976,63.186250149182804,1608.7215655879163,轴承故障
生产部B,VA-25,VA-25-003,2023-02-02 17:00:00,34.246479339644125,0.8650427847363351,153.75982038801328,41.43643658493234,1375.6581403065488,正常
维修部A,VA-25,VA-25-004,2023-02-02 18:00:00,76.1019967752535,2.668358456901921,97.63800413395613,67.75279314548953,1248.5484154890382,轴承故障
生产部B,VA-25,VA-25-003,2023-02-02 18:00:00,13.361336229378708,0.6102662347878086,289.86883403537485,21.31623146485841,1723.983829102713,正常
生产部B,VA-25,VA-25-003,2023-02-02 19:00:00,30.54099701928623,2.039168174103088,137.8340259113768,37.68097668003984,838.3703060441604,正常
维修部A,VA-25,VA-25-004,2023-02-02 19:00:00,67.52155344040817,3.5044647157167885,181.02235282892605,67.93200865905699,1288.9296207711986,轴承故障
生产部B,VA-25,VA-25-003,2023-02-02 20:00:00,28.55270657687165,3.0617399415007824,18.628598490974618,24.739291326556,1278.738615390354,松动
维修部A,VA-25,VA-25-004,2023-02-02 20:00:00,67.64519029876791,3.531679207005821,226.0455413689472,67.67338233686722,922.9344102728426,轴承故障
生产部B,VA-25,VA-25-003,2023-02-02 21:00:00,31.92190387568018,3.1397643281966827,149.59078566929057,29.41572409595319,1576.5818442235927,松动
维修部A,VA-25,VA-25-004,2023-02-02 21:00:00,83.23783481727477,2.8276074521416645,175.7551467144615,64.13946100181357,1444.635536365122,轴承故障
维修部A,VA-25,VA-25-004,2023-02-02 22:00:00,82.24223548499492,2.5906593398000486,275.9230466227857,63.72913224774139,1680.6205498265285,轴承故障
生产部B,VA-25,VA-25-003,2023-02-02 22:00:00,24.37698868570768,4.674164137170886,103.17370591801689,27.30238540136445,1186.802046043336,松动
生产部B,VA-25,VA-25-003,2023-02-02 23:00:00,38.75555314199693,3.064996080688599,251.24465186053197,51.57281372230737,1513.2079011919311,松动
维修部A,VA-25,VA-25-004,2023-02-02 23:00:00,46.61765736397049,1.4510007387375572,154.1986711032981,26.920204864995103,954.4356408011691,正常
维修部A,VA-25,VA-25-004,2023-02-03 00:00:00,40.74572458130607,0.9395632070727662,22.052687087679196,20.114996676198427,1040.655124407999,正常
生产部B,VA-25,VA-25-003,2023-02-03 00:00:00,25.308044537217278,4.084273558158098,306.5178209663342,50.191979285336245,1650.3744650406804,松动
维修部A,VA-25,VA-25-004,2023-02-03 01:00:00,22.277314500907444,4.154207088656342,305.49291932090307,37.90739203464723,1028.7459116459265,松动
生产部B,VA-25,VA-25-003,2023-02-03 01:00:00,31.114991312230654,3.875300722304455,302.06480945296863,54.3432580764599,1099.5407986017067,松动
维修部A,VA-25,VA-25-004,2023-02-03 02:00:00,31.908076033446658,3.0449063867109842,23.771560516534365,25.29701614537592,1330.7621911039942,松动
生产部B,VA-25,VA-25-003,2023-02-03 02:00:00,33.40606804191017,0.572845721499208,44.96870319764945,43.274579991484615,1486.5007509901168,正常
生产部B,VA-25,VA-25-003,2023-02-03 03:00:00,85.63272475663612,3.150030344015225,233.89856944844973,65.85868108078856,1433.5093729953082,轴承故障
维修部A,VA-25,VA-25-004,2023-02-03 03:00:00,28.909235550611704,4.694647910918195,31.738221625368485,24.186704175175226,1245.1874328255153,松动
维修部A,VA-25,VA-25-004,2023-02-03 04:00:00,27.968474246049546,4.54909562661428,247.47942986173396,39.48327068253185,1120.6267752796432,松动
生产部B,VA-25,VA-25-003,2023-02-03 04:00:00,83.34618843474387,3.055834767016445,291.9016462624862,66.09954676505329,902.3320815351475,轴承故障
生产部B,VA-25,VA-25-003,2023-02-03 05:00:00,80.6756557152276,3.3456733745407843,200.88868177072067,68.117753613694,922.017722676683,轴承故障
维修部A,VA-25,VA-25-004,2023-02-03 05:00:00,30.459941750636542,1.7594411784779524,125.12423539012632,43.21805789830828,1697.6385617291346,正常
维修部A,VA-25,VA-25-004,2023-02-03 06:00:00,99.40239395448603,3.9567855445974898,64.75343383637716,45.86650725365795,1579.9897963532187,共振
生产部B,VA-25,VA-25-003,2023-02-03 06:00:00,21.6739650121576,1.794445098074184,109.6632478874947,39.51283345988096,1668.6942666613836,正常
生产部B,VA-25,VA-25-003,2023-02-03 07:00:00,25.066340448337222,1.1987224275975037,5.3351611999570565,22.23666907790255,847.9844413149091,正常
维修部A,VA-25,VA-25-004,2023-02-03 07:00:00,95.40915287464301,3.1236521230886014,217.2329025661743,52.08399403706639,1463.8584542579792,共振
维修部A,VA-25,VA-25-004,2023-02-03 08:00:00,114.33316342531724,4.555381590455952,21.60921726856797,33.146391042745655,1723.8951371388177,共振
生产部B,VA-25,VA-25-003,2023-02-03 08:00:00,23.15706965865084,1.8884757899620706,147.48685480670952,59.841365607014936,1080.8386178768972,正常
维修部A,VA-25,VA-25-004,2023-02-03 09:00:00,104.69662812687997,3.6530511779757484,216.08725410007318,54.56858702258328,1737.3689345799582,共振
生产部B,VA-25,VA-25-003,2023-02-03 09:00:00,47.29409941758066,0.24209660680524214,307.0726546525666,40.01976956258468,853.8769462630358,正常
生产部B,VA-25,VA-25-003,2023-02-03 10:00:00,45.42525119646907,1.27549294668199,88.80062967189367,35.4794256030243,1081.2518166476546,正常
维修部A,VA-25,VA-25-004,2023-02-03 10:00:00,100.4234123958979,4.5635503052804225,340.1301159436695,30.291980423665404,1359.8863831726696,共振
生产部B,VA-25,VA-25-003,2023-02-03 11:00:00,13.991898286613521,0.6228527888730291,329.34089569735346,44.00823593107214,1203.9262335480369,正常
维修部A,VA-25,VA-25-004,2023-02-03 11:00:00,23.934902926467643,1.5041615708112568,281.0153610404212,50.71948280618507,1446.9039800900664,正常
生产部B,VA-25,VA-25-003,2023-02-03 12:00:00,42.36283500300372,1.3656476393687693,282.3805001499645,25.45972787222941,1124.0816642960533,正常
维修部A,VA-25,VA-25-004,2023-02-03 12:00:00,30.12994103783327,0.9314425554428121,83.54112849536057,54.805565009039384,902.3734023887934,正常
维修部A,VA-25,VA-25-004,2023-02-03 13:00:00,10.702733739304426,0.9383320034471135,259.6296929491449,28.053746285183934,1507.6876015648502,正常
生产部B,VA-25,VA-25-003,2023-02-03 13:00:00,48.71254299664147,0.6662246612887972,250.5487414649076,31.134657919691204,1460.6726992325512,正常
生产部B,VA-25,VA-25-003,2023-02-03 14:00:00,21.11686324106651,2.88414388191417,142.6364162833657,30.97086692953737,868.4426629548818,不平衡
维修部A,VA-25,VA-25-004,2023-02-03 14:00:00,25.860380743875293,0.15668812286521827,55.46298588966604,55.230103816440256,1686.881121240176,正常
维修部A,VA-25,VA-25-004,2023-02-03 15:00:00,19.30642924338907,1.8694416537561223,332.9420177550595,26.542954373102845,1652.7310740800917,正常
生产部B,VA-25,VA-25-003,2023-02-03 15:00:00,15.52076329093498,2.450777492610493,139.86684130647768,47.623500561413884,845.4062436725883,不平衡
生产部B,VA-25,VA-25-003,2023-02-03 16:00:00,13.434442102827873,3.1950337510542473,158.0039688100572,47.88341465705755,1469.4542126730933,不平衡
维修部A,VA-25,VA-25-004,2023-02-03 16:00:00,27.24713453911969,0.14820863585743818,287.1285218811392,40.358908880501936,1620.2613222789205,正常
维修部A,VA-25,VA-25-004,2023-02-03 17:00:00,99.7598401259446,1.0726684746914559,140.1391850627391,29.12669664921549,972.5178078898857,不对中
生产部B,VA-25,VA-25-003,2023-02-03 17:00:00,46.63699208366832,2.819038543204825,195.81581806848345,29.47326011430825,1640.9621225655128,不平衡
维修部A,VA-25,VA-25-004,2023-02-03 18:00:00,79.0621663426189,0.27324410210612343,107.29507335870952,53.93213419835412,1567.063703735626,不对中
生产部B,VA-25,VA-25-003,2023-02-03 18:00:00,11.15546331724427,2.9543521697860626,167.0982945012952,27.76573713594851,1680.389990606901,不平衡
生产部B,VA-25,VA-25-003,2023-02-03 19:00:00,22.467570186975387,2.591266357535998,220.45425181533884,25.483765774642126,1472.9219783230617,不平衡
维修部A,VA-25,VA-25-004,2023-02-03 19:00:00,79.69570169634393,1.4045673479491216,118.13644116605246,41.29060051033081,1694.5168465979725,不对中
生产部B,VA-25,VA-25-003,2023-02-03 20:00:00,41.76024706722298,0.8855782128779254,274.48312152531287,54.240299892383035,1313.1778496215657,正常
维修部A,VA-25,VA-25-004,2023-02-03 20:00:00,93.07059177944595,1.1937128272681334,127.1111779664392,53.72657349485091,860.1646430962927,不对中
生产部B,VA-25,VA-25-003,2023-02-03 21:00:00,46.3779065781678,0.7615703079867304,210.00811561515357,21.527313267187278,1349.8328137682809,正常
维修部A,VA-25,VA-25-004,2023-02-03 21:00:00,85.68709620479464,1.5396134738190843,111.5861700130393,57.218270820520864,1478.2169286743836,不对中
生产部B,VA-25,VA-25-003,2023-02-03 22:00:00,26.496194736060595,1.2527465207187065,143.86614851447777,53.18835719404814,1557.9520304113826,正常
维修部A,VA-25,VA-25-004,2023-02-03 22:00:00,86.81379636186884,1.794388176653972,115.52956680964719,19.53750217382298,1092.2440734474428,不对中
生产部B,VA-25,VA-25-003,2023-02-03 23:00:00,51.566182902524545,1.4323756252008417,260.8302046988755,27.343249525885263,1235.39328995846,正常
维修部A,VA-25,VA-25-004,2023-02-03 23:00:00,86.45019382101789,1.8513616417237972,128.63264606862427,27.67756640537559,1530.961477694973,不对中
生产部B,VA-25,VA-25-003,2023-02-04 00:00:00,36.176313850653564,0.6214057067064973,64.1200288274435,26.199809826540502,894.147739973085,正常
维修部A,VA-25,VA-25-004,2023-02-04 00:00:00,98.4040708647824,0.6888881516874726,104.37751410954002,45.65775876437873,1707.937103253955,不对中
维修部A,VA-25,VA-25-004,2023-02-04 01:00:00,32.025426544171424,1.0195543446803594,72.46244068023803,53.94151471604475,1515.6475058901178,正常
生产部B,VA-25,VA-25-003,2023-02-04 01:00:00,42.025628484504296,0.6076123210377281,179.73697011471177,56.047751654274094,1281.40885685757,正常
生产部B,VA-25,VA-25-003,2023-02-04 02:00:00,47.07132756985925,3.144337696678677,193.48638911910464,41.8009894534008,1462.654877236751,不平衡
维修部A,VA-25,VA-25-004,2023-02-04 02:00:00,41.95288418478379,0.12233480096306504,4.473354136186526,50.12176377232231,863.538476538308,正常
维修部A,VA-25,VA-25-004,2023-02-04 03:00:00,19.4016425872396,0.7384389852551725,187.07123590186762,26.689427186942684,1573.083960878611,正常
生产部B,VA-25,VA-25-003,2023-02-04 03:00:00,47.360569553608165,3.5239003337179513,160.6709974719218,29.28194362185634,1079.946053296087,不平衡
维修部A,VA-25,VA-25-004,2023-02-04 04:00:00,35.873416743590575,1.813287262313119,59.222902541102954,26.38982407591056,961.4541081626737,正常
生产部B,VA-25,VA-25-003,2023-02-04 04:00:00,36.36272858609064,2.652609994736842,202.29958943626943,46.42566702343667,1682.7096691138338,不平衡
维修部A,VA-25,VA-25-004,2023-02-04 05:00:00,11.946951579572893,1.0424666214747078,300.4036819122743,36.58746489731688,879.655962126486,正常
生产部B,VA-25,VA-25-003,2023-02-04 05:00:00,23.402742014534013,2.918375139183781,156.69101684102588,31.085561963312514,1255.6225145349326,不平衡
生产部B,VA-25,VA-25-003,2023-02-04 06:00:00,25.295231613591522,2.788895035206153,169.0273898179659,56.22985894916646,1221.6978488328257,不平衡
维修部A,VA-25,VA-25-004,2023-02-04 06:00:00,42.48645531928939,1.5760514761362894,137.75734104208095,45.927288306487306,1329.7732295307699,正常
生产部B,VA-25,VA-25-003,2023-02-04 07:00:00,30.668468671938687,3.419772680993395,161.2120888127361,23.569250320921,1749.088252747615,不平衡
维修部A,VA-25,VA-25-004,2023-02-04 07:00:00,22.158607029889165,3.35423109373942,126.91162390828482,25.489870648617988,1124.8114345312513,松动
生产部B,VA-25,VA-25-003,2023-02-04 08:00:00,16.09417178124206,1.7382415441330195,169.51671820716194,23.144228261148463,1669.1632427850095,正常
维修部A,VA-25,VA-25-004,2023-02-04 08:00:00,27.185507645022014,4.3027373511283535,64.88165536880867,57.451804930040616,1551.7758187741076,松动
生产部B,VA-25,VA-25-003,2023-02-04 09:00:00,31.13957768918074,0.5416352388109908,245.1486883642911,23.254490851642426,1222.558086838475,正常
维修部A,VA-25,VA-25-004,2023-02-04 09:00:00,36.515787088454935,3.719268437389676,180.29532510181392,49.92857022498466,987.3157378555599,松动
生产部B,VA-25,VA-25-003,2023-02-04 10:00:00,41.713758046335684,1.454834624794846,24.93778805353234,58.01203738098387,1613.3800417717048,正常
维修部A,VA-25,VA-25-004,2023-02-04 10:00:00,30.686076572366463,3.9517416258904445,216.5546148158707,56.945812818003475,1192.8143986477417,松动
生产部B,VA-25,VA-25-003,2023-02-04 11:00:00,29.108668909920738,0.37253699426399317,152.63911244905043,46.73285185979052,1554.6552494591058,正常
维修部A,VA-25,VA-25-004,2023-02-04 11:00:00,17.708563107716568,0.3016767755461009,100.94140612552448,27.37146583650818,1641.5635993488766,正常
生产部B,VA-25,VA-25-003,2023-02-04 12:00:00,33.996708199757954,1.3232306877548659,234.5389388830083,29.148259809251932,1733.9178391205285,正常
维修部A,VA-25,VA-25-004,2023-02-04 12:00:00,14.040074734069115,0.5991353244130104,135.1742480054658,38.64325696682464,1670.7785337975315,正常
生产部B,VA-25,VA-25-003,2023-02-04 13:00:00,31.536822203292317,4.4758147054985145,342.9947629081799,37.5107246562524,940.7591977579972,松动
维修部A,VA-25,VA-25-004,2023-02-04 13:00:00,30.64218200674227,1.5244166603022544,85.89888010254288,51.42239437524619,960.9282961678435,正常
维修部A,VA-25,VA-25-004,2023-02-04 14:00:00,44.03836096173274,1.6469944196678543,157.23155900765752,42.92440634145441,1006.5063826141533,正常
生产部B,VA-25,VA-25-003,2023-02-04 14:00:00,32.59044305649787,3.5581708930752676,328.33074399911817,22.138863259714846,871.5798326567909,松动
生产部B,VA-25,VA-25-003,2023-02-04 15:00:00,28.280909473928585,3.0809477947839823,6.4674818991724745,37.78669056581031,966.0987405503977,松动
维修部A,VA-25,VA-25-004,2023-02-04 15:00:00,45.831886985880644,1.9455059727865718,160.5104038747465,29.228940300335513,1130.0213988536784,正常
维修部A,VA-25,VA-25-004,2023-02-04 16:00:00,28.790267025702395,1.1245484526280514,132.46878879816825,20.86782805945543,1039.8707580344594,正常
生产部B,VA-25,VA-25-003,2023-02-04 16:00:00,35.58636941624682,3.4431833220327346,9.390497967496866,47.42194563161012,1458.328951492553,松动
维修部A,VA-25,VA-25-004,2023-02-04 17:00:00,31.410010579163426,1.4504793908691944,0.0,23.663517878188387,1660.810510779954,正常
生产部B,VA-25,VA-25-003,2023-02-04 17:00:00,29.807618945163483,4.4722414382949225,175.9301904206356,44.7094583330393,1034.4247877191885,松动
维修部A,VA-25,VA-25-004,2023-02-04 18:00:00,46.49907576369812,0.6984547453094951,96.34916652937065,43.51605781311872,1583.0630806978772,正常
生产部B,VA-25,VA-25-003,2023-02-04 18:00:00,21.22004219269424,4.0943648003439845,93.12380246503926,45.96539380090302,1521.0446150399764,松动
维修部A,VA-25,VA-25-004,2023-02-04 19:00:00,22.560911817153837,1.1848337692020672,96.36558605618245,31.251166515934457,1123.7775745167996,正常
生产部B,VA-25,VA-25-003,2023-02-04 19:00:00,38.50434777645454,4.318630935143405,320.99696617949144,32.14702146269032,1420.0700157679776,松动
维修部A,VA-25,VA-25-004,2023-02-04 20:00:00,24.503755460933125,0.6619246038867332,312.25749597266633,20.77076898084691,918.257933927936,正常
生产部B,VA-25,VA-25-003,2023-02-04 20:00:00,21.117851878808274,4.5484117270381015,322.7893137572126,44.64911965706718,1535.6167389778727,松动
生产部B,VA-25,VA-25-003,2023-02-04 21:00:00,39.145880495112465,1.090222025943266,239.02515540005862,57.15265895752105,1234.6433158816417,正常
维修部A,VA-25,VA-25-004,2023-02-04 21:00:00,34.13759550920559,1.3811093058547044,65.30839086840162,56.14358897976557,848.9406466678015,正常
生产部B,VA-25,VA-25-003,2023-02-04 22:00:00,38.505881279025935,0.9430954609938386,194.70491141179687,43.30040972032841,1432.336408390694,正常
维修部A,VA-25,VA-25-004,2023-02-04 22:00:00,25.627565892487606,1.909827213728451,27.5830588915588,58.822124568651944,1047.7163047080178,正常
生产部B,VA-25,VA-25-003,2023-02-04 23:00:00,33.502309648650346,0.48731066091118513,43.84937499334811,50.230595795473114,1264.0975833656398,正常
维修部A,VA-25,VA-25-004,2023-02-04 23:00:00,40.90091622723096,0.5050472431915496,269.64521063432244,23.67386040862676,1698.6028925741941,正常
生产部B,VA-25,VA-25-003,2023-02-05 00:00:00,69.60197129109747,3.087159227978331,33.95438640561426,68.98564904740823,1308.6010839458472,轴承故障
维修部A,VA-25,VA-25-004,2023-02-05 00:00:00,15.782654165229308,0.9839762186268833,52.552426327546144,46.186153161054044,884.2768516515565,正常
维修部A,VA-25,VA-25-004,2023-02-05 01:00:00,12.130856259188167,1.1381626918883596,140.32724113840044,32.301747459842304,1080.9170093310395,正常
生产部B,VA-25,VA-25-003,2023-02-05 01:00:00,76.18447268255653,3.0190232503126744,142.6824713393462,66.1851277049184,1554.2430661510116,轴承故障
维修部A,VA-25,VA-25-004,2023-02-05 02:00:00,13.482730467074505,0.7157885563210842,226.2168413945138,24.70672603925884,1422.407586558678,正常
生产部B,VA-25,VA-25-003,2023-02-05 02:00:00,73.9392232512549,3.5013178335142436,277.07887350256993,67.68898471333245,1451.0578140139974,轴承故障
维修部A,VA-25,VA-25-004,2023-02-05 03:00:00,17.809012544837817,0.26463493610742844,56.08661890566666,36.718258138310745,1094.4785686339005,正常
生产部B,VA-25,VA-25-003,2023-02-05 03:00:00,70.29797596871579,3.27870292995698,211.52677559396685,67.48270197818279,1434.2202865743122,轴承故障
生产部B,VA-25,VA-25-003,2023-02-05 04:00:00,86.34126973906704,3.510735693993473,83.57291752604928,63.715084394174355,907.9408078023314,轴承故障
维修部A,VA-25,VA-25-004,2023-02-05 04:00:00,33.72346885451738,0.7028654885370906,185.8011291967143,50.63616287221452,1263.7093117465308,正常
生产部B,VA-25,VA-25-003,2023-02-05 05:00:00,75.05727849078907,3.42775956283816,27.242201406373745,66.31338644941913,1775.4711388270505,轴承故障
维修部A,VA-25,VA-25-004,2023-02-05 05:00:00,31.294867580369367,0.25387657649862894,56.8116521077314,41.996418547509,1646.841327831221,正常
维修部A,VA-25,VA-25-004,2023-02-05 06:00:00,41.34941736523556,1.2339096134053553,126.92938342616817,37.74408995381922,998.9389447176527,正常
生产部B,VA-25,VA-25-003,2023-02-05 06:00:00,88.67211295991987,3.462896779753412,36.43234589598855,64.22741120655229,1717.812845440249,轴承故障
生产部B,VA-25,VA-25-003,2023-02-05 07:00:00,71.0336252667003,3.481331393669742,192.8736499085757,68.52064397278308,1740.958367516464,轴承故障
维修部A,VA-25,VA-25-004,2023-02-05 07:00:00,28.065666743569366,1.7681623925935002,309.471955163689,51.37303628468034,1274.9916729534316,正常
维修部A,VA-25,VA-25-004,2023-02-05 08:00:00,27.69523328513891,1.8003568296429076,32.566078499309235,58.35537877559139,1469.354482685222,正常
生产部B,VA-25,VA-25-003,2023-02-05 08:00:00,38.89544148428982,1.3030004473473253,72.9916225008105,40.642947640495436,1183.9881469988766,正常
生产部B,VA-25,VA-25-003,2023-02-05 09:00:00,23.53868004885271,1.2830849426825666,326.83101386913535,30.77625208812897,1572.6659639457716,正常
维修部A,VA-25,VA-25-004,2023-02-05 09:00:00,22.074438036931305,1.3810090830911845,331.2434000417354,50.1173042775823,1791.998335221739,正常
生产部B,VA-25,VA-25-003,2023-02-05 10:00:00,36.9166478032992,0.6539485503087967,203.12620024780023,39.06584920721277,1479.9465216410738,正常
维修部A,VA-25,VA-25-004,2023-02-05 10:00:00,13.465937541805676,1.651492748105579,206.2882299781125,39.553317689337085,1444.8099459113848,正常
维修部A,VA-25,VA-25-004,2023-02-05 11:00:00,46.73392301949356,1.7216596728542848,100.31438574497885,20.652379376285335,1330.2765338048328,正常
生产部B,VA-25,VA-25-003,2023-02-05 11:00:00,44.32654895444525,0.40792344442596107,223.52939964104436,36.58207650805039,1715.3977901641047,正常
生产部B,VA-25,VA-25-003,2023-02-05 12:00:00,25.188664434611724,0.34658068079887877,10.589211640061816,31.440647396683524,1026.1037474584025,正常
维修部A,VA-25,VA-25-004,2023-02-05 12:00:00,43.24363894839913,1.4366636416961662,169.86203288771986,58.120976080856465,1444.4095135970285,正常
维修部A,VA-25,VA-25-004,2023-02-05 13:00:00,16.121632643884563,0.8281639010646781,334.63171740434234,46.24625918807856,1273.9251819682056,正常
生产部B,VA-25,VA-25-003,2023-02-05 13:00:00,29.921995038523725,0.24479475942014084,246.96542944453464,18.642039526073077,1305.056178429485,正常
生产部B,VA-25,VA-25-003,2023-02-05 14:00:00,50.14486004640952,1.0300554275356997,88.24229802824127,35.2536055635794,1507.1848082784397,正常
维修部A,VA-25,VA-25-004,2023-02-05 14:00:00,47.75479847732165,1.529832647481858,104.25720657843524,59.539112561992134,1733.9731267495138,正常
生产部B,VA-25,VA-25-003,2023-02-05 15:00:00,34.13010985892107,0.20281951091653516,24.034451726927596,55.26120763224815,1055.783463336218,正常
维修部A,VA-25,VA-25-004,2023-02-05 15:00:00,36.63484099550562,1.0684141835227705,298.63050620015775,48.3534196095859,1290.9270882407948,正常
生产部B,VA-25,VA-25-003,2023-02-05 16:00:00,46.95297944439613,1.5826187875980506,36.10353032357792,31.62410104832159,1393.5572142908325,正常
生产部B,VA-25,VA-25-003,2023-02-05 17:00:00,43.25643780627528,0.3128319649365501,12.33864093649673,49.49832335831904,1634.8528759884832,正常
生产部B,VA-25,VA-25-003,2023-02-05 18:00:00,21.947067046718843,0.5704287976148287,60.827169424613686,35.248116490489245,1373.1007621992112,正常
生产部B,VA-25,VA-25-003,2023-02-05 19:00:00,15.919036119347249,1.8326662071980504,282.6806932522895,31.167694497115015,1583.3707073353096,正常
生产部B,VA-25,VA-25-003,2023-02-05 20:00:00,28.25472209291903,0.31849053962962365,275.35007667570784,44.48235159169722,1788.8439408184233,正常
生产部B,VA-25,VA-25-003,2023-02-05 21:00:00,14.836077432624247,0.33638391643539584,224.38154607419125,37.94818442152298,1680.3609420985656,正常
生产部B,VA-25,VA-25-003,2023-02-05 22:00:00,40.48424508108972,0.7643054339769401,88.35214314006502,55.402342185354236,1210.317727135744,正常
生产部B,VA-25,VA-25-003,2023-02-05 23:00:00,37.565570519934234,1.8396423360418217,233.46656713135366,33.1867499755313,1406.2695715396037,正常
生产部B,VA-25,VA-25-003,2023-02-06 00:00:00,43.48896084420135,1.9218925956432187,71.87632087327657,55.37279246476486,1642.04244726079,正常
生产部B,VA-25,VA-25-003,2023-02-06 01:00:00,29.22262852743192,0.2436953861569911,298.02263004366483,41.06404199187294,1688.0272505281641,正常
生产部B,VA-25,VA-25-003,2023-02-06 02:00:00,11.664442115035122,1.4546005190143976,220.54243615455886,30.10758152860483,1398.9333336792834,正常
生产部B,VA-25,VA-25-003,2023-02-06 03:00:00,19.198446442510132,1.0369937897525003,159.60537903007148,21.661765378768195,1523.519401619311,正常
生产部B,VA-25,VA-25-003,2023-02-06 04:00:00,29.374828785775044,0.44590751398178174,50.92251891057944,48.34849981799401,1394.5031023440401,正常
生产部B,VA-25,VA-25-003,2023-02-06 05:00:00,32.0284468072097,0.719166318327435,278.8682937117424,49.16503237822084,1628.0830547455184,正常
生产部B,VA-25,VA-25-003,2023-02-06 06:00:00,35.996902224939866,1.0067963793664139,256.075740820966,26.401957397994718,962.7763063220061,正常
生产部B,VA-25,VA-25-003,2023-02-06 07:00:00,42.54899644128829,0.5941501302865183,297.40938506542113,35.44355192806315,1259.0929323282376,正常
生产部B,VA-25,VA-25-003,2023-02-06 08:00:00,33.99778428045533,0.920756929436804,77.25655119888972,41.32800129568699,1662.5092471177595,正常
生产部B,VA-25,VA-25-003,2023-02-06 09:00:00,23.129976060011938,0.24085084558492875,244.753069755855,48.56001237116699,1685.9295752184194,正常
生产部B,VA-25,VA-25-003,2023-02-06 10:00:00,14.207940590721417,1.4495004467999737,51.91736804951452,37.54614855411903,1705.725876992018,正常
生产部B,VA-25,VA-25-003,2023-02-06 11:00:00,30.14815971698263,1.0777034643559895,115.43905722702281,54.288708656668604,1074.576399699807,正常
生产部B,VA-25,VA-25-003,2023-02-06 12:00:00,35.650630103384096,1.0492538702399683,162.74204897267475,56.54278714825696,1027.5562532089236,正常
生产部B,VA-25,VA-25-003,2023-02-06 13:00:00,12.260139310410471,0.9459058431063585,197.85565296183833,31.538749134395914,966.1065664633776,正常
生产部B,VA-25,VA-25-003,2023-02-06 14:00:00,18.52457517591075,0.755736558015024,294.4070751640183,55.141028975132045,1590.9865670391873,正常
生产部B,VA-25,VA-25-003,2023-02-06 15:00:00,21.127428256468413,0.3958200420525737,305.05155839411367,28.42721668278064,1540.641942323112,正常
生产部B,VA-25,VA-25-003,2023-02-06 16:00:00,23.00864240725936,0.9139321518264236,287.20130599319725,32.116560625767725,1728.1373680947506,正常
生产部B,VA-25,VA-25-003,2023-02-06 17:00:00,49.7395205201906,0.6382320778640661,115.40845382048266,33.535516000098106,1168.7039118965886,正常
生产部B,VA-25,VA-25-003,2023-02-06 18:00:00,45.62610813524873,1.751399393802669,216.78367144537012,30.02985498668982,1749.4856705477735,正常
生产部B,VA-25,VA-25-003,2023-02-06 19:00:00,27.05650508484883,1.6672661628026624,359.2922194173598,36.6765619894971,1462.650196597954,正常
生产部B,VA-25,VA-25-003,2023-02-06 20:00:00,16.49447865365001,1.5910513585514936,32.531279844275176,52.47088917938984,1664.605415477392,正常
生产部B,VA-25,VA-25-003,2023-02-06 21:00:00,24.80578450703119,0.7805281533785344,217.14604774814512,28.67671837065392,1195.207805913824,正常
生产部B,VA-25,VA-25-003,2023-02-06 22:00:00,48.97067110384711,1.3999345314633465,262.109681106244,51.75516548251434,1654.5505594869066,正常
生产部B,VA-25,VA-25-003,2023-02-06 23:00:00,32.72103531697241,1.3398318260774942,58.859680678341824,56.40526358644776,941.9855645076337,正常
生产部B,VA-25,VA-25-003,2023-02-07 00:00:00,38.59079729258213,1.8280898588402017,31.163491221510647,37.25829043722298,913.8855902784031,正常
生产部B,VA-25,VA-25-003,2023-02-07 01:00:00,23.373162560041518,3.636880133221742,248.32487741814583,28.469682780635903,1720.7043130619493,松动
生产部B,VA-25,VA-25-003,2023-02-07 02:00:00,35.41314836258559,4.937118803260043,212.82664396154507,47.41774302075407,1728.3822265965239,松动
生产部B,VA-25,VA-25-003,2023-02-07 03:00:00,38.12461804858002,4.090492221164278,322.38257337115425,57.20146639862749,1737.3474617046181,松动
生产部B,VA-25,VA-25-003,2023-02-07 04:00:00,37.100892044764436,3.879004874659941,226.21005627385944,48.29073334338906,1467.127968017938,松动
生产部B,VA-25,VA-25-003,2023-02-07 05:00:00,42.194934507376885,0.4357194165244454,48.84724597924554,28.18814784770672,1373.9915539762274,正常
生产部B,VA-25,VA-25-003,2023-02-07 06:00:00,39.215719318685814,1.2403668505318097,210.99513935650344,29.151442652162974,1044.4204982973502,正常
生产部B,VA-25,VA-25-003,2023-02-07 07:00:00,15.910988210519347,1.5642843427582855,300.2616806373857,29.516848792997976,1663.8336368125633,正常
生产部B,VA-25,VA-25-003,2023-02-07 08:00:00,76.28162218386336,0.05093236654269427,139.24224904588414,48.61779924984388,1028.542963255821,不对中
生产部B,VA-25,VA-25-003,2023-02-07 09:00:00,71.46418954582343,0.3385490768367323,107.82745336816905,29.242651822821117,840.8923791277612,不对中
生产部B,VA-25,VA-25-003,2023-02-07 10:00:00,83.31909568352019,0.24388586327825926,126.13882801927181,36.25670315277085,824.1782874287297,不对中
生产部B,VA-25,VA-25-003,2023-02-07 11:00:00,90.85424587651093,1.0066132852981389,146.0519644027801,45.254558044665046,1733.4036138243832,不对中
生产部B,VA-25,VA-25-003,2023-02-07 12:00:00,88.16045656015953,0.4060922192022802,114.04474837783444,24.245775245105943,1290.2734656727337,不对中
生产部B,VA-25,VA-25-003,2023-02-07 13:00:00,32.71053054954396,1.9033390949862075,331.77603813859395,43.230667345767166,1235.2317500093084,正常
生产部B,VA-25,VA-25-003,2023-02-07 14:00:00,32.62007849531306,2.8574717202368194,225.22771148622672,59.17260210417898,1626.5208706418694,不平衡
生产部B,VA-25,VA-25-003,2023-02-07 15:00:00,21.024615154169116,3.0060269111691094,146.75767493365436,33.643363296190444,1239.5875450553579,不平衡
生产部B,VA-25,VA-25-003,2023-02-07 16:00:00,11.603001532976378,2.573291236304448,132.99180878655278,59.36745377120609,999.19211440389,不平衡
生产部B,VA-25,VA-25-003,2023-02-07 17:00:00,44.73291665054227,2.442858534727653,203.76202882371177,27.633501838280356,1729.8880340241765,不平衡
生产部B,VA-25,VA-25-003,2023-02-07 18:00:00,23.36599105555815,0.6460118884876657,2.113689989670845,36.17746816032562,1591.310782666233,正常
生产部B,VA-25,VA-25-003,2023-02-07 19:00:00,29.26041476438933,0.8309545418905415,104.55358492521184,27.02909682869192,1602.3470844609437,正常
生产部B,VA-25,VA-25-003,2023-02-07 20:00:00,10.451229834028435,2.029506507295761,67.78937960589663,36.095773204165745,1539.354364820514,正常
生产部B,VA-25,VA-25-003,2023-02-07 21:00:00,109.55778636096625,3.3539814306941444,85.92973196109212,39.65345963044303,1769.6836348152935,共振
生产部B,VA-25,VA-25-003,2023-02-07 22:00:00,114.1417946306819,3.2794042602366016,122.46138038051268,44.075877454066514,1372.422197254014,共振
生产部B,VA-25,VA-25-003,2023-02-07 23:00:00,81.65681522728244,3.7696467288890565,231.40947623957916,26.676892136563197,1033.3445236867299,共振
生产部B,VA-25,VA-25-003,2023-02-08 00:00:00,90.64600403786164,4.065070214817653,228.61172915809226,32.733284447482724,1428.9081031525432,共振
生产部B,VA-25,VA-25-003,2023-02-08 01:00:00,101.18103713030379,3.897973724695928,63.37288682750585,37.329116506512904,1115.2409569319925,共振
生产部B,VA-25,VA-25-003,2023-02-08 02:00:00,88.6833526375817,3.2933012568601923,35.8119738393259,26.223714822751226,1626.366740414587,共振
生产部B,VA-25,VA-25-003,2023-02-08 03:00:00,80.42332976523377,4.570671409922211,206.57701110692207,51.95053282103917,1800.1667804244264,共振
生产部B,VA-25,VA-25-003,2023-02-08 04:00:00,109.35788606331229,4.606809681250824,271.7190232789144,52.384943255482774,1364.6689142868436,共振
生产部B,VA-25,VA-25-003,2023-02-08 05:00:00,24.687971994999693,1.3509679404126291,188.1778453085511,32.23332394514246,1576.7195327507634,正常
生产部B,VA-25,VA-25-003,2023-02-08 06:00:00,42.972271623101065,1.4068341907945163,134.45797632354166,20.76034658983787,1556.93421241505,正常
生产部B,VA-25,VA-25-003,2023-02-08 07:00:00,47.96066243334603,0.561356953568018,333.15519598186785,18.259431394401613,1241.7703629431023,正常
生产部B,VA-25,VA-25-003,2023-02-08 08:00:00,25.99322650928054,0.3316943319881655,174.46464038877568,52.499788338525185,1027.1599975945235,正常
生产部B,VA-25,VA-25-003,2023-02-08 09:00:00,17.69920605045165,0.25234087402412875,210.2699477751707,48.331143955949116,1482.6744767719065,正常
生产部B,VA-25,VA-25-003,2023-02-08 10:00:00,36.65109649260922,0.9896302698680447,117.40401995030898,38.523721631312476,1643.5922423601835,正常
生产部B,VA-25,VA-25-003,2023-02-08 11:00:00,16.55918593327059,0.22699372183109795,221.62353819841485,49.27816204196115,1120.0266358321585,正常
生产部B,VA-25,VA-25-003,2023-02-08 12:00:00,30.358854291370392,0.06521191852147334,340.77863657544873,27.656693862421847,1320.6968284326201,正常
生产部B,VA-25,VA-25-003,2023-02-08 13:00:00,47.096022389917415,0.34614761209287603,225.8742078031575,21.472244238267763,1388.7133334907264,正常
生产部B,VA-25,VA-25-003,2023-02-08 14:00:00,32.5415798582763,1.4236748716646204,310.96075393881335,43.18852409008342,1748.287311613492,正常
生产部B,VA-25,VA-25-003,2023-02-08 15:00:00,21.690495372154377,0.5167452024753417,74.43480686401703,39.226287355178904,1050.6254127807924,正常
生产部B,VA-25,VA-25-003,2023-02-08 16:00:00,74.51118820037328,3.571833416047611,155.4648940634024,64.40249376800672,1545.8667747792085,轴承故障
生产部B,VA-25,VA-25-003,2023-02-08 17:00:00,65.5455756161301,2.9624480934650963,169.66643575915776,63.308964915380315,1065.0947541926635,轴承故障
生产部B,VA-25,VA-25-003,2023-02-08 18:00:00,74.63082798780087,3.532706118831085,98.06146248146013,68.54191674342673,1678.9564111478378,轴承故障
生产部B,VA-25,VA-25-003,2023-02-08 19:00:00,10.359113157548533,1.5086121482856838,146.0833042365239,21.393511858754305,1441.9238640616693,正常
生产部B,VA-25,VA-25-003,2023-02-08 20:00:00,25.226535898955554,0.7865779906124053,259.69555671039217,54.87431856112086,1765.6931325144765,正常
生产部B,VA-25,VA-25-003,2023-02-08 21:00:00,25.31358591280417,1.8977933608380109,108.85808793728361,49.61888240095756,1807.9095130484952,正常
生产部B,VA-25,VA-25-003,2023-02-08 22:00:00,17.24693488709749,0.6601222910433984,53.12700276615991,21.519555571545055,869.4542647156696,正常
生产部B,VA-25,VA-25-003,2023-02-08 23:00:00,19.512328865529852,1.1615691646875401,280.313509803092,38.35967549444453,967.9162583129083,正常
生产部B,VA-25,VA-25-003,2023-02-09 00:00:00,30.22076937750103,0.576892307252984,258.50700747284867,27.514032700866565,1734.1799531265917,正常
生产部B,VA-25,VA-25-003,2023-02-09 01:00:00,49.47411356975265,1.381232424012437,128.6970369675349,28.483141873796193,1522.4633035044833,正常
生产部B,VA-25,VA-25-003,2023-02-09 02:00:00,10.930915234351913,1.0495818555777756,137.13977182351056,59.66239709249216,1157.3203651444305,正常
生产部B,VA-25,VA-25-003,2023-02-09 03:00:00,20.21640922091726,1.4189125689528745,368.71322823730986,24.09067691466696,1180.7591433226735,正常
生产部B,VA-25,VA-25-003,2023-02-09 04:00:00,21.965658975878007,1.340000515291104,133.91445725334938,35.500058958767646,1184.8569843499768,正常
生产部B,VA-25,VA-25-003,2023-02-09 05:00:00,32.57733777544285,1.191061584177081,164.6035469712908,51.679711296916004,805.3191028645928,正常
生产部B,VA-25,VA-25-003,2023-02-09 06:00:00,94.62029438626155,0.13204498291177091,111.87908078676752,31.944503890693056,1022.5553567572823,不对中
生产部B,VA-25,VA-25-003,2023-02-09 07:00:00,97.59648447169911,0.5093013705891589,107.44648346756365,59.25087900227227,1452.6872985189007,不对中
生产部B,VA-25,VA-25-003,2023-02-09 08:00:00,69.93551316954213,0.1946011311396777,117.76773453765031,28.710696961406587,865.8707635208145,不对中
生产部B,VA-25,VA-25-003,2023-02-09 09:00:00,67.02988417504554,1.82866958263257,148.3160685650944,23.544904245048617,1272.5586862056757,不对中
生产部B,VA-25,VA-25-003,2023-02-09 10:00:00,27.315463029261117,4.763491706898437,30.196844515156087,52.15318872752169,1268.5544180706272,松动
生产部B,VA-25,VA-25-003,2023-02-09 11:00:00,25.869321143464152,4.299169915133189,143.69322166265988,29.187987128814655,1527.163154207091,松动
生产部B,VA-25,VA-25-003,2023-02-09 12:00:00,33.13506427494795,4.856264142744937,35.69767952445331,50.96931770219338,1525.3962240173062,松动
生产部B,VA-25,VA-25-003,2023-02-09 13:00:00,33.07283259746737,0.7844937660664695,175.5184745028866,35.681294805635154,1343.8801892267265,正常
生产部B,VA-25,VA-25-003,2023-02-09 14:00:00,41.722030393449465,0.8671388947987613,30.991882754725772,27.01367048949707,1187.2517365408091,正常
生产部B,VA-25,VA-25-003,2023-02-09 15:00:00,23.099624302626218,3.503993830744073,189.54613235275113,23.425930758480153,1351.0471015005874,不平衡
生产部B,VA-25,VA-25-003,2023-02-09 16:00:00,16.611882400675206,3.3421178343074818,151.41189010637606,44.14162617984539,1658.277459723333,不平衡
生产部B,VA-25,VA-25-003,2023-02-09 17:00:00,15.317617230329244,3.041230398002164,142.95462458118584,27.129731914264287,993.37293716474,不平衡
生产部B,VA-25,VA-25-003,2023-02-09 18:00:00,46.47480758168332,2.717222605822302,209.39370813646676,29.879973946504204,1435.8360166016837,不平衡
生产部B,VA-25,VA-25-003,2023-02-09 19:00:00,33.70900446592854,3.3982121608894644,200.50301951151005,48.291959173292675,1537.7361669371883,不平衡
生产部B,VA-25,VA-25-003,2023-02-09 20:00:00,30.76393728754921,2.6038310700490213,231.03485297894696,54.57808583015421,1669.4994110067792,不平衡
生产部B,VA-25,VA-25-003,2023-02-09 21:00:00,19.757706759287956,3.576663927123355,132.48316786821326,41.82481402427605,1133.4000192644387,不平衡
生产部B,VA-25,VA-25-003,2023-02-09 22:00:00,28.750974104847508,2.9785208066580457,218.27734454948097,36.48306844239639,1754.61351743436,不平衡
生产部B,VA-25,VA-25-003,2023-02-09 23:00:00,28.003124087693934,1.1124249244583748,343.9238306579981,38.03745979891283,1059.8257649620725,正常
生产部B,VA-25,VA-25-003,2023-02-10 00:00:00,28.37208680479838,3.3972089542848196,97.88492902364841,44.28490656127259,1317.1994301456857,松动
生产部B,VA-25,VA-25-003,2023-02-10 01:00:00,30.750754714973755,4.665552061282604,45.71405148038417,38.763065321321804,1541.169906018766,松动
生产部B,VA-25,VA-25-003,2023-02-10 02:00:00,30.327716287788657,3.6803310062863375,70.25196983469189,59.04408272229367,1701.2867470310653,松动
生产部B,VA-25,VA-25-003,2023-02-10 03:00:00,29.747065537042243,3.721456102812201,134.35178230457032,40.62431585791801,1322.4304997492954,松动
生产部B,VA-25,VA-25-003,2023-02-10 04:00:00,34.88114186413969,4.6695060139713975,106.99197316820138,31.973279404607496,1306.1198664966357,松动
生产部B,VA-25,VA-25-003,2023-02-10 05:00:00,36.56879429965947,3.6765858772104396,328.82901348435854,33.22427877150879,1329.2870307434177,松动
生产部B,VA-25,VA-25-003,2023-02-10 06:00:00,37.89651018911186,3.181472214880381,75.90579869446891,45.25423616017498,1166.439044325156,松动
生产部B,VA-25,VA-25-003,2023-02-10 07:00:00,21.764393651370803,4.276471070896738,94.18527087187518,55.79788591712345,996.2035752895733,松动
生产部B,VA-25,VA-25-003,2023-02-10 08:00:00,43.46758353498009,0.6749406459799007,127.48998895416506,49.03659067943783,1394.4419237832824,正常
生产部B,VA-25,VA-25-003,2023-02-10 09:00:00,30.281252067541896,1.0838345533849674,161.0202375387233,38.21509437191806,1117.8671713136127,正常
生产部B,VA-25,VA-25-003,2023-02-10 10:00:00,27.945573602339728,2.403924194899383,170.73237890910605,43.164278578876555,1318.1859789502125,不平衡
生产部B,VA-25,VA-25-003,2023-02-10 11:00:00,19.896669936397423,3.562474607359011,207.77159902543164,29.250710177478624,986.9718550609766,不平衡
生产部B,VA-25,VA-25-003,2023-02-10 12:00:00,30.64570454155972,2.5990451811989406,165.55451854812844,41.453631576822495,1067.0014464819571,不平衡
生产部B,VA-25,VA-25-003,2023-02-10 13:00:00,27.106312043891485,3.3867308216251066,223.53101725545554,30.70239316093717,1009.3726320851204,不平衡
生产部B,VA-25,VA-25-003,2023-02-10 14:00:00,40.62384997652159,3.0941453113644863,215.1895628214031,37.34198425055924,1664.8255815941914,不平衡
生产部B,VA-25,VA-25-003,2023-02-10 15:00:00,47.88721058991971,3.59699191751759,151.7725595676583,30.608482652341593,861.9667989241643,不平衡
生产部B,VA-25,VA-25-003,2023-02-10 16:00:00,25.256979246346948,1.891743246759954,322.2675491697483,33.15766930073378,1543.7021527026025,正常
生产部B,VA-25,VA-25-003,2023-02-10 17:00:00,89.71539509567278,3.2691464986709793,309.6245013052068,24.9421348604434,1111.0781006770899,共振
生产部B,VA-25,VA-25-003,2023-02-10 18:00:00,82.48183156722605,3.6895075223882774,30.71201886343905,44.905185997999254,1610.69155341095,共振
生产部B,VA-25,VA-25-003,2023-02-10 19:00:00,99.0594948119134,3.613438981280085,276.1078041559071,51.65555211723411,1285.526012029152,共振
生产部B,VA-25,VA-25-003,2023-02-10 20:00:00,119.67082093006651,4.8333846619128895,51.31467453829167,59.556344808812106,1095.2412162202643,共振
生产部B,VA-25,VA-25-003,2023-02-10 21:00:00,110.90448123942514,4.693156952250652,161.47974379501682,54.53319366677207,1196.40884771803,共振
生产部B,VA-25,VA-25-003,2023-02-10 22:00:00,103.14045868115923,4.060783574008177,4.203920680327968,21.299710895740684,1631.4099574566935,共振
生产部B,VA-25,VA-25-003,2023-02-10 23:00:00,24.947036973782566,0.8557673843279803,227.24988346046055,40.817115615896135,1180.897484937678,正常
生产部B,VA-25,VA-25-003,2023-02-11 00:00:00,37.42304575759833,0.31754458608825964,326.5334808439212,34.3872665328957,1386.9733539456552,正常
生产部B,VA-25,VA-25-003,2023-02-11 01:00:00,27.444606906358484,0.6484177015596813,19.60070255555264,26.143532861736873,1139.7332143433325,正常
生产部B,VA-25,VA-25-003,2023-02-11 02:00:00,14.144407637249463,0.6760835655564663,124.39798821526836,42.04142394325901,1375.349621271181,正常
生产部B,VA-25,VA-25-003,2023-02-11 03:00:00,17.334283794274118,1.383789868276804,261.4149059068886,35.36578132412042,1020.0980302851126,正常
生产部B,VA-25,VA-25-003,2023-02-11 04:00:00,41.768733169585964,0.6825686357692673,200.1365717041651,41.83991100283346,1163.628267012234,正常
生产部B,VA-25,VA-25-003,2023-02-11 05:00:00,19.06700851147308,0.8834886090525103,163.4795330987364,31.629455586581518,1374.6482242759087,正常
生产部B,VA-25,VA-25-003,2023-02-11 06:00:00,99.19235113956495,3.5011976134039173,315.733997737936,34.89841183466745,1786.6591811388944,共振
生产部B,VA-25,VA-25-003,2023-02-11 07:00:00,82.48009302056911,4.468938227522703,15.269266121798283,30.87414645065516,1270.968564440967,共振
生产部B,VA-25,VA-25-003,2023-02-11 08:00:00,102.8319498239581,3.098518475025622,315.7500863707053,52.27614801684637,1543.713153027536,共振
生产部B,VA-25,VA-25-003,2023-02-11 09:00:00,100.5672231292421,3.7100989619926246,283.0742750890597,55.46029475683468,1799.4636805791504,共振
生产部B,VA-25,VA-25-003,2023-02-11 10:00:00,24.370796716732887,1.1509123408443211,117.65323180955501,43.513030128067925,1246.5235160411066,正常
生产部B,VA-25,VA-25-003,2023-02-11 11:00:00,21.084327362916085,3.8317076138292636,320.376592883091,39.84117538445985,942.2827988740582,松动
生产部B,VA-25,VA-25-003,2023-02-11 12:00:00,37.6360388558116,4.62430152923257,134.09928529457616,23.311644757248526,1713.2955916052404,松动
生产部B,VA-25,VA-25-003,2023-02-11 13:00:00,25.766514825585258,3.0456041001382643,147.73847945794853,26.73030174429634,1558.1626416513598,松动
生产部B,VA-25,VA-25-003,2023-02-11 14:00:00,30.60717739382822,3.1958843215160666,336.7517925567657,25.200583255323167,1451.7970957249254,松动
生产部B,VA-25,VA-25-003,2023-02-11 15:00:00,31.80692429259904,4.363481735888927,28.823808065766567,31.002420721225615,1353.6885877587213,松动
生产部B,VA-25,VA-25-003,2023-02-11 16:00:00,31.582498236534143,4.377152665463388,276.3376058519747,56.459249499091385,1376.6469402073953,松动
生产部B,VA-25,VA-25-003,2023-02-11 17:00:00,33.714010939543016,4.483649978297503,135.88388890326993,28.034714247034128,1355.123715753029,松动
生产部B,VA-25,VA-25-003,2023-02-11 18:00:00,24.86735593603645,4.830902002794649,241.46760037325518,33.97198934848278,1135.3415497963078,松动
生产部B,VA-25,VA-25-003,2023-02-11 19:00:00,47.59107774600108,1.3027999216578214,67.82272419054016,45.54637420145014,1532.2108293551298,正常
生产部B,VA-25,VA-25-003,2023-02-11 20:00:00,19.280527844412724,1.0574697021340427,67.16401165568888,29.73829633307935,1443.3864050989832,正常
生产部B,VA-25,VA-25-003,2023-02-11 21:00:00,31.892096256413495,1.5672428263164087,269.2044180407789,41.6548891176494,1463.3301568840116,正常
生产部B,VA-25,VA-25-003,2023-02-11 22:00:00,17.823481847961713,1.7752379183486937,235.3863820305515,52.41368315316002,1443.3006166509215,正常
生产部B,VA-25,VA-25-003,2023-02-11 23:00:00,42.721691937400884,1.905842873231127,298.17180809552616,23.61868041984125,1269.3465291668822,正常
生产部B,VA-25,VA-25-003,2023-02-12 00:00:00,45.578469888353624,1.7157412683388926,322.7757985860457,45.25827295986425,1354.9218277854286,正常
生产部B,VA-25,VA-25-003,2023-02-12 01:00:00,26.008017658942272,0.6624448095899884,235.72752510141584,23.16182447201404,1341.5169567944754,正常
生产部B,VA-25,VA-25-003,2023-02-12 02:00:00,64.56415461964188,3.1083210377000707,170.93298800234692,64.530195846864,1496.3595454092654,轴承故障
生产部B,VA-25,VA-25-003,2023-02-12 03:00:00,68.00439986278072,3.44705813902386,30.87438933525878,64.20406924427915,865.4679007642294,轴承故障
生产部B,VA-25,VA-25-003,2023-02-12 04:00:00,68.10938020398015,2.6312706646504496,147.18443598399816,67.38449088198773,1184.0854912259483,轴承故障
生产部B,VA-25,VA-25-003,2023-02-12 05:00:00,82.58687663948282,3.0577825133045735,246.22024345010846,67.57625986635611,1762.533800295216,轴承故障
生产部B,VA-25,VA-25-003,2023-02-12 06:00:00,73.9569054131117,2.477551141807959,224.06452687883416,63.99483110473599,1711.4380662370675,轴承故障
生产部B,VA-25,VA-25-003,2023-02-12 07:00:00,84.62215014305681,2.5652138413707988,223.3836566083674,63.28254437270266,1188.7495224192364,轴承故障
生产部B,VA-25,VA-25-003,2023-02-12 08:00:00,60.08464272664827,3.253770147793495,322.3257910093695,66.46886580100153,1284.5773311100734,轴承故障
生产部B,VA-25,VA-25-003,2023-02-12 09:00:00,67.55775295589034,2.844117878652716,137.87424875242274,68.95868023290448,1305.2366680470157,轴承故障
生产部B,VA-25,VA-25-003,2023-02-12 10:00:00,61.458073698317214,3.1493424444438425,70.32041439612665,67.66778576707446,954.2122767471776,轴承故障
生产部B,VA-25,VA-25-003,2023-02-12 11:00:00,88.07719015837849,2.449654339292257,214.9206800252334,68.2704606073574,1379.037631433736,轴承故障
生产部B,VA-25,VA-25-003,2023-02-12 12:00:00,88.6267267638822,2.9070077574529822,322.40269715101545,66.73495839339807,1759.4270070329208,轴承故障
生产部B,VA-25,VA-25-003,2023-02-12 13:00:00,21.160317558512432,0.3668352474866633,192.10400466947485,57.434493740308845,1678.8210093968987,正常
生产部B,VA-25,VA-25-003,2023-02-12 14:00:00,17.92059499137965,0.7892624760414024,352.3406524493733,29.934172542891492,1644.4255615797022,正常
生产部B,VA-25,VA-25-003,2023-02-12 15:00:00,38.33344963819245,1.0753750130793847,60.46157954670527,45.31465617407505,860.4914607623384,正常
生产部B,VA-25,VA-25-003,2023-02-12 16:00:00,33.70345617888909,1.4934259678615858,215.54499358627234,44.038004892310944,1698.381260657923,正常
生产部B,VA-25,VA-25-003,2023-02-12 17:00:00,14.607985373968974,1.737692276633444,228.3508081591599,37.16468241045395,1685.7363532055824,正常
生产部B,VA-25,VA-25-003,2023-02-12 18:00:00,79.9569773584347,2.5282943865209937,50.394683000080505,63.85469776463144,1565.396543267381,轴承故障
生产部B,VA-25,VA-25-003,2023-02-12 19:00:00,81.28502407539733,3.5076396721307286,102.46931427994195,63.4376786372641,942.6249360659777,轴承故障
生产部B,VA-25,VA-25-003,2023-02-12 20:00:00,81.35874068675807,2.591491615146683,340.28204095254506,65.63086077866812,1260.235913465219,轴承故障
生产部B,VA-25,VA-25-003,2023-02-12 21:00:00,85.0311962460326,3.5544787127549515,202.86658563424498,66.2064652114252,1084.8672990110547,轴承故障
生产部B,VA-25,VA-25-003,2023-02-12 22:00:00,72.06281948796627,3.1255614653911734,28.755419347975497,63.703904548206175,758.8444319397393,轴承故障
生产部B,VA-25,VA-25-003,2023-02-12 23:00:00,77.46130192178563,2.7601246624386397,251.13540115080255,68.14983626978557,862.7694817117559,轴承故障
生产部B,VA-25,VA-25-003,2023-02-13 00:00:00,69.18889057574354,2.7563202480762863,153.32647517511032,65.28732546099741,962.0235015260156,轴承故障
生产部B,VA-25,VA-25-003,2023-02-13 01:00:00,81.69881199444654,3.4551036739128413,232.24900241569284,65.81722990811252,920.6079717322451,轴承故障
生产部B,VA-25,VA-25-003,2023-02-13 02:00:00,48.85438463491885,0.19486869713850774,306.5549190551446,31.808983510953883,1325.6573353565273,正常
生产部B,VA-25,VA-25-003,2023-02-13 03:00:00,23.76149784075595,1.291964044351738,154.16920694244024,56.28007218806055,832.5542596204835,正常
生产部B,VA-25,VA-25-003,2023-02-13 04:00:00,28.0734764506355,0.4677583310281401,45.54926105896301,59.60668092448487,1642.0603032899915,正常
生产部B,VA-25,VA-25-003,2023-02-13 05:00:00,42.90284579690729,0.1971652672006004,102.36911664749626,31.168824645907534,1484.8114936987029,正常
生产部B,VA-25,VA-25-003,2023-02-13 06:00:00,19.47615531321136,1.5777009923976049,243.68109393342928,40.326755747927606,897.2875562989104,正常
生产部B,VA-25,VA-25-003,2023-02-13 07:00:00,34.232423702277956,1.869351012371081,194.83834140789446,51.07865104731941,1590.408226951407,正常
生产部B,VA-25,VA-25-003,2023-02-13 08:00:00,20.937251247820758,0.9048881980670043,331.01835746819205,38.61914100728468,1407.466590778348,正常
生产部B,VA-25,VA-25-003,2023-02-13 09:00:00,34.87630738966184,1.7185389738868135,78.51999354848579,49.5057990681107,1562.6462254701203,正常
生产部B,VA-25,VA-25-003,2023-02-13 10:00:00,36.784076221156695,1.6367916766563826,256.4479370626607,26.618832870082016,1319.983323008443,正常
生产部B,VA-25,VA-25-003,2023-02-13 11:00:00,25.6013231230716,0.9567338610665951,24.356660945971182,39.47139321355359,1181.0195642505344,正常
生产部B,VA-25,VA-25-003,2023-02-13 12:00:00,24.688687255005302,0.3625671219733072,9.826757417716138,26.07611665501544,1610.8108179768446,正常
生产部B,VA-25,VA-25-003,2023-02-13 13:00:00,38.57294031955069,1.7334891809049322,229.87543060504626,38.70357846666511,1436.566596200893,正常
生产部B,VA-25,VA-25-003,2023-02-13 14:00:00,13.238498530036937,0.33119593106269585,69.54895878312394,26.513392291202504,1454.4306594991892,正常
生产部B,VA-25,VA-25-003,2023-02-13 15:00:00,36.938379524191625,1.3420329566473304,210.8719131932967,52.62377234311931,1544.2711590503998,正常
生产部B,VA-25,VA-25-003,2023-02-13 16:00:00,24.371989737850434,1.560270503661645,187.8824941958312,51.42581235537364,889.8273240626156,正常
生产部B,VA-25,VA-25-003,2023-02-13 17:00:00,34.60730528738159,0.301364992028151,315.20693654086386,22.394379358402137,1075.3455699808253,正常
生产部B,VA-25,VA-25-003,2023-02-13 18:00:00,14.579470098991038,2.7969434064742136,171.5162858558815,32.546460170614814,1160.9449671056282,不平衡
生产部B,VA-25,VA-25-003,2023-02-13 19:00:00,48.192289437874045,2.8796251788957132,204.29280863998392,56.44010759012913,1555.7100286658651,不平衡
生产部B,VA-25,VA-25-003,2023-02-13 20:00:00,42.09503316009764,3.5513437362964178,164.44195847959324,40.88863764131969,1788.5699644059714,不平衡
生产部B,VA-25,VA-25-003,2023-02-13 21:00:00,13.045108393171887,3.310146859817849,134.31318057691357,53.37844588227267,1059.4184933915355,不平衡
生产部B,VA-25,VA-25-003,2023-02-13 22:00:00,48.155662237642304,1.3144420066326494,151.3373978871683,52.64193860088249,1262.4605103848116,正常
生产部B,VA-25,VA-25-003,2023-02-13 23:00:00,39.39731439405096,1.7453981257661937,306.632525493968,30.86699447125751,1495.9697018101729,正常
生产部B,VA-25,VA-25-003,2023-02-14 00:00:00,45.84485825684786,0.20903539426219006,2.058449606557181,59.02129112905829,1683.6821595779343,正常
生产部B,VA-25,VA-25-003,2023-02-14 01:00:00,40.74194043990558,0.4949596279670125,347.70229809349973,52.55868334420502,1286.4590715630675,正常
生产部B,VA-25,VA-25-003,2023-02-14 02:00:00,41.80375195905455,0.7216063399477017,189.32288538325864,44.14053141093531,1526.0344980413,正常
生产部B,VA-25,VA-25-003,2023-02-14 03:00:00,41.72802510013283,0.31664055012535786,112.17148326449025,40.019397075348586,1390.3247436263584,正常
生产部B,VA-25,VA-25-003,2023-02-14 04:00:00,22.536673266370585,1.4536350492313503,224.55035467806465,53.3254782765066,1064.5941524918155,正常
生产部B,VA-25,VA-25-003,2023-02-14 05:00:00,36.278406458449425,0.8350567301371816,40.26720516654193,22.322148687501414,1348.5002457559146,正常
生产部B,VA-25,VA-25-003,2023-02-14 06:00:00,27.066081363379897,1.600894986468862,301.8599849868629,30.435197931548203,1573.9539944147352,正常
生产部B,VA-25,VA-25-003,2023-02-14 07:00:00,49.31305725947137,0.28951805205775605,316.4001470813709,37.2455433612259,1715.5013508750621,正常
生产部B,VA-25,VA-25-003,2023-02-14 08:00:00,17.895355370063434,1.060252264963557,189.14896415332873,44.26325845528864,1138.7889188656156,正常
生产部B,VA-25,VA-25-003,2023-02-14 09:00:00,10.777523842051853,1.3825670100706247,350.765848023698,58.023144280639265,1167.6821886025848,正常
生产部B,VA-25,VA-25-003,2023-02-14 10:00:00,43.39532957108973,0.5550527612134284,288.3554761367463,50.08052395915323,826.188132341549,正常
生产部B,VA-25,VA-25-003,2023-02-14 11:00:00,35.8356774623048,0.82361021887549,276.55284026079346,48.59238871870577,1216.6555421515573,正常
生产部B,VA-25,VA-25-003,2023-02-14 12:00:00,12.858513806963412,1.6667167401976961,322.1092637561663,29.108072978983945,1568.193296683186,正常
生产部B,VA-25,VA-25-003,2023-02-14 13:00:00,49.19217100064602,1.5318902698445531,203.49745635124825,55.39835683790907,1797.9982403692097,正常
生产部B,VA-25,VA-25-003,2023-02-14 14:00:00,21.38511919315734,0.45111279063165244,318.28360648931795,44.097929570902316,1337.9685527670647,正常
生产部B,VA-25,VA-25-003,2023-02-14 15:00:00,15.656750038596234,1.5397118425895264,129.27360420749483,47.56881098115647,1801.042759221521,正常
生产部B,VA-25,VA-25-003,2023-02-14 16:00:00,24.535486258317523,1.1261047249065554,188.28491716733095,52.25377628371512,976.3959178888675,正常
生产部B,VA-25,VA-25-003,2023-02-14 17:00:00,16.733760679029892,1.320162363042888,259.908701340681,30.397020578138584,1744.9789559321393,正常
生产部B,VA-25,VA-25-003,2023-02-14 18:00:00,17.67709724363325,1.467728340843261,85.58866784260118,36.79132051349265,928.3687185274533,正常
生产部B,VA-25,VA-25-003,2023-02-14 19:00:00,18.758122453558496,2.9824344239235554,193.4779364536949,35.78641546643663,1301.9471934413023,不平衡
生产部B,VA-25,VA-25-003,2023-02-14 20:00:00,39.5283903929288,2.8711376660674413,232.31154945758294,34.30842809184841,1587.7735200027532,不平衡
生产部B,VA-25,VA-25-003,2023-02-14 21:00:00,24.50981472896137,2.5065334905780676,219.214038349645,53.85550615430392,1493.9696184946158,不平衡
生产部B,VA-25,VA-25-003,2023-02-14 22:00:00,17.339790896337355,3.033680362391994,185.58574820972416,49.553799003204894,1002.5647944700355,不平衡
生产部B,VA-25,VA-25-003,2023-02-14 23:00:00,32.72484798397661,3.2658923071509367,218.09156728246535,42.9703591952593,1580.1653693569435,不平衡
生产部B,VA-25,VA-25-003,2023-02-15 00:00:00,41.639944692953904,0.29165804115369,37.7151690036675,38.68870934300328,833.5577190507374,正常
生产部B,VA-25,VA-25-003,2023-02-15 01:00:00,24.177553764284706,1.7355565747353674,132.55163428530102,24.334225698052233,996.7364487400338,正常
生产部B,VA-25,VA-25-003,2023-02-15 02:00:00,32.887432773862315,1.4439823205268714,44.49802165939009,44.754693924395475,1399.6365163967496,正常
生产部B,VA-25,VA-25-003,2023-02-15 03:00:00,46.53182552006423,0.8580710950199497,108.47050648689924,36.1104546070515,1381.685756714953,正常
生产部B,VA-25,VA-25-003,2023-02-15 04:00:00,11.331192213398525,0.5557363295587163,230.04885105150998,55.41967669126803,1534.7107326993348,正常
生产部B,VA-25,VA-25-003,2023-02-15 05:00:00,34.57188623942737,0.5599038978877502,327.78648389635663,50.253189884087405,1024.476266687208,正常
生产部B,VA-25,VA-25-003,2023-02-15 06:00:00,60.545636007787,3.2364649373778693,274.004879916874,67.85406770521354,938.861167340248,轴承故障
生产部B,VA-25,VA-25-003,2023-02-15 07:00:00,81.44268485461745,2.5399135377495887,335.4657190041452,63.32518597427657,936.4378342839132,轴承故障
生产部B,VA-25,VA-25-003,2023-02-15 08:00:00,79.51043339576322,3.4622718766391407,338.3887812917526,64.26093689070102,1663.627425265342,轴承故障
生产部B,VA-25,VA-25-003,2023-02-15 09:00:00,76.56962038262527,3.158906790547189,144.7943911575723,64.59676593214886,1628.5845617852206,轴承故障
生产部B,VA-25,VA-25-003,2023-02-15 10:00:00,87.97046481323335,2.5529950880308956,113.12957562243936,68.98415989844258,1528.75082515425,轴承故障
生产部B,VA-25,VA-25-003,2023-02-15 11:00:00,66.77408433500383,2.5298425938008804,253.80162914696393,66.75639963757695,1027.2865585461007,轴承故障
生产部B,VA-25,VA-25-003,2023-02-15 12:00:00,65.74167778202025,3.377591792785897,78.67091740350855,65.99996644740793,1670.3872582720358,轴承故障
生产部B,VA-25,VA-25-003,2023-02-15 13:00:00,15.838349504834152,0.3260902975269997,20.239378047088156,55.21838097434436,960.1035243093041,正常
生产部B,VA-25,VA-25-003,2023-02-15 14:00:00,19.7123935811831,0.9434937913119791,25.02954727073088,52.26248544370962,810.6529443131253,正常
生产部B,VA-25,VA-25-003,2023-02-15 15:00:00,17.76440029835478,1.1414303812695772,299.6166454562419,50.02119565546421,916.8667680190216,正常
生产部B,VA-25,VA-25-003,2023-02-15 16:00:00,23.319493674163525,0.3166013763888827,187.1979840658637,36.08826534376104,1743.4018788214787,正常
生产部B,VA-25,VA-25-003,2023-02-15 17:00:00,25.622561842012686,0.4727071647895992,282.7194438259345,56.87925052224259,1602.8845897334666,正常
生产部B,VA-25,VA-25-003,2023-02-15 18:00:00,40.49314961619832,0.9827378765961253,20.39973867588965,40.83533251263661,1203.3375223315356,正常
生产部B,VA-25,VA-25-003,2023-02-15 19:00:00,16.465157158881098,1.2498688123029231,209.0729283168025,29.294199182848445,975.2449087929225,正常
生产部B,VA-25,VA-25-003,2023-02-15 20:00:00,35.767023298372244,1.609628105104869,200.02383967044744,47.87614268168764,1074.5049132747722,正常
生产部B,VA-25,VA-25-003,2023-02-15 21:00:00,32.2700180518158,0.46208951157505734,21.8715529938001,56.77761302135679,1398.6375820633907,正常
生产部B,VA-25,VA-25-003,2023-02-15 22:00:00,41.69899070753857,0.8517892835332808,170.44897177145148,36.38835514212815,843.5859945187542,正常
生产部B,VA-25,VA-25-003,2023-02-15 23:00:00,32.055402784286414,1.2437684248876235,333.4279849160148,24.809677248060886,1444.2009210065228,正常
生产部B,VA-25,VA-25-003,2023-02-16 00:00:00,29.572436451638904,1.94066483827125,46.06764545962664,18.299637386811828,1679.2672768493248,正常
生产部B,VA-25,VA-25-003,2023-02-16 01:00:00,36.44459456942249,1.9634635319045342,0.0,56.86927010881023,963.9156313759526,正常
生产部B,VA-25,VA-25-003,2023-02-16 02:00:00,15.809929176286165,1.9553639001428866,66.0988562385863,55.28491757255703,1092.6974257800368,正常
生产部B,VA-25,VA-25-003,2023-02-16 03:00:00,12.729717301149314,1.7759638774221937,264.79840063251885,42.228427237999625,846.8782433627936,正常
生产部B,VA-25,VA-25-003,2023-02-16 04:00:00,10.991191732125891,1.3714710560211945,90.34194984516415,30.264918435847754,1768.1663285996283,正常
生产部B,VA-25,VA-25-003,2023-02-16 05:00:00,41.11888906641558,0.7640627971731366,264.3184209790616,54.442957249490135,963.93105688731,正常
生产部B,VA-25,VA-25-003,2023-02-16 06:00:00,34.16760161920709,0.7019383246963179,270.8384448490932,35.0070910620459,782.1361967296008,正常
生产部B,VA-25,VA-25-003,2023-02-16 07:00:00,40.88479025497969,0.8009592703458531,28.223513579693094,33.10368648334986,953.003746932602,正常
生产部B,VA-25,VA-25-003,2023-02-16 08:00:00,13.549306946160241,0.4277642735307862,31.894433190043948,24.47138434323782,1658.6725933257098,正常
生产部B,VA-25,VA-25-003,2023-02-16 09:00:00,20.001723397588606,1.4662928558129058,147.87404791874667,25.016375020730006,1628.0277008936775,正常
生产部B,VA-25,VA-25-003,2023-02-16 10:00:00,34.15665162073817,1.1794602039796298,26.557310904007085,47.53457483520274,1477.3885351446763,正常
生产部B,VA-25,VA-25-003,2023-02-16 11:00:00,12.348190732765946,1.8228446141914374,203.5402929674065,41.314407425979056,1497.7064447075809,正常
生产部B,VA-25,VA-25-003,2023-02-16 12:00:00,19.67676590672532,1.0403161221920376,361.5777168733617,23.831212775949098,877.0363779169644,正常
生产部B,VA-25,VA-25-003,2023-02-16 13:00:00,37.31883553899754,1.4068947188436853,251.44089167772046,46.45090907436941,1151.856871939251,正常
生产部B,VA-25,VA-25-003,2023-02-16 14:00:00,41.862928480743754,0.4840400352603663,216.34964806242914,49.37132379385197,1026.5327082318495,正常
生产部B,VA-25,VA-25-003,2023-02-16 15:00:00,18.67784195700974,0.5626641156137118,29.46086258823914,46.88298618527715,970.5087223057416,正常
