timestamp,device_id,department,status,工作电流_A,起转时间_s,噪声电压_mV,转速_rps,阻尼幅值_mV,零位输出电压_mV,安装间隙_mm,阻尼频率_Hz,信号频率_Hz,起转控制信号_V,导通阻值1_Ohm,导通阻值2_Ohm,导通阻值3_kOhm,导通阻值4_kOhm,导通阻值5_kOhm
2023-08-03 01:45:50,DEV-083,生产部,润滑系统异常,0.7705333081743597,5.615619892151224,51.59869739483737,106.96565185518298,191.6217301073536,148.1837890007289,0.7777587405115461,57.19719156284036,48.055395148984076,11.256004609272612,2.7163649414230475,1.7203093095858404,0.7756643760369888,5.114566797762191,6.852233037844342
2023-12-27 20:47:35,DEV-053,质检部,正常运行,0.6562334986321526,4.752422409718447,37.635986517062676,118.68813048879274,172.3231973161909,152.6898562825822,0.8061162038863178,62.80999965004288,49.40490554270245,12.98502440267797,1.646474282387299,1.8932479336432484,0.5060123265644871,4.141934092053065,4.612700963560623
2023-06-14 07:51:28,DEV-078,生产部,散热系统故障,0.8701650372609382,5.7319886253609695,47.92599886163173,109.2202497307168,188.27167686827562,140.65366081670078,0.7108201562361793,61.196084854543045,47.57370188115649,13.680851969099404,2.495386907641448,1.7742199758122565,0.7379081583898416,5.166195445069281,4.896164967880121
2023-06-15 13:44:43,DEV-028,质检部,正常运行,0.6466967239366609,4.775973427133139,38.3904832532055,117.03273147025938,172.31965856797999,148.5452127014435,0.7699758188192003,62.045627463340196,49.408789343299055,13.637311298096757,1.8328096500334474,1.631211321100237,0.756421722926509,5.814951679941154,4.94188998923008
2023-11-14 21:40:41,DEV-079,生产部,散热系统故障,0.8685463108651957,5.794219486006757,47.23894982048579,110.18167975200382,190.54365653684036,138.96814099217244,0.8759819431923848,65.1308845557126,47.40359195488989,11.86438177122256,1.6196202452533632,2.055370852212587,0.8386989198058535,5.952813181761004,7.45286872939227
2023-08-09 02:53:58,DEV-063,生产部,散热系统故障,0.8302527129199382,5.852524792418316,47.79887465461403,107.2022628652653,181.77478149237479,137.28120789060583,0.7689111047936339,52.618877370395396,49.09658198020187,11.35304404601177,1.3929586861231267,2.0041835041273606,0.9746929200635226,4.781243051202746,5.380855598956705
2023-06-13 12:35:07,DEV-061,维修部,正常运行,0.4915393168844631,5.217886945910107,41.63720628061468,112.58468262536685,176.82232640316315,144.27884577703264,0.7099607952488547,58.06617928866354,50.316169975681646,11.982770152101066,1.3302599697345279,2.1199545194238967,0.7597267962193051,4.299821973096249,6.6764321599467396
2023-03-19 14:39:01,DEV-080,维修部,电力供应故障,,4.874472903782181,34.08004167001777,114.38830066858814,169.10798274790156,137.4730688691225,0.8426536215191144,61.55873188496185,48.5565731274922,8.5796960104171,1.7661260096111884,2.0696735058640394,0.8584587466310187,4.435891516216554,3.641664519374047
2023-12-30 10:24:41,DEV-085,维修部,正常运行,0.495643741493864,5.150434782217069,41.57492438244096,113.82002052073425,178.19673263891644,143.67730841154605,0.7145613778907848,55.69691496218436,48.19649670883778,12.495129206534987,1.6488806562432092,2.0487929132876435,0.8126259059420154,5.0840269218002065,5.292452875800984
2023-07-30 00:42:57,DEV-071,生产部,散热系统故障,0.8575197874896127,5.6424017703976945,47.63710964993576,105.29682198219896,179.4873674181948,143.86868068077337,0.7907778270354313,58.64656018515909,51.38904060568013,11.61082802080126,1.941296422378866,2.023538453279246,0.8869561275661377,5.57290133743447,6.896559286679913
2023-02-12 23:57:49,DEV-093,研发部,正常运行,0.552256169604543,,32.85012831033007,125.32220545339442,167.90412069802466,153.21288317412598,0.7818140466813897,61.12342552428131,47.03207277468622,12.688775055594855,2.475178894341665,2.3784092761650437,0.7327958442717493,4.622750395065674,6.972812075584405
2023-11-29 05:53:43,DEV-085,生产部,散热系统故障,0.8553112934079691,5.921154198059336,48.627176687559576,110.56699474407398,180.3682216498158,136.40330481852882,0.7431552929839508,50.60420566959306,58.74343403330418,11.370542848160195,1.6934959989523282,1.8967665018636455,0.8147053219621331,4.016085472734724,6.346756288513584
2023-12-17 17:06:43,DEV-010,生产部,正常运行,0.543296983031954,4.375584155562651,,126.54346078094571,169.2504011513323,154.91094935708165,0.7768868779249654,57.704563326033174,51.371873136917976,12.494706021382894,2.4254674108263194,2.08644635845599,0.7489314030502199,7.078664639959113,6.125207161769711
2023-10-29 15:03:31,DEV-060,生产部,正常运行,0.5569389901090945,4.260002325837192,33.01794048480746,125.81004782307024,170.35089948869185,153.59892844789493,0.751990057546375,58.58563719712072,48.606380022926196,12.157649290078178,2.0729313650571095,1.5630723191611897,0.5717055806754698,5.7604794251317655,6.254294832694261
2023-01-23 09:52:51,DEV-022,质检部,正常运行,0.6402947634447697,4.844740649253822,37.649199287970944,117.75745455335606,177.68193143629222,152.8233150893106,0.7679202689334185,60.55875722085035,48.46617774705065,12.886308554405074,2.141800125767752,2.2737693856141665,0.9832883110930103,6.1982390481177365,5.189636909119302
2023-08-09 06:30:47,DEV-040,生产部,正常运行,0.5567586419213593,4.277122841938095,32.75844128004928,,172.35475388810792,154.10947315408134,0.7877223197896437,56.16705683573699,48.51933607730253,12.745932224026378,2.270206634894704,1.7510549729438256,0.7573551053858213,6.769669326459297,5.6267041276730865
2023-02-28 22:42:16,DEV-028,生产部,正常运行,0.5462277725651166,4.231638277659039,32.689605168240874,123.1551425290615,168.6041794752815,153.52329370660095,0.7592620078026097,59.24320463150385,48.1468726846324,13.49191083962165,1.9954171982144722,2.2237437236149544,0.8174573443553438,6.1666114551288755,6.347854147308304
2023-11-19 01:02:02,DEV-063,生产部,正常运行,0.5546826119089411,4.333831559167121,32.76813646615747,123.66948465736101,168.03402634822936,157.21458827376944,0.705333061162322,56.7117906937927,56.20792406342442,11.99234951664307,1.282628806482825,1.5775463576905426,0.7799941842814667,2.884534080468581,6.255178598073471
2023-11-12 19:41:54,DEV-080,维修部,电力供应故障,0.41930549700692193,4.8241794763946055,35.09857073912036,117.3453389529214,170.7958719760987,136.3666846728957,0.7587117677756525,58.56475924020693,50.99722634522898,8.266601638673375,1.6289289630313712,2.0218820292673767,0.5755163390526851,4.394031427834486,6.069108254573959
2023-12-02 02:22:13,DEV-067,生产部,润滑系统异常,0.7683670158760941,5.76116940456756,52.20501594188577,111.73248430028264,190.40325994532452,149.253739272814,0.7879216256904569,62.09250622868251,50.37272518532535,10.569493337703989,2.8677695159988352,1.6656695718425047,0.7191741133528418,5.816998274351607,7.169255417338913
2023-12-06 14:02:08,DEV-096,生产部,正常运行,0.5402344525274343,4.318384853260519,33.03981627394989,125.10382991069486,171.2523178319929,152.17563100944545,0.6667693759069462,51.61314601464035,45.95637800705045,13.64384160901702,2.162021198389002,1.787329278369904,0.7217208398502192,5.549523690977624,5.774805240363179
2023-10-04 09:02:46,DEV-024,研发部,电力供应故障,0.4093416687770755,4.815822906705054,34.6692743979638,116.60880077662488,167.58315329832678,135.0588478092698,0.7784830431543768,53.73421630107567,50.209635339966745,8.509558767058687,1.8522540171667279,2.2977976231858745,0.909599590599601,4.085090825432038,5.3994722465952885
2023-07-07 22:17:19,DEV-084,生产部,润滑系统异常,0.7934069904872743,5.657750162139424,51.74093973194147,108.82813287051916,189.4326156622335,146.22709216169656,0.8308462347922022,55.3894772262831,48.419801896996816,12.20934271789748,2.781855585387826,2.2579264379844344,0.9125605667670474,4.1469315281691825,6.800742313830727
2023-02-08 10:48:29,DEV-048,研发部,正常运行,0.5605125215020414,4.216534468287887,32.76953878354776,122.67468330695321,172.29872771644318,155.51792142845895,0.7522436816380387,57.7290580508058,46.05781457337172,8.745512820128898,1.9671509719975975,2.3235918846407015,0.8453367577381056,6.6928982889362825,4.83492826972912
2023-03-22 11:17:28,DEV-002,维修部,润滑系统异常,0.7625016271777668,5.6013953627184625,52.75763900803105,108.33710560311754,186.52106405300376,144.16803284531025,0.9016315852644722,59.74620374082918,50.31004738877436,11.299358594752306,2.775652719797908,1.9066309084558726,0.5370311736365656,4.088664381408476,7.434327132824406
2023-06-18 00:33:08,DEV-062,维修部,正常运行,0.49379630605944314,5.217094111859259,41.503460164235236,112.0882750977673,,145.61179948144354,0.7548862854006376,61.054412431199296,59.33079761867802,10.50605348416618,2.1750749278056447,2.4423535214043843,0.7347359572919728,6.420084022462707,6.881429773497571
2023-05-25 17:39:12,DEV-045,生产部,正常运行,0.5457246451179635,4.240942489120751,33.020393078349976,127.35090706651448,167.69273714323404,,0.7512027865929869,59.39557131163211,60.422104741333676,13.418495316596559,2.4571739683327736,2.0275369646581014,0.6789354315665607,4.702076043565308,5.790622179353142
2023-05-12 12:17:34,DEV-055,质检部,正常运行,0.6407010732370344,4.780499631189058,37.70901108527727,118.89684697668244,176.97653649624655,148.00989949173547,,56.8447986664777,47.04979112980215,12.012578033582919,1.4860766364346485,1.4303772769332075,0.7591065196681525,5.005779081580529,7.08801730218516
2023-08-28 06:16:34,DEV-075,质检部,正常运行,0.6536289207066341,4.789608449647649,37.36379011832934,117.42325895404109,178.4585049663453,147.29107122015773,0.7747457567564034,60.57269342661558,46.7840672535901,11.962230143759246,2.113584768767669,2.591827337161353,0.7606747350837897,5.35893034923811,8.394296249628574
2023-04-07 23:46:35,DEV-051,生产部,正常运行,0.544240021183028,4.231103919554608,32.66098729211928,126.1113346592783,172.41873598312273,157.04736316031534,0.7543351338217846,55.90163932151586,46.98380768709945,10.128988921015118,2.569135128820879,1.6482158367824766,0.7149124471077217,5.6253256750199,4.570354592818443
2023-05-15 12:11:01,DEV-078,质检部,正常运行,0.6417966848062744,4.775277107419031,38.03380974238166,115.89172132803814,176.5040928747417,150.25976016222646,0.7790836477036593,57.250840777674505,52.96869370201677,12.580816847517946,2.340080395766601,2.317418038581775,0.8922272152418994,4.1281185755861,6.432586223031257
2023-02-01 10:46:34,DEV-061,质检部,正常运行,0.6607546422565415,4.748958207502824,38.1179685749521,117.34383281703981,176.1414977833996,150.38737884706484,0.7468072068346131,56.99150244291093,49.91910577971555,10.763430524828122,2.2486827111197027,1.8193504249240107,0.8790969267868437,3.881516367914564,5.712730058214603
2023-02-02 22:28:39,DEV-086,生产部,正常运行,0.5606147762994694,4.240953147820903,33.05387193345346,122.99435577526826,168.76577493019437,155.1706607267825,0.7308367991471006,56.76506531764313,51.589202678813805,10.483121340874764,1.5982670804838113,2.510354541353612,0.9433489474403809,4.490015421546339,4.40310823582724
2023-01-23 14:52:48,DEV-014,研发部,正常运行,0.5441512171629003,4.2616234477806065,32.591747455256616,125.5895801055116,171.10617551366533,152.8204860409962,0.7333438993090236,59.344740798310944,48.61639079115775,12.285160054432847,2.6654299722943295,2.2903338758016636,0.845522088491699,6.048966511391844,6.3320544827282985
2023-02-27 17:12:56,DEV-085,研发部,正常运行,0.5570872109377794,4.350077051945013,33.63771193827809,124.8260683851618,171.61001623965964,157.21166691304194,0.7839102558697191,64.60311934804203,48.05696934066878,12.811856679556469,1.6067043479352512,1.7178348793262816,0.8594182511179302,5.7696559024820875,4.586200611588134
2023-12-18 19:19:45,DEV-028,研发部,正常运行,0.5517001615173507,4.33033900593825,33.34781877956985,124.09103397998044,167.59184211126222,157.82000309999466,0.7367246118944698,55.43247870231278,44.713786637622476,11.33822723422686,2.194662715039394,1.3212128678566626,0.7129980270645462,4.270237187491834,4.942049018841793
2023-03-26 10:53:26,DEV-037,生产部,电力供应故障,0.42871504327647275,5.0090456220649235,33.99309153595075,117.19577325113082,175.6450520194185,135.77411865967807,0.7354277242963301,53.42826855823111,56.66392045698948,8.489750960210511,2.0147937525333792,1.8131798963870873,0.6727494401835631,4.997163103794828,5.694485325944015
2023-11-19 08:38:26,DEV-051,研发部,散热系统故障,0.8612862564411832,5.702540316191879,46.58634778289099,109.16970199500457,180.72487893929534,137.86896388516124,0.7696619765960225,59.661641458950456,47.19287534532958,13.185336391137058,1.817941513508454,2.090501771377216,0.7260059630766343,5.346982433932964,3.622410725825261
2023-11-25 11:29:20,DEV-010,生产部,正常运行,0.5460297584353269,4.274563455977018,33.13122675342024,124.8965350716375,168.0490859306774,155.9945554353294,0.6865039916643754,62.66897208140541,57.934687735264646,12.062364621603606,1.801901637023186,1.7560179832902048,0.7309072186235173,4.865157118447989,4.429377761307202
2023-10-08 19:35:15,DEV-066,维修部,正常运行,0.5048327563723524,5.158949190852457,42.27278472465343,110.46910806713319,181.35444714628574,142.84349082230068,0.78639338083922,53.94222124371815,51.05499699105181,12.258393727480218,2.3779928733459297,1.7891021702154257,0.7255511433514479,3.7141098164075323,8.006475512757723
2023-12-26 03:53:31,DEV-002,生产部,正常运行,0.5525727686024591,4.362516105618732,32.63444192123644,126.86554421382114,171.96854762928356,156.53859712360364,0.7287975112812337,53.54425544129737,46.324343416438076,12.575761234647523,1.9761473720555303,1.8387618856396322,0.7059046018282453,5.216118062525392,5.838097704430641
2023-11-27 11:00:24,DEV-072,质检部,润滑系统异常,0.8021912537307202,5.76184473764797,51.64632668506412,112.73516659039922,187.37272520193406,147.0932010341888,0.712047564502589,56.792292417242024,52.89056770528475,12.146874033947098,2.8033431985906234,1.7211469292530457,0.8434907360635034,5.534757268395173,6.037295853454026
2023-09-02 04:04:37,DEV-050,质检部,正常运行,0.6518013159567136,4.859886550072302,38.46806580562171,116.53610455647897,172.27120484177544,151.32772361384295,0.6929854022336125,,51.759129348829646,11.866501791793587,2.018950256235425,2.453975827466144,0.7483784675500382,5.579620541994829,6.024489754220622
2023-09-01 12:22:17,DEV-016,质检部,正常运行,0.6529513817506554,4.792945268043744,37.376912271679274,120.3437699001054,175.36071457052597,151.20286481814085,0.7216175911337733,55.189964028036975,48.40139807793941,11.66097773568919,1.8535426124581873,2.159041505956967,0.9551484347490188,2.842427591229042,5.682606445710547
2023-06-04 01:45:20,DEV-017,生产部,传动系统异常,0.7110055170902614,5.36493018715153,39.64829718445858,107.42808247599456,186.99543236343752,148.98775640741695,0.7353224873632164,57.11600145514931,53.71223636912602,10.97532459756862,2.1519164958650387,2.0901546014014136,0.9944098314204379,4.4170009578265175,5.8737635941407955
2023-10-20 09:04:26,DEV-087,质检部,正常运行,0.6456498177317667,4.7539377474307,37.313151865974575,117.55504415090651,175.86180388113942,152.29531718091062,0.7502766327286147,61.907374787069365,56.29821787542983,11.81595835571531,2.5976167188669335,2.0990243823579995,0.8819519942560539,5.166361068198476,6.549209892593466
2023-09-26 02:31:36,DEV-003,质检部,正常运行,0.6462996043739502,4.848313112364915,38.183112493998244,117.81022774265735,172.85638156423857,148.82124544798378,0.7013034150164769,56.592092380553375,51.17286344378675,11.724611175836385,2.2603631171636747,2.4171568177474825,0.8353246615561842,6.018807552534806,4.58551512746695
2023-06-23 09:17:32,DEV-027,研发部,正常运行,0.5603912969261704,4.239393251840895,32.86117263218543,125.82490512619016,168.67732353672238,153.55560049387327,0.706412379477809,59.012441007876845,56.036717307952486,12.269134079866818,1.0238236599917034,2.274660746314485,0.9282269099268691,5.015281917928053,5.169146389180796
2023-12-30 07:21:15,DEV-011,研发部,正常运行,0.5459093374898402,4.25774338076267,33.42141673843033,126.89910956975848,170.1729574053107,153.4149076328761,0.7503813220251446,55.94340061676887,47.62372557918515,12.666021965107692,2.4683645968192858,2.1804310759559753,0.7614176353168396,5.199070796138245,4.976105205101605
2023-10-18 01:46:19,DEV-075,生产部,电力供应故障,0.41609012106030235,4.849844708694817,35.818880910804204,116.40670229768587,171.55922791345964,132.53234477885223,0.7169165885357741,56.543980905984014,55.941762460277346,8.741358216272657,2.0182039948183252,2.0331518345648503,0.7829165514959217,5.735956546216859,5.347674593165259
2023-12-13 18:34:16,DEV-043,维修部,传动系统异常,0.6800746729525818,5.503312810608861,40.85458863551295,103.15927442475021,189.10083039355135,145.83701612755382,0.701347190354261,60.58027932135678,56.15597810564763,13.225552606627867,1.4928662570959066,2.1664716461437936,0.8414303528463082,4.819887193163496,6.081431341505893
2023-07-22 14:54:24,DEV-022,研发部,正常运行,0.5574897405120125,4.334622454839202,33.3815335975467,124.25487811963046,169.35164544321015,154.3408276931418,0.7150205773224821,56.89339810108943,49.4338473025013,11.07882857072596,2.272452368707796,1.979072658346486,0.8658314609772967,4.343848167239151,8.004348299351307
2023-07-03 19:09:24,DEV-017,生产部,传动系统异常,0.6941875808784402,5.625615236181658,40.980835698025174,106.01542491097953,189.3096486560138,148.14321495568507,0.7660415453420245,60.615400622714006,41.17445971732654,12.254345427110586,2.5809934210711662,2.332146718078382,0.8305324086654581,4.987528558940623,5.526717646935173
2023-09-30 20:42:34,DEV-030,生产部,正常运行,0.54489703812233,4.353572141534089,32.4130749583587,125.19060505019907,167.07974043322727,157.69100454500997,0.8099770158644226,59.353231682354206,52.56886235437529,12.210014401126132,1.6521923985257518,2.0318142364822798,0.7954531332759606,3.946465381678948,7.637639538416651
2023-09-19 07:06:41,DEV-077,生产部,正常运行,0.5543020468571417,4.276045385333327,32.76387329727492,122.5062143932434,167.03215448430922,155.76418425433434,0.7437356140800593,57.39637378472478,54.94791613212801,12.131976295931121,2.33803840776667,2.4035606035895003,0.7816536738377557,6.275677220396802,6.368060641580378
2023-08-25 05:49:51,DEV-053,质检部,电力供应故障,0.42326505915860174,4.968633159313098,35.90559887168118,117.94552743427073,172.80576489443797,133.9463418592509,0.7386672534449311,59.01137902224663,44.29028963080875,8.408967359308066,2.285802759270108,2.02423628710322,0.6657368617567888,4.9090555723992875,6.33241638098355
2023-12-14 08:35:01,DEV-053,维修部,散热系统故障,0.82767444229124,5.839018499743311,48.11557094994694,105.20306852510654,181.93990177220402,143.60396048167894,0.6754513671617379,54.297883427520695,47.390062978916134,11.993342646957682,2.1501409285925015,2.573829921539947,0.8228658850939349,4.472510095723478,5.522895128852787
2023-12-18 09:56:18,DEV-060,维修部,电力供应故障,0.4290009016067012,4.863999973027288,34.980729428136804,114.33480301134853,176.6190894439455,135.17294002016865,0.7734979305931068,57.504714068419226,53.67457270644403,8.286112430420191,2.0182150798118634,1.6673853376275423,0.7834161265556592,6.468161882708328,5.155590950516657
2023-06-15 05:20:19,DEV-054,研发部,正常运行,0.5419921641287174,4.2927223716125935,33.27831818391355,125.5164799433919,172.41213020003823,154.3159022256931,0.7549095716425325,55.434119152770506,42.81067923901069,11.731410929669735,2.046475262699625,2.350879290442836,0.723689290462509,6.197003799573087,7.3586197408740555
2023-11-09 16:18:24,DEV-083,生产部,正常运行,0.5520073439265135,4.268143127279316,32.409100372188675,127.24328078853283,170.96213450963717,157.33689737759926,0.7777225040481809,63.24773188979429,51.51964275247721,12.387266300593193,2.052104661400344,2.0256841242129533,0.8891584933700212,4.930022531641664,4.88337474298337
2023-07-10 02:11:45,DEV-090,维修部,传动系统异常,0.6886109837144344,5.49373507058819,38.81791124567914,107.92994031399604,184.66767791585946,148.85347432506595,0.7607370804382391,55.56291450417592,49.65755757738569,12.224116414660493,2.1220793709683674,2.150512742028635,0.6632621435993394,4.2314518693210985,5.3715428222370525
2023-12-31 00:09:36,DEV-036,生产部,正常运行,0.5426423479467937,4.268136776306855,33.308035573143414,126.1919119151351,173.31165950210092,155.7872442460943,0.7668198690258299,56.513442664352716,47.892222413671995,11.149540887360807,1.66582100773916,2.078901350756459,0.9998067478930159,3.6099837456031487,5.906044859248131
2023-08-08 22:40:06,DEV-071,研发部,电力供应故障,0.4074255081893705,4.870720613578323,34.25975460966499,114.3004440471815,170.15626946314944,132.59063376727238,0.71545790926132,60.157848098239135,44.59885936998158,8.3081237695548,1.7175885901921035,1.9398390478616274,0.9270818115400186,5.569381826810003,5.038806354885983
2023-08-13 15:47:07,DEV-078,维修部,正常运行,0.5007025701327609,5.161140299523913,42.06721099583481,110.23389284169755,178.0635009241101,146.42707890396522,0.7453183976098198,53.31483440410963,43.67602682864945,11.703687323476869,1.9015707752200564,2.313319743225455,0.7392454955098201,3.3705179243909913,7.5125169880068725
2023-03-25 19:28:16,DEV-004,生产部,润滑系统异常,0.7698814817240973,5.473203016990355,50.583094292074286,109.63502487976399,185.32157676149257,144.8496324638311,0.7920951089193854,64.19438487945347,57.38115106805607,11.295251016483633,2.7532213415523596,1.6555334740608219,0.865598014725325,4.454532343895881,5.612584233927326
2023-02-27 22:14:35,DEV-060,生产部,润滑系统异常,0.7892638043154545,5.634672467082448,52.14078011420705,109.57070387387846,190.84265926675187,148.29146962816858,0.7844713033730898,52.01979020439809,53.73150604335504,11.355600107446103,2.8629514522581303,2.5895133221768725,0.8382139174294448,5.098625104790919,6.798170126023497
2023-08-10 10:45:59,DEV-075,质检部,正常运行,0.6494061008536501,4.808917747463282,38.145607092758866,118.7923358212622,177.73070602022756,152.71287717126114,0.697233432122026,55.72843744266509,51.953391040976506,9.832462829809312,1.5810062478362161,2.1284863052435825,0.8529108611513498,5.12032529799395,6.689393548504129
2023-12-02 07:52:08,DEV-065,质检部,传动系统异常,0.690516344678155,5.383176254332042,39.059522729475084,107.26953940956038,185.66499934614356,144.33388474498778,0.7615252061995951,57.94737952563545,52.6884187467746,11.36143604868128,1.8320008212903651,1.7359655733586623,0.7814006276320447,5.202879260727787,6.607754379628574
2023-06-25 20:56:43,DEV-038,维修部,正常运行,0.4965327849885182,5.25162225370616,42.51519728908505,113.60394425411239,183.58292374129553,143.50067961448983,0.7039907190435859,60.70997992564207,47.861793020114185,10.636956354171055,2.1218016071227512,2.451236784842039,0.8311441910844766,6.0150932945203905,8.100001969752995
2023-06-02 10:04:55,DEV-017,维修部,传动系统异常,0.7019102654259193,5.64761703930424,40.46617036129231,104.82348713702667,189.10530661044686,150.22148114458543,0.6402631145383194,58.62469762480839,57.03025894488174,12.590984786826793,1.6102098593787093,2.180782595574424,0.8594787799129789,7.141251359969336,4.657466951588944
2023-12-08 15:38:58,DEV-043,质检部,传动系统异常,0.6892796028570513,5.370626198164278,41.030913482379596,103.19214137953026,192.84037103037977,145.3703949859812,0.8201714093328688,57.770867607120216,46.9982906342775,12.405983974385038,1.930011546606469,2.8721962736996223,1.0230774078453526,4.213160322659898,4.120880398224421
2023-09-08 10:02:33,DEV-060,生产部,正常运行,0.5564930958952535,4.348460287716227,32.809048414849805,125.37135190128544,172.26478720059666,156.16630603281854,0.7264229409352196,55.898109809519816,48.58415152631778,11.08932368049416,1.6983015285767458,1.8356945938897022,0.7454138783585659,4.444010954462377,5.997535844466725
2023-04-27 06:06:47,DEV-047,研发部,散热系统故障,0.8504932083724395,5.827643733832442,47.04712636773271,108.52370438370488,184.4994788658095,140.18479699360694,0.814607321716724,49.91946508082145,42.45927609129037,11.212955086790101,2.22348051557007,1.8998866203078413,0.7543152455700307,5.632580207697994,6.44894594066906
2023-05-15 13:13:40,DEV-033,维修部,正常运行,0.5031677911834488,5.176149638681551,42.62408462253499,112.07349501767341,178.52647119244043,146.28115555018073,0.7853486167746767,59.33551152840247,47.513726315316,10.028411486584327,1.5095518912342996,2.3107626709049782,0.6393206815646066,6.2734866551049375,7.106601477825123
2023-11-15 23:12:58,DEV-085,质检部,正常运行,0.6532152548424185,4.72709099942185,37.34822140761801,119.55003912403284,174.66878990520448,152.13412420752513,0.6934516346709342,55.7047511358092,48.319635455999986,14.22024784576033,1.7900362658716609,2.317212925326913,0.8033044259626712,4.321127833200555,5.602713925886142
2023-06-07 10:50:15,DEV-066,研发部,正常运行,0.5514465344129409,4.276857655360363,33.57571316277039,122.77452445455387,171.1790620574029,157.42595252193206,0.729817084222304,55.28676104812127,51.5246832188296,12.97139755294573,2.2521528626001195,2.3807809266008704,0.7795556620600103,4.755495278746723,5.819950611975168
2023-11-07 13:32:34,DEV-005,质检部,电力供应故障,0.42182923675918843,4.9430259857473,34.021696345238965,112.01550604453354,167.71951585895462,137.85344730342848,0.7447511425358051,60.463417915904515,47.46302660044832,8.717600258405417,2.1870670294889227,1.3769378617245964,0.8091291644392347,3.6989519293227384,5.07432757242419
2023-08-05 15:22:11,DEV-096,质检部,正常运行,0.647301791243447,4.729502612052905,37.433443547705494,117.16135360214795,176.73127520045338,147.153026016789,0.6992792198366813,54.984354785477265,47.73503415083742,12.173164139739745,1.8413778752344776,1.9240351444102706,0.9377355463901206,3.605711205204397,6.071642540035798
2023-04-23 07:53:52,DEV-027,研发部,正常运行,0.5401548280469667,4.287516722007543,33.57000995444134,123.92960220819816,169.5046722287671,152.53198959337217,0.6958959803213021,59.78864630618263,44.32192109230781,11.244627746767677,1.8833372639469494,2.0145108346971665,0.9962264569267757,5.301293364777529,4.23850720392144
2023-11-20 11:11:36,DEV-068,维修部,润滑系统异常,0.7704631767187073,5.765104611313286,51.79130062307225,107.09221505546257,192.50077990597998,144.1152610110882,0.7282809564568373,59.90844846337176,50.011130230332945,11.402978614200862,2.7837913296699512,2.207842602416927,0.8150488487028645,6.716986811750509,6.416249118106788
2023-04-17 18:50:43,DEV-048,研发部,正常运行,0.5565690519924206,4.380454010861783,33.471073595619124,123.08821994079662,171.63016625818167,153.88193436113139,0.7692231771919512,58.568246860769435,47.19859044511035,12.636236503739342,1.7395034750872564,1.814553923533143,0.8517276188354728,4.068635572941931,5.07433010778017
2023-05-12 21:52:23,DEV-083,生产部,正常运行,0.5517560194526635,4.360145439639186,33.61189850950388,125.92520254511203,168.82788713951362,153.81336299248102,0.7574452765487543,57.19853437545232,54.30515952142117,12.866911406403839,2.1387799880465357,2.3169489444562203,0.8926242166054413,4.362438855841642,5.533994841662954
2023-12-15 20:54:54,DEV-021,质检部,传动系统异常,0.7033500505700765,5.563138621845808,40.79951148864294,106.72071961863067,187.94779383470816,148.6519933920461,0.7374725353165508,51.922396119419595,44.97450798818883,12.539292546727236,2.4477553161150865,1.9400089601862305,0.8116621781266544,4.8150637461603685,5.147353264148021
2023-10-18 21:30:55,DEV-001,质检部,传动系统异常,0.6897875049945645,5.489800196362672,40.57412039139586,107.61880815141028,194.26877288368448,144.17743990021899,0.7082502763811954,52.07044530712216,50.8228454738148,11.161258257020366,2.148375412089748,1.7970775092413525,0.9778866542403029,5.604781893842948,6.256972192437942
2023-08-03 06:37:31,DEV-037,维修部,电力供应故障,0.4091919274358079,4.897958847201939,34.262814497461626,113.99301490146837,173.68419357779806,135.82343565276497,0.7351961319802139,58.834655529444134,47.960142648563576,8.310565404656826,2.3944361250378887,1.3753102494716098,0.7700954309089565,3.624065828096553,7.250656503883255
2023-10-06 21:32:04,DEV-002,生产部,传动系统异常,0.6804678571763997,5.364905584354817,40.2222993649267,107.30717231699506,189.41324671274663,149.11939630362153,0.8283005126239376,53.382600924554566,50.325805656174886,11.09149302887989,1.4764716305808456,1.785629728210657,0.723200718888157,5.61056543153863,6.227143719237725
2023-01-06 04:39:24,DEV-030,维修部,电力供应故障,0.42424646754522893,5.003231756741573,35.48936819805116,112.40694947541678,173.21299559923864,138.87318291618305,0.6517601203091844,62.18058093721173,46.262471238764086,8.354199104372624,2.3577836711150395,2.121447565777498,0.6186943534146284,5.403459046511467,7.560445604148033
2023-05-05 01:45:06,DEV-062,研发部,正常运行,0.5466207850347828,4.2775247890369785,33.513131241990344,124.82185160091021,170.1096471725769,153.96313503508122,0.7026804811289101,59.39642016879377,52.96936070172888,11.095258752773125,1.788078975514644,1.5410420362851605,0.9610192967187922,5.202737288267924,5.383846538054933
2023-03-24 06:38:00,DEV-082,生产部,正常运行,0.5413301451718331,4.217207212863342,33.40212704048177,123.18947471207288,171.87664257874366,156.8447633697173,0.6872302543141032,58.37787183156826,47.54243201268723,11.890455205056591,1.8141222096710192,2.4456599763581512,0.8084186369320133,6.94632428480672,5.686211083097216
2023-05-28 08:50:36,DEV-008,生产部,电力供应故障,0.41059019161984905,4.8396648429130344,34.099558540089625,113.60132669536011,172.34770620230844,136.97535513891813,0.6409508060505471,60.12787984626524,48.43737380608381,8.668507500184452,2.284702079802315,1.7476090403316762,0.9018609717246505,6.440404210405011,6.828744032797306
2023-01-27 21:26:15,DEV-077,生产部,传动系统异常,0.7132757056241152,5.4017561178374205,39.78154927015651,106.93779192073241,191.18206375811127,152.3899634017757,0.7006886319887147,56.671738154214125,49.27894274274941,10.899025032151046,1.6515203293040965,1.7529113143197381,0.9561411469215824,4.55732657045735,7.556981229524646
2023-07-15 19:54:51,DEV-069,质检部,电力供应故障,0.4085140095497474,4.834135643044853,34.72481505368505,111.63278376753046,170.7302432537605,131.70355583898115,0.7668200137952997,55.638376106019685,51.874048741975535,8.50887874402796,1.8463700486854524,1.7490794765432303,0.6801240035451822,5.522810883989304,5.248795671139095
2023-05-03 23:44:28,DEV-064,研发部,正常运行,0.5518274890572872,4.379157508449846,33.21164329627865,125.113547270338,166.76042538090942,154.46514396499805,0.7049555808935354,58.80570885646445,47.88611872637168,11.425041170555064,2.2722217048739677,2.1755723059321777,0.7724785399436036,4.317962392613027,5.196708238388356
2023-12-18 10:38:14,DEV-018,质检部,正常运行,0.6427228555804982,4.742625209685869,38.642198322379805,119.66458424264012,176.92418402577064,149.35641068534537,0.7408373299898882,57.561723604166176,42.87014866955824,12.219080505032833,2.1394201608636836,2.410743442488292,0.7303540137729885,4.321277708781875,6.6388760630646
2023-07-04 03:43:08,DEV-085,质检部,润滑系统异常,0.7587726956938561,5.601270516207366,52.08384136576879,106.95723160601219,191.1853269363753,145.04478361211767,0.7768927933108012,52.90882974238469,57.21179481075138,12.130567558464188,2.83753909714429,2.7624388827557245,0.5414355076024772,4.725371739378704,7.1873810070014565
2023-06-30 01:19:27,DEV-049,研发部,润滑系统异常,0.7867796038754863,5.692262040996861,52.59727472250452,111.48487757973716,182.68577317386953,151.1006272769155,0.7855374584020446,58.37965419937722,49.167289831405974,11.228463653696034,2.760382135461774,1.5156584437751854,0.8623530352927727,3.7680828747889445,6.86263776097492
2023-09-25 11:25:29,DEV-056,研发部,正常运行,0.5415873899619295,4.3172387706680055,32.88086589065175,127.01526332626364,172.80149253353233,156.6626777254398,0.7228940647140546,52.29217250480962,41.79041792306507,11.542255737317355,1.7929743686086892,2.212748434617272,0.8047601122511798,4.925642402243648,4.831444893443874
2023-11-27 02:03:25,DEV-089,研发部,散热系统故障,0.8280552826318603,5.8241929940866175,47.30942470618774,104.77238983553708,190.41512542608316,139.8455478283559,0.740846749643897,58.906568159239825,57.585567335368566,10.350480303048288,1.8205865562208752,2.48012168188374,0.8073482728863169,6.335947846584713,6.424480149426399
2023-08-09 03:51:23,DEV-066,生产部,传动系统异常,0.7141121137477487,5.3805344465568155,40.287166052571294,107.78710565036904,184.95511957843374,144.09286007306468,0.7173405177810728,56.322148071789485,53.238213576851024,10.075906236642004,1.863452710986905,2.153377726087198,1.0146864713801642,7.045141911925644,5.747476332344418
2023-04-25 00:54:58,DEV-008,生产部,润滑系统异常,0.797236691467856,5.550928244934378,53.052899767690775,109.50798707075577,191.9817501551623,145.03694521590947,0.7144796491751312,52.42527132108704,48.37724938427071,13.956087760460383,2.7952778136051135,2.145497484476255,0.8702812110844291,6.544414093435138,6.90610719250709
2023-02-24 04:42:21,DEV-097,质检部,正常运行,0.6580096306857756,4.812838476541102,37.97940999791363,118.17800309098409,174.88992670675194,149.52616871276808,0.7859935974656375,53.53378161939707,53.885166447223106,11.699294114578317,1.8589725022461359,2.4437284954653626,0.7191714162245288,3.6875910820067554,5.18200763296873
2023-05-10 23:36:02,DEV-044,质检部,正常运行,0.6530911980096004,4.710861207529003,38.040025173488864,116.85300018093686,173.6464918837123,149.8025757838943,0.731812419641549,58.29863191122542,51.50446801481738,12.200647931533688,2.24042157816956,1.7044323627495412,0.658026781579142,6.584740679862993,5.177070845427244
2023-12-21 04:53:00,DEV-091,研发部,正常运行,0.5418163895901167,4.343892211170701,32.62319309198834,127.3869447160412,166.95420647814336,154.0832585980735,0.780928497021425,56.36385498593628,55.420010269694906,12.029474024489945,1.8550342471145798,2.143231961578698,0.9535295288193779,5.397297424499663,6.107021354031197
2023-04-05 15:17:40,DEV-038,维修部,散热系统故障,0.8539736451024612,5.768734220895715,49.430330805565376,104.89743519639758,182.82818603466353,138.1408544822348,0.7016978327637501,53.559827253561295,56.456746695697014,10.759195242282876,1.900959347123451,2.3277658762845643,0.8359578020149792,5.761739634227627,7.996931905555496
2023-12-23 09:36:40,DEV-033,生产部,正常运行,0.5500895417544653,4.307719649997056,32.71422949115764,127.24212577770746,172.3287559264819,156.37871574732335,0.8331927651867895,52.91863157846645,50.84856982114212,9.597591351821501,1.9480058180001767,1.4807822369919728,0.7603817104705997,5.667143127210045,5.2238403354406655
2023-01-23 20:39:29,DEV-073,生产部,正常运行,0.553629679976751,4.250090078183179,32.811176071758595,126.41281245146337,170.9775812596792,153.9229080451377,0.7831525671669677,53.71123025610484,51.0197793517611,12.703628244775164,2.2317233910957985,1.885041580351713,0.9066194406948511,6.387484405067159,7.184846950396876
2023-10-24 03:18:52,DEV-067,质检部,正常运行,0.6476973421730933,4.880992225913684,37.999334712933155,118.98636268883368,173.03207944630682,151.56584138718992,0.8489852415089766,55.37328735212119,49.52637934619629,12.787061311731758,2.163721767676288,2.492252577425952,0.6973305207376805,5.738790792994761,5.567344426292106
2023-08-22 00:48:12,DEV-069,研发部,正常运行,0.5460037444869923,4.279571551877279,33.6477405773825,123.73808543587359,170.0439033638483,157.1352945277813,0.8313276511616944,53.477611018401035,54.43334188206228,10.257033488115464,2.069925442185032,1.844942676644613,0.8472343709068979,6.482423713285302,5.838528068264565
2023-09-16 12:39:48,DEV-093,生产部,正常运行,0.5527218833241421,4.358337723407771,33.34209447513566,125.49386852066809,173.13564593259167,153.08788868804342,0.7223973600643874,54.12634815496332,50.39783127463766,11.967002399305773,2.1202230239252775,1.8769493713289973,0.8496853284596442,5.207338482704933,6.416302532919961
2023-06-29 01:59:58,DEV-026,生产部,正常运行,0.5561522605264553,4.2580240304229875,32.538411247673444,124.24904374343598,170.664659806362,152.78041127658727,0.7333473533132924,59.589506952366946,48.94687299574387,12.179738271931392,1.8581305511165092,2.135967975137752,0.8650689816099634,5.156099675706288,7.350265697647788
2023-02-13 01:49:37,DEV-087,生产部,正常运行,0.5581331047833388,4.3296310684922545,32.81880864004636,127.29154681351467,172.6759411312055,154.590520505547,0.7471828667327824,58.46557609369232,52.09497085013226,10.837613597829815,1.8547337092015028,1.5376861448510872,0.8031763783236712,5.576841630029195,5.7587362744595625
2023-11-12 05:26:55,DEV-061,质检部,传动系统异常,0.6905992382231789,5.426373128836594,40.47746190646722,102.12220763240879,193.65423828819914,149.3544568313484,0.7274655121324379,56.36373272652126,53.90415763907102,11.330840780950677,2.13539635184369,1.8458419504359147,0.5847174375786076,4.676342719940528,5.0541006407266345
2023-05-27 11:05:16,DEV-020,质检部,正常运行,0.6410785245708706,4.841869267717844,38.049445659377575,117.02938244643632,172.74117339799398,148.0662141856603,0.7807739607409949,55.05117463333511,50.04670230404275,9.950862523664671,1.5898609950378872,1.7750713343041982,1.0426650047331887,3.6173684165144997,6.703890454213528
2023-02-01 17:39:34,DEV-030,质检部,电力供应故障,0.4287003878812914,4.787772393719504,35.735321119837515,111.63385849974206,175.66936651953424,133.09462344322097,0.7115708309707883,63.27312957185731,51.60964159137194,8.539865984401787,2.359074743784473,2.1607208806304508,0.6571889617360269,3.81103797518291,5.005274173594656
2023-04-02 04:58:25,DEV-072,研发部,正常运行,0.5477963479481384,4.251284614130094,32.74210575176156,127.48745580438089,171.07881114061865,157.6177491343496,0.6420678377490158,51.9718715609933,48.171599427408616,11.96194098451009,2.1458678918424376,1.2308635526703837,0.5920320937245819,5.078541765293523,6.055708232076748
2023-07-17 08:14:56,DEV-075,维修部,正常运行,0.4904498465927108,5.2741401532862495,42.326587510166256,113.20102770505856,182.41908803347303,142.81172057479506,0.8216420336646365,59.316271184122336,50.117462760443495,9.807689960047625,1.7686894134066609,1.5815114998760973,0.7867107290901931,5.985994549526839,7.142857442853339
2023-09-23 18:08:05,DEV-081,质检部,正常运行,0.6441356970903981,4.733386856606042,38.200608059249184,119.2260595577098,172.49626066655944,148.04892274717452,0.6609475965221987,57.553421854284736,62.342789522228124,11.321042699123911,2.1533831904937153,1.8933128372228774,0.8942522957161134,4.870538603801481,4.998168085847008
2023-07-04 16:43:16,DEV-058,研发部,正常运行,0.5435640986177394,4.302731724352704,32.9513904720296,127.44429487367024,170.6084212501846,153.93010069053088,0.7761401415949073,56.93622412094826,43.58785025746343,13.28039464008445,2.290214466053302,1.8717573332289088,0.7490444714890928,5.500011151425466,7.561150412069682
2023-10-26 21:26:09,DEV-023,研发部,正常运行,0.5470124488982894,4.250108275047839,33.364520460619424,124.93204549495543,168.12830025960602,153.11008261324804,0.7051625011467763,59.7278914104074,53.88782069664242,12.39030309265969,1.9834331487248893,1.9246118286942726,0.7045234300491265,5.371138406837169,5.155533095422447
2023-06-05 00:51:38,DEV-093,维修部,电力供应故障,0.43179637384886566,5.028098926680981,34.39937174557395,114.75803859192386,176.24650639874386,136.14019706463193,0.8042922635362671,54.48648697360651,50.52386203025504,8.481487201079164,1.8732622497586937,1.9386699645468906,0.8730454572276276,5.592562779576719,5.743905715861619
2023-12-20 09:54:55,DEV-054,维修部,润滑系统异常,0.7876279880261028,5.631092818645262,50.69642855882484,111.75404922605986,189.3222690048696,150.13402694219585,0.6773018469984733,55.43122363037976,48.9638245199684,13.28564776795758,2.8059634808882254,2.4618619699208075,0.9078476250376759,4.9458237848872635,7.079246576826918
2023-05-01 07:01:57,DEV-094,研发部,正常运行,0.5568092240569513,4.2383991504617065,33.272140497057244,123.51660645304088,172.70046928194674,153.86295673906315,0.7281665360611715,53.98951160983244,53.445737283140474,12.16187356527828,2.250261327865402,2.4062667680473724,0.7053237391523515,4.7210102442792365,6.3500031252142835
2023-05-01 07:33:27,DEV-030,生产部,正常运行,0.5465289509325797,4.331691690607952,33.31107263416712,124.27976055086914,166.64580650237866,151.94256672153406,0.7182413226333815,62.776328085765215,52.59606932988178,12.370282362736713,2.5336140110656338,2.0753549967900398,0.7791781892593073,4.438833770639994,6.7145378455814795
2023-02-25 23:34:46,DEV-018,生产部,正常运行,0.5530683056688264,4.292604397212834,32.86819201681562,125.46426002446111,169.940619873732,153.78160209301967,0.7172075995034426,56.621097599368035,49.57974966219846,11.319821226196465,2.2006512498606003,2.2886503814796564,0.8405809117958553,4.633505461405406,6.230708460624513
2023-09-10 15:51:54,DEV-085,研发部,正常运行,0.5413574473323923,4.281377175344563,33.11783872483296,123.8784294845135,167.7915251880896,156.70327406017793,0.6938433165806056,57.69949792673903,48.972981535586825,11.94655850574927,1.9592519964800397,1.9651371300610776,0.8872464915700489,5.590840030417101,5.745477171972248
2023-09-25 21:27:32,DEV-028,维修部,传动系统异常,0.700553392596771,5.662387317810471,38.8510431911447,103.76019720692068,185.82513558620133,146.3569507597776,0.7630283719101312,57.62342407722028,52.259482643440094,12.402703889412548,1.796687883162214,2.0563773768526556,0.8134058371785139,5.1938244733648835,3.396121542086797
2023-12-31 06:07:44,DEV-088,质检部,正常运行,0.6374733378806832,4.7286850763241945,37.99406760173874,117.81571002661423,176.45873598524383,147.5382682563182,0.6844913838770936,59.31915175303632,50.64482550106411,10.984137459579054,1.6025984927444852,1.760607247799141,0.6861685482552927,5.06731780015812,6.176368582869748
2023-12-18 16:27:02,DEV-092,生产部,正常运行,0.5467798048919906,4.319573420955238,32.987452940160864,126.1151814742964,170.4116623987519,156.88215932938002,0.8517304231200823,56.53441234766305,48.54125878304457,12.051436490143962,2.0258773339062848,1.4298783254704963,0.7494704039074981,5.198239861436449,6.62825770132385
2023-11-21 13:50:26,DEV-019,维修部,正常运行,0.49472407054061346,5.130970144403828,41.989139264405814,113.060344270096,178.00174674747268,147.3753164153519,0.7123353716973425,55.697911829251346,51.79274717438892,11.549957141926663,2.129521277478958,1.8554936728852605,0.8068105620335091,4.775871555665927,4.809703444877411
2023-08-30 03:12:44,DEV-011,维修部,正常运行,0.5091826186585583,5.110950052771394,42.1334733443378,113.80183041974826,176.48571217570452,144.99138387373654,0.6701402394126836,56.71385412685745,57.87944683487579,10.511528130267875,2.578693090663725,2.381099734461813,0.7081505215873346,4.495734239803945,6.8364417051836694
2023-07-01 12:47:05,DEV-016,维修部,润滑系统异常,0.7624756630541901,5.680735199086424,51.72143952901145,107.47529927010234,190.69614000008647,144.3062311695942,0.6754226583043262,53.93889353523709,50.143731346148535,12.600571883540741,2.814959276021404,1.6559360127627025,0.7540845048025323,5.046737676779312,6.074854877732063
2023-09-09 05:02:14,DEV-073,维修部,润滑系统异常,0.7606730502190665,5.70029913639274,53.188110742088426,106.99416073879314,193.62957677466926,145.2416828685156,0.751674277126287,52.9184477459015,54.92468717362656,10.608776191054803,2.7515691639871287,2.0864813058695146,0.6683973228800312,4.779028543531686,4.505233547405076
2023-11-27 03:46:43,DEV-022,生产部,正常运行,0.5422184350598662,4.264875285308885,32.36095423676788,126.43482745983728,168.7179574622336,155.55079230991936,0.7482873304602583,63.4908223103626,51.21834934753536,11.236053693976963,2.155410210300355,1.8710794238160304,0.772370440463939,6.0949809997807405,4.774195596902456
2023-09-03 13:44:25,DEV-027,维修部,正常运行,0.5060288653745623,5.208049638707008,41.664268592429245,110.95698663692467,177.96682097603156,146.8776333047782,0.6612248982088771,56.268349643794785,47.59627437205326,11.846795923284592,2.1002289345086305,1.877470089736717,0.7261064736273369,5.089536220529263,6.297501838162688
2023-11-01 21:31:52,DEV-086,质检部,正常运行,0.6621976821212964,4.826133514982964,38.29262661406535,116.66809397102618,177.74894419866558,151.00688743691958,0.7674822351816192,60.46611225497287,45.93826762715247,11.21707912135604,2.1676590451247373,2.007122207370825,0.7531821612872901,5.937994822031149,6.192495162748602
2023-03-11 04:29:42,DEV-001,维修部,散热系统故障,0.8415798659880974,5.712112895564621,46.78379313365401,110.3103631525171,182.69874657809697,136.21674748092076,0.7532141058778679,58.143936089709,53.83312435167967,11.147020963131085,2.003419067023127,2.0142560710553226,0.7062859237827631,4.326252121024465,6.269218955231834
2023-07-11 18:54:11,DEV-070,生产部,润滑系统异常,0.8031239157603633,5.559235078321569,51.08032539577853,109.86810082021819,185.94098508306254,146.04324032468162,0.695877105423967,60.487640344385056,55.315015726796275,11.813786724139026,2.8105617306428545,1.9760762770584013,0.9185639867964681,5.073075040308205,4.4787870577510915
2023-12-13 06:08:47,DEV-017,维修部,润滑系统异常,0.7756996892886243,5.54902955662004,51.79757778410696,110.17976200884418,185.1790967586016,150.8070329904536,0.7177712987645679,60.517627870682844,52.370281275540584,11.067492622265103,2.8006829132968574,1.4366035344693007,0.7901133586871524,5.119713107926142,4.370657557404741
2023-12-26 02:30:09,DEV-069,维修部,电力供应故障,0.4257837802220504,4.787237606441363,35.284648381246114,113.40958633056754,173.56528262211435,134.65150660350355,0.7145685759272106,56.018372789995055,54.929464465360645,8.303727354400298,2.180493942807885,2.362737065065008,0.8791960713865551,4.1201393457812046,8.682571876990712
2023-04-04 23:24:41,DEV-028,研发部,传动系统异常,0.6845331230949774,5.505420007812245,39.99031883512404,102.7250212589909,195.64285842072036,150.86944224068594,0.8033971045662242,60.788222927068475,50.9843670786799,12.418793250039196,1.9746265596365409,1.5633612327594182,0.7466226243879922,4.935994895442851,7.5140380867171395
2023-09-22 23:45:57,DEV-009,生产部,散热系统故障,0.8419825047092031,5.9536751852688266,48.6619959126497,110.59133606452878,187.25504475268968,140.5761059109799,0.7071237832951467,53.38111368802951,46.562447935890425,12.632674666752337,1.956486618044268,1.7694293350656525,0.7042419064020355,6.607407092638253,5.8528987372068535
2023-01-05 16:56:49,DEV-066,研发部,正常运行,0.5491719592512502,4.226785026833979,33.63012716022648,126.7179347279677,167.81210097891415,157.50855256929978,0.7836826634929102,56.86610428598588,54.802748776517745,11.027721380195612,1.6941504187192105,2.4086455955722177,0.5765491393979967,4.5123200309944815,5.669648853383715
2023-01-31 11:11:35,DEV-090,维修部,电力供应故障,0.42071490550433305,5.024204472911371,34.96314549471574,111.85638649075403,168.34873103403584,133.65528719225327,0.7549165446834848,60.64931667271278,47.81605651534402,8.614983405447937,1.7957217061596134,2.408044052245381,0.7706820716077144,4.114475281532567,7.764172701798037
2023-08-28 09:55:02,DEV-030,生产部,正常运行,0.5486941298588117,4.343042893301488,32.73943823484571,126.0349220901425,168.35674282555908,156.74002715898374,0.7290837981021762,59.8722848693322,47.609465939222076,13.231177147930616,1.7803075176575718,1.8261296865053278,0.7688596472926882,6.228265265473968,6.041653491295109
2023-05-28 19:51:08,DEV-069,质检部,传动系统异常,0.7032974155703318,5.592812202611699,38.92312021022609,105.49091597610251,188.5671558444946,148.72351428185388,0.8037428188975423,61.18808624499637,47.173382645103395,10.413352895203431,1.8479602094888223,2.1704938693707674,1.0942475576173607,4.77860295329801,5.6465024068966185
2023-05-05 00:40:38,DEV-075,生产部,正常运行,0.5449108510090278,4.234851021526519,33.07765865917236,123.38250611259028,170.75046003138897,153.53383294339915,0.8182678405922856,52.58602046428774,49.904400090714724,11.356380768024538,2.028034655732901,2.072568792115971,0.7755521044152982,3.956271079486464,5.927424157847772
2023-03-24 13:55:54,DEV-016,生产部,正常运行,0.552285696603185,4.318192755899048,32.50899268697662,127.4824443308841,171.85534562079576,157.33866073338282,0.922510586782225,57.799769368490985,51.24468670603165,11.52150916209273,1.6862600755797243,2.3836798821379057,0.8380468447417262,5.487550980251957,5.581275815965031
2023-12-16 11:01:41,DEV-083,质检部,散热系统故障,0.8604222333986241,5.728249151050872,49.304516300831644,110.44054186885712,182.12228939581374,139.90896477523134,0.70659539250773,55.30099228185171,50.67618908822556,11.239659016710975,2.5578547188400957,1.9655273397045918,0.7279349942219352,4.3354719194729965,6.388107333774792
2023-04-14 10:17:47,DEV-070,维修部,正常运行,0.4940279820558777,5.295477028602377,42.19051510215725,110.93228772253603,176.8823358796501,142.2635097745939,0.677433217330052,64.26257905985497,49.1177042655441,11.987917066631152,1.6364073914952868,2.105182369995431,0.7629241134458531,5.241055929840466,5.102069152361713
2023-07-01 05:24:16,DEV-009,研发部,正常运行,0.5565121628534003,4.343642260113617,32.624461001705164,124.18003529495054,169.7666412839835,156.69496249624996,0.8072337838889576,61.42159098104273,56.624684807728975,12.715332131994973,2.065259641590236,2.0997727349702573,0.9072970630993061,4.333303428706319,5.295932572724207
2023-05-11 04:28:13,DEV-098,生产部,电力供应故障,0.4164138141084576,4.938811236284609,34.23164992976808,114.01294889653987,167.66769097303848,135.576022050523,0.8525331315046576,60.497698956246204,50.457300570026426,8.462446318338333,2.2179604831076882,1.821700934643433,0.7908767657512684,5.495657199055179,6.540939630188942
2023-10-16 03:28:21,DEV-022,维修部,正常运行,0.5082592616383637,5.120802581760808,42.132579383742616,111.20919351804896,180.39825569323162,143.46284654622394,0.8111404204623239,54.57002106974356,44.76643105940932,12.782135272231383,2.0118734208759004,2.1066441513697005,0.7687713120862915,4.765571890403934,6.381341614565115
2023-05-20 11:31:12,DEV-021,质检部,正常运行,0.6437255562472669,4.843617355438493,37.264437261228736,116.35559338017067,173.21506063335207,151.63761292191904,0.7535684417949565,58.190746427098844,56.59063685776038,12.8116334130412,1.7293538525574956,2.3835284861415738,0.8351129347353402,4.611044533279006,6.030200857223876
2023-11-24 07:03:14,DEV-082,生产部,正常运行,0.5471915240136216,4.311259414690472,33.4084603019986,123.168263441057,166.8670034934937,156.79532548216335,0.7163408399618573,55.298540259384836,48.496628303947915,10.645189822432773,2.2936005225643843,2.138367064158379,0.5151344216153904,6.348976837414379,5.221483683851724
2023-08-06 18:22:31,DEV-075,生产部,正常运行,0.5582812607592988,4.2486846963379055,32.44327957012563,126.44059469972609,172.28130585837442,152.90844375277737,0.7995063863395342,61.80670101101442,50.14952030733723,11.896640329916602,1.4510856434771788,2.140250725861665,0.9470714617516369,4.851547010416267,5.861351454753725
2023-11-28 01:42:15,DEV-058,研发部,正常运行,0.5577350750246929,4.38453001366896,33.29942725698368,126.42384840912494,173.36202381940035,155.65398375326086,0.7525293326831053,62.241406706391345,56.78986366029205,11.312612887700087,1.8830358472743989,2.149657995142549,0.8401788212317951,5.084893009315505,5.856525024198652
2023-07-18 08:28:59,DEV-021,生产部,正常运行,0.5396996448980328,4.369301017418284,32.39173982280158,125.07608898135646,166.93341247528664,152.3414406105419,0.7261874948148587,59.62204201811005,50.26370343358071,13.195657825761177,1.8097248922764562,1.8363009384987021,0.8860829946316486,4.298733686746184,4.802147470429802
2023-05-31 05:07:09,DEV-089,维修部,电力供应故障,0.4174982109877972,4.906611308520933,34.489384647429425,117.74607947183242,168.6945981301231,135.89494853391597,0.7623864823215102,55.939572737708474,51.62578126028042,8.652721600530455,2.14796058891045,1.973402071790394,0.766795075973422,6.126868669483508,6.97520668196694
2023-04-03 17:49:03,DEV-043,质检部,正常运行,0.6603542035532038,4.793687633797083,37.836034783393295,119.05667130084547,177.86729657818037,147.15021801742466,0.7616126479041646,60.88524634796068,47.55747018782742,11.227775473794766,1.7928284608676404,2.1991392701450083,0.7025592316153687,4.888055864782606,5.8022283417927
2023-10-30 02:36:21,DEV-012,维修部,电力供应故障,0.43059768086464356,4.7840892822334755,35.838498940625264,117.6969859294226,173.38674538611866,135.24087780721047,0.7969204444868696,59.115757380509656,50.92746493962264,8.355893644078668,1.4691701021975636,2.3922404127775154,0.85871364868098,5.580951945572497,3.605738654655891
2023-03-03 19:18:05,DEV-064,研发部,正常运行,0.558460534402684,4.3471504255426385,32.43843705068998,126.66332974913543,166.85059238093538,153.46983870409468,0.7804306792115884,58.764487544746416,50.968083405127786,12.70579269416554,2.3712387465262537,2.2151088650171107,0.8636297679115233,4.6667317483862,5.530163191209804
2023-12-19 01:52:48,DEV-001,维修部,正常运行,0.4929598704886082,5.205305069775365,42.60069862668934,111.18696322310207,179.46084167216495,146.76527936575073,0.7048432636889719,57.532957449557586,44.98124934392779,13.122205133496694,1.2999383347411684,1.598148546739531,0.7218060540990562,4.910081470200317,6.940489689928744
2023-02-23 14:22:07,DEV-011,生产部,正常运行,0.5434495919715399,4.267978211014599,32.65878082895054,123.57456318518197,169.488985731503,157.5285987860779,0.76302829718328,57.44069150562332,47.8572387026953,13.277084435671188,2.159157332937828,2.0451087015800655,0.7990523590269163,4.315571857291055,5.432400126629895
2023-06-09 21:18:04,DEV-031,研发部,正常运行,0.5423279791030208,4.383311396462846,32.55532833623974,125.26231997488436,171.15223127155872,156.9808763506667,0.7470726256399924,59.15801647838721,50.588586911653984,14.275160505252721,2.296452760854385,1.8358358594763617,0.8965936583771921,4.159078125079428,6.444987226524087
2023-08-28 22:58:59,DEV-092,研发部,润滑系统异常,0.7809041898001696,5.6320202114711835,52.98223040818971,111.45576650162441,189.79396264142267,148.80052385432032,0.658895361481439,56.550828253915256,52.56429593936753,13.552649179613992,2.7601789042243445,1.537810024434533,0.7786192879856209,5.237204430961618,6.22441597658568
2023-06-19 17:20:17,DEV-033,维修部,传动系统异常,0.6861872641854497,5.4032781605868,40.754237250484756,104.53186847393096,187.138747591741,147.31247932623535,0.7781940866038569,52.25580204829887,46.82461158771605,12.406182398204642,2.650436954969178,1.9901658489325909,0.911589382708284,6.681503240267482,6.472190696484364
2023-02-12 16:01:30,DEV-016,质检部,电力供应故障,0.42629907628573466,4.791279984018895,35.415917842493215,114.69140699699238,172.53655028113744,133.68251272848957,0.7519783536422742,61.66150202059837,51.776059260439006,8.370187867226983,2.2618390317211743,2.0472224992120656,0.7065323016687146,4.666299228620196,5.013256255732415
2023-09-13 13:34:27,DEV-074,生产部,散热系统故障,0.8282297865020959,5.7434129273344485,47.730063586177536,107.96797702493616,182.26954945152025,143.41747656072064,0.7250524216306248,62.286998968736754,50.176980989920885,12.253868819577347,2.313396856010744,1.7808009601223636,0.7925351970625328,3.909885428302383,5.670116556989184
2023-07-03 02:41:56,DEV-086,质检部,正常运行,0.6571409681146185,4.811931792734896,38.08010991286922,116.18158204335627,172.38296360611307,150.17720169013475,0.8196097436708291,59.79059564312178,59.8546951937153,12.080702943630758,1.7981080398625973,1.4682180273854089,0.7353550942140914,3.862433957844104,7.633391111943041
2023-11-02 18:58:56,DEV-048,研发部,电力供应故障,0.41556917240956864,4.96002040253597,34.84032989811922,117.7518150488804,173.04849874331364,135.3103320646843,0.7119421013575729,56.193287086999746,43.228084438608306,8.65459859120345,1.6719470136887498,1.4302398536855818,0.8407341738868553,5.116541158015793,7.491851539516038
2023-09-22 09:39:23,DEV-034,质检部,正常运行,0.6413685394806585,4.860870341226304,37.48527893889064,117.17865250781257,174.93584399162887,150.56719001311652,0.7420462458811362,55.26970436374407,56.441282751635384,13.782503294793734,1.9641807643680576,1.5045650730700841,0.7825159899869428,4.139849672111637,5.963351773037748
2023-04-10 12:34:49,DEV-023,生产部,正常运行,0.5525492528865065,4.38554546397033,32.725450625301,125.65405023133265,166.63142725423126,155.64682499624078,0.7608878506502492,53.67696905904556,51.252095159169635,12.220309488346492,1.9311539680991718,2.152610980221261,0.5611542309466974,5.720354958879403,7.410369026921878
2023-09-26 15:03:11,DEV-063,生产部,润滑系统异常,0.7623730488201417,5.44782980886892,52.61900594846218,106.94695036456771,191.51659428950845,147.80383641190943,0.680398646214375,63.59772169185384,54.87131988071794,11.353156976079525,2.735069734887834,2.082453653316966,0.8050130292824658,5.774708226485831,7.683330764504592
2023-09-21 14:48:20,DEV-066,研发部,润滑系统异常,0.7823513234018094,5.700668939257071,53.35914636901504,110.46898305446962,183.5916290102569,149.8373935922901,0.6832748851596046,68.60190647847479,56.3359652675176,10.675558648600253,2.853387403786579,2.653926269480693,0.7070427530559779,4.405867582741344,5.546888256504094
2023-05-13 09:57:09,DEV-059,研发部,正常运行,0.5598085769993798,4.251449393890488,32.678898913770844,123.0044440105293,170.71787786247873,156.1152118184725,0.7605917244682642,54.9301984632938,49.414243893298575,12.718655406934461,2.7165193792348186,2.0768528661216243,0.9067871069791393,5.467989760671987,6.261161833734699
2023-07-26 08:51:32,DEV-073,生产部,散热系统故障,0.8383659715424002,5.641198075088971,46.81222925349635,106.08787584788685,185.67722355438582,144.14023179062949,0.882180126152746,56.71726145231494,48.729655184672815,12.488305607734357,2.169514356090312,1.7544373252753116,0.8579708072363811,5.085679075976698,4.859781503507233
2023-02-13 18:36:55,DEV-091,质检部,正常运行,0.6420952891920648,4.780009644593059,37.54009163676887,118.4833200618783,174.64056825135415,147.23688776864032,0.7896156128456433,53.97458885259323,49.275343442080725,13.790717576867355,1.9247967909471977,2.182450145035773,0.8239006901634115,5.374538256240289,4.5339221324757135
2023-10-04 14:58:16,DEV-016,生产部,散热系统故障,0.8578761962711973,5.9577990938052725,47.037600536174665,107.74471149571342,187.69781498063776,137.59380589845716,0.720717452189336,63.104513862487295,46.180054981830565,12.533719884292848,2.1667626458590448,2.7304717357288033,0.8556847765650687,3.5743191300145742,5.715069627455289
2023-10-11 18:47:45,DEV-032,质检部,正常运行,0.6558463091900036,4.820613411505262,38.3745356133022,119.17878257150548,172.87696331654308,147.00404837691957,0.7552676150250693,60.12888119621817,50.64014175408009,12.91504070992433,2.1971584500279917,2.2859434954810314,0.9051025557808355,4.6796996130343755,6.515499644832223
2023-03-11 02:23:45,DEV-023,生产部,电力供应故障,0.43224929944844726,4.855455539684461,35.4367279876261,113.27777386727821,169.97132477966693,132.91955706702808,0.7892630411417365,60.79685993356387,49.16403532601274,8.536802043815133,1.8998651430537954,2.307807519241549,0.7737389606310726,3.5899396782178314,6.674887099559537
2023-07-12 20:58:16,DEV-031,生产部,散热系统故障,0.8654904378475159,5.939932840881656,48.080479202860246,109.86552117862637,180.01928436070344,136.43737343166552,0.7228056068660816,59.06980445749346,48.04572964004195,10.333875067227163,1.7626324711286994,1.921064709531025,0.7639643096829707,7.22989675969818,6.897629724007596
2023-07-03 20:26:04,DEV-092,生产部,正常运行,0.5607708082310132,4.305796464227409,32.7214496350474,125.78838716896315,168.47149547937897,156.98570062224042,0.7333581385253938,61.9747970769673,50.460994621946924,12.745482941488431,2.349198419542473,2.1955616411613446,0.6510736800553271,4.631988974205715,4.6068651163878815
2023-05-27 02:09:02,DEV-086,维修部,润滑系统异常,0.7713366163139612,5.6835635329048575,52.46914581735879,107.28309902305215,185.91486476441565,150.80426135744176,0.7716114694004088,52.721849157388206,50.72053483278652,13.073664112519825,2.860818126188418,2.1349078747017125,0.9433539128500752,5.404579601073401,7.371060363310988
2023-09-21 12:23:07,DEV-064,生产部,正常运行,0.5507428620359432,4.26631804780564,33.02354581601152,126.2333045435737,170.39910875692243,154.49700540318608,0.7522299179282761,52.97812953592219,50.98910511834279,11.7183369736769,1.626846554982264,2.668966247670816,0.7965814648542389,5.64446789725099,7.612174707636431
2023-01-11 04:45:44,DEV-075,质检部,正常运行,0.6399383282590214,4.752966848570201,37.51036336297203,116.45685240022733,175.814768673438,150.38162953532498,0.7538462608487995,55.42122253840663,48.9488663370409,12.073035306024593,2.124400328379337,1.9978638209416353,0.5154442383323088,5.401885213478901,3.155572723903465
2023-05-16 00:33:47,DEV-005,质检部,正常运行,0.6431006370961396,4.787636731689633,38.722578928430465,119.2561633171868,173.71074879398492,150.7162156985517,0.7884898724682831,54.64631803900594,46.531514517858405,13.487691238784466,1.899762198467304,1.9867363365666868,0.7825956093454347,3.5418390464503213,7.269599608458485
2023-05-31 07:20:36,DEV-054,生产部,润滑系统异常,0.79669831827646,5.571439582674963,52.26285094790661,107.0193223504005,192.74089267655148,143.7976231480326,0.7894776248973969,56.12858654203176,49.28901691016212,11.363581349436261,2.751845504159697,2.31413967792347,0.8787659597182436,4.16317732775143,5.997285009403612
2023-09-13 18:35:13,DEV-097,生产部,电力供应故障,0.4221636781587949,4.975924097018799,35.398285549152526,115.64068594193424,169.0167785327751,137.9304876414694,0.7188584508360151,55.84734065740993,46.0659855096325,8.565711334520596,2.031752054632582,2.116814830728491,0.8505463155775932,4.984841301574358,7.023760851122282
2023-03-13 21:06:32,DEV-029,生产部,正常运行,0.5503907244748749,4.27049765007708,33.224300532846165,126.6857717255067,167.64593581204167,154.0108630536579,0.7940345747592529,59.97616600693767,46.31418663778617,12.219565550261713,2.0950461961332683,2.0981854993290545,0.8207095921412292,6.640994133892941,6.670348160029917
2023-10-12 04:31:55,DEV-070,生产部,散热系统故障,0.8355633513511654,5.893553415360948,47.341751665431055,104.77459979209476,190.5168933745602,137.56973076434312,0.7947287173085784,63.98592715736463,54.18261433896338,10.328728322044055,2.254833192688006,2.1142452796521933,0.8230333721008584,4.363998131884316,6.809949756301082
2023-04-21 16:31:21,DEV-090,维修部,正常运行,0.504665214518066,5.203771853975622,41.17935530020375,112.07615365279253,177.1161994794204,145.92256073578682,0.7169732007841036,60.214025806478176,49.52634179016488,13.015293841590728,2.2548009382405594,1.671022170068622,0.6932228236049827,5.1781909364853655,8.175555564239787
2023-10-07 07:12:01,DEV-056,生产部,正常运行,0.5480584486869854,4.271267442477528,33.22362392481481,123.5806790615546,170.61792907622495,157.56187696324787,0.8128374279415856,56.16272244016998,56.13402807213898,12.28435487507116,1.6123569703904848,2.438213971750721,0.7295170379571141,4.673332229896827,7.719711640796305
2023-03-24 21:32:18,DEV-087,质检部,散热系统故障,0.8438626608105589,5.671156002058413,47.27275799464439,107.47785246706273,189.70767076576553,137.5018448820329,0.7888829542796948,63.431484108962835,49.079805378067554,11.266177606687679,2.029531140377767,2.360410669277533,0.9704410344014691,4.5932770500932785,5.291137675043934
2023-07-09 16:02:25,DEV-012,质检部,正常运行,0.6629170005296502,4.733507354074991,38.55170535064272,116.89562089815995,175.63571112426857,150.03463700321527,0.6621601853688479,58.693361484755144,48.21303918524115,11.912469241265319,1.6825835106566727,1.4699413325803234,0.774630314590258,6.791240659498974,4.24717746970591
2023-04-20 16:43:53,DEV-072,生产部,正常运行,0.5557055752143031,4.300076593170488,33.055920037773255,127.25739279832996,172.3607380573335,157.5682663988991,0.8489375688631612,56.86513137309808,44.81456206876448,13.010301680385806,1.3575617264607431,2.416278838685622,0.8064494822019104,4.114920213280113,7.439506343379431
2023-08-06 11:24:08,DEV-023,质检部,正常运行,0.639963011515312,4.830123501053699,37.66558107517023,115.77594246908725,174.40381470322268,149.6012586168228,0.69761466015218,60.613633846205474,52.159723138702184,13.76409313740608,1.4230448232933037,2.7084975888046796,0.6747862880651729,5.7291188350565205,6.847112412986908
2023-01-23 15:20:23,DEV-084,维修部,正常运行,0.5084057841802467,5.262627397942968,42.442909285636276,113.29533400286668,179.95090385854286,142.34022798342008,0.7350349477032136,62.94557968761557,44.043348018820815,12.71596122404733,1.7731768999392177,2.074823065475746,0.7153642294094819,3.644990475924387,5.440855131419119
2023-06-04 13:51:24,DEV-060,质检部,正常运行,0.6615269478832394,4.735076095406458,38.21868839946483,119.47936864627894,177.83546936146658,148.65916655469113,0.7805236331555842,59.56112143489401,50.66831020000545,12.614472374062018,2.3963574163817896,1.9448536290152978,0.7529931789623348,5.308318017969867,3.401828780397069
2023-08-16 14:56:18,DEV-049,质检部,正常运行,0.6516255939337191,4.838424875991543,38.7551686038422,115.79879884240655,171.9566286288724,147.4677004165855,0.763561066547198,52.58149642506744,54.17512882488426,12.17482345984634,2.3322054239741035,1.9945211705788906,0.8045751059054344,5.091246811097198,5.800734932388078
2023-08-30 09:27:55,DEV-100,维修部,传动系统异常,0.6790513656383096,5.578502440197374,40.954915995010296,103.91484141398567,195.4434071587196,147.12353836684127,0.8092649094961051,56.965377576120154,46.53451797249784,10.401398577699585,2.504858800575459,2.3814156425957798,0.8426346401185397,4.706736416601802,5.722712405120828
2023-02-27 12:14:48,DEV-090,维修部,润滑系统异常,0.7821188983889346,5.529426160400575,53.36513387977294,108.22944627848173,189.9026826109508,144.82240672440562,0.8544035798835705,58.53630732549234,46.887190116546726,13.223707122131207,2.882256105902591,1.9770187198842084,0.7817485870961458,3.9323638380495303,5.082301186263759
2023-12-29 12:54:35,DEV-038,生产部,正常运行,0.5444532625911269,4.255872649052944,33.64775707292684,126.28389903489268,172.29118763637914,155.4462926491329,0.7854196827686154,57.46125524068638,46.60268710253568,13.793261827269026,1.2860872077387924,1.9557488595338923,0.7702150195690364,5.112145969958056,5.21396571063568
2023-12-22 22:01:55,DEV-036,质检部,正常运行,0.6572812502630412,4.79455226211749,37.585772037614184,116.42439319815801,173.82910633557265,152.63954623731425,0.7973065495784533,54.03485885141398,50.144471680583855,11.019103703731354,2.2802071993739093,1.9524956191710945,0.6906655269626631,4.865085684910074,6.941434926949721
2023-04-29 14:09:29,DEV-097,维修部,正常运行,0.49253940298967863,5.135000030440173,41.324214091674534,112.56175849152777,179.43843460210982,143.64335733597537,0.884654765679622,54.8502591948894,49.84214230807451,13.456217783563744,1.7826692599170775,2.2284087899387757,0.862448663858019,4.021729111737813,6.9076505190649895
2023-03-25 07:45:46,DEV-013,生产部,正常运行,0.5548133587660407,4.251036850734941,33.292920637669845,126.55332886741756,169.40090285286234,156.52779924363344,0.8025355579493176,60.93067236525536,45.029022172580206,11.549661592204583,1.9580073061662588,2.1971372536842937,0.6145936874322055,4.640704696451374,6.0746770853657175
2023-12-31 15:48:41,DEV-013,维修部,正常运行,0.5079017034553263,5.298187122721686,42.6036659177984,110.2528793906514,183.2214815860305,144.55547655863455,0.7272835306220855,57.40931508131007,46.96997737438259,12.94615439894395,2.116704606292367,2.015415031025995,0.684380620608,5.479379240556597,6.225507010884389
2023-03-22 12:27:15,DEV-035,维修部,传动系统异常,0.6873866605728621,5.346409652876237,40.8412616435437,104.2865514626235,186.34883549579848,144.37603084357366,0.761407565461684,54.558973066708106,45.036404764643514,12.157533592771658,1.5407986688918216,1.734664916747696,0.8868205498639731,5.203854232186622,6.679077618264028
2023-08-28 12:56:36,DEV-011,质检部,散热系统故障,0.8332308153668233,5.7711549273529315,48.21743336842847,107.67869463499531,186.33619231661763,139.1944192114028,0.6917404099375225,52.70687518703355,55.00718065907002,13.041436905928478,1.5635165170843799,1.7180838585163645,0.6421969288203556,3.430630244541903,5.772253770315804
2023-04-29 03:03:54,DEV-094,研发部,正常运行,0.5606493130597238,4.239256974124179,32.38118728414486,125.39087795114492,169.12733251597905,156.82884685510479,0.7191763913837117,55.36787929008434,50.14124364639521,11.128395899050838,1.9015411402459435,1.9347794693091602,0.8648800096063488,3.9803476304590295,8.771607774248881
2023-02-16 18:46:24,DEV-012,生产部,正常运行,0.5524336409337159,4.263644455157324,33.10723445227785,123.27181357637102,169.87175269261274,155.20205448181983,0.6873505574363054,55.330086895972016,53.426087845909315,11.394040971039782,2.72052690679215,2.0385204288689316,0.7986248667298281,5.296964311213147,7.683778413690532
2023-08-03 21:40:01,DEV-078,生产部,电力供应故障,0.4290112935809984,4.797270438652821,34.72675794494704,117.92808197672073,175.0526379916725,135.78859438333555,0.7581018328766709,60.35978846918115,54.87761256727475,8.63718619042354,2.376354718673714,2.038854946910708,0.6816540292887787,3.771947341097107,6.883328801606649
2023-09-11 18:14:57,DEV-055,生产部,正常运行,0.5521861172445846,4.317569050777027,32.37027131087382,124.11054002114592,170.92813642713423,152.8237983641253,0.7409459152865567,58.31272409399375,54.94670249707372,10.954355150814855,2.2232544711948785,2.1470620321857576,0.8779531868718723,5.321515908384082,4.917542965934395
2023-08-28 13:04:02,DEV-032,质检部,正常运行,0.643157136113798,4.824444879044729,37.69826239133862,120.20905893699441,176.42063284031835,147.8203336582408,0.7966856826234455,61.01584426048288,50.57247212529032,12.558379391540019,2.3284913631944315,2.173443061963616,0.8614889196628484,4.82552018547908,5.973299506110469
2023-06-18 16:21:41,DEV-080,生产部,正常运行,0.5440466570473964,4.25154813523158,32.412194990440675,122.58835022397717,167.2988240500185,152.9676243724265,0.6906911734543659,57.427502349986604,57.412636178929105,11.526926977211552,1.8717752234509375,2.1484430325241597,0.7897379169962166,6.047614204807632,6.065979289064163
2023-01-07 12:51:52,DEV-067,研发部,正常运行,0.5590907956760862,4.217846990350112,33.18170233472411,124.0347725096331,169.5364371725636,157.31314185033108,0.7226308896889971,57.30017064809666,52.151063076917765,11.641730609783409,1.7537501909781525,2.192016892672598,0.8801696624143878,4.695527603561356,5.61653494989927
2023-03-27 10:39:52,DEV-041,生产部,润滑系统异常,0.7863941467233122,5.580626265309282,51.85892205467853,112.27371734412999,184.80839426678585,142.72006406415215,0.7654963010573782,59.257803414113184,51.813085701548616,12.685263130930062,2.796332120385745,2.064876337533807,0.8561223600370577,6.55770615521645,6.762215340490923
2023-05-15 05:07:02,DEV-076,生产部,正常运行,0.5579721511043985,4.35448600613302,32.62285457465365,123.446455174929,172.10343732442706,153.04498095569193,0.7090201841791657,59.883002024441545,49.354358210502625,12.401956388952915,2.118903135188657,1.5814727430483302,0.8604928775943722,5.7134335055045185,7.137616278568128
2023-01-21 20:09:57,DEV-059,质检部,正常运行,0.6502361659739387,4.787184142597584,37.81282109413585,118.97830457610559,176.2016624004663,148.17708364162786,0.8022189856433475,61.474443094409274,50.52432131952174,12.624980208861924,1.8298621867956482,1.7428935801930165,0.6932156819165183,3.8797059864728904,6.11636425427273
2023-04-25 12:30:13,DEV-044,研发部,正常运行,0.5551494087705084,4.302570944460484,33.414458846436766,126.11077789658314,170.78249871212589,152.83491545816057,0.6737020429559115,57.833463899523366,52.47860469423163,11.438982937355162,1.8955854955285478,1.9184646312901035,0.8139916111007037,4.867521495051186,5.080359631658234
2023-12-26 22:11:00,DEV-082,质检部,散热系统故障,0.8728177706696444,5.816494187465542,47.5276895545198,106.9549785674535,187.78610373712877,141.50074285029186,0.7855994630505345,57.64431522292543,45.87683296800442,11.191765339995445,1.8672257029192743,2.045286978572043,0.8873281726365483,4.967799251687256,8.251669427065597
2023-04-07 22:05:51,DEV-004,维修部,正常运行,0.5058612976957739,5.174452241287862,41.27081194585088,110.20072886022628,176.40829685372103,142.11103649070415,0.7872828813289859,60.212153542654804,50.99770615923665,11.639954836529844,2.2032071961945086,1.9116053500693675,0.791524996230644,4.312265023766726,3.8036477979327166
2023-09-01 03:39:46,DEV-040,研发部,正常运行,0.5571617665134492,4.3501054428617785,32.60520296838489,126.52559604377332,172.38090259585826,153.69273207361573,0.8851467326036997,61.407242521264585,51.869382205862735,12.192195908060972,2.0337754852209513,1.905843043470059,0.8210261887375764,4.609812879823393,4.862062213103069
2023-12-04 01:20:14,DEV-065,研发部,正常运行,0.5579592666238296,4.306539777659336,33.49923280997943,123.2585182232576,171.7818485488932,156.12033129569957,0.7947034870485858,60.80703003085274,51.09850357212691,11.72646678460395,2.1218112828714277,1.5289174535240264,0.7775844488017963,5.152157986892344,7.81606892807664
2023-08-02 05:46:32,DEV-093,研发部,正常运行,0.5465134987156527,4.262194666005673,32.3981689608618,123.59609428467327,172.73097481501668,157.12572070900885,0.6693910321569482,53.69412602955244,42.03753054436523,13.79579861435022,1.7909344202076374,1.5630569846656344,0.9052232722684405,5.2646996272203275,8.142035860920348
2023-08-23 07:32:16,DEV-075,生产部,润滑系统异常,0.7932017861729601,5.716450884007727,51.266077527435655,110.56287469066494,184.39902937466294,150.09488816567037,0.7377720522802619,63.005298374009996,51.51544320625216,10.917753530457798,2.8387122650405745,2.1675718067156,0.6593542154078366,5.804594901350074,5.116199077429938
2023-11-25 20:31:45,DEV-010,研发部,润滑系统异常,0.8011256519268196,5.699707299983,51.001002103079315,108.66904843466618,182.4074498307137,147.72326171731814,0.74825017233173,57.81597885296958,59.32083646920634,11.026754185438083,2.8044345658898666,1.8694609661362465,0.6494957827810754,4.404044744400129,6.893511024925887
2023-07-20 13:07:39,DEV-010,生产部,正常运行,0.5475381213214224,4.2617493505093496,33.09289658446045,123.75254217942917,168.7161964434325,157.1702471009578,0.8054410565325099,54.11807694326116,52.54656268097477,11.324346470361677,1.576759662617415,1.952443316903577,0.7964351114610053,4.3749332417047375,4.106152175929496
2023-12-18 12:43:20,DEV-073,生产部,正常运行,0.550566636830301,4.256918191096179,32.342664443427665,123.37040837655715,167.39604908168434,154.68432541906787,0.6808175599827511,60.680009575551814,52.75251885498524,11.857002085461424,2.255699686735087,1.7397615179439605,0.8729097159315734,4.10554222320175,6.79339839427736
2023-09-22 15:44:35,DEV-024,维修部,电力供应故障,0.4198618295017281,4.810466889525863,35.496947751881194,114.43887913621474,172.97655562922978,131.8188488504089,0.8375999936763254,55.69136024573094,45.98922028350299,8.567107834653156,2.371986266890409,1.6829484351417694,0.668560087121568,4.259901216340318,6.535230440323944
2023-04-17 14:50:20,DEV-023,研发部,正常运行,0.542840009437077,4.226180128638351,32.86828920611123,125.38461069299822,172.41343531820644,157.94030365823477,0.6648276474253415,63.284033300101115,54.793634563051306,11.2683612228782,1.551921686505763,2.1075665855404795,0.8541669073484456,3.985657155303166,7.82662141688507
2023-09-11 03:50:30,DEV-047,维修部,润滑系统异常,0.7626800535754191,5.538237378233294,50.61870434747473,108.8075966902254,183.13847394127873,150.75242539301857,0.7700956518801332,57.52096979019404,47.83969909680777,11.540443768604593,2.7330933207221957,2.1537469701263805,0.987274949793615,5.070313041926763,4.664448584713028
2023-02-25 09:07:53,DEV-001,研发部,正常运行,0.5454834301374817,4.312248621853261,33.32392501566683,124.39477954906253,168.6588197317985,154.7479452630715,0.7635681845360388,60.162548460613415,49.95840968761056,11.784990899657675,1.9477099633646466,2.2864483219030722,0.7223008255258879,4.262933502278756,5.630341710984266
2023-01-27 18:01:06,DEV-059,维修部,电力供应故障,0.4278169884005143,5.0113519452757345,33.99059065452796,114.05240995023932,167.24993325354652,132.77124739460723,0.8722286812423475,57.70082173402414,47.88735048500199,8.439679404617804,2.314252689876915,2.0727638955353034,0.8063689306606969,4.084360657045539,6.875974000530518
2023-07-28 21:35:59,DEV-081,质检部,传动系统异常,0.6907284267248021,5.4092009630719415,40.774550119098784,104.19957071441291,185.06512853616886,144.42003828200248,0.7345771656816216,60.88492622266132,50.063066921987534,11.146108970623855,1.7237821118620777,1.7930673820341403,0.8164754098440153,5.33514097465072,4.9594363615951025
2023-12-24 13:36:20,DEV-037,研发部,电力供应故障,0.42652868011516304,4.75818256484751,34.888842797385564,111.6484878255571,170.13354400173031,135.16077383263712,0.7606015963477414,59.68533892204422,58.95129345105159,8.285758834670416,1.6847164959979934,1.9468941080411797,0.5347815891213239,3.8760994110916247,6.237712593282025
2023-06-03 21:24:57,DEV-013,维修部,正常运行,0.49051157966390335,5.261715402848855,42.168236011798555,112.94496477263051,178.58741130530186,145.05499987949472,0.8832289264034077,56.20083507602824,49.07378134831844,10.8627574051715,2.23234103106567,2.1301832725540835,0.8455751318777245,4.393048254873894,5.410746965307422
2023-09-01 11:20:56,DEV-006,生产部,正常运行,0.5598116834867337,4.242482427509483,32.37388488826332,125.98928420598871,167.85524889767606,156.60426971371768,0.7329593691112656,56.899555321692525,47.234409756499055,11.33619046495424,1.5921813107681584,2.02074156914399,1.041591044070648,5.350581979326774,4.2748486746380046
2023-11-30 09:11:45,DEV-038,质检部,正常运行,0.6541988185307723,4.854969372686842,38.12445508879528,119.57449910502847,173.34564529148835,148.25926603001272,0.8107249499283015,61.10598261910091,45.810068096554225,12.138583810823722,2.648662067815405,2.2052944353287787,0.8171133355496356,5.812598779217141,6.173845137799988
2023-07-21 01:10:37,DEV-079,生产部,散热系统故障,0.8401614334822519,5.777942015298991,47.99457701867367,111.17985745706011,180.21469454798293,141.65251767325879,0.812836212668449,57.54457404493781,50.23991157367332,13.330603630069167,2.0356874494975625,2.391054993798898,0.8295543993515355,4.943030420062958,6.992312342131229
2023-10-31 05:29:20,DEV-058,研发部,正常运行,0.5573020928765612,4.286473419092244,33.51801095059186,123.08993604162198,171.41905608790864,154.0588336897247,0.783395427214195,57.765061092550894,49.88653582842374,13.127309512046404,1.7432903566214497,2.011135342402299,0.8288141057199868,6.179589859922287,5.719638245498338
2023-07-24 08:57:09,DEV-050,研发部,正常运行,0.5557787933274843,4.385519284763579,33.37937938952879,126.88505979471427,171.68526005435723,157.45169762468785,0.7978521158606718,60.71602569297385,48.44632684239477,11.513785030211977,2.4069741275948884,1.804155539591519,0.7169345301815737,4.355669906533989,5.067393582045866
2023-11-16 12:12:56,DEV-062,研发部,传动系统异常,0.6932731946365035,5.338876475423633,39.093642480828336,102.12599520863128,187.07316578500553,144.13411268703933,0.8467612629044097,60.34665308222553,52.065558296604955,11.173822907974888,2.6174722427363495,2.4829068003225423,0.6756005007647938,4.7649346409378115,8.880382234628835
2023-03-25 04:36:25,DEV-039,质检部,正常运行,0.6597220156640337,4.766754565849097,37.434988802562984,115.96306632326512,174.63250190766558,147.9841304677726,0.7266263575300879,61.132666957137154,46.94656648450831,12.590482780271447,1.823402245823458,1.8762238548648738,0.626173078760143,6.028147723118066,6.262561515377049
2023-06-14 17:16:28,DEV-021,生产部,正常运行,0.5479265467269931,4.256218343009019,33.10036312893962,125.99607418573711,168.71300448527853,156.14979799094434,0.8140073794179605,61.160702710619205,44.085199109897644,10.788627284228419,1.7837523109662858,2.247108613336363,0.790996849231514,4.85133396235005,6.210212447374448
2023-01-05 01:52:52,DEV-005,质检部,散热系统故障,0.8344356741425875,5.80018933143472,48.84397276431811,107.74378855586197,183.3911036087764,142.6534492380805,0.7334328764111894,61.04981853675208,46.42360607413801,10.343890487015074,2.0812647354994134,2.0802754718461545,0.7361959681601349,5.041724480926351,5.65899062944032
2023-12-30 07:02:18,DEV-071,质检部,正常运行,0.6491967874872371,4.755563936151099,37.393486722362994,116.43055794052418,172.53092894486463,152.8384607874738,0.7868774487040499,52.8835121005274,48.435986070187404,10.946892952941033,1.7585225436033445,2.39903417693492,0.6801403989674969,4.669284454290119,6.3121376251745644
2023-06-12 12:46:09,DEV-080,维修部,正常运行,0.49721907266622345,5.250083397080849,42.4887289235984,110.55043402108262,183.14334780533088,146.65457724614208,0.7546052879831912,54.589593306684165,45.170805408225426,12.033956649822587,1.7109997619011004,2.5532613511904394,0.8875819716421416,5.712493097888503,5.878185131862772
2023-08-22 08:04:54,DEV-099,生产部,润滑系统异常,0.7737941816218845,5.518036438641976,51.49361633486633,108.7400328669656,188.4938055042834,143.7660018163768,0.7296225359271886,57.23313964028501,53.41300813676923,12.08374200235603,2.8014651926077145,1.4869309536652133,0.9248235535689198,4.129475820266716,6.4769238882253255
2023-09-27 08:20:24,DEV-058,生产部,正常运行,0.5560179720641879,4.340906300303131,32.79088962902225,127.49725261495982,172.3709241201528,153.51214491349882,0.7168645752708549,52.54062916807392,48.702192071116514,12.753755052518008,2.0794330090009554,1.7671923744134115,0.9166187172550477,5.343473124977147,6.852007011163394
2023-01-06 10:03:14,DEV-035,质检部,散热系统故障,0.8571412774589758,5.696223892871542,46.82231262557956,110.68774526618004,180.0665618001498,138.28547649927916,0.742598722361934,61.61404191050063,42.07437246371973,12.562402689961393,2.0683724178204117,1.9025603650515497,0.7495862024299238,4.914573516771962,5.474675672008701
2023-05-20 07:32:12,DEV-074,生产部,正常运行,0.5426693415378577,4.334414862961053,33.444586969044735,123.86871285543748,167.86769031145252,152.36656154430997,0.7247856806492478,59.481805847937316,48.4663107007794,12.153590215582668,2.251053055530428,1.8727599962843506,0.7716315333426685,5.372855985606122,6.4851948984223275
2023-12-01 01:16:37,DEV-021,质检部,正常运行,0.660458386200502,4.872137671019316,38.458153552581116,120.09298066629215,172.18946249175582,148.59073956867445,0.6735674409620064,62.95513873157566,49.77740262818688,11.200545906415599,2.1478394369531078,2.3860708547272145,0.7026829165801644,6.166878152049738,4.7510889722075405
2023-02-11 00:57:03,DEV-082,生产部,正常运行,0.5468645069658793,4.321852499792395,33.512613047299155,125.68967497182375,170.44782933474534,155.42922261948848,0.7605258137353037,61.1896401897102,46.62440346910882,13.717957249526888,2.026690348436729,1.6089091938617075,0.7682341265746162,5.156113214516667,6.168425176765096
2023-10-13 17:15:10,DEV-080,维修部,正常运行,0.49597651663697334,5.293743118173043,41.35385558473667,111.31184318486449,182.87344051171627,146.294220297407,0.775187905244207,48.30840210230426,59.8977276063826,9.29241507639161,1.8689873711267406,2.041547038066705,0.7575739707006669,5.113151874585404,5.488445506571303
2023-11-14 02:30:40,DEV-061,生产部,传动系统异常,0.6834932107669669,5.664287012928821,39.148823409413154,105.09816868107055,187.31665875002167,148.09539661145118,0.7398335577223172,58.162834862411955,50.81974376470042,13.118767216897687,2.236491071135089,1.660982547387999,0.6657966473680299,4.954309212399069,5.383107177158545
2023-11-17 02:40:04,DEV-040,生产部,正常运行,0.5463264178009786,4.287828065776574,33.10942518633141,124.60777810257864,169.6209508261495,153.58941985129206,0.7281421363116317,61.344818401384565,47.972039467241736,12.224568010224763,1.8871123907051934,1.6874825157180575,0.8621925359627827,5.710832958880548,5.457105108725758
2023-09-20 06:23:27,DEV-002,质检部,正常运行,0.6557555306562338,4.7679503384880375,38.126342392231294,115.82248376359861,174.9667110404798,147.89212736821239,0.7400676186305747,53.750070536686636,51.03225119436701,12.053546775520555,1.9675494073161888,2.9295634467446834,0.7721126014610469,5.775754089349769,4.571934435218585
2023-06-01 13:03:45,DEV-040,维修部,正常运行,0.49471028903113323,5.260940305030767,41.31674597964019,111.71988272601337,176.56605638638004,144.11148291604385,0.8508744769878883,53.07626559918749,47.60488142031967,13.566501732485953,1.9844261067567304,1.8202051727197355,0.6145320504598009,5.384958050007646,5.101534424344102
2023-02-20 08:44:49,DEV-080,生产部,润滑系统异常,0.7999467420060566,5.652852330710241,53.02882716865341,108.83885008162059,185.5856228203252,143.02323528756463,0.7038981646452692,55.12066839662757,47.92845655433861,12.610545894389665,2.80053804067522,1.9338983946529285,0.7992714576947004,6.099329459622136,6.785632529785464
2023-01-05 11:03:40,DEV-058,研发部,散热系统故障,0.8735400328490339,5.83730207941522,48.31169449795766,111.20147761415598,180.48882446656805,138.12105679484296,0.8194988038568346,58.70032714768068,49.18282647597588,11.045507146178913,1.9442393190618,2.0034315053623093,0.8693987240971415,3.6798282568672773,7.110317649274148
2023-06-06 11:12:59,DEV-019,质检部,正常运行,0.6468516672295292,4.705288394938379,37.826529244400575,119.37691962371356,175.67192189528438,147.60755948769096,0.816737504723588,57.926306331444096,50.17162773612734,12.32773028347601,1.4580317951157988,1.5588624680351522,0.6855144143990635,5.004558482067337,5.510904634775163
2023-12-12 06:14:22,DEV-047,生产部,润滑系统异常,0.7598546911274571,5.597558850491128,52.20227623213726,111.24765661218547,183.6781611046583,148.38288145007868,0.8318889105635306,57.84248893790496,45.434240883025915,12.003567923323045,2.7405269165460644,2.241768787706823,0.6754815016276527,5.3945731095201115,6.396980876808808
2023-09-07 20:41:18,DEV-033,维修部,正常运行,0.4952452808859965,5.219776209585653,41.24639536665354,111.98372078746154,180.6972685122016,144.03861456673837,0.7644673924636362,63.759122470478,52.55555675151945,11.711499549188332,2.220599964926327,1.5119276609129029,0.7666611093572059,5.358083380423519,6.401584757759445
2023-12-10 10:47:57,DEV-084,维修部,传动系统异常,0.6989178950744135,5.525467062722935,39.34332692355347,106.62897266234432,185.68031990715085,144.89073455412114,0.7208576309925392,56.570676845846165,49.61725723270378,13.705105313749977,2.07652304340765,2.222377485928873,0.8122654214500264,6.688227997767633,5.035509129278571
2023-11-12 00:18:20,DEV-017,生产部,正常运行,0.5506217467020228,4.381119931948696,33.41724071697734,126.40638607700575,170.11783711067338,153.95721863693115,0.7112442573309593,48.66070002219853,41.67321131140199,11.836642226062597,2.1566058089272184,2.4377497644770427,0.8633478104927734,4.885868242507,6.416193137333201
2023-12-24 08:43:44,DEV-097,研发部,传动系统异常,0.6928560958627258,5.487156983580202,39.34841045842833,103.97385707711008,184.9286094710955,152.0495869160842,0.7552683536522627,63.40755875042342,54.2740925202987,13.162831933274141,2.0905745370962188,1.8837190814797735,0.9459163532112419,4.936701062009122,7.628082045032803
2023-09-14 04:16:16,DEV-050,生产部,正常运行,0.5606049817013005,4.230554396476203,33.11775947495746,125.63231927627028,170.25894089154357,156.00555249141337,0.7300527406928459,58.437326379487104,49.99723194352993,13.020150824318806,1.6454320616847393,2.1020405295240208,0.8639184999708439,3.942998657894028,5.853583150305698
2023-03-19 07:18:47,DEV-013,维修部,正常运行,0.5036134474645148,5.234680158210379,42.0184308483157,111.68086402419378,176.78723014207714,142.22809790274684,0.6135274624877151,53.75412005043417,49.67797660807477,12.329745166891229,2.2524274397737982,1.5248211531898777,0.7514340143664732,3.9420739312523265,5.800924861677703
2023-06-17 13:57:02,DEV-034,生产部,正常运行,0.5390480511428595,4.32385169341271,32.526441681395056,127.10314068355387,167.2367036746687,157.82139176018268,0.7345119752115107,56.51033417815172,53.37488294689822,12.097615362354816,2.221715570635459,2.2380203943487684,0.8395301007003106,5.068696505297237,4.269808178064861
2023-12-08 15:51:20,DEV-079,研发部,正常运行,0.5608348828917137,4.217558453448839,32.62644063391092,126.40010378138497,167.9200909703791,156.2292111524985,0.7907387617641771,60.025868918019185,49.718431629554956,14.022364464520225,2.0573688835572237,2.2311836814682082,0.5564613239549007,5.670273779284531,5.16694309831502
2023-05-07 18:00:49,DEV-022,质检部,散热系统故障,0.8435261471425283,5.662156922674499,48.75547241273357,109.85941674284892,188.72843447535766,140.70472812037306,0.7917580005256027,53.42050642628914,46.73513537077042,10.951437740183296,1.724757804392398,2.3674219534740386,0.9161810683708145,4.8216962358651525,8.519442794299113
2023-08-13 09:12:12,DEV-044,维修部,润滑系统异常,0.779148249341481,5.573898632221704,50.74097354581336,107.6570388090891,188.1977344289479,147.29290309897513,0.6604097671313076,57.932939710354454,46.76637395741677,12.306131996240742,2.7945900920549014,2.210899151582972,0.7762191198438112,6.1548197355779655,6.9290878996376035
2023-02-27 23:10:53,DEV-068,质检部,正常运行,0.6419736225292548,4.756479279959935,38.21332796637256,117.8503804726718,177.5060956029783,149.05429059605513,0.7160579714727127,56.91887460684794,50.56235027493698,12.733848687726233,1.836132947704838,1.8250782883477754,0.9697298021569182,5.845488444216766,6.850208182173426
2023-01-24 04:56:01,DEV-086,质检部,电力供应故障,0.42923251581665467,4.790896967842054,33.97446901893581,114.20243871967728,175.7702054798619,132.81402054095236,0.7146779472419884,58.410371688540316,42.41426939191248,8.597613960168744,2.149919513210972,2.110972324392992,0.8183074196946702,4.424177208604875,4.511620760652116
2023-06-29 18:52:22,DEV-024,研发部,润滑系统异常,0.7946761379251155,5.5347294547260635,51.57577545747403,112.08390165130783,182.79589430132373,147.1274904324735,0.7136046541317798,60.50836378249267,49.119059467376445,12.840684372333959,2.8706279753738344,2.090282801704535,0.9899854888845145,3.9479199224180537,6.525532701380363
2023-08-13 16:55:17,DEV-067,维修部,润滑系统异常,0.784976703568232,5.729251807149648,51.61164108503406,108.29755411603269,187.7852014120115,145.90797634594054,0.7677297302934423,55.43488837296299,48.5546520458391,13.076172786935834,2.7949475669079438,2.174109446353473,0.7493491130799503,5.155088912722367,4.814939552183291
2023-09-06 22:03:55,DEV-094,质检部,正常运行,0.6560498279763168,4.7252355362846545,37.562437707723326,120.24472171453584,176.58525887655472,152.49027075686791,0.7906966918733712,60.2225930196878,48.684630313344705,14.397689655455224,2.1218785140459513,2.124107526555222,0.7943227148681663,5.994633077093091,6.431033547522814
2023-03-06 00:13:12,DEV-070,生产部,正常运行,0.5459631550752506,4.380206780608021,32.54209530633442,126.21300660766295,169.02347580814836,155.50707026240605,0.7384146863060634,51.10111342634777,52.629837389997036,10.988484246677707,2.120848082420583,1.8809944895236095,0.6418131029786092,4.885109271511785,6.901792715844501
2023-08-27 22:51:27,DEV-071,生产部,传动系统异常,0.6793661004273164,5.572991264979414,40.04082881420068,106.72702779182589,190.80135803324663,146.6792527796808,0.6732008560237476,60.42744012597852,48.42270533269964,13.585158766414539,1.7691026537241832,2.776169600904619,0.6594034240870048,4.511365721674644,3.9157094994643264
2023-08-18 22:49:50,DEV-060,质检部,正常运行,0.6576474986050391,4.798962634130642,38.60001630766358,116.90339502355708,174.37419088066787,152.39158146341381,0.7972371963148415,58.28829882310941,46.473663980023616,11.40168245831773,1.7518164755808012,1.6477332672412357,0.6347015789731141,6.597783658402315,6.303338428779494
2023-09-24 14:37:27,DEV-037,维修部,润滑系统异常,0.7718128014920307,5.7531525668559915,53.08240680264594,107.78848346229474,188.5041378407185,146.91627409783376,0.762331285735809,59.9357054651892,54.09075199139915,9.456885861715165,2.7905348563472825,1.5112735109474211,0.7431909186393282,5.4010305429981225,5.70742213446378
2023-06-12 22:38:02,DEV-075,生产部,传动系统异常,0.701605855792902,5.541109353485127,39.894141192007204,102.77385367921839,186.01413387881868,149.96237121577974,0.828145626691603,51.47738496350531,47.32317455231372,11.570317241588333,1.9409031015761935,2.2426571518766667,0.9409814638627584,5.6688318844993395,6.1893386632669545
2023-05-31 21:51:34,DEV-060,生产部,正常运行,0.5581519341883294,4.279866954296073,33.444931400175335,126.18278991165475,171.9931777614899,153.26828440360214,0.7614544186632093,58.69089265799861,54.818410546564586,10.605618595237722,2.098685834500412,1.7801128336574858,0.7930768400048814,4.966862161656433,7.9412332934524
2023-07-16 00:12:16,DEV-011,研发部,散热系统故障,0.8598399733490085,5.9624520384419935,47.68488918085069,108.36692071387222,187.20977278705038,140.77636010545356,0.6758176401825602,61.300359050111,55.49603708701919,12.836325869301955,2.235851381840547,2.2852605426815353,0.7458669143512413,5.526601993095728,7.632376146918658
2023-04-24 16:39:04,DEV-018,维修部,散热系统故障,0.8313349840830336,5.6684979268193985,47.86889630409594,109.71094078361098,190.1207454083495,139.30935883732943,0.802178077513853,62.89653343250812,47.498565794668245,11.776490926471425,1.6851105588910953,1.7830777280999914,0.8215672360930338,4.798731320185048,6.06773442381191
2023-06-01 21:20:16,DEV-051,研发部,正常运行,0.5600430307625887,4.340851437826949,32.806291859222725,123.98267790643827,168.97798196227177,156.70285189332333,0.7593723207502461,60.288270479313866,52.37887879559694,12.747014800583104,1.7818024216179136,1.8942083678961963,0.7784817171329206,5.42364344362943,8.015403571510692
2023-10-30 09:19:53,DEV-065,生产部,正常运行,0.5551396802443349,4.3215046075033765,33.4673015604428,126.51229907668686,166.88134580077735,154.24909996006215,0.7467952803758404,55.74139426220252,52.64314441695566,12.046719995922796,2.04052851577652,2.432077489443279,0.736297880463362,4.19333572092201,5.778453484882108
2023-06-01 12:50:12,DEV-072,质检部,电力供应故障,0.4076763941266543,4.771391114077855,35.78725903631736,113.98902491956567,170.67109947282972,133.7477661885381,0.7272230297251753,59.25107283756201,43.22543147626251,8.362790878595893,2.364623887623386,1.9173197554646153,0.8640883863155344,5.163840413755659,6.270481031440166
2023-01-16 09:48:12,DEV-055,维修部,正常运行,0.5067630436710385,5.155340390378322,41.88102675690588,110.95963950618774,182.08195809543886,145.42542620468427,0.846146925993032,56.174701377847015,44.74848426864411,10.901545171607236,1.94196920595423,2.3645023168853228,0.7814790577520379,4.776284436192069,5.623511055165715
2023-12-21 23:48:23,DEV-026,质检部,正常运行,0.6576423134697481,4.8846705259342915,38.18727976706337,119.14048079677292,177.13568118428793,152.07023789337987,0.7422174921447705,55.98680525447936,46.98536380868996,13.327454626210404,2.0760228707212507,2.4716519668519936,0.7850680299570778,6.295880585391982,5.163651227192682
2023-09-05 14:21:05,DEV-081,质检部,散热系统故障,0.8654662607601147,5.918702472811753,48.54919901940038,109.01887281540387,184.34373470941063,141.1902412518034,0.7495557171652198,54.12828027517933,49.539728047947975,14.368929242317586,2.618538621425692,1.9657049559019648,0.9192745811524224,4.69868854413897,4.5212818297903565
2023-04-14 21:57:08,DEV-044,生产部,传动系统异常,0.714906395564677,5.341402009742128,40.931029129983656,103.95242880269016,192.26461290953054,150.55238700216026,0.6951941844321712,65.10491984392809,50.8017607645519,11.320802676546666,2.2954873544965975,1.8728306366772767,0.8748275483220556,4.873967502183701,4.438577244256263
2023-07-16 15:55:02,DEV-020,生产部,传动系统异常,0.6865619653196314,5.463170912651261,39.115995760302305,106.19950096134794,192.3949167367327,143.6912339069719,0.7374502418702514,60.88831294770981,53.43621664938271,12.386048735637296,2.252617357871198,1.382766305796191,0.7426989551681592,4.644917986429225,6.449756093517305
2023-10-11 01:44:54,DEV-086,质检部,电力供应故障,0.4290730787579435,4.8913936493797125,34.96898827899539,113.80298113948554,169.02786679751856,133.89571969722678,0.6973212695098331,52.029709115662556,43.505474647542115,8.71083410830206,1.9498630841107003,2.030262523475051,0.8184497662739494,5.8125887233962725,7.06536387082513
2023-08-09 19:22:21,DEV-004,维修部,正常运行,0.5032449509504296,5.2097999425323565,42.64116856368568,111.77119165752465,176.83994128670355,146.99842697913053,0.8034254089001274,60.5883669056552,52.706944455038695,12.372218821692828,2.0840906185655736,1.7423914202686255,0.8135458846251744,4.517971134077393,6.734982558296401
2023-03-07 15:18:34,DEV-066,维修部,正常运行,0.5082682587632806,5.153315787385216,42.50535995105708,113.87379659237705,180.74162765109537,146.75772606376884,0.7968670883971031,52.586189522400495,48.8727771750493,11.119686642115653,2.185470226688287,1.4117293037691412,1.02621241475061,4.999512490588687,5.794212923482225
2023-04-21 19:28:55,DEV-060,生产部,正常运行,0.551747127785557,4.327970859989431,32.46574519050011,125.76061622765219,168.72260678553585,154.37408486605008,0.7459563898567348,61.41992081195221,55.91834225338093,12.30236194031802,1.9057175792090857,2.567822150609522,0.7305023353045098,5.459146085830734,6.0546185918785795
2023-07-29 06:19:02,DEV-082,研发部,电力供应故障,0.4325965107124476,4.887300512405739,35.38853665051629,113.90845658787134,175.74101528598132,131.2493164281044,0.7468877675099813,53.16811640993972,48.193352774124136,8.496696416307085,1.4272795464939834,1.6574593810441374,0.8044992947982763,3.5257323185384535,5.21011919003122
2023-06-04 15:31:47,DEV-085,维修部,润滑系统异常,0.7992711132609966,5.487875338621035,50.5153893743437,109.22857960453423,188.62591376328407,144.83475254621948,0.7602560780654161,55.94380667091506,41.43100896014066,11.987609523626292,2.744296836018063,2.197881730461531,0.9321686953677236,5.230378439701207,5.661456734435131
2023-09-13 06:31:01,DEV-001,生产部,正常运行,0.545587081165426,4.269598194534229,32.68371877796655,126.2639646059772,169.08686782881753,156.40341350982732,0.7227076710706185,58.88397688637167,49.887696059633576,11.601461917634753,2.088115628735315,2.0074583568692823,0.8719231300254847,6.06516094781725,5.070519276943663
2023-02-19 18:40:38,DEV-010,维修部,正常运行,0.49263829316821445,5.166779946935282,42.02391561119313,113.57719154362563,181.02055143042125,143.120990246264,0.6611484428385895,57.38008349512878,48.97841480979101,13.691223294317007,2.0356237085156277,2.4285039610577477,0.8690438207571662,4.13374008634168,6.952896576566458
2023-03-23 09:35:42,DEV-036,生产部,正常运行,0.5482168513841245,4.343202624223048,32.4337301171839,122.90090007040952,169.0124447844847,157.73869941203733,0.7001696026126076,61.9640748441819,51.797610915325684,12.288301554019826,1.843418271259304,2.142393181616474,0.6737370604375406,4.987492799193906,5.85315157187893
2023-01-11 20:02:43,DEV-093,维修部,润滑系统异常,0.7884279462901884,5.528821131820912,52.674053069523154,112.52627741655931,189.0291905724335,146.01813693701627,0.7395406608796093,57.85577399865251,50.068610022126144,11.33541512247692,2.746188404558352,2.428088175208212,0.7059607408314734,6.027011785743343,5.997055954783984
2023-12-01 23:42:50,DEV-057,维修部,传动系统异常,0.6828338756065448,5.403111933867884,39.25095368078218,105.04953890594732,184.64119590174357,146.07851548359335,0.8210276326604723,54.42716879874922,47.66897633197458,13.253688909237693,2.1893076716840536,1.787545493028572,0.6804991483778868,4.975944587065228,6.822201194014109
2023-11-21 04:09:49,DEV-085,研发部,正常运行,0.5438718437220235,4.281133872558855,33.02109899379636,125.03381428642055,171.73076100063037,153.0728655543306,0.6975913358712605,54.85156997581658,56.22594541468883,11.490970695007231,2.232150542300626,2.3625035509331362,0.7422397239542858,4.90098466620163,6.576905435200212
2023-11-07 06:47:01,DEV-089,维修部,润滑系统异常,0.7985917079275805,5.732107891681612,51.457493563985565,107.57715470907964,190.00720704361,146.47588742053023,0.7826208326479827,59.88338039513271,55.63940110482833,11.468045113315833,2.872902335074051,1.8370034600034129,0.8439822827017459,3.945763657438127,4.949560914722387
2023-01-04 09:00:07,DEV-091,质检部,正常运行,0.6475950515120584,4.7871619607032825,37.77024520399815,118.93963699667937,172.37790676590282,152.80472472430367,0.8057677136619009,56.355869194908585,49.68848983010033,11.716833872514314,2.0448396516317544,2.0785316135172693,0.9988053227999886,4.651515813982435,5.8599414958469
2023-03-21 21:27:57,DEV-024,生产部,散热系统故障,0.8633763659134707,5.831024732636484,47.61303695301434,106.3355611301619,189.47222592684594,143.94736869496106,0.7239850150307202,57.248712903492184,44.05013829234648,11.979360637338594,2.042663178655441,2.0155004072405087,0.7245782285863445,4.6309065427141975,5.113110747985724
2023-11-14 00:19:07,DEV-079,质检部,正常运行,0.6389883014487454,4.734708347412396,38.512244360455796,117.60968393786658,177.0786189453516,150.18739836593758,0.6303360353534377,61.87753515388517,48.26037642357234,12.627887894270396,2.078863500362062,1.406118052506468,0.6813352225211318,5.359797276112268,6.657749289320352
2023-12-21 04:56:11,DEV-044,质检部,正常运行,0.6406429425699278,4.870745851372399,37.98089542133926,119.86228651094011,177.0989867916312,149.5512810268154,0.7580801432778054,52.5092985608709,50.4380399478086,11.930490748429328,1.839016504051778,1.7494932423146505,0.8263755833256512,4.198244231517877,7.036772149561703
2023-10-18 14:26:25,DEV-018,质检部,正常运行,0.6553485558184755,4.816190971189863,37.30793637506752,119.40130148389035,175.73587101949036,152.32290021300554,0.7387059452463215,62.19685660726714,47.5728795980222,12.97077854944871,1.5752241328755217,1.9863512201989604,0.7807417700919601,4.468569760746,5.73591994383907
2023-10-19 16:52:30,DEV-085,研发部,电力供应故障,0.4187273274007295,5.025483282389955,35.90301617131089,116.76721587922005,172.1858272242175,131.89455428451907,0.7725191107557158,61.113488347151645,42.34486860461687,8.606054415822658,2.320538741598395,1.895664412773147,0.7465717543053655,3.1191736524378815,6.326592058005063
2023-10-29 23:02:44,DEV-037,研发部,散热系统故障,0.8675913322601826,5.788138023460121,48.97260406961509,108.36032184803503,188.28746254871666,138.9235820688568,0.8382490114784746,53.22467280316941,56.82155578127209,11.48230211661315,2.4083604297903287,2.6738572204068976,0.5414634898011359,4.144383905144994,6.239558757116816
2023-04-08 03:35:18,DEV-060,研发部,正常运行,0.5430619538284575,4.318295220010289,33.16923900404466,126.25983112843241,169.58072832609034,155.82258313432993,0.7512293051831239,58.797466934862264,55.87782030970381,12.061624291536521,1.8017961511383807,1.9616174328030844,0.6208403372615917,4.409848232219105,7.217982907780038
2023-08-05 23:31:13,DEV-091,维修部,正常运行,0.4989976009083552,5.183743545397818,41.38069433846789,110.34772018779269,181.06205313488903,146.1981686673592,0.7788978586373319,56.08938424790606,52.11585835706344,13.511228464344333,1.9177010773584775,1.8757337106786878,0.8784512193365968,3.4808394463993557,5.432665465240353
2023-10-31 15:26:09,DEV-027,质检部,正常运行,0.6553960007299815,4.823401566999347,37.99396999271095,117.04978840360272,172.33471437923484,149.45445620739656,0.726646524430261,53.19283475469246,54.41379448635337,14.082405967167235,2.4219196875879305,1.7639132075588868,0.9700589354799894,4.85726795837175,6.718842616867041
2023-05-17 00:42:54,DEV-001,维修部,传动系统异常,0.704023675093894,5.654656906416715,39.437202558801964,104.8631685152947,192.19907927417674,143.65145407329067,0.7910512716791763,59.09615297779209,46.9344100843897,13.74109170430501,1.9352260595737176,1.6120469107732363,0.878182964127127,5.606259805695066,5.881689623929877
2023-12-19 15:46:05,DEV-067,生产部,传动系统异常,0.6886393503432512,5.548505115794753,39.47904446066645,105.20696013543191,185.71936148404646,145.35731678868387,0.7221719734178961,55.75619025635834,47.81609602114077,11.318864976943308,1.9483872046479314,2.0354872005427977,0.8134248913531493,4.995447413831574,5.463378870226163
2023-08-04 13:34:06,DEV-054,质检部,润滑系统异常,0.7945337448590438,5.561676845980526,53.331417963496655,107.70663944511577,186.1572688143113,146.34504939815693,0.7124699194410264,59.215500079986505,50.99986482380624,13.429206406701889,2.831409630493354,1.5479526627492282,0.8524941489016772,5.921600707048882,6.435198643219134
2023-11-06 06:49:22,DEV-019,维修部,传动系统异常,0.7081367121867869,5.584411195792761,40.48727773942168,106.26465558148138,189.80879253113574,143.72570794378862,0.7151772913812126,60.60180754856835,47.39607970186973,12.359183555274837,2.1184044161308693,2.3779329310782855,0.9003596358627984,5.38538054841756,6.12617736693418
2023-12-16 16:28:41,DEV-049,研发部,正常运行,0.5553395434663996,4.287184853525069,32.79663419016199,124.35519381492301,173.3160170334052,152.14867698675738,0.6817741371959153,64.07741272052307,43.44501179788188,11.469443919087688,2.1954838181511187,1.6324029320231246,0.8479966638082931,4.524344298420797,6.2427753277259175
2023-06-15 16:06:59,DEV-053,研发部,电力供应故障,0.42692347034134126,4.861002400416131,34.8154491886298,116.48951300620254,169.97765924524367,133.34253895016244,0.6741595053785199,56.13990996861616,48.3147426715346,8.563703864804284,2.170820727207975,2.554299506839301,0.817317537477943,4.882318941565428,7.418444351091483
2023-10-06 12:52:10,DEV-019,质检部,正常运行,0.6443298772455286,4.765063605445348,38.645455522515526,115.90537867169658,174.89944008889339,152.47680480244716,0.6706827716205965,58.2158921476964,53.17458530752306,14.696012680943328,1.9496412822054323,2.122364204035436,0.8389157132167877,5.16367628223539,7.4063959242592565
2023-12-18 04:22:19,DEV-011,生产部,正常运行,0.5417825656472088,4.285290728431749,32.35954769669507,126.7052249125628,170.09178613712464,152.76279206762936,0.7257746083965014,55.578594868470795,46.82752315465242,13.749870812164687,1.813933236779277,2.156487156153228,0.8671085130557153,4.3737491340765375,5.196300841577899
2023-08-18 09:23:52,DEV-065,生产部,正常运行,0.5411707861578792,4.23128025164035,32.68619363525891,123.72932056401224,171.64711220975025,155.4510151933001,0.7565746376299312,54.78870830470291,53.57644649268389,12.174133719583274,2.408515236308953,2.048279812075573,0.8159372170580101,4.646216201091069,6.744554269136475
2023-03-09 15:55:57,DEV-037,研发部,正常运行,0.5470335938249167,4.296417127752016,32.58607024887744,123.10095770722769,172.51806569379892,157.72447608801875,0.7125685567099936,57.801120773142955,51.22607263723565,11.556849141962681,1.8829175172306005,2.4537897068484225,0.8641501683924758,5.455843156186039,6.937811926744391
2023-04-05 18:04:42,DEV-004,维修部,润滑系统异常,0.7882155385947959,5.4444391966733665,51.13061275525037,110.76844486660448,190.40740950486293,145.94685892770715,0.8414219703286883,65.20475788257782,51.05477750402377,10.447970927316998,2.8599040464135213,1.5572491883312674,0.8897584631696843,5.631704456003512,5.366550957530413
2023-07-27 01:49:46,DEV-076,质检部,正常运行,0.6446155475625673,4.8443771729211695,38.425471984240225,120.1861043452088,174.98955226566872,150.69501309278658,0.721598592569956,50.48477872132325,44.681689434697816,8.670949071576219,2.626347841798829,2.0847629266089944,0.7101065220058764,5.544494757421995,7.154279328446835
2023-09-26 10:37:43,DEV-027,研发部,电力供应故障,0.41368589359403246,4.802880088887812,34.76610645445925,115.38552205465507,175.47810794975695,137.5935390286626,0.796632804243211,57.40026229304264,49.199520395888044,8.681082344799645,1.3158858935412947,1.8730906185832814,0.8889157344562592,4.777396611749818,5.657808210489648
2023-10-07 16:35:07,DEV-094,质检部,正常运行,0.6575798078502915,4.842563635067078,37.78582650297531,116.21727637290638,173.01783952385094,152.1890028874589,0.7964830133534955,58.22945136305316,46.94028161205941,13.29284770890361,2.191559254334605,1.778007280362395,0.7715081830242511,4.544712211282099,5.571104237151982
2023-09-21 15:55:20,DEV-049,质检部,正常运行,0.6603828246344785,4.890225710124661,38.204368772428516,119.24634238410351,172.08665903441016,147.96429350934903,0.6714111958139447,51.07680625509848,51.9727289711704,10.77488687490907,1.6440580970570209,1.7984237975145754,0.8121196747749762,3.967623698956917,4.746233210349052
2023-06-30 20:16:08,DEV-078,维修部,正常运行,0.4974230609256035,5.22641015703167,41.179307348984345,113.17976156942908,181.72838157606566,146.91588894744928,0.8447689068401559,58.492936996890144,49.89528165927852,11.662670544134864,2.1135471131338597,1.5834484038716337,0.606974580439054,5.737422510327173,7.358886221014923
2023-10-03 19:48:51,DEV-003,生产部,传动系统异常,0.6991435590781895,5.487714451486393,40.97327079712345,103.0065624928258,186.3769787934585,144.51963264898063,0.7461391572286215,58.537037385032555,50.11591808203919,11.025700325428746,2.2885308630950307,1.918772145511085,0.8308098406133899,5.396339715943943,5.065027848740826
2023-02-20 03:14:15,DEV-091,研发部,正常运行,0.5544162161853547,4.310403942790233,32.420669920489416,125.777448117665,169.77507080743325,154.8112392267599,0.8015361368672363,55.99869216847225,46.387935526506155,12.899020519811806,1.7085589436724253,1.7325363224858155,0.8551577445616649,4.240018416202674,5.921093245696396
2023-12-02 05:23:25,DEV-045,生产部,正常运行,0.5493826220466165,4.370157183271007,32.81940973883992,123.93576131718814,170.00499736178054,154.7268663517657,0.7978093044997856,60.71012861680285,54.67117825420774,10.966372654285959,2.0784661257274286,2.0151780479556964,0.7967776340181774,6.010599272506373,5.988768607868823
2023-06-26 05:24:35,DEV-088,研发部,电力供应故障,0.4124778116951432,4.885007193524608,34.16736777608548,112.03072691101124,174.1264797657905,138.3447476186695,0.7569363511307443,52.71634740718395,51.17623948844634,8.741523513504378,2.163800649613279,2.445475340573951,0.8265939184672051,4.476775731573741,7.0736481761038
2023-06-07 22:03:37,DEV-083,生产部,正常运行,0.5452347492805532,4.324095548212821,33.142063120166796,123.26728416054081,168.00587719103362,155.7541033838679,0.8347449078195045,55.51360075314301,53.748708792032225,11.656151600654901,1.601897552557585,1.806261101547805,0.8553860604543417,5.323305355090103,5.2923939689999004
2023-11-01 10:47:06,DEV-029,维修部,正常运行,0.5067679927618438,5.244849109130132,42.3140616108059,113.76114956112468,181.36380336387353,143.74602806964097,0.7789481744537948,58.46060239647655,53.56149032061896,10.718342090686464,1.6589874335992318,2.2872453739569636,0.86719679583092,4.920390296456336,5.981619482512596
2023-10-30 15:53:22,DEV-067,研发部,正常运行,0.5473508315435134,4.2298617776057466,33.087763576331405,124.41586331236317,166.9159393034873,156.26466896218145,0.7541178843541368,62.44559642327407,42.64541563353937,13.60136051578123,2.2263828406659054,2.0384958039896293,0.7248781787273254,4.704758930335684,6.744732365155652
2023-08-16 08:33:06,DEV-068,质检部,电力供应故障,0.42851965005463616,5.042304353901503,34.12995280224022,116.27914469671798,176.7340469645549,133.9777445586701,0.6877378997609471,55.35606005295103,51.27305084870994,8.415209865639557,2.095286328548964,2.6846019885074774,0.8574870967537709,4.184114535659439,7.0668106119779655
2023-12-06 02:51:26,DEV-027,生产部,传动系统异常,0.6938063681910669,5.501924819868767,39.69365125829682,104.28870048173951,191.35183712207402,149.71320592147762,0.8126918449261195,54.60898345686681,56.998025907985536,12.318792125947008,1.9447722157920064,1.5882844871570205,0.8743802039964389,4.9448997321245605,6.193981257428456
2023-07-21 09:52:57,DEV-060,研发部,正常运行,0.5521108549174376,4.219394189834389,32.56475526100974,125.66466940235523,169.45511852811944,155.05061550084068,0.7598948603791168,58.405523734098885,52.227264943083746,13.001289640234274,1.814564770886237,1.669107112874319,0.6892916770592598,4.467275405869597,3.858774358769579
2023-08-14 20:24:41,DEV-050,维修部,润滑系统异常,0.7714701019465912,5.45960494722451,51.795180814034744,112.30394662890143,185.1961507743456,150.17773165928114,0.7825014551200538,60.44932071262857,44.89045851385255,12.825991376313649,2.743156686605643,2.0027496585661066,0.8560609480101363,5.952265295473991,5.406007019823429
2023-08-26 19:51:47,DEV-060,质检部,正常运行,0.6503486282221675,4.827796844917987,37.3282064540631,118.92384809231292,176.45040611064323,149.15519577385925,0.738649214123266,60.126084183763716,54.48788688689951,11.63512052071465,1.88605791485551,1.6040594343395653,0.784920141184928,4.6316190715024215,5.96590926755156
2023-03-26 15:58:18,DEV-036,质检部,正常运行,0.6483547865120474,4.829205883895759,37.32023069278385,116.49088165000674,175.8886349866923,150.8482009153518,0.8051204633852602,60.21560349880692,55.07446809856667,14.08664332387815,2.35343752587622,1.3508091611637902,0.8326870411945947,5.047713865756473,5.398523835124225
2023-12-19 11:17:15,DEV-073,质检部,电力供应故障,0.4277467338843054,4.8229766635094045,36.00642182808865,112.51078216746468,170.0997630715975,134.9215047897249,0.7391091739978709,53.49337534239955,46.095055628160125,8.65751227061377,2.376598868176262,1.923968140007198,0.6094821124550234,5.198957412886146,5.401857510127483
2023-08-28 21:19:19,DEV-023,研发部,正常运行,0.5435010595144191,4.245219369398897,32.3584558611222,126.35902734239117,172.55023481246775,155.70780875622043,0.7305678255844837,52.984077743970005,47.77611891352392,13.549967193054643,2.2403824347534425,1.6920191496836385,0.8363963920250701,4.922602238788721,7.906925209958979
2023-09-16 01:11:34,DEV-025,维修部,润滑系统异常,0.7576295939264331,5.726522083961602,50.904048343078145,110.54234221429424,192.3217178335561,144.54212398168042,0.7331693775669155,54.88794888170956,44.163553744592434,12.44333551790472,2.7852184750816504,1.6506710933231925,0.7190196789661139,5.1346414636988404,6.0181083263182416
2023-04-26 15:21:43,DEV-006,维修部,传动系统异常,0.7017421149988056,5.592841191227765,38.94630794734157,102.8188301467598,189.56709102885955,151.73865631973874,0.8497861311542196,52.69112223008346,50.96071274765167,11.237314082017035,2.0127434806647986,1.6408597056380607,0.8175798466185086,5.433983481202322,8.044807666049545
2023-12-03 03:20:06,DEV-091,生产部,正常运行,0.5409411326452563,4.259240340056145,32.824546093142445,124.46658405559353,167.40162525075843,153.30009239811568,0.7330453185917755,55.06475294939727,44.085448862263355,10.805051778928103,1.5587145983038346,2.168112230462599,0.7900754969804438,4.1644009572905505,5.367086739991759
2023-07-30 20:37:11,DEV-019,质检部,正常运行,0.6393744690926725,4.73499795571832,38.70033438021246,118.17718947798244,171.59937644130207,148.54579199258117,0.6860912015987937,58.698976518098334,42.81306348896214,11.97180506142056,2.3584136800916684,2.5466775978520295,0.842225964663664,3.780000473226953,7.395609617484943
2023-04-29 08:55:17,DEV-096,研发部,正常运行,0.5581151575018666,4.27545059858332,33.51618681434831,125.46837537198951,172.08015839972853,154.55007264119334,0.6659274359648013,50.74814231318467,49.70528046457286,10.604183354531619,2.023704778739522,2.477537084188378,0.8131271751527229,4.7538294350719354,6.588897710695536
2023-07-08 05:55:04,DEV-096,维修部,传动系统异常,0.7089448949650111,5.603973922796564,39.284055903296114,108.1192748966818,189.72378312853584,149.93790849015812,0.7357061268845357,52.48372862976123,50.487574631994605,12.802661310285716,1.699293020228333,2.3345024717457052,0.8478766789467546,4.565347506947627,7.785717448299542
2023-02-03 11:23:41,DEV-017,质检部,电力供应故障,0.4263155636469869,4.8337643777841075,35.297633452782804,114.99111174902224,173.27786782160538,134.48011056384732,0.7085433857090425,55.39792321562284,42.860773078416976,8.515791150554602,1.5260707080321434,1.7146306613079798,0.764307094488625,4.1976681820583135,6.099167313626098
2023-10-21 11:22:33,DEV-086,质检部,正常运行,0.6447984938142026,4.818447735405755,37.89944276273997,116.41599409725231,172.31608152188988,150.2801740924328,0.7599165976290456,59.86910943608626,55.48058637507679,13.99871183927455,2.2608381488327804,2.1357142442983568,0.8439073877019403,4.183944343096412,5.959616547738025
2023-09-11 17:04:16,DEV-068,维修部,正常运行,0.501067963905735,5.123621716718039,41.73579316597111,112.04566131993296,182.9068742569406,142.57457529711456,0.7192674083691976,57.665523027928465,59.85272610883613,10.77265713565048,1.725165273588296,2.016999047791059,0.9175593314765292,3.405549802731009,5.261461414594909
2023-02-05 22:35:03,DEV-080,研发部,电力供应故障,0.4173161048145359,4.858203673876323,34.15712286252265,116.75967657698551,172.54758677493783,132.77818381615717,0.7817930714073651,56.64842487590629,53.21267980637632,8.63215429869146,2.06512513501243,2.234652187066117,0.8352712339504492,5.586093905514051,5.582022243330669
2023-07-13 08:14:38,DEV-053,质检部,电力供应故障,0.4160682704742518,4.977484564865176,34.50805793025649,113.51284916782065,172.42303680174598,134.70030428189625,0.74730642272328,54.151063651257054,50.56237329107348,8.732340541305533,1.9410838188407595,2.131617741758226,0.8068565754065592,4.862443088852344,6.898370340055709
2023-08-08 14:41:47,DEV-007,生产部,散热系统故障,0.8390918540323232,5.787096733308133,46.97866677863183,109.35788691176406,183.55411922203788,140.35630022064217,0.8070018753903166,56.3956686150442,50.44621026389719,11.213425254800498,1.5729134417459538,1.6664679031728615,0.6471819723195027,4.46732669706769,5.945434228978772
2023-09-20 06:13:45,DEV-004,维修部,正常运行,0.4936574087046927,5.139792442387979,42.02437323517172,112.4335427883874,176.6362630796902,144.49859904356236,0.8206942842326203,59.7185789979608,46.2430414970228,12.18781605305257,0.8107536601979026,1.1859444599612192,1.0044540299546623,4.45824158885528,6.519112246564847
2023-01-02 21:08:04,DEV-098,研发部,正常运行,0.5568288426988977,4.287564601380909,33.26611114186747,124.67301184358996,169.44060612267862,156.6132748720808,0.7383483892819432,55.25216008079512,44.58356731531659,12.643765311158154,2.1765624375425685,1.530996339644152,0.967799217641049,4.433461924042119,6.613988380655293
2023-06-29 13:57:52,DEV-027,生产部,正常运行,0.5481577419859217,4.259665865361544,32.739421641516635,123.84390649080802,170.21927148856412,155.66253080836574,0.8031676722530896,57.02089487887133,43.812018618897675,13.118737900568524,2.4288093535136115,1.592292880947761,0.8751418401876482,5.921709682568764,7.233779789801624
2023-09-21 14:58:38,DEV-019,研发部,正常运行,0.5403596631417388,4.341086367051976,33.32995079267044,125.75539487874626,171.57899090341158,152.44538784228095,0.7372394971573306,55.83834635541742,47.10274668122939,12.02508922140218,1.8042589614031674,1.7958389522507396,0.7797018931298342,4.746578041428234,6.163812305372176
2023-09-26 20:32:33,DEV-025,生产部,正常运行,0.5546292799302731,4.286054863464382,33.02279926407569,122.92106505588549,173.29511609535757,156.0317252891085,0.6977781785164925,59.19160114282987,44.38293175749189,12.842397291723048,2.3353427585478896,2.5079329606608227,0.6710875355042863,4.454348994247483,6.86702601774105
2023-05-04 03:41:09,DEV-080,质检部,正常运行,0.6538177369515359,4.778346874573474,37.52655360888487,116.69161853656803,177.11869854221115,152.36089222991902,0.7472723641310134,59.064580518773006,53.61481535787603,12.686695604118514,2.561793300480404,2.0429123116057375,0.7791999985745437,5.068509705657958,8.467001365156401
2023-01-28 09:10:05,DEV-039,生产部,正常运行,0.548631589688045,4.309387875504127,33.39577487934587,125.5525308702091,168.12836961607996,155.70092256039078,0.7124149448485518,59.07711811599637,49.743729062547835,14.246199211171973,2.0991756347536055,2.2166192106208893,0.8820936803786008,6.075347267512397,5.1007446025227186
2023-12-09 21:42:07,DEV-021,维修部,电力供应故障,0.4096838823791125,4.893385354936185,35.68719182947153,116.6122219333921,176.18281104508858,132.79410949565286,0.7432422441709631,54.6834525076797,53.440407068334316,8.74335780374042,2.7488547939655663,2.337222548099756,0.7920005705071685,4.943185783801369,6.597281812587903
2023-08-03 01:02:16,DEV-037,研发部,正常运行,0.5491284958648509,4.2766784969512095,32.80596627128283,125.68186352854795,171.70865719517667,156.10680583080338,0.8134594475513329,57.353418439309614,52.85260598937743,13.118783829500028,1.9431224412460493,2.152843761285887,0.9152521770565899,4.120523446958979,5.592960738768288
2023-07-31 04:10:20,DEV-028,研发部,正常运行,0.5594555221357915,4.240971867015238,32.497446260755076,124.10930065911718,172.2455043403248,152.11824902837947,0.8253514025088757,55.26958475920426,47.23078329003515,11.844959556635004,2.1721380671227735,2.241345284561595,1.0178926262730321,4.860676306404628,4.868505346860226
2023-02-11 02:24:16,DEV-016,质检部,正常运行,0.6495509380743963,4.76755512182302,38.365260651046604,117.11623063343097,177.28764978946722,150.56972093268487,0.7167187904469557,56.30312475270715,50.428033983612586,11.5024780550766,2.441920062129234,1.9483030002341255,0.949959559508751,5.733566430502593,4.273949783352046
2023-05-21 16:52:28,DEV-089,维修部,传动系统异常,0.7024911051864744,5.653840732281652,39.73691272702049,103.39099546985081,186.32118301966824,147.81319452562684,0.7613365140366953,59.31787130220427,56.23589631434064,12.279983908924736,1.6279063207570923,2.0843414712653567,0.7408846723069156,4.150860480584129,5.478696021784039
2023-05-15 07:39:42,DEV-098,生产部,润滑系统异常,0.7588643084500436,5.733580342597601,52.594295079562876,109.37105092838367,184.47137290109208,145.32845310408072,0.7358616021267227,62.263993287597295,48.033988690424906,11.582479611488404,2.805018781390242,1.974627299726686,0.9872335945557422,4.889672296170453,6.069838676599485
2023-05-05 19:14:46,DEV-051,研发部,正常运行,0.550999501126952,4.224710974211684,33.016503496376835,126.5320180861642,169.7228311676593,152.22213078083647,0.7914701356809636,54.71144474143738,47.632552216362896,10.662260868179247,2.059155229617042,1.9205825771735994,0.8494814612859016,5.047215817094472,5.350309274239264
2023-03-13 13:45:13,DEV-019,质检部,电力供应故障,0.4254104118365446,5.041982929696574,34.33221188987589,114.86751053934485,175.92267889654812,135.498252109167,0.7662248245217369,59.182944016416954,49.45675398806587,8.691958402966286,1.5428386519331776,2.1448695862361875,0.8014131019333472,4.661578386025301,5.209344367676675
2023-12-16 06:34:39,DEV-064,维修部,传动系统异常,0.7156880861987003,5.532896200011,39.40752168643643,105.09589195533285,186.89219816326727,145.14646949906393,0.8715922895749005,56.99407449997678,52.16699205967511,12.799376806162702,1.8064856868454147,2.1763163737630196,0.8878553407957486,5.301837418972024,4.845803063736167
2023-04-23 04:24:08,DEV-046,质检部,传动系统异常,0.6867568806578835,5.597484022564881,39.11125951165237,106.13225245473572,190.56498630446694,143.5713962654769,0.7831009693586035,55.13275947980389,42.849168875775675,11.638094020305568,1.783925168144409,2.244331386272394,0.9265013015555756,4.915732862175124,6.098654930870277
2023-09-07 15:53:13,DEV-075,生产部,正常运行,0.5547676994112425,4.2329600603000515,33.38198111616974,123.3405127490259,168.94903542347748,156.61988286367725,0.8194538320872962,55.520667766414995,46.22901439083006,12.455957187132412,1.6014527668760878,1.8627307559472168,0.8182825646349141,4.78406282397556,9.237875621318366
2023-03-19 11:56:30,DEV-015,维修部,电力供应故障,0.40787062549179426,4.895386218193344,34.655486668947994,118.23986941475236,170.74875122464584,138.41016006504933,0.7762112517942243,57.95927578623065,50.1596510182669,8.594887737096371,1.564880270500039,2.118366854274018,0.8390479731515443,4.036778579887748,8.137540239726272
2023-03-11 19:01:01,DEV-082,维修部,润滑系统异常,0.7943703746698708,5.506844554360332,51.76424858187179,107.15017762618828,183.59402622711966,144.53885876595243,0.8775987083946081,57.7109086616799,47.073476864027015,11.848311054612825,2.766943417989152,2.430394999563348,0.759666881205132,5.962527185633384,6.172999443897744
2023-10-19 08:42:28,DEV-082,生产部,传动系统异常,0.7189605734392691,5.519610540738775,40.32462713122535,103.24800956941144,192.7582610811952,144.02616614175776,0.8005290284806271,59.3799084157508,49.960920572697574,13.503961533030678,1.9500716062031576,1.950510875729075,0.9282060387560878,6.004553777792258,5.343135751071714
2023-09-28 10:12:24,DEV-084,生产部,传动系统异常,0.6897178024690687,5.498053049301165,40.06006548041358,106.25772140478534,188.06495530179436,146.16585197771025,0.7717665289412157,56.10389473702616,47.37835993097224,12.031233485975305,2.171759439947017,1.9117248398904911,0.7636297103591064,4.7707296405830135,5.455663309891636
2023-08-31 22:48:05,DEV-059,维修部,正常运行,0.49888487841604645,5.160719528280239,42.56118788832894,111.83934362663656,176.83414272977436,143.69480038557757,0.7625290236232649,61.789405165335445,57.948142981879585,12.485046625760857,2.560390253180882,2.0295886920315773,0.8928869858436981,4.225815001345841,5.613588931951965
2023-04-07 08:20:41,DEV-073,质检部,正常运行,0.662103458441176,4.805176908638495,38.081409366632634,119.92229416448593,175.87209671605822,148.81637626313824,0.8024187645883492,57.85341571379366,49.833702116707045,11.613729635414124,1.3973395650857505,2.4351939735914816,0.6236183815065648,3.6137837309856407,4.770315653348667
2023-07-09 14:15:58,DEV-043,生产部,电力供应故障,0.4094034524008006,4.780428899039703,34.504751367995624,113.41462056583886,172.5934374098645,131.21070951503575,0.7723692520856479,53.97376772269842,47.52306923081104,8.558825795415158,2.3922611934048326,2.232134760062322,0.9096308094173451,4.152235595851134,7.515210089284434
2023-05-12 09:05:37,DEV-069,维修部,传动系统异常,0.7000176523146177,5.5726785650618895,38.88795093716591,106.6718921687075,184.5279315088951,148.15342600227882,0.8428918293591545,56.682181362258966,54.94987945987633,9.988577047486338,2.019577318132812,1.8599924744363072,0.6163872559239916,5.552976532799989,5.780145056681233
2023-04-08 11:37:44,DEV-054,生产部,正常运行,0.5526595735011858,4.284545751820846,32.53194931812225,125.94798645163867,167.48115874192348,153.08214520233128,0.8197706572482505,61.66019249937419,54.16331281393486,12.875086672112912,2.006025821166268,2.1886941590107662,0.7331422722607237,5.029233910268125,6.780084149568332
2023-04-13 03:18:00,DEV-066,质检部,正常运行,0.660508255782858,4.748281851966992,37.68293144475813,119.65627784055272,174.70927327102007,147.14397567480043,0.6610110057402214,57.145877161235816,50.66783432027639,10.728533045330298,1.6345040588119957,1.32367863802922,1.002813927563484,3.3861818933914822,5.991887223356039
2023-06-28 14:19:05,DEV-085,研发部,传动系统异常,0.7097958849721039,5.385136300215902,40.65426679745593,103.1398203813539,188.25146189948774,147.81434537589095,0.7863828889334252,55.627532132395665,51.26290493753977,11.279027229169266,1.9594363730549758,2.3551785337246294,0.8132620162164896,3.8674846564025778,7.131560681675706
2023-03-19 00:50:17,DEV-085,维修部,正常运行,0.49674173681762146,5.253995319609499,41.9059183548545,113.25387846409062,181.79073429858033,145.45420049473034,0.7635598387237721,57.54599348124969,46.36732835496176,11.736100985898021,2.2136417886067856,2.1417545276114685,0.7601233856322679,4.919621251521735,7.671564408585952
2023-07-30 01:34:10,DEV-026,质检部,传动系统异常,0.6977305083256843,5.373556032872741,40.146870688750234,104.2755984996382,194.78428750260355,147.279921706775,0.723748751715894,60.328997654465624,41.45127759597893,10.897909713854517,2.261269431637038,1.951947810354692,0.7596918869969981,4.389356194404439,6.124702461613603
2023-09-03 23:34:19,DEV-099,生产部,电力供应故障,0.4119440379754541,4.77620720855752,34.29507882683323,114.15359960655796,171.20013170212334,138.2284873347836,0.7242892621137169,53.901038024197334,54.27593139616794,8.387601493127724,1.321571590471631,1.7843370082736665,0.9660293040690368,4.478011748878561,5.690789144265675
2023-04-05 04:35:15,DEV-066,维修部,电力供应故障,0.41136211293361596,4.9026080431870565,34.8287974184151,114.3844935087173,169.9046427103011,135.49154686792255,0.7722998352704388,53.24574486603618,46.07547960855735,8.695477051444515,1.5786757188129072,2.651132140056792,0.9144206600233039,4.569335084522077,6.036027224415331
2023-02-27 16:19:51,DEV-069,研发部,正常运行,0.5490372809691735,4.305356876801122,32.53321623904197,123.19885830546747,170.56722495976885,158.00706043654256,0.746846902787995,57.2113023015364,54.04970866070467,10.866325367136806,1.6965296682067705,2.3402948583336065,0.8521495749151163,6.216063122979283,5.746064334450024
2023-12-24 19:38:33,DEV-073,质检部,正常运行,0.6592534198419134,4.813004693756356,38.47614752570529,117.94219750917502,176.7777024580847,152.20644635203016,0.7609434562449313,59.45329397818436,53.74070920405879,13.265667835401175,1.6069925217468888,1.6468627339418314,0.6612610749971021,5.543249287750581,8.081771076445897
2023-11-20 08:03:20,DEV-100,维修部,正常运行,0.5096567709603887,5.173698099261392,42.47665356048894,111.76173329851827,182.6214906535244,146.18177034733677,0.7454516619525691,53.95372991025724,42.19764022333698,13.219382992335523,1.7119310602799334,1.8001195007994497,0.638907271225874,4.48991033444321,5.272749473773629
2023-10-31 13:55:25,DEV-016,生产部,正常运行,0.5584590211918335,4.330955884067704,32.81860064890309,125.91812344995574,167.36604099002116,154.80318797235915,0.7664869191970093,53.71091133369482,48.53866847514402,12.008208168326734,1.3704165478434356,1.7432136954263515,0.8908472553188548,5.140204940404698,4.572666370356171
2023-11-26 11:23:26,DEV-088,生产部,散热系统故障,0.8616432650972222,5.961773372037164,47.914277155783665,106.96170077286796,185.21377963319293,141.91887252775115,0.6630456015937014,58.835680059337044,44.680416333674096,12.123932649805425,2.096448906933266,2.256437071925216,0.7717527649577973,4.257245125174585,7.3343241357883695
2023-06-01 03:17:56,DEV-028,质检部,电力供应故障,0.4229348114681151,4.852192297202679,34.78507697021359,116.3517728165066,174.0055278136103,133.93163311541304,0.8105604863658176,51.777100172736986,50.61988785503848,8.61447843439055,1.9873139729679559,2.4141523529384465,0.7564111689503767,6.34516076978756,5.809827381891535
2023-11-20 11:50:23,DEV-039,质检部,正常运行,0.6525559579680965,4.709946355857122,37.65784140055077,115.79481540658695,174.4423477243685,152.37060017439745,0.7181397295320455,54.02006548930585,50.65060776112821,12.986400857047975,2.2918585805483414,1.6781843171822226,0.8688145998182849,4.833966389019293,7.510416931587276
2023-10-05 08:14:23,DEV-049,生产部,正常运行,0.5392091364531983,4.3789494523007,33.0201370806286,127.41508215353075,166.99438349281442,155.51788320296868,0.7729210985791973,54.24321592471934,47.587002505641024,11.897777412075804,1.9561721472891775,1.7866848668309805,0.7927809365010198,3.7353017226900342,4.160819096637486
2023-12-30 00:41:12,DEV-033,维修部,正常运行,0.5071541850588647,5.282127455840142,42.164041711149316,112.03416876660398,182.0396170319928,143.6485199784392,0.7313085624153564,48.94434820343726,47.92714005270648,11.096499939050869,2.123257233726664,1.4337302308412727,0.715271313973683,4.937897517835292,7.179960502978252
2023-05-19 04:37:10,DEV-080,维修部,正常运行,0.4901079708436735,5.235049019439405,42.79401269544669,112.47858300487685,177.26343738427533,143.9602519355991,0.800592151984976,52.95459850385804,51.13628383165435,12.926469505943837,2.0067123230368273,1.7436943937532536,0.9057981851574933,4.967997824030681,7.484210617177271
2023-03-01 13:04:44,DEV-066,维修部,正常运行,0.5031542133831068,5.188248287570409,41.648375686926826,111.63547967509494,179.60543745314857,147.38120305476525,0.8372303781863486,62.00295782446558,51.95573353831593,12.703567877721644,2.3643593704137293,2.25153282084292,0.8809200933782867,4.743083585992008,5.814591786009144
2023-09-30 00:58:25,DEV-031,质检部,正常运行,0.6577340767496882,4.863838535050779,38.5267096884534,117.23799287525951,177.05419245301027,148.27307073065344,0.8532128712984614,55.321178851264975,49.99317392802334,12.244099928912267,2.0483610880299015,1.6763453909347825,0.9393931295055972,4.620761255862173,6.387148050970525
2023-07-08 18:51:15,DEV-081,质检部,正常运行,0.641643805642415,4.892625363294742,37.81174767202875,116.58551269426843,174.39876357486798,150.6839707442089,0.7835643093892622,56.71641873761523,51.341882355332665,11.565271099991564,1.6420426073532883,2.5710435845320125,0.8103491873708641,5.044982239219289,6.414676151996327
2023-11-02 07:16:38,DEV-061,质检部,正常运行,0.6379168384707339,4.865299011008196,37.308158889996314,119.91741633376841,175.27070207749702,148.0107996314042,0.7053333097051915,54.78254016027567,45.97724523385771,12.182895576946265,1.9423653576113846,2.0601392831212055,0.6989918613647016,5.135943263916987,7.394009130612477
2023-05-10 02:16:30,DEV-019,维修部,润滑系统异常,0.7821902176621616,5.659887649303736,52.081679550950454,108.06018457263798,184.81461335482703,146.16476974648518,0.845625155914744,56.000545337718556,57.65860498109173,13.713846073092036,2.7183381265796047,1.7808052996663573,0.7184341920851056,4.221004538792661,5.6563785507395075
2023-11-03 14:39:16,DEV-076,研发部,正常运行,0.5529530159738996,4.217123170084418,33.29364892964742,126.67767750634083,169.31416329543887,154.6772429864984,0.7699103164271751,55.14050419498667,45.572446547782604,11.534093588012992,1.7638848919800452,1.9049443251668814,0.996364131402679,3.7800265643126534,7.294729279687669
2023-09-04 03:40:51,DEV-013,质检部,正常运行,0.6591263269816541,4.7551994463355305,38.56432815468704,118.72732367274767,173.52807889616142,152.92376828997757,0.8153628468610044,57.978049194638366,50.258689026558706,10.650197875944892,1.7606977456769892,2.0851524121092537,0.6280594259349905,4.296787274111568,5.652669860637413
2023-11-16 08:15:41,DEV-079,生产部,散热系统故障,0.8429849226647106,5.945001824379738,47.5994900132899,107.4740143785297,187.89856024471706,142.46820195228636,0.7111021402390107,60.83567766821125,48.31421680482963,11.292377198385115,2.4485755583797655,2.1880249140841834,0.8158581033179005,3.6121444035462895,4.85061501381715
2023-12-25 05:28:13,DEV-019,质检部,正常运行,0.6475822805981704,4.814190989958412,37.89076496396086,116.88407158431053,176.82674322432567,150.1888049757445,0.7861131164826811,56.906996236216976,49.72025956309352,11.775067485878385,2.1439152013094738,2.1190805229423306,0.7425205612733274,5.170446255109413,6.188253674288934
2023-12-05 21:17:33,DEV-086,生产部,正常运行,0.5476700602685856,4.350838947109533,32.38862327857636,125.83991318914697,171.01879188921978,157.73379995197695,0.6962060351387072,61.382016027768195,57.315281734902456,11.5616154431322,1.9994897115834327,2.091429808919678,0.8360302369796901,4.713282004762464,7.157118000616273
2023-02-16 17:52:47,DEV-035,生产部,电力供应故障,0.4079506702329358,4.9845171968068085,35.36088381005326,114.02605632398196,171.1432945953081,133.59557264496425,0.7344618363800459,60.021428735377874,48.97955301343472,8.512386158743599,1.7346372268006673,2.0712985959007506,0.7881855707645171,4.950017284790777,5.78659930750567
2023-06-03 02:22:21,DEV-080,维修部,正常运行,0.49034249079646697,5.21201862567629,41.74833879400646,112.64196533954006,180.29933428497316,143.61583187580402,0.782163997194362,56.9569742154938,52.08138585842613,12.75969232278003,1.4731978001261048,2.483824277652157,0.7971508848825524,4.074203872294265,5.765776225809518
2023-05-08 20:55:30,DEV-087,质检部,正常运行,0.6550479149112556,4.80242971260385,37.70407222857903,116.64368145647157,171.73232548193698,148.82367840744433,0.7775655290148676,59.06516181075672,52.25648424208753,12.450767311593872,1.9342048532278424,1.9625794025205217,0.7019900659249698,3.28564750410912,6.912718735252748
2023-10-23 23:53:57,DEV-078,生产部,传动系统异常,0.7138944603648066,5.460951571128028,39.788075348166934,104.06062211654428,184.69697733464022,149.66642605010225,0.8046705465486366,59.29252766748897,51.467752986847735,10.506371662237783,1.5950598426230693,1.8208052104522785,0.8415295762742978,5.670086908378062,6.864007513618684
2023-02-04 15:09:15,DEV-045,质检部,正常运行,0.6603091105249339,4.892674569354707,37.84664621287359,117.6008721567456,174.35573821544008,148.94732465838555,0.7386268708488108,55.96589676605465,49.69602726658799,12.527610838667375,2.325064027968968,2.2865774002873636,0.9643325538101936,6.736454816779295,5.5436852639955365
2023-05-01 20:56:28,DEV-088,质检部,正常运行,0.6605531687244818,4.851829382448322,38.08608832806381,116.84664438965976,173.61442351284356,151.3917484055138,0.7760654954250434,59.46320726263154,52.35464462026497,11.535280448872316,1.8376548110720896,1.605577008619745,0.8113671912602279,5.4176056595903,4.786666905609533
2023-11-21 22:31:43,DEV-063,维修部,正常运行,0.5042732056622431,5.277725031188636,41.37302702253296,113.64234868490786,180.67374183178293,142.83724084702874,0.7703491442283742,56.11560043276233,53.69424759249319,12.446196401012951,2.017290769774664,2.172115655819187,0.4856609852458585,4.342290436247948,5.817918106638554
2023-12-09 10:18:02,DEV-048,质检部,电力供应故障,0.4161565729717746,4.811995829557782,34.841252091476356,113.82704161583561,172.35607278717677,137.5497539793327,0.7310388975300662,54.08809097851874,60.35370005933405,8.745960385242292,1.9786765313170303,2.0147543837207893,0.8619224855662904,4.182834627083131,6.557414693887918
2023-04-04 10:21:55,DEV-094,质检部,正常运行,0.6546417759813605,4.8627143323720325,37.65208987814185,118.206689696469,178.29977386892648,148.9122233941693,0.6242443413409848,57.81105897320678,50.494735333226316,12.255436831502688,1.9810087898048148,2.000805808585569,0.6539091192324177,4.493550336352278,6.864248101999956
2023-02-25 01:29:09,DEV-066,维修部,正常运行,0.5029192852499832,5.186438719024125,41.49728810481968,110.24187503513154,179.56891941513356,142.81517367086425,0.8047930558169356,59.61751841100048,43.99419786906687,11.361413160221156,1.8630938471065532,2.003663383557058,0.839402843238199,5.10804325347363,5.048222172748527
2023-10-25 11:08:15,DEV-012,生产部,散热系统故障,0.8495459808234196,5.769987026472856,49.38013056155257,110.8874080051634,183.80921963500302,142.47225842592545,0.7767830141676267,55.70253839456296,52.66721419681207,13.261893581925431,2.1149622453496155,2.1700069812717344,0.816161854307696,4.984507325391144,7.831886207766882
2023-05-26 07:30:03,DEV-020,生产部,正常运行,0.545893212307329,4.285854835519421,32.550487329078535,125.03036949233355,167.17945579093205,152.18841467733944,0.7624136383784217,56.43636395544502,47.30739075045448,12.34959162218535,2.1000219432206806,1.5343734787905765,0.917489445755409,5.027855295835216,6.23356918966984
2023-04-23 13:17:15,DEV-019,质检部,散热系统故障,0.8438620060379126,5.779599254189885,46.96539642232534,109.10242222915676,182.85891713887844,142.57073138032104,0.7343921616036966,57.94933274102547,51.5487533356771,13.589782767944527,2.0541141148369095,1.991224735710222,0.45796366437587854,4.043982185127825,5.4171721621497495
2023-04-24 10:19:00,DEV-041,维修部,润滑系统异常,0.7979412042928746,5.493780993899006,50.624552696144555,109.25222337817674,188.73213043613552,145.10995885877594,0.7504955683378827,58.48865237556074,51.299307829893856,13.058380178394607,2.831786776754523,1.9532356005050708,0.7376302111134243,5.020125866054424,6.1127564114681725
2023-12-20 12:02:28,DEV-032,生产部,散热系统故障,0.8549651269468695,5.627419642570491,47.45600295772693,104.8996352177983,183.68438060351335,143.63328586426456,0.8077835102684752,63.385927548206176,49.69577518973468,9.533629658860537,2.443777483049791,2.3442366290027383,0.9535799209010685,5.315524355739896,6.779664306564525
2023-05-10 02:30:52,DEV-093,质检部,正常运行,0.6613129675000392,4.771009408443532,37.84370006622976,116.77517824271182,177.35780890515915,147.730947635463,0.6699809150708929,62.028271204410466,53.825780686911635,10.526168510104055,1.7280797198671785,2.4796036254806073,0.6825480558120103,3.7226142632028547,6.21513904579914
2023-12-06 14:56:51,DEV-019,维修部,正常运行,0.4902670486905136,5.205051751501894,42.12694709970439,112.76181300502893,177.61961238359535,143.49997072183353,0.75000250438202,52.849706694079764,47.01613550243462,10.972463003559529,2.1654281455475775,1.867648667011626,0.7244013994800858,5.714682218428632,5.751070230054494
2023-03-09 15:43:44,DEV-076,维修部,散热系统故障,0.8575197611315956,5.657998308185075,46.81871771279704,109.99013613672406,182.07915083843648,136.31230094047118,0.7883340363877529,52.91176540555957,43.20648158216758,12.584429129233278,2.1075503302348175,1.390658616970302,0.677958968644478,4.189667080715431,5.818554365574114
2023-02-03 10:48:50,DEV-001,研发部,正常运行,0.5542440013344978,4.363230444984531,32.823722773168775,122.71606849774999,173.22535993299002,152.00647254210668,0.7768646021362207,53.9430859199979,54.52453768652916,12.420376357696778,2.0113159218610828,2.1368706826141923,0.8695235693809815,6.418960961863922,5.353431115975958
2023-04-17 07:48:14,DEV-084,生产部,传动系统异常,0.6910444462915881,5.584442569412314,40.171634926367744,103.24648648660157,191.68961327727516,150.35178126454653,0.7207857731540569,63.147619727782306,52.336914793030736,12.818621331624406,2.6080017934076545,1.7408499475232784,0.7270778716063806,4.772770536166221,6.350240707394712
2023-03-19 10:33:30,DEV-002,生产部,散热系统故障,0.8641733581549916,5.631634636980905,48.08507531798439,106.94603120758298,182.21444507477713,141.35942943604476,0.8184621678875796,54.40794055668924,54.11749848032387,12.433015034666813,2.098278185310871,2.433619270986931,0.8041125789118121,6.535885916171617,6.586582037266407
2023-03-18 07:22:44,DEV-042,维修部,正常运行,0.5086147879272482,5.216330452821165,41.4606558527868,112.73335422232748,183.53348751988352,146.8760306739283,0.7825524492222646,56.80360521610389,49.63955126586133,11.796630749668594,2.1659021199729764,2.0940356693949247,0.8671753163406852,5.637697638968762,5.005714331518245
2023-12-31 00:03:25,DEV-040,维修部,润滑系统异常,0.782923592626854,5.452393196642612,53.30609964183863,112.82477417245896,186.4720554620921,143.65704502108775,0.7571907265647837,58.768733950865396,52.54722086602722,11.55529873764618,2.8453573315578136,1.9880860592426137,0.9287940448720389,4.239551487397093,6.648131571796071
2023-03-28 08:50:12,DEV-062,维修部,润滑系统异常,0.7741865497882123,5.4566214269352455,50.613291473187054,107.70155606087962,183.01168042674973,147.3099705722097,0.7154272968136234,56.52462133546122,44.609817427080465,12.359641119922776,2.7838009558064187,2.4139103306012157,0.7573585833843766,4.752302195247682,6.672624655375452
2023-01-26 08:30:57,DEV-077,质检部,正常运行,0.6497329651613155,4.810149095842856,38.00462951652025,115.89390269439491,176.64604622651618,150.0708638212832,0.8029993275098013,60.39224976914531,45.013225756939185,11.85845368772363,2.037187277868966,1.9845371861857704,0.9248406287392662,4.737757108066154,5.940130112924049
2023-03-11 04:15:50,DEV-030,生产部,正常运行,0.5394280565783672,4.234596025759525,32.552836864888576,123.55630676513422,172.03848290065403,153.82051231005687,0.7732547957875217,56.04135699596819,49.625145829087884,13.237086586245931,2.1466514619557375,2.26817058790113,0.6630026242935142,4.940404243029479,8.325339415480657
2023-05-03 09:02:53,DEV-038,研发部,正常运行,0.5397833149833632,4.352379606467817,33.152471292949855,123.0044101402673,170.5940358022885,154.7035326492425,0.7465495261462589,52.461049014083365,53.8644115276655,12.950391639219943,1.8182685354413284,2.1721782523829325,0.8550543712705158,5.381262963079493,6.433139826522678
2023-12-27 23:16:08,DEV-028,维修部,传动系统异常,0.7089689165133147,5.53368183845476,38.89310018628201,106.72962702265599,185.8096558641402,152.10231067667007,0.7852988957434898,62.046822417558374,46.87327278563616,10.456879690729014,2.147033747496623,2.025001496687966,0.8111467228482493,4.569763462033893,5.207490649774487
2023-04-22 21:21:04,DEV-085,生产部,正常运行,0.5500020313872092,4.231767682183884,32.60089507107789,124.89815978099763,172.63560513688824,155.4116224679128,0.7971720086107907,51.788074368219704,50.279091417500084,11.254698811343555,2.016851963200994,1.4294916103666808,0.8603170276604647,5.305322600463026,7.011584873948664
2023-04-08 05:55:04,DEV-008,质检部,正常运行,0.6619361902993425,4.740930501725551,38.33040661657572,118.77568181037881,173.903644527022,147.11459519612237,0.7605725929679906,58.98067974232512,52.565561834417686,11.29436494077609,1.877680610033227,2.1993668334263816,0.7492190959648247,4.143090664892278,7.769729639642263
2023-01-01 19:02:58,DEV-001,维修部,传动系统异常,0.6964965941778999,5.620940559345263,39.246715068823185,103.5167546327134,185.86320974291496,146.9483299964155,0.7539493972935114,58.11021530266633,53.0461970058797,10.661794484876584,1.9941343809497276,2.4543295681877764,0.7224614128542882,5.343220916633202,5.835601626641467
2023-03-26 21:11:20,DEV-092,维修部,正常运行,0.5079969601201421,5.096816619853767,41.77190284032564,110.51535849217703,181.85286082084238,142.3935428763916,0.7165743658561615,57.49846039645022,45.99631903864789,11.17411867987982,1.4599592545107334,1.8249855815054803,0.6659334497166701,6.022000823658882,7.55897261547967
2023-10-24 07:18:55,DEV-072,生产部,传动系统异常,0.7086915217504984,5.589030204702142,40.05688482383676,103.2194185525775,194.86425218979772,150.42972265810582,0.7898609494586591,54.192496336227734,46.36477611704311,12.068641286388202,2.261327269513089,1.8939096023370854,0.8691662761278298,4.5013994809925455,5.1740951514705635
2023-04-26 08:31:46,DEV-001,维修部,正常运行,0.49918259815550875,5.259821038464022,41.2065785455999,110.01485572383555,176.8835360331563,146.3400073983042,0.7092640895927295,57.73937116399117,52.555375566974604,10.772302886095385,1.5806280197838207,2.3015135005729963,0.8261263442331643,4.646855949998529,5.172664965505173
2023-03-25 19:47:20,DEV-044,维修部,正常运行,0.5083687197533424,5.245682327499358,41.24076282905722,113.66774423119432,181.13600597043268,143.90051866845985,0.6920801993451162,57.54121491559432,44.50453577758529,11.497350431272398,1.7842183409359875,2.0821292189585074,0.7347169520190155,3.872808605385339,4.550553785408648
2023-02-04 23:55:41,DEV-019,生产部,传动系统异常,0.6845756810218588,5.3631598841587245,39.52505459355615,103.29464690865795,190.55508043478642,146.46633006492425,0.67551368873705,55.627871848935705,50.735113688213744,13.536367255550422,1.8792805288004508,1.8212258272405841,0.6815906527191448,4.58585407877884,5.8915901267762125
2023-06-05 13:11:36,DEV-096,质检部,正常运行,0.640129483806286,4.878708682251335,38.52659063689469,118.98306661710215,177.22521419490124,150.262893041056,0.6529531144179316,60.08062747228782,42.93574241424513,11.44615879658717,1.8885917381812822,2.32122513651353,0.6988654918570778,4.813358143709588,4.699291058694741
2023-01-11 10:57:26,DEV-092,生产部,散热系统故障,0.8430347682299163,5.686824463977578,47.871774847651054,107.9893454633231,184.76005349377948,142.58997545978596,0.7566940165586292,58.84301632073053,52.20741208947277,9.077510442547204,2.4119367962334084,1.9022884849670536,0.6627769789519092,5.058190986547166,6.569394695999224
2023-11-30 17:10:16,DEV-032,质检部,正常运行,0.6473041282629538,4.760894553964762,37.45807357466739,116.35482286353489,174.52940039039274,150.5740789449692,0.6927434938659311,59.53560607186617,56.324017690666324,14.151622873370417,1.891029450959406,2.0703157805906045,0.7841792765607637,5.388910457870039,3.4733470707374443
2023-04-18 12:52:43,DEV-032,研发部,散热系统故障,0.8632965235999727,5.6978210976883314,47.81801889427527,105.93123040621187,186.26516940025772,142.9234541546962,0.676275146893629,57.10368981314225,46.89236427485555,11.21480609238467,1.9694766486332085,2.2776335442405578,0.8968696943949346,5.554542030345666,6.889873373320015
2023-02-22 03:23:05,DEV-082,维修部,正常运行,0.5093051061452828,5.222263123518831,41.62367862579787,111.0873053055543,177.58992196125362,142.19069115909892,0.6677296635211459,52.97066136473897,52.428026399942446,12.785234282874024,2.273669473927413,2.1303684706352812,0.7722894534415933,4.443485375185958,4.484592439841012
2023-03-10 03:09:43,DEV-066,生产部,散热系统故障,0.8416630780478999,5.795614137056867,48.96695967172067,108.88801093065048,184.52815037232105,137.17703923937913,0.8090853835592753,56.96938236067975,45.91786362914516,11.497042363468601,1.6760968831979755,2.198687088754193,0.8173699569369285,4.239820305914867,6.570386901440872
2023-01-23 21:19:17,DEV-007,维修部,润滑系统异常,0.7638956076286745,5.607305096374648,52.28902248904576,112.25638243484141,191.4567228775185,144.26673150366193,0.6891264327951533,58.174412392925795,45.49364723410364,13.27972533132902,2.8699202123725267,1.7238749327192293,0.9538123462693553,5.480741719423826,6.146858519895236
2023-05-28 19:04:19,DEV-046,维修部,电力供应故障,0.4106672257365799,4.84301373961576,35.35331825898822,116.01309079507655,172.19502868287105,132.89787135719018,0.6692488686206516,55.45869554179927,38.879946237575325,8.382995650354175,2.0503240112297463,2.2755353575009054,0.8908316795875766,5.019012048139671,5.6471515443073566
2023-04-04 21:50:55,DEV-041,研发部,正常运行,0.5604515162971718,4.3642373854216325,32.63983766573815,122.54015931937812,169.94615559664123,155.19443715651065,0.7875784183035729,56.48082124940671,55.88954665941077,13.268886827385378,2.1745613786798583,1.8345806442840493,0.8227370982452101,4.502081242405805,4.028296080891325
2023-11-27 08:49:58,DEV-079,生产部,电力供应故障,0.4198401358539317,4.885317681537431,35.520983098730724,117.84199495116727,169.93880924935408,131.14877802696407,0.6880933190983455,50.00884732083625,48.1513378141908,8.700912172227314,1.6569800402245407,2.12472855445881,0.7977731497730921,4.774324431371608,7.629432077624542
2023-12-12 15:46:41,DEV-007,维修部,传动系统异常,0.702058288736975,5.471549128866864,41.076766183424695,102.91450858005169,184.7135126914805,145.15076554244968,0.789973423445596,60.042928194600144,52.37095968680305,12.15923741100421,2.465385018366658,2.03009923016958,0.7291769772477213,6.775454990924913,7.3281501080972005
2023-12-31 12:59:45,DEV-095,生产部,正常运行,0.5404356141607501,4.361820685628144,33.486374250400324,124.86038917340007,170.09660878644556,157.0819994916306,0.7490876204271998,56.91417939304424,49.23412405168764,10.711033660888067,2.6600550530354607,1.7578599077338846,0.8217454892289485,6.076963494842897,4.597532668710369
2023-04-24 17:08:51,DEV-009,生产部,正常运行,0.5586452210175062,4.2910463061157245,33.04022460710109,124.57887156790787,172.382563051238,153.32415435524524,0.6283157908533565,58.2209106449912,43.35067000157387,11.739915777517984,2.2613961633896236,2.1874513644384117,0.7470514537263516,4.914009485553065,6.430371335836727
2023-03-28 08:58:14,DEV-032,维修部,正常运行,0.5004476661085347,5.185598320939241,42.24883461839829,111.39202258093763,178.05996467330664,144.8248896647208,0.7626130262575944,53.34781483937391,50.81963371586198,12.012418382940469,2.2500302240524457,2.10546502355588,0.8542057098596432,4.739107888419374,6.022189034358858
2023-04-16 09:58:58,DEV-011,质检部,正常运行,0.6539129995973625,4.799753690151936,38.45194021032318,115.92906274292305,177.7222880737614,152.97839119139684,0.7991196205349375,60.36360876439853,45.59520484390233,9.749534668387367,2.0596606756198943,2.116083963874518,0.8076850452256187,4.771957520835998,6.508213586801847
2023-12-04 21:25:10,DEV-093,质检部,正常运行,0.6530197603834935,4.775216552434695,37.99480782414328,118.22143940919946,178.17479705324075,152.2974487909472,0.7329745946508146,56.02667085541996,50.06501156241858,11.071425012021097,1.4170340550412628,1.6005364896271894,0.7393854147744473,4.950118834006086,6.200569733026435
2023-10-30 11:45:20,DEV-098,生产部,正常运行,0.5584218595750822,4.245670363969964,33.44927718710862,123.10778314759135,168.06194712040107,152.1304867859078,0.80961005701054,55.99908573688518,50.60382323301501,12.75187209386009,1.8739920547713067,1.8521242867279686,0.9227636772123758,4.37957463227119,5.782844383898919
2023-08-25 22:17:04,DEV-009,质检部,正常运行,0.6416617021167613,4.747346510376005,37.2782123831496,119.0522327729662,177.17255079831605,151.78108906063275,0.7515760940820941,60.06450071015467,51.15003139660575,11.84485829829429,2.0302706212979427,1.7187008063492988,0.8579056588299004,3.706793817316226,6.039511283733744
2023-04-27 22:25:03,DEV-097,维修部,正常运行,0.49667804943053107,5.148885905485698,42.22016298069397,109.87192868862269,181.5892208065921,145.08133554528376,0.7795557806666671,64.65678476760228,54.10077648313245,13.30490302027342,2.1183264815075638,1.9457343659545887,0.6801632487971939,4.9314151537281665,4.387757035618286
2023-02-12 21:13:00,DEV-060,生产部,正常运行,0.5462691944019346,4.3288501277032845,33.218404748796935,126.53277311312134,167.27650217998615,155.47819912536227,0.8002271258373723,60.300753873131335,46.84084860741254,10.237275621179402,2.059051703986741,2.796154140591317,0.7320328537944318,3.292557867046401,7.5314722645232
2023-03-30 21:55:47,DEV-029,维修部,正常运行,0.49254816143390856,5.228966679701724,41.28624016133835,110.36122686994204,181.04224843144866,144.07003159879235,0.6802411664245894,59.34992646060894,39.14557260672007,13.143756516285327,1.5693164574102858,2.446684264135934,0.562252403628785,4.8756131891640475,4.552444593898027
2023-07-03 21:45:48,DEV-055,维修部,正常运行,0.49077366521796,5.197688840545798,41.588926908646926,112.85288054370153,181.10801933309165,145.24371604143533,0.7369685048924509,55.971477110700334,53.74589758591093,12.374606512888144,1.6617958813557863,1.739671942429171,0.6732304091126264,6.391633433718598,7.699962186595574
2023-10-21 07:06:15,DEV-093,生产部,正常运行,0.5414838706433336,4.370332469169479,32.60261361676703,126.21754576071928,172.61851586529204,155.492744942301,0.8218242775588357,56.03421926348523,53.156898440725364,10.83921940838309,1.7644234323025871,2.0521906802244367,0.9226407164341458,5.871136543627296,7.460002378959461
2023-02-05 23:44:03,DEV-058,研发部,正常运行,0.5491018047167686,4.327328609711913,32.808498717684216,123.46258511098452,172.16895090258683,154.15124058777923,0.6802773801008127,55.80493052007889,47.84787327055721,12.510620853613466,1.6879167799769743,1.8843153157205639,0.7762001394308103,4.294473244181784,5.049195020125828
2023-02-22 23:05:02,DEV-090,研发部,正常运行,0.5486739148641834,4.342673641234515,33.44871721028598,127.1423806580075,170.56069626092787,156.72656836817129,0.6535797765767511,56.99531609624298,54.19636155614563,11.171974449859624,1.9618357009862026,2.1550336619313804,0.9595725839956821,6.868706626860685,5.334268802266989
2023-04-26 13:50:32,DEV-024,研发部,散热系统故障,0.8681008155255086,5.683413758044679,47.22691433744331,108.0800306661305,183.99817419530032,140.62472897937954,0.777064448452711,56.75456485562722,47.66749494938625,12.632818823886234,1.7376066535608532,1.9981973142960634,0.9001822333357392,5.837658041463404,6.44631405565123
2023-05-30 01:00:02,DEV-049,生产部,电力供应故障,0.428468946518586,4.815255290462551,34.36911643272711,116.84599445982631,170.21392392169463,131.47482037933906,0.6818330727052291,58.56195929514939,52.94568867829703,8.612193156276586,2.137315525740586,1.8191413031944326,1.0112915941751193,5.065936810392449,4.435179997586232
2023-08-19 15:00:56,DEV-078,维修部,正常运行,0.5072483508053953,5.140291425907527,41.81616495435535,111.18498291903802,177.48799333102642,143.7803639251397,0.7417021913229699,57.47517151691101,51.14805084040471,11.350967164400808,1.8812547451887542,2.1286388673832843,0.6251894396035222,5.741045884845691,5.786084255777291
2023-08-09 14:24:22,DEV-046,维修部,正常运行,0.4980661977598582,5.193926278306648,42.66420739199234,112.26853316688431,178.50370319580972,146.40727884063162,0.7637827964291954,55.73263481855475,44.013610064512754,12.826019745785533,1.779768499685793,2.3389311756682507,0.8764174429729991,5.706950535571623,6.067805062191901
2023-05-05 13:13:14,DEV-039,质检部,正常运行,0.6485920904891667,4.77054297367215,38.51060459100228,119.21986491703936,173.74878621389738,147.61811516665324,0.732462654310402,55.255816502257204,50.277158565470444,13.066656575261922,1.774165811453527,2.2650080114312456,0.8833256389936118,5.625619791763072,6.058411847176516
2023-01-17 03:56:33,DEV-075,研发部,正常运行,0.5523751057183116,4.3130350562729785,32.55598368027751,123.12459905370316,166.78140198574033,151.97703868152237,0.7442154409450623,58.27422740224962,50.7081897675102,13.568250790535767,2.0075627134328635,1.9659010938445425,0.8987279638483169,4.765590416472142,6.880188252537506
2023-10-01 23:37:02,DEV-068,生产部,传动系统异常,0.6845206424585091,5.42108146887061,40.48881873484579,103.00519743847362,186.80891312958636,146.95094840878951,0.8111791805055639,59.50385837897784,54.781503387632206,11.358117529924089,1.6945359422058408,2.0231834699035844,0.7190796770477665,4.9468855923480755,7.840423151857546
2023-03-12 07:55:06,DEV-064,维修部,润滑系统异常,0.7675325209337601,5.726037156897528,52.60550983249986,109.18514753120837,193.02457425367888,146.0205254123875,0.7408114227100637,52.20080674323131,45.724960725473544,12.455867602752779,2.812510823063622,2.1489440100671273,0.9716141568413561,6.548544798393669,6.260283424484288
2023-02-28 01:25:01,DEV-078,质检部,传动系统异常,0.710401316714345,5.484433175307083,39.89077742359797,108.12434999448543,188.5602837913733,144.3954364197201,0.7616418069736177,61.06776603843335,46.882035702820474,12.261220519381007,1.8414681727494544,1.8132075048548901,0.7467594386947581,5.672854114312999,5.9164918605013925
2023-08-17 17:43:52,DEV-017,生产部,正常运行,0.5431687832097913,4.3303389730254445,32.461795086022846,126.14758464286561,168.9615561298382,156.12251069272875,0.731997298429313,53.42898291620759,50.291676412243696,11.598987630488816,2.3143836219164844,2.0797512447410575,0.6687873705025678,4.568673666568226,5.988117830964957
2023-01-04 00:34:16,DEV-003,质检部,正常运行,0.6487302640958775,4.81989974870515,38.60119058297886,119.72862269989412,177.73295542645417,148.6200299787901,0.8322634154587778,58.633052443825484,49.1266009176654,13.264975918195045,2.2448744002953926,1.8262128049304684,0.6971829828113633,5.103470624460817,6.846245951891808
2023-03-08 04:47:41,DEV-086,质检部,散热系统故障,0.8550812851597518,5.738119650678015,48.20563836141658,108.11489652566195,179.78226940042018,140.69270286504874,0.693109573178419,55.490221202224106,49.64358625131523,11.551567255767422,2.180319208827473,2.6714462362429496,0.6031678190176369,4.27248631448074,5.907361945521186
2023-06-14 19:41:53,DEV-016,研发部,散热系统故障,0.862808821776828,5.834454510020176,46.96991623525733,105.23970387889905,186.06589835167412,140.3281384884422,0.7714641098030557,56.226558772197215,50.17297946380019,10.0690089378166,1.832055336235496,2.6543089053337425,0.8471736083235725,5.35182674084086,5.601091605008106
2023-01-29 07:10:36,DEV-064,研发部,正常运行,0.5455116307017566,4.269338680805829,33.03068239588796,125.80541883634427,171.69357816301718,153.42459886389224,0.743856153124426,54.66861603629,56.368354336717,13.204032180065152,1.9054144245653302,2.138672489221456,0.8377300407939849,5.071188691766234,5.203958883168778
2023-07-10 21:07:34,DEV-006,生产部,正常运行,0.5603876657222953,4.216455640849963,33.13373820812372,125.31316297933694,167.51606696991414,152.83567909282388,0.7417739195996497,59.154308025102765,50.55877780926019,11.622502213216386,1.7958759596706835,2.5882134151509133,0.8863893686612597,4.25017764165893,5.454835003634029
2023-09-23 04:49:31,DEV-028,生产部,正常运行,0.553076474843415,4.230241629707305,33.158581051148104,125.06703367005217,167.37455886591889,155.9244425361605,0.7175739153827002,53.90709505660406,49.623727423534234,12.113817577864173,2.302813172202325,1.4853685732413842,0.8480092753299852,6.3107997870049655,4.92669737404205
2023-04-17 09:46:34,DEV-073,质检部,正常运行,0.6579465600571479,4.776488721215147,38.438803372431764,117.29880469878162,172.66970061435944,147.20035922919516,0.7274561659157112,55.74348585140191,47.83315389638897,11.226526160981631,2.2980985120181963,2.0651828789125304,0.6853765385116549,3.260208929599323,5.794012186057227
2023-08-21 22:41:28,DEV-027,生产部,传动系统异常,0.6965533644055223,5.630174597478614,39.04962499261089,104.90266047333387,186.64540950280934,147.58681224072924,0.8361542063402321,59.24091346383186,45.19776495822676,11.104880755179773,2.393721249839619,1.327661321769367,0.9470266273496962,4.439454079294804,4.459499588996959
2023-07-10 07:06:42,DEV-094,生产部,正常运行,0.5603621140400722,4.365942475772432,33.58813041377304,123.0680118473699,172.50340937332848,152.7003621027155,0.779908092642382,59.24759283198917,44.985340122084715,11.808334423151877,1.8091989245790934,2.189642494265636,0.7608127932632306,5.146566277278473,7.596431590970435
2023-11-24 22:36:58,DEV-041,生产部,润滑系统异常,0.8008724347138715,5.6012590646990725,51.547616677935835,108.4074425261359,189.51893334576658,150.90652892365435,0.7426494021077594,56.820926215832316,50.75416530647673,9.940319553785736,2.8444620251779926,2.0970171085640326,0.8284007384470725,5.888175594968065,5.4648768901873295
2023-09-01 10:29:50,DEV-032,研发部,正常运行,0.5521846085583603,4.246182648741767,33.372496127581314,127.27905871587187,170.5455727520077,156.12838417314055,0.8162383472650018,56.27843061954882,48.06425968672224,12.337805229401669,2.140487678807799,1.6560400639667723,0.7930124205719138,6.019968719046891,5.014350846253362
2023-09-22 08:27:52,DEV-047,维修部,正常运行,0.49695619299171834,5.157147555197678,41.958428236381486,110.72266675497569,178.44631622581727,142.4600552073858,0.7470444992553932,57.70285849657229,53.02230471529157,12.839695514130916,2.344100543450108,1.9689852974196587,0.7440273839289435,5.772566693220672,6.9360365305552225
2023-08-25 16:11:17,DEV-092,生产部,正常运行,0.551749865556862,4.2767428158996825,33.08012111905283,124.69250624137288,168.54898579745816,152.49150129207197,0.7952023908648085,51.92030432193962,50.53712668808781,11.514121378891245,2.0581816175533083,1.7415242340762496,0.849441676991099,5.279507629146124,7.327965051855563
2023-02-01 19:45:12,DEV-029,生产部,散热系统故障,0.8462668146594483,5.6818040701513155,48.140929391457696,107.69959983327362,180.80528361420653,141.39259439433818,0.7323116068179861,55.504484832667316,50.80983581075776,10.587484684857493,1.9734424877235242,2.2706901214278523,0.707310359916482,6.434615669621973,4.974300959796639
2023-09-25 16:16:36,DEV-001,生产部,正常运行,0.5542892359140101,4.267043869818005,33.49745332959455,126.4086113299398,166.70482312932046,156.96453497935434,0.7230777514599589,55.808656119110054,46.50530719082553,11.580074631648937,1.8183198877666726,2.271489374455552,0.806354941778584,4.136018804690325,4.871631887389542
2023-08-16 19:53:33,DEV-053,研发部,电力供应故障,0.40960813673480834,4.793299879846179,34.62271341611253,116.86095505667095,174.59321743608209,131.65526931327088,0.7039577427354814,53.3111566228445,50.49371050846598,8.721259569958628,2.255973394802545,1.8663982070254799,0.8352449565608695,5.448659132880576,5.74936620523051
2023-06-04 03:01:12,DEV-031,生产部,正常运行,0.5453763801723521,4.266697857738021,32.55239497483182,125.04092441643435,166.67957786231406,153.76604819554453,0.7106331428642276,53.24853558687474,48.04376742838776,12.703126283145043,1.8864205697520027,2.0319292787009653,0.8276416671368051,5.7772548651130915,6.9523901828010874
2023-09-21 15:01:23,DEV-006,维修部,电力供应故障,0.41139248155063257,4.865222112066036,35.121211698960856,117.6323822501883,176.7856913151258,138.11560120476295,0.7015836209395988,57.138977539202756,46.9133696601892,8.29959277541931,1.9564585195279065,2.1473101811981277,0.7914726581134721,4.115771114809217,7.485989342194874
2023-03-20 21:16:33,DEV-015,质检部,正常运行,0.6504383216639703,4.877776135250103,38.440697736004935,119.9308223244253,173.02772938346808,150.14625291993215,0.7646607742650006,56.391219129274894,45.373305376955166,12.441038422125155,1.6937782619575108,2.59525752718133,0.7273835476913777,5.050094482553552,7.352764058620888
2023-02-12 20:05:35,DEV-047,维修部,正常运行,0.5027281153548387,5.144315888948193,42.251796156273755,114.23988292705523,180.686071003657,145.74447966332306,0.7772531205472032,58.17659429060575,45.19226128919386,12.918586901549398,2.090560210841265,1.6814278851873181,0.7559980847714572,4.300009145886899,4.842683847503687
2023-11-20 03:59:07,DEV-040,质检部,散热系统故障,0.8249171140566268,5.869621671128222,47.39808186249447,107.860774540496,185.77530222111352,140.5167834105471,0.7916665889639265,59.99520098235505,47.79402266713339,12.957969265094476,1.9793361297646304,1.6405685232055736,0.8622481375277496,4.928032181786949,6.58785517481903
2023-11-20 06:40:14,DEV-035,质检部,电力供应故障,0.428781800083817,4.959726673759649,34.459766997057834,115.79570016357658,168.76260424175595,132.02305599293325,0.73233163075262,53.58019854488133,50.09434393945929,8.56761337339583,2.3264278288980145,1.8186861015618647,0.6617294837934597,5.53905682999148,5.987977126941892
2023-06-09 16:51:47,DEV-099,维修部,润滑系统异常,0.7861522922917146,5.5037722047109225,52.29700274505993,109.95882648923813,186.69642094609256,150.41978316072527,0.7833440369355155,55.56064953042447,52.1755915123537,13.54567606301287,2.855341841757509,1.97765297822467,0.5075177811870693,6.196958706339153,5.246468478175165
2023-03-23 20:43:33,DEV-087,质检部,传动系统异常,0.714231860566999,5.380311719005801,39.616899689488136,104.14110932170878,184.3379546886803,151.06652077737652,0.7728322641772407,56.998976501335875,51.45062585800901,11.691706302727642,2.814339939683568,2.1680691233683227,0.7444514201359999,4.260828126887345,6.17721474037231
2023-02-22 15:19:42,DEV-098,研发部,正常运行,0.5489863750012796,4.301203934664656,33.095266989554574,127.16174070816855,172.43580617864382,152.9577269726542,0.8208502118771721,57.18950154517354,48.445192944977194,10.543136529989248,2.0419377643041914,1.843075923024672,0.635002950672475,5.267534629399429,4.683155228246639
2023-08-03 18:32:00,DEV-020,研发部,润滑系统异常,0.772283157024366,5.657631722683214,52.34895659008305,110.39894898159511,186.77225401400565,143.22680671321854,0.6699633652308284,54.88985401949111,47.36710911803812,11.4051528123089,2.8202828911789153,2.642250745768741,0.7468064273680062,5.272968274331049,7.0772205897309926
2023-03-25 13:56:05,DEV-044,研发部,正常运行,0.5486808537215101,4.358035828720647,32.99451371196889,123.03405838622876,167.60541349720464,152.18938966741072,0.7554338026366535,60.39145370607301,44.997461838635964,11.672400018168213,2.051726524668268,1.9887990426348,0.772363198575607,5.328866412159026,8.553714402007133
2023-10-11 07:45:59,DEV-054,质检部,正常运行,0.6401394125333137,4.891577384856311,37.524135772751,117.7416933968894,174.91682280403614,151.87837678328472,0.8399471424343703,53.967873397183745,46.6665275307407,10.323574702442317,1.9486056604677993,1.8846473215955242,0.9397700017277127,6.105212563210927,8.099654890949193
2023-10-12 11:59:07,DEV-030,质检部,正常运行,0.6513969340163575,4.893391491548715,38.35308166248706,119.3071869532127,177.60723970558573,148.29383857635509,0.855019215459396,49.64681213995414,53.86042684020394,14.431124027835253,1.904753605203121,2.0993737417432956,0.7958858143999208,5.174045528359915,6.999938577446811
2023-06-03 00:43:14,DEV-063,生产部,正常运行,0.5416402850215672,4.343142822554049,32.634105031968375,127.4714981690202,167.7412543452807,156.79038463650605,0.7929422358769955,59.20288938549003,43.044560936448946,11.779985452203936,1.8044592652986702,1.9580422948935314,0.8043755292923253,4.792249465783397,5.113213996296199
2023-06-18 13:31:49,DEV-008,维修部,传动系统异常,0.6818268692797788,5.350603958481239,39.33140277060239,107.70873766114585,193.06676674745037,149.5673003507994,0.7260381848184564,54.73473128225478,45.01792311954623,12.448479602878464,1.8671662513172513,1.9107018758628698,0.7287862459927338,5.229246571241085,6.5824947477950975
2023-07-15 02:46:46,DEV-066,维修部,润滑系统异常,0.7723085520491972,5.683492985699754,51.789471508649406,111.0590074231605,193.30220750436794,144.7637027174566,0.7165594636519985,53.75000521246259,50.874387299419645,10.177053936506645,2.849560368085926,2.5066261304326334,0.84764937929015,3.66791087037725,6.246040142863385
2023-12-08 16:17:27,DEV-007,生产部,电力供应故障,0.4300244420878094,4.788431910656772,34.520723251582226,112.0366139701919,172.10346384122553,131.67926159105934,0.6105979235251637,54.46388229439459,45.20488490895096,8.6507989138935,1.8842453462028677,2.0132176384436398,0.7616010700291274,5.680661182505896,7.362134705650516
2023-12-07 02:27:52,DEV-038,生产部,正常运行,0.5550088100107724,4.296917213596571,32.66449727414276,125.60444134590874,170.26627251890818,152.96135148510305,0.7482281049790339,58.94392943409143,51.76680388740738,12.127268320298029,1.8191333835158976,1.855793958262256,0.6928387790709867,5.11280097779371,3.9151695005193194
2023-07-27 06:55:18,DEV-019,质检部,正常运行,0.6493956007632166,4.7559695243453355,37.28433941623259,118.49607965695935,174.2702138089315,148.79203294432529,0.7865514114531589,58.7695019752141,45.74050639147277,12.639254256370226,1.9410252303715834,2.052891649595949,0.9732943046245616,4.818715536223378,7.463369288371783
2023-12-23 21:14:33,DEV-079,质检部,传动系统异常,0.7135892653698436,5.605130971211472,38.98193169404882,105.46615144609285,192.23718875740525,144.32030948780414,0.7406424468037848,56.6596052273624,43.4755956857906,12.057351943796014,2.357072191635974,1.7691567759422213,0.8805005616025282,4.88593813596922,5.90786158710576
2023-09-12 05:09:47,DEV-100,质检部,正常运行,0.6618110661784037,4.761521224153588,38.53992471187872,118.02843632180577,178.19591047356548,147.81755197456914,0.7872075913852735,57.21953973331657,52.53405745366297,12.887214195573012,2.0033717242921347,1.9769580117623362,0.8157119579281731,5.106043145125612,6.364078739746837
2023-04-15 17:06:33,DEV-067,研发部,电力供应故障,0.40859884004443614,4.855311045094966,34.779114307409785,115.81995641803748,174.9821172363099,136.8440876150863,0.732387423692066,58.770439209998244,46.433237244795244,8.628837272678727,2.1191244729505856,1.288637873396946,0.7196927339900445,5.567581382040498,7.792022379603162
2023-05-22 17:32:03,DEV-064,研发部,正常运行,0.5455031807496674,4.376540994677493,33.64372588794821,124.86717451616846,172.05667186927417,156.46745243039007,0.7278871342770219,56.99444189746212,49.72462121688748,12.42521576925512,1.7463486964600317,1.7269427473104009,0.8471831646608815,4.485833944994157,6.797054310286576
2023-05-01 23:10:00,DEV-028,质检部,电力供应故障,0.4191210651411297,4.757627930219053,34.61361939373089,111.5847389890471,176.37410426949,133.33090663670717,0.7572180715257857,54.47292239109741,47.77165890456648,8.337065246350809,2.1269635977680035,1.86407164816308,0.6163929286152537,5.4854481464585545,4.984400955293256
2023-11-12 22:54:54,DEV-066,研发部,正常运行,0.5500014342215123,4.379342657636237,32.9451554004529,125.01774236488129,168.8593293636878,152.09609019424482,0.7427469450857243,57.74844618404521,55.74075355744159,13.201731652082463,1.7674539082942562,1.5243568555582592,0.7408433487453682,5.4235405940381245,5.5343689062767485
2023-02-26 19:04:42,DEV-096,维修部,正常运行,0.5093682157738231,5.140332802874681,41.48077379770928,112.72006578626831,178.14847898160323,147.54487534388346,0.7037487234514229,45.02360760640472,54.283931604228485,12.914754539762377,1.8614416140178762,1.7539302761874564,0.8066249081914701,4.397675150526937,4.872446259346675
2023-05-30 16:41:48,DEV-052,生产部,正常运行,0.5429762867438629,4.258273640818451,33.5123100248381,124.13377837666008,170.45319768480834,154.3649092544929,0.7257798867029444,59.83325829081436,48.82969400100947,12.634121228772981,2.2545034824343673,1.9101379607340423,0.9441200274648278,4.235575067061702,4.865853784351727
2023-12-10 18:03:17,DEV-025,生产部,正常运行,0.5579569156962791,4.236717550563738,33.414218873983415,126.56411697334498,170.5910516248126,156.61601722538376,0.7504521013804364,56.94253865917065,52.15528370765999,12.389202044636345,2.4791448948387687,1.9331191979823437,1.0194422810110448,4.3084624091763,6.1947757048227645
2023-05-15 03:31:01,DEV-017,生产部,正常运行,0.5530810735324613,4.299104629050002,33.46085456734483,126.87350992163356,167.75981057044433,152.7446486395835,0.7408231332268912,59.61823162825805,47.53511795351332,12.49798978789383,1.8421543522724881,1.718984216039752,0.849620121597109,4.438680541149127,6.107642684012456
2023-12-06 18:34:46,DEV-094,质检部,正常运行,0.6550857372062835,4.8343833370502685,37.96162862404439,119.16059057345613,171.59463664072715,148.83364354899254,0.765702744081146,58.06883736103877,49.862641420172196,12.11382241295665,1.8537545626700362,2.3305367320650703,0.7303717316309414,4.930844507072915,6.154768833016997
2023-11-29 00:51:18,DEV-023,生产部,散热系统故障,0.8604013315077609,5.925490506143342,47.44430078694768,110.62291658054626,187.29716496082193,136.112195347892,0.7696564927322196,57.01299849209177,52.006922434493305,12.323546350122937,1.5132816040199688,2.060437305347119,0.9075938502272946,4.170923059636039,5.541285099495898
2023-08-18 04:18:01,DEV-006,生产部,正常运行,0.5496886940801639,4.292843227266202,32.80004698653186,126.58817356412807,167.34299850222382,154.47494828693232,0.8041268927124414,56.561955711776314,44.726806828574674,12.199955854975345,1.8123781727395438,1.6160786091855073,0.7444404197583933,5.138221842700107,6.899030733545921
2023-04-15 01:14:22,DEV-008,维修部,润滑系统异常,0.787380756388673,5.549303524323314,51.22763882496044,112.5438480750822,182.63737375091162,144.11520367632653,0.7446909033570112,55.056356076695984,44.701964959863076,12.070110547077006,2.7383082562837577,2.0804136641686557,0.7199575851535329,4.2381527682783835,6.115919555221231
2023-12-12 04:18:05,DEV-074,研发部,正常运行,0.5498377522943989,4.215952826899996,32.958632047432246,122.78151637840918,167.4079618306229,152.62866273001805,0.8480705062806924,59.558509432082374,50.10345388313386,11.556882319863451,2.176904812077453,1.9814604004423113,0.9160646361111299,5.287201651299215,6.059944275786599
2023-12-04 17:52:30,DEV-077,研发部,正常运行,0.5412615125055902,4.290867675790203,33.58308957944453,124.48485831207113,169.5525669902466,156.4768666823652,0.7832387325328253,57.66181386277399,55.45104931586575,11.298782497346812,2.1866946988559457,2.562357242729162,0.8838618293444979,3.2348500654850785,7.308311030642258
2023-02-15 16:35:27,DEV-077,维修部,正常运行,0.4912821599533289,5.156339254391052,42.24149612200005,111.08027023124221,178.16971123671289,143.00187484580798,0.8243782607520738,58.12696174341389,51.49397291974315,13.86697979143928,1.8726904390277193,1.884454533041067,0.966096581059231,4.128303397669461,4.5941347825834375
2023-11-04 02:43:57,DEV-044,维修部,润滑系统异常,0.79095477888613,5.598605437756627,50.8770039941561,111.82592701009591,192.5625855678032,143.66168827782496,0.8824160508571925,57.19693988359862,51.775533942812636,9.87500212941258,2.727270923117491,2.4044360790037405,0.8511376683210711,3.838213893772802,6.815466950051914
2023-11-27 06:56:12,DEV-032,生产部,传动系统异常,0.7207624557977221,5.6284423938912145,40.49365553062504,106.79880937592941,189.05212096540671,146.2069464476547,0.7569411660252775,54.72538725499395,48.185707422169216,11.547275909934388,1.7523000170576815,1.9666595811270016,0.6865822605739521,5.4793869439444265,4.996730121514837
2023-11-13 01:28:27,DEV-072,研发部,正常运行,0.5439071870035362,4.291511289317864,33.26099768510235,123.59876121896295,173.23855059007846,153.8750612007661,0.768890372630998,57.084831130258145,50.62786230200645,13.374402277861261,1.6917038655722387,2.3178787620018,0.6648486441252821,4.9275148333147065,6.412127629286203
2023-06-12 06:44:08,DEV-055,研发部,正常运行,0.5521721724822395,4.332643534522572,33.248380595164576,126.02393493420132,168.7828914187147,155.46910065688462,0.8094535951268258,60.74228489854967,47.33542054668114,10.399941178950717,1.9842319691301689,1.9224206663431207,0.7757085279237526,5.078307828700098,4.673858177726013
2023-07-27 17:50:05,DEV-001,生产部,润滑系统异常,0.7742529776692689,5.640957312618622,53.14326579942475,111.13433265620374,186.36872376936668,146.54903813406742,0.83549965360929,53.37339104517258,50.93521472484515,12.329614736942563,2.865042684058873,2.002787265836254,0.7893268612167874,5.416676078514087,4.164428991541484
2023-01-19 11:39:14,DEV-017,生产部,正常运行,0.5523006304256813,4.304775075237869,33.07582207665595,127.39165403838624,171.85754030387932,152.55884860971287,0.8173418340370304,52.50108595278644,49.32926193339107,11.711501942387084,1.9148331492041823,1.6499193422706888,0.6981119699247279,5.761828820415051,4.989749906465748
2023-04-14 10:37:09,DEV-033,研发部,散热系统故障,0.8594933554258861,5.745099950502825,47.45712065263427,107.5364632087513,188.41528769335983,143.68147669694014,0.7541749336983344,59.84724351284441,51.758410129431944,12.709974590210923,2.086258909881749,1.8883500071600043,0.942995330671211,4.10288901986592,4.924276640251767
2023-01-08 02:05:12,DEV-005,生产部,正常运行,0.5403051321793095,4.2295357515735095,32.6850227026968,126.30724538573398,170.06794442901472,154.72465082190516,0.7420110938612656,59.21495612365928,48.557807347241045,12.35685633930311,2.2121366567718868,1.9952958813568475,1.0502971776514032,4.016977580666556,6.849419108148676
2023-03-31 13:21:39,DEV-034,研发部,正常运行,0.5533495232077493,4.26661873568362,32.66865070174115,122.78319295045335,167.49724183518725,157.53067000428808,0.7703165285969205,64.22878420581048,44.33176358004069,11.533362877202913,2.0525639905363793,1.8810794121740455,0.7614537654240979,4.562496989513506,3.9474660003415885
2023-01-12 09:28:48,DEV-030,研发部,散热系统故障,0.8599422679998614,5.6761085255382,49.24601542939148,106.60468292895007,186.73704202411733,140.896747721592,0.7543753799993546,62.87466875395102,47.09325560995758,12.605711609099139,1.8760215198446173,2.711675749440225,0.8068448923165111,2.7153916811810137,6.041253703724884
2023-10-03 00:38:24,DEV-039,质检部,正常运行,0.6495391771485842,4.831910670583773,38.11990737264269,117.70495520895399,175.27786111030437,147.6477295818876,0.7304383152473183,57.30888776845065,41.186181700723004,10.034197108079942,1.9475947182362459,1.6342968729539922,0.7625529553690451,4.5924358724345185,6.7248084382477495
2023-09-29 00:45:19,DEV-032,维修部,正常运行,0.5038512798302867,5.147510392345496,41.47079949180333,110.79204713214318,178.29766000213573,143.4350642497372,0.7992922944740181,60.242271483885126,43.66999795924397,12.031069551568374,2.2164910988389543,2.1544809229310578,0.6371505867176145,4.347123043377047,5.6945931614138745
2023-04-16 06:25:40,DEV-048,生产部,电力供应故障,0.41687276248812066,4.909510510586908,35.7035239791828,112.64448255123902,173.43996636285578,131.09608668200414,0.7023338424715376,56.949836717410896,51.391981296219384,8.647922743094929,1.8058744866313894,1.847986511675697,0.8505028297758125,6.0268415419167605,5.495179075623501
2023-01-14 18:20:24,DEV-091,生产部,润滑系统异常,0.78114929242298,5.441160510257876,50.65951289156037,112.23919395239643,185.5949726792188,145.64300022073974,0.7128122088292406,51.21295829412649,51.746413682594586,12.321117090229235,2.8235882461206208,1.9293401834702242,0.6847387297500459,5.2368405334288255,4.016156828810163
2023-04-05 22:33:29,DEV-081,维修部,润滑系统异常,0.8010366662795685,5.603113271886796,52.04877900452048,110.16925610109035,183.61903766607213,151.14816646938692,0.7606320671081623,57.701902659797675,53.85162336599986,9.697103134675405,2.7301936055544997,1.8167225889347915,0.9280583809813796,4.616598589660423,7.295421732270803
2023-05-04 22:25:29,DEV-081,质检部,正常运行,0.6393363058680013,4.8632496776037755,37.3307009166374,116.4395638729859,177.0708286126531,147.00687570376954,0.8071014408754198,61.749156283134774,51.90975521734877,11.991353267863488,2.541177975654398,1.5141419168245658,0.6511167006845144,5.01484675863928,5.538129294746706
2023-03-25 18:27:15,DEV-075,质检部,正常运行,0.6525343724284302,4.854495850256422,37.97097382380246,115.83235938075647,172.6479963669265,149.63164329893723,0.7814661176411597,56.71069044109689,58.790402097081895,13.624768404229043,1.9532089453170767,2.1489421274788483,0.6001781530075858,3.8715650236952923,5.516807512698795
2023-06-15 10:20:11,DEV-092,质检部,正常运行,0.6594372467106357,4.790175685090684,37.33554338095802,117.88699739204942,176.32470813973416,150.64625884936203,0.6580494792130032,56.409016500152944,48.17633816318542,10.989793413614759,2.5712698304964294,2.2159336638808735,0.8561127540774098,4.9954909915096,5.328114641663104
2023-05-18 12:24:09,DEV-070,质检部,正常运行,0.6399026808599975,4.856806138515709,38.097850881984456,119.39639103316476,172.58438358257226,150.23014294080465,0.7341330956180415,59.61083652801737,48.9285797685461,11.940452140294475,1.8644225196468969,1.830544368912516,0.9344319696049171,3.178345805393059,5.719155002349824
2023-05-12 19:13:32,DEV-015,研发部,正常运行,0.5502799806737592,4.289402216565291,33.65506621821284,123.6458597560708,170.3187565679571,156.05818825737043,0.7397551159148505,59.960068709231365,51.113007152437866,12.122182919057765,1.890027233467694,1.8935285261142367,0.8671604083212516,6.205022357045549,7.5951693800252436
2023-11-10 06:23:25,DEV-072,生产部,散热系统故障,0.8371679335762011,5.716825847762063,48.74090527241622,106.97970627401891,180.02053636962415,138.68688920151783,0.6666416551370655,53.918489725547985,45.77300695550262,14.208693171201123,1.9804000978576508,2.2380798630510297,0.7110421683793571,5.111003451976419,5.130192582876642
2023-02-18 18:19:36,DEV-047,研发部,电力供应故障,0.41730660870621394,4.813978817646931,35.77325424884367,115.46854125554862,171.9751212146105,137.3307352619532,0.7036105484835388,58.077549054655826,53.41782284752531,8.311487176717913,2.102139953428157,2.49480502836774,0.7413873368737119,4.68400204678484,3.9933880555414967
2023-12-07 08:30:36,DEV-073,研发部,润滑系统异常,0.7952852362674485,5.4525300068244835,53.12139162546423,111.72623217191352,187.84447992597845,146.7911813112002,0.7798257937211911,56.70009367799741,61.05203375977114,12.830178377911235,2.8562458723723045,2.0910138177136743,0.7930553716154451,5.968778056411754,6.25691592427434
2023-06-30 12:12:29,DEV-011,生产部,正常运行,0.5475321739781726,4.352208477427568,33.53034171768102,123.51736371248798,167.05542056177185,157.3395728094236,0.748866111807,55.772908966799804,50.59186280451536,10.246473315374276,2.1614409372830234,1.8018579476122283,0.7774701060860651,5.709474088174588,7.335624803466834
2023-05-31 21:37:07,DEV-055,维修部,电力供应故障,0.4217507444315908,4.866149429347878,35.34679584148727,116.14466313433688,169.39858272596769,131.79057059209848,0.7231153678802927,55.82541729929482,50.09408737545386,8.654623589256685,2.1617041192754023,1.765255894074876,0.6763068556398915,5.186839875096419,7.10470773757858
2023-03-29 19:46:32,DEV-096,质检部,正常运行,0.641572304914221,4.852746929914475,38.021063186089066,115.68987681949537,176.21461569230476,149.542141071963,0.7299099837334252,58.30874709003357,49.73688942887885,11.148431294346002,1.7494717361332268,2.656449706172695,0.8672724740247172,4.950935866618859,4.6009401643983
2023-03-31 21:38:49,DEV-013,维修部,润滑系统异常,0.7616311450339515,5.6359829917363085,52.09679392620609,110.600521973933,188.38086766004656,143.10076728376458,0.7096565740621136,56.030694831203,46.00959788357503,14.266940649644367,2.883315470407952,2.5586245654969364,0.8799261107249331,6.38141018241526,6.589804040182759
2023-11-01 16:23:52,DEV-068,生产部,正常运行,0.5503865338212471,4.349098426601082,32.770052561064226,126.5757115859382,169.33146527984724,155.3647532007535,0.7059048256637414,60.81445455467996,51.12360468419161,12.004276847971802,1.3857591078917249,1.7596935626634433,0.6651468674722149,5.383900271659418,7.408184881046068
2023-03-26 16:44:29,DEV-033,质检部,正常运行,0.6524155388765369,4.850057208550975,38.16310928924034,118.54570331631508,177.02453713999316,152.69452089491625,0.7074421560390303,57.792736777802254,50.113401476611806,13.32356721974915,2.255829857390067,1.9645343601380794,0.965566472950279,4.540611846968985,4.814951922095792
2023-03-20 01:51:56,DEV-082,生产部,正常运行,0.5414532178961305,4.234010518397986,33.592129744315564,123.56781504228938,172.14828993894943,153.42957352510518,0.7575377861545642,59.33929554372895,47.53286228810024,11.08565208025967,2.041558426321541,2.1502116242397644,0.7724793457861139,3.9795331202370776,6.343761297970437
2023-04-10 18:58:42,DEV-076,生产部,正常运行,0.5394123054904217,4.217717731453209,33.512569155754804,123.01286219359824,173.39856772832565,152.91942019136994,0.7478433246788591,59.489292946626655,45.828330175095395,11.508642738462514,1.741453510645265,1.488626405389862,0.904052669429503,4.609551463689535,7.634590370035251
2023-09-29 16:41:55,DEV-045,生产部,润滑系统异常,0.7985700990297948,5.504677607620062,50.800571117010975,110.44104195188842,188.19694035301453,150.40249058614904,0.7229397814411215,55.55565311201578,54.96243762123097,12.404600439572068,2.791782430784266,1.9071438559762892,0.7674958744497802,5.037089199386875,4.89402988194207
2023-09-16 16:22:29,DEV-082,研发部,正常运行,0.5563944991221489,4.302252382255014,33.047846724226844,123.48917358610942,168.26422640840818,157.51064773580413,0.8212147318301941,54.18056115926692,50.64464339062142,10.687862170218086,2.467206808546297,1.926713415685561,0.6584848120086839,4.9855454022517005,5.5383250100999355
2023-07-11 18:51:56,DEV-099,生产部,正常运行,0.5444839770338805,4.252555192235459,32.408283479944906,123.47030634050083,169.1400947433297,154.4139122354074,0.7604180561186173,58.515689504059026,50.27117966496066,14.125512945848042,2.1531098408746128,1.8492171404619595,0.7440413281583199,5.450376998490862,5.5694059540081255
2023-12-10 17:08:29,DEV-025,生产部,正常运行,0.5591976841483813,4.262166420682684,33.47301101337484,123.96109115230949,172.7932370991786,156.57456380230005,0.7118048250038671,61.55848008352446,51.019352531704136,13.614854472447485,1.9735857723359762,1.8938703142715303,0.6973646473749088,4.186086465423325,6.824685740870084
2023-05-19 04:19:40,DEV-020,生产部,散热系统故障,0.8727947405306798,5.950427501916629,46.67175271639023,108.67619212325006,186.58979867355077,138.27854734581862,0.7984404936515889,56.05240013093189,43.21158538757081,10.361689622628216,1.6078666295095523,2.1427262294504352,0.8731031746601383,6.6684202364079095,6.98417690049105
2023-01-27 00:45:55,DEV-012,生产部,散热系统故障,0.8374917201124348,5.774911628825306,47.00767998606295,111.10868243721539,181.91854038848405,141.49403117635302,0.7307213358652569,57.98243054917388,51.97377726790759,12.491451772755081,1.7157727859999135,1.9113659469991948,0.9768902997429211,4.174759242752478,7.251034517202028
2023-10-02 05:43:37,DEV-099,维修部,散热系统故障,0.8330290425685406,5.7984994748836005,47.94661896432052,107.41769221350323,185.32586522518287,137.7504411795529,0.7555598553280451,55.754433416625496,43.84683113355791,11.874997537503713,1.564853953326287,2.516649067899433,0.7255129998678163,4.918934308138734,6.312247604867405
2023-11-26 06:05:49,DEV-063,维修部,传动系统异常,0.7049907253749772,5.526258167043404,40.995779609623085,102.96194034223565,191.32853287362676,144.00196302410123,0.8022016180644067,57.28056891487102,50.439830099104796,11.364342657420396,1.701877256237216,1.7491230885716427,0.8706184391842096,5.031314724897514,5.627513322996626
2023-03-03 11:33:16,DEV-067,生产部,正常运行,0.5562062269606504,4.3056458761457685,33.16476654756334,127.4404332836828,169.581248279973,152.31077912111604,0.7853105078249304,58.87949286593101,49.496299589509164,10.452779839839257,2.2354927055743103,1.9978895818309463,0.7040736906354222,4.982500961202219,6.401412553155369
2023-12-17 10:42:57,DEV-070,质检部,正常运行,0.6414690814870839,4.869915201760282,38.04108432880498,118.97154957217889,174.11143768363146,150.19491349751306,0.8183973289980442,53.60042229475983,51.69412450988403,12.472152894037018,2.07073837797858,1.9381533258911037,0.8323062823874682,4.935233103996519,5.336109851350207
2023-01-04 02:46:51,DEV-042,维修部,正常运行,0.5053719278898055,5.174423562502325,42.68741738508334,113.29654762648046,181.8043010100527,147.73145364530313,0.7805558967990905,59.48632719798201,51.13401179846878,11.416470158135759,1.8525411469223725,2.2223081245917506,0.7212272032934902,4.935823395137092,5.2865654302631535
2023-05-31 20:21:51,DEV-039,生产部,散热系统故障,0.8357352281826793,5.950022390023263,48.681469313414574,104.88247671310758,182.11225895099557,139.26903322196014,0.7830452205533885,60.25295459287869,49.871942966190296,12.829475765660305,1.898147807085924,2.373457855898085,0.8360804316038581,6.862740331428414,6.5427091199402065
2023-08-24 06:14:51,DEV-085,维修部,润滑系统异常,0.7649829576101598,5.673541771668659,52.89022457844153,111.55176224747991,186.18590083801976,148.79762463131107,0.7824935370930621,57.38743458530997,43.99854660633774,11.801652701161562,2.7954596690026996,1.8064128838613756,0.6945269300409591,4.719092315104316,5.337186891570022
2023-11-08 21:19:51,DEV-045,生产部,润滑系统异常,0.7610265916400886,5.522141746973745,51.390747003634615,108.90547879315739,191.79204279271633,149.34152260077823,0.7345706384273797,60.8797090811692,49.800585291918686,11.275270592396597,2.799346570665733,1.4929617763112792,0.7393116481518124,3.9192385163805015,5.2924717884094985
2023-01-22 21:03:36,DEV-002,维修部,传动系统异常,0.6922434019949867,5.632372440664332,40.86001658444422,106.32065263021411,187.61149993815556,147.02503229611497,0.7546275952427078,53.92660092540746,52.60834950272434,12.550428404247203,1.9147134147064726,1.8997807769659678,0.7502657840111676,6.551755170679512,5.374426445638822
2023-08-24 23:54:25,DEV-027,维修部,润滑系统异常,0.7656768032972096,5.546855202646592,50.46410254606446,109.49330039003142,185.4448778881033,149.55815213740505,0.720928415153137,54.69758422513929,42.0179163564702,13.505462426025858,2.829368473102185,2.648930728566912,0.6178293901660539,4.4210074567239515,7.618628903321402
2023-10-30 12:15:22,DEV-024,质检部,传动系统异常,0.6955037976771583,5.644076489203039,40.335891012038836,107.12613156378966,191.3724545200061,146.37084665374553,0.7602401316500892,52.083975215357015,55.60627252789076,11.272239615893303,1.9235425541405722,2.020928196379584,0.5888442649231559,3.9388241315150396,8.895227827538296
2023-08-18 02:01:14,DEV-097,质检部,正常运行,0.6581946860312171,4.891940354914221,38.577982695388165,116.9613041961458,172.24169137940834,147.67344643194954,0.7921963782531101,57.699004442690686,40.516342072162324,12.454053030617299,1.6768843522114274,2.167048189609153,0.7866462051049447,5.320222300451044,7.718413492633639
2023-04-11 23:49:40,DEV-003,研发部,正常运行,0.5553822613010228,4.368606355627741,32.68348899066881,125.643865596257,166.88790143968035,154.29669972449534,0.7763187637739312,53.013534806378935,55.77621674014618,13.200332592004608,1.953496957357635,2.8805269988792572,0.8821591126654736,4.999864766111152,6.941802846078003
2023-10-15 15:47:11,DEV-002,维修部,正常运行,0.4992765946363326,5.257164175464162,41.72671361225374,112.59631856577543,176.7615344744945,145.63039481107003,0.6557883341058809,54.89109922829977,47.71711587336634,9.984073488457819,1.5802475629240142,2.1374214422620677,1.0130357471785678,4.947349832964962,8.755366573888695
2023-01-01 07:53:46,DEV-039,生产部,散热系统故障,0.8587670367811705,5.67010148383534,48.32215104063824,108.63335570711126,181.08274397050516,139.1942938396746,0.8823482470630631,57.5969591662241,51.29148315393234,10.093622518972843,1.8868165999755897,2.1625685313475924,0.7324069341600424,6.403651474918364,4.444146589037749
2023-04-04 01:48:33,DEV-019,质检部,电力供应故障,0.425161977370486,4.93803801254183,34.52519612653698,115.37059848962501,169.36337318518255,135.7195753252559,0.6914686627576215,61.35228313343952,49.5237923379323,8.46528665630324,1.9992492431518645,1.7045508513477385,0.6719824691545697,6.099711909812343,4.567317318109602
2023-12-11 18:11:04,DEV-076,生产部,正常运行,0.5401581264777976,4.224201129905788,32.743030186723914,126.98285762484639,170.96147409131856,156.6748140099593,0.711290145081421,53.650554546572934,56.73209340703055,11.106575131071423,2.0088391541960076,2.447256313674411,0.6914065102095116,6.326615494916147,6.582059212397961
2023-02-14 04:14:08,DEV-038,维修部,正常运行,0.49298798776907543,5.202076896497208,41.93377868516704,113.79540552777928,183.09603872009572,144.3246908678423,0.6767183452552209,54.883645362959406,43.088832617431265,12.335191009921104,2.07982604108863,2.1050052632420075,0.7253352816933422,4.125840633665056,6.1552391781383475
2023-08-07 15:24:32,DEV-020,质检部,润滑系统异常,0.7686944288065238,5.61987726704389,52.91272447172347,108.71254801220653,183.63796952030773,147.7412343017626,0.6968325208427546,58.48179371133559,47.793308932846294,13.78354718317331,2.8228195389070696,1.8739773750915891,0.6544242772248975,3.526692427049541,5.16278202330391
2023-02-18 16:10:19,DEV-097,质检部,正常运行,0.6545923265129638,4.744889366400275,37.787336945636596,117.89257220909816,175.73237340541579,151.01197853887012,0.7903514326961016,56.12481850499119,53.49066160876207,12.60669170077108,1.8276930772389093,1.6783604085104122,0.6740565172443281,5.8389633945072354,5.201962744757797
2023-04-29 05:29:03,DEV-004,维修部,润滑系统异常,0.7761330015758445,5.701783757848214,53.16778900840829,113.2855958802085,183.12926753642714,149.61337711960044,0.7001344942662178,64.01613454189297,50.337272687606955,13.244170276864518,2.7277077324696974,2.5407419706995205,0.7193966908912836,5.640251260064757,5.807405791525647
2023-04-07 21:26:17,DEV-032,研发部,散热系统故障,0.8727816274446166,5.937951806399193,47.23823218124948,106.4626833595935,190.34396260067,137.7871098964041,0.8077481157931281,57.92782381022875,48.32574960295997,11.144022223330417,1.740281158137262,1.9868059987595497,1.0515603304869505,4.045310520035577,5.672659532862129
2023-03-24 11:06:58,DEV-090,研发部,电力供应故障,0.4094584439931734,4.95229640553221,35.857205621148395,112.786512114139,169.2870543144515,134.40632479765353,0.7830451205654008,53.54800474047917,59.51424717883643,8.39520008377491,2.4715851228932677,1.8122022808029958,0.7112344229350464,5.7068851129435005,5.446149903369026
2023-12-21 23:06:08,DEV-003,生产部,正常运行,0.5410112838199771,4.321617288908953,33.06670181838702,124.53682762106416,170.14536374602145,157.45876288250787,0.7871306155274552,58.279554898447195,56.93287101923298,11.752265173722492,1.8336163960236573,1.741744621234201,0.8436264854589336,3.544585574240134,5.259395010054497
2023-07-24 19:39:14,DEV-041,维修部,传动系统异常,0.7137925697295467,5.4006351854718355,39.88669454352776,102.98877939469531,184.46715662719038,151.33358437766498,0.696211669655709,57.88219063319036,44.67779278490813,13.08417285641994,2.195746868653984,2.147138364808283,0.7484062206932253,4.2940929266316585,6.0293194104889745
2023-02-01 16:14:03,DEV-038,维修部,润滑系统异常,0.7896058373117859,5.715114658945301,51.72476737336415,108.8027051879672,189.04723820970963,148.7243061847026,0.6917228408083529,48.7224776115821,58.779818836431296,11.679148020630889,2.811466074735047,1.6634279504494602,0.6333579525080724,6.35675407955626,5.005495972988617
2023-02-07 07:12:59,DEV-010,生产部,正常运行,0.5606820778875719,4.2466462808906185,33.171529988121804,125.1775970995547,167.649739740437,152.94023417784743,0.6478679392855686,56.49604358805991,47.98218960263964,11.457600298821337,1.38102999996439,2.172929139477607,0.7221066661363251,5.81195823245633,4.9813186463911485
2023-08-22 01:31:29,DEV-085,质检部,正常运行,0.6575748530835519,4.767959493934718,37.51451580954581,116.95940531567182,173.82845372836354,150.34159901284227,0.7148233636211688,56.25438876163935,44.96577164616265,12.656864941809095,2.200909263018129,2.142106267532979,0.6715224292072871,4.536068667965351,6.810566219904685
2023-04-05 01:37:53,DEV-093,维修部,正常运行,0.504871362355814,5.275122478642678,41.20881919040202,110.5832388915124,181.01211674882444,144.06155866157115,0.6374935694404216,61.11471178514422,42.10362718598489,12.149754817719138,1.8704487579475226,2.2529076208431036,0.7953661606609012,3.300601030465658,7.909054277643009
2023-10-05 17:02:34,DEV-096,研发部,正常运行,0.5409547326715716,4.298380427291975,33.15894697462186,122.85054819636422,168.00728143325068,153.97932056625305,0.7538873321602781,50.924844603749044,52.171923116058394,11.921330252202296,2.3838461816979577,1.6607618281640935,0.8269336056728241,5.370820032836089,7.117018231358615
2023-03-03 08:24:22,DEV-033,质检部,正常运行,0.660241133830777,4.870228631492366,37.90638218518609,117.43899644818286,178.02968410479178,151.29098840723063,0.6845640300798898,55.089927552127364,50.82483311106392,11.482832273739566,1.924869503231868,1.7088421738209303,0.6938429174392301,4.430893933351172,7.0904568330127
2023-05-31 12:46:39,DEV-047,质检部,散热系统故障,0.8440402124687102,5.9168123967375585,46.71072543054646,107.87735402941965,183.53809138014597,137.52075584377957,0.7874112577569653,58.07868165640819,51.812601685248914,12.344571100523533,1.6783512596436339,2.0329535974404327,0.7309645096791137,5.529040027347891,5.407248283373707
2023-05-09 12:06:08,DEV-040,研发部,散热系统故障,0.8450747782264931,5.645967199951151,48.46842674531963,109.71364770436826,180.2580968041721,142.27564183179382,0.765787629869104,52.32835810606618,58.046292999280865,11.616063602573556,1.3488000070983306,1.8145646166758846,0.8541220211123124,4.86241076140941,6.089422122327753
2023-05-11 12:41:39,DEV-031,生产部,散热系统故障,0.8425866066602934,5.937299175717133,48.02196113882549,109.18052030378337,190.2865323148641,142.37968889389586,0.6998510360348229,56.61971147040288,52.128645865315974,11.501744224073532,1.8390061826319517,2.0452059306722608,0.7297485597651423,3.463694323069738,6.580186219176199
2023-08-04 13:29:33,DEV-077,质检部,正常运行,0.6572587134602312,4.782921522205029,37.37967784183699,118.55926227096653,175.39926292450897,152.72162118928713,0.743953146841834,50.7264990476952,48.30392947379329,11.617830324621563,2.063766253601251,2.3570738841012995,0.6668690843018428,6.641836828245569,7.8630519206083465
2023-06-19 12:29:36,DEV-038,生产部,传动系统异常,0.7077013944556405,5.616653615712215,39.723314708103665,105.15625283667909,185.05054575784357,146.98055299026416,0.7030956449259483,59.138459340083244,62.048986097253724,12.75056336151492,2.2702935635209673,1.5540513436821908,0.7873841205907426,5.7154952793954115,7.0812745033112865
2023-09-01 13:33:11,DEV-049,维修部,正常运行,0.5031463765031254,5.18433323458304,41.41697594261765,113.37268463022465,180.07377911858265,147.76906524179864,0.6003428865854086,52.75000212833252,46.53090150205281,11.300406438809214,2.3575626801723324,2.1809270486622045,0.9322215407948238,5.540567935461359,5.681258732364477
2023-03-28 00:54:57,DEV-048,质检部,电力供应故障,0.43209982225622345,4.948078148991186,34.71186870393948,114.67579774854471,171.3732427757111,134.08776161233808,0.7548607297284939,58.11791883995057,51.22374069133101,8.417505065063306,1.9255009250791468,1.9262862753670094,0.8784148437159615,4.78852813591937,6.574246378935621
2023-01-17 23:10:53,DEV-034,质检部,正常运行,0.6384876806803382,4.83037416937139,38.074544114849836,116.16504904215614,174.0517725458273,148.07197923198723,0.736870918277198,57.23972218074541,57.80093353370415,13.465235520841345,2.033030580023396,2.7437212777222744,0.9355858072943095,4.385294931099506,5.024229370372228
2023-08-23 03:49:24,DEV-009,生产部,正常运行,0.5513180570973845,4.3848254263093756,32.9011356969617,123.37971638662493,169.80915835894692,153.35827095720595,0.7475650991020303,57.01015226737645,47.18735964132672,12.465907448439866,1.6817175437463245,2.262334354478469,0.8179188421191893,4.022797054576603,5.74316116883003
2023-08-05 19:21:35,DEV-096,生产部,正常运行,0.540892400126401,4.219233708134319,33.140550758544094,124.15530663297447,169.44197640709623,154.41540564968165,0.7193061151717286,54.24454306032895,50.74030099234764,11.115834064444295,1.9381358534102366,2.4407821861702095,0.9172321510048413,6.183212772838836,6.872902680954207
2023-10-10 20:56:09,DEV-006,质检部,传动系统异常,0.6806426277024853,5.4310354511094685,38.923627581121444,105.43937194055684,185.62468714974403,147.81574138727265,0.7262284403899076,55.35820424423522,47.60700793590328,11.94975074824748,1.9825338016139475,2.0726355205434603,0.6909369773136049,4.739811273465307,5.626913377103478
2023-10-28 17:22:13,DEV-008,生产部,电力供应故障,0.42163579562819836,4.798457011007644,34.7627380544987,112.24398251178437,171.96419360934584,138.62413785648488,0.8151763979288514,61.33085052905294,49.85175356842596,8.41785617419705,2.5725432261118746,1.9129999753998332,0.7992086166418991,5.247452585410192,6.419240626491043
2023-11-03 03:29:55,DEV-082,生产部,传动系统异常,0.7116643553742407,5.608036395011812,39.19754154368202,105.23116633946115,185.25388772839452,150.70655602638436,0.7854103485581131,53.928976871168906,54.03111113508093,12.978317789891474,1.4523679628207171,1.6841173721067655,0.770025165714678,4.51414078124106,4.95646563443962
2023-05-12 05:28:46,DEV-097,维修部,正常运行,0.4981127890097105,5.164701489577371,42.62543525335539,113.86965596225515,183.22550077799661,143.6807930893949,0.7389738162000691,59.443878415215565,52.03598127243883,13.210069995283723,1.618111406731805,2.2114165222820517,0.7810397607667937,6.793293600809941,4.881173089941808
2023-08-29 18:43:23,DEV-073,研发部,散热系统故障,0.8334045658717533,5.896861049514551,47.27792372592159,106.62162290946866,183.26538415279197,137.08312151143616,0.7382648254208088,54.25077695198331,53.81039232414609,12.518126972767421,2.387660053426881,2.0200315131542728,0.7881822660773801,4.91806968367153,5.944494544886786
2023-06-04 02:07:25,DEV-090,质检部,正常运行,0.6592757457410799,4.8027889757220885,38.62208163328345,116.84238257744697,175.81669023413042,150.01939064312327,0.8116363411971522,56.81578042061382,46.57238187084711,13.075353216692488,2.377518089090032,2.0811474284669123,0.884346966902418,4.748683800058686,5.94986797004485
2023-01-30 17:37:38,DEV-090,生产部,正常运行,0.541057287461499,4.309160580191851,33.25810124803562,123.88190410553135,170.47529986635806,156.3345402412358,0.8424381850119752,56.11770895998221,47.42936537709026,10.679146905208256,2.3663276510725155,2.3573993630015004,0.6131928808236258,5.538540140036324,5.93329593579739
2023-09-04 16:38:41,DEV-044,生产部,电力供应故障,0.4185976047653357,5.043707257223516,34.3239606431945,113.97119204954046,167.01150612839842,131.3578666023818,0.719085773667976,55.82168611727446,51.103922041314334,8.42570162761816,2.06350877961422,2.05539910266199,0.6982850216195421,4.308414975545932,4.51775643778314
2023-08-28 14:38:29,DEV-014,研发部,散热系统故障,0.8598661261384133,5.743008087265568,48.36136354583983,106.33960738458798,182.4135745836683,136.43189494794544,0.8070530128189072,60.89319993193231,52.400860993927324,11.14559243346963,1.9833804490102314,1.9226924245267616,0.815451242132884,5.890494691658291,6.797190767606273
2023-01-14 16:22:39,DEV-097,质检部,正常运行,0.6387519833273739,4.736166441786754,38.488605676498814,117.22023495339567,176.44142677418793,151.19894240006298,0.809387106662895,53.42572614636864,49.69271353660145,11.318686841722045,1.6769602306161562,1.939517564060408,0.9001211737635105,4.926393604517443,7.373539494579664
2023-08-05 08:26:36,DEV-008,质检部,正常运行,0.6373004633063688,4.8382346553025535,37.66451699360713,117.21685238691961,175.32761418140157,147.6144787387608,0.7072124389510175,60.49158868760666,51.357326129359706,12.92012315903343,2.0058327850753774,2.4221987031808476,0.7528560191008795,4.823464892656317,6.701658496716171
2023-06-25 17:55:40,DEV-059,维修部,润滑系统异常,0.770275305475372,5.644223874270647,50.822914342777985,108.14658522972839,187.209291148584,144.2006150533105,0.8086938906294946,53.3451567106802,48.232664814792834,13.186474518715327,2.759230584126763,2.8265983132904613,0.96605530406726,6.811203620917952,5.392121849328765
2023-02-03 17:06:50,DEV-047,生产部,传动系统异常,0.6924073594371962,5.631843424087741,40.39201896918479,103.16530725926455,192.84582998718085,143.90201845968335,0.7602484908555782,59.93195312941751,50.15808113678782,11.985012112999113,2.388152809818584,2.315842883740898,0.8394921134562106,5.461674291778454,6.427400960722498
2023-04-01 03:36:50,DEV-009,生产部,传动系统异常,0.7067585938759401,5.664127703730012,40.94362803205509,102.76495166847904,188.8501549952682,144.73160486466236,0.7214995774348928,59.72099031729166,51.068719047676346,11.372099806580712,1.72642401606936,2.161643430637534,0.8466020727319613,4.442538935943076,6.628027933637474
2023-06-11 01:23:44,DEV-028,维修部,正常运行,0.4926306684462809,5.24671638629698,41.8434848244905,110.38979732227892,181.73948433689506,142.69950071378406,0.7882640132086937,56.38359000389085,45.01010892574116,10.337987330071066,2.5216718266703175,1.8737734228754594,0.6949772555427247,3.928363657599374,7.595960693091933
2023-01-02 11:30:01,DEV-064,研发部,正常运行,0.5393709831418063,4.240077029724041,32.46154625092318,123.6987208646913,167.2801230121654,156.18984216504128,0.7263541850509014,56.77162127806672,51.190578315017476,11.890279943457916,1.862959002297217,1.8839245928866377,0.9984502660265225,4.618562792967195,5.8235878850625316
2023-10-03 09:44:08,DEV-016,维修部,散热系统故障,0.8334191005732571,5.96388913000301,46.6746031483662,107.65401561720735,189.64369653249324,143.7269018237611,0.7404516185430224,58.94716763977915,54.901879522766386,12.69553938602651,1.5391879324984794,1.7191815389148566,0.9253231541256262,5.663903232770455,6.305178465079267
2023-11-10 23:55:03,DEV-057,维修部,正常运行,0.5091362934118175,5.164634778220377,42.77647232794622,113.79865661293135,178.34675929423673,146.76054230559328,0.874175600481636,58.90369241987988,38.52722366350971,10.84258505218541,1.7150079280486252,2.060056453996963,0.8413871261592254,5.358794871942609,5.880794321395419
2023-08-28 12:10:44,DEV-091,维修部,润滑系统异常,0.7953040363838044,5.734634993005411,53.05811065107868,110.28846805938588,190.30307807915284,142.62211574194637,0.8121977180296487,58.11414624429404,48.371557418936945,12.396053291772677,2.824875950363289,1.7416463045069903,0.6994012008417366,4.5032853067516205,6.178969288102937
2023-01-13 16:23:41,DEV-075,维修部,正常运行,0.5061379869583937,5.157135927626073,41.586573713445645,112.5374489857535,180.25642642949518,142.44927811378238,0.6995674324923637,66.35524052515059,50.670143239072694,11.63997286878059,1.717369136761405,1.6836025083563901,0.6244715540486396,6.653636167053215,6.813504260620229
2023-12-20 00:09:18,DEV-056,质检部,正常运行,0.6603446145095114,4.74337617113593,37.419214637856406,118.9558946403067,174.09985831603845,148.9061256164826,0.7929043164710295,51.75655856107303,51.731529780063674,9.974453297879847,1.649959768283816,2.128425393159358,0.9351230023654215,6.738154091509516,7.793651459928387
2023-07-17 07:01:27,DEV-089,维修部,正常运行,0.5011978106369157,5.197172247391525,42.00828711087019,110.55032535871693,182.2516769109937,145.24220985565788,0.7206372255838285,57.304855706389,47.763796437189804,11.177924379391232,1.9185775616890992,2.3631992634357393,0.6691726876773165,5.069309678925442,6.318459223091103
2023-05-06 23:29:37,DEV-088,研发部,正常运行,0.5502419294225556,4.227613562803353,33.115308113102145,122.65668730338363,167.32566180870495,155.30998441002163,0.8345102900588662,59.90262977139494,51.48064069779231,13.50532696055713,2.232899760084898,2.1950205199389687,0.8772161104332262,5.4923733445933784,7.019932759298309
2023-04-23 17:19:01,DEV-044,维修部,润滑系统异常,0.8028170866946321,5.748717162755851,51.5946854242625,110.5102848372878,192.386645023201,146.9527599964366,0.8054653748810751,62.50909272871172,48.39172929062694,13.810729792120052,2.8166594411106627,2.20714434842746,0.9685499461506965,4.808049871815748,4.546140812528881
2023-11-13 20:04:02,DEV-059,维修部,润滑系统异常,0.776953533237083,5.767079770848436,53.2041291870947,112.39089337206109,188.75861685737473,149.46894156246123,0.7481324044184003,59.250646847269856,43.035027282802545,10.282277447195446,2.7724287560083596,1.4454585781614808,0.8034701974846858,5.21113860533754,5.629277386634278
2023-11-29 01:32:14,DEV-035,维修部,正常运行,0.5027085584140595,5.263598895005013,42.54641775997566,113.64954977948983,179.3817469049695,146.14761349304243,0.721981394001973,61.71252590618314,50.8397067466835,12.234074835085263,2.0840759561417173,2.2924091591444338,0.8355503735073678,5.950990220124368,5.986703857000649
2023-01-29 19:08:39,DEV-072,质检部,散热系统故障,0.8646326921389488,5.904117564968659,49.43024415921801,106.32118287913352,180.12085128856202,138.17829895262778,0.6821046568807608,53.10062371052574,53.42158312380707,12.218457067295603,2.1519292220517543,2.6583325558648014,0.8287138566497669,5.666444922945647,5.774213983724438
2023-02-01 00:49:41,DEV-078,维修部,传动系统异常,0.6920992919998985,5.485802926423899,40.93477097597027,102.77847275976548,192.89824584376433,146.3732186927534,0.7213965321578857,55.814200740204114,46.910088470464395,11.361003984689564,2.4007216785970247,2.0646923529203667,0.9376270224417864,4.94048248903701,6.191663742985362
2023-08-20 20:15:30,DEV-082,维修部,正常运行,0.4975177657029154,5.178051065942568,41.93187057092206,113.27687411639002,182.8230097603697,147.64094118172278,0.8256414752142996,53.867291869477,48.67224722801391,13.063175862817362,2.109517367252258,2.260265305196008,0.6572666618747879,5.146074377319798,5.77665977166779
2023-01-20 23:29:20,DEV-089,质检部,正常运行,0.6378382496199104,4.8483275443544285,38.236307866244175,119.26373662250478,174.96151718357146,152.94827531068978,0.7704304504763753,54.03482906417739,41.6231403604586,11.905937154018511,1.836471312442384,2.5290510870050276,0.9272106488181596,3.989295665195625,6.712839013483272
2023-05-19 01:10:27,DEV-055,维修部,润滑系统异常,0.7609839209652539,5.57432777853092,53.07046729649829,110.21021354848858,187.44895823293166,145.40395501351912,0.7930204372897671,61.036189337281925,46.19431531608383,13.316776680170701,2.7423675851016087,2.2854604926604227,0.8248867241314818,5.1007236874781405,5.12936125482779
2023-12-29 04:00:46,DEV-097,研发部,润滑系统异常,0.76135240364072,5.559461047512046,52.34962594754576,112.81303146851565,192.41029361102855,144.08646572069256,0.7561578392700206,50.484726463351,51.51249297285064,13.273763404248365,2.818565326405835,1.764068410518349,0.6901576626223268,5.508625311892756,5.62268013433547
2023-02-14 18:49:03,DEV-090,维修部,润滑系统异常,0.7720877932631277,5.550925373356116,51.99600137378684,109.09167666573877,187.48244582259284,147.4145165956502,0.7186752881025414,60.38291465643844,47.5464057594702,11.349757199557189,2.737562437378138,1.621000959800628,0.7644929882461947,5.646204170712322,5.451742397648581
2023-08-18 20:00:36,DEV-092,生产部,正常运行,0.553326230779319,4.252082504484428,32.44805718780951,124.00403080542718,168.1264155121145,155.32260073020706,0.6781239164436162,58.37914708933204,52.6913538606578,13.377894714849502,2.073150838354253,1.9059839150252054,0.6819093062066138,3.9732716665651675,3.4970237403440785
2023-10-31 12:53:04,DEV-004,生产部,正常运行,0.5605404677343857,4.3164264472985225,33.296616523452975,124.72659809111876,167.0104877359024,156.8451159668367,0.6981267905630534,58.11635767402713,45.26181275635166,11.560212264261471,1.3660583111157827,2.269561894837228,0.5981776432640268,3.9540409440340927,5.998480921580986
2023-01-13 11:02:15,DEV-048,质检部,正常运行,0.6404149056717111,4.7325492116478305,37.738871967274456,117.53699832162376,174.98991755362172,150.48424122004224,0.8458920319323433,55.48507881921067,48.90687357696238,12.271096120562083,1.88290535810469,1.4501741961431047,0.6927190068188069,5.424104682721214,7.369467053825595
2023-09-14 07:10:47,DEV-008,质检部,正常运行,0.6594209214553928,4.770644752389576,38.53022266108779,119.25619293953756,172.87426738752757,147.94171848574706,0.6903975582153572,57.39134603289419,57.4424576350766,11.873887973442484,1.784377549988765,1.8323681548742898,0.797720845867591,5.5275963166152975,5.33544444865739
2023-10-09 19:39:35,DEV-030,质检部,电力供应故障,0.42070058649693687,4.8142444044561765,34.73574321003212,116.91379241888907,169.10634468566496,137.48070001506156,0.8576582744828397,58.42136046555569,56.81818302285967,8.588750193786318,2.0891708351385567,2.0290352552800206,0.8510271191366116,5.188227541749816,5.870957480552087
2023-04-08 15:39:00,DEV-021,生产部,散热系统故障,0.8708746015921568,5.844820417522103,48.542428135318886,105.11922829068591,180.26004677443552,137.30923267033884,0.7144106220626514,59.482527277109114,51.69481823616545,12.195716951862057,1.4790093187540807,1.6577488542277865,0.7703136082802763,5.210540603822014,5.194988808000125
2023-08-23 10:34:15,DEV-011,生产部,正常运行,0.5601515914698025,4.247165696569295,33.54027973707333,125.53023974637009,170.61842509785563,152.22192063038938,0.7616794393027637,60.002452241903804,52.48655052006844,11.733001373666802,1.9795370215619095,1.507924242748657,0.7013275942774123,4.523540565416348,5.5919125055539745
2023-02-04 04:29:29,DEV-014,生产部,正常运行,0.5583071624711119,4.243806307671033,32.366561874040045,124.7378188469553,173.30590915213614,155.83000966310016,0.7450514710674847,55.73473126728134,43.96114287382115,12.340053524263746,2.367880345395262,2.065883118304634,0.7687444972054025,4.501576375807914,7.122724700394498
2023-09-18 23:02:11,DEV-034,研发部,传动系统异常,0.6868739193184502,5.423367048858496,38.85416124819272,105.44945878549498,188.82131726221485,145.6680748475086,0.84992430672872,55.60916812450394,49.133602798445295,10.538980105960919,1.7744801818191753,1.8300878053043415,0.8937620132225331,7.152622454831144,6.498286115646965
2023-07-27 02:23:17,DEV-098,生产部,正常运行,0.5522847216158862,4.313177609226312,33.077571046904204,124.35584758009766,171.94237310399805,153.4673503528978,0.7476590903679727,60.264859603292585,60.09305187390241,14.317933163320324,2.429006728245468,2.453811748551328,0.7196858822021832,4.308235851056919,4.940145290619423
2023-05-12 01:34:25,DEV-090,生产部,散热系统故障,0.869997846801592,5.915504666864715,46.68498608472315,110.07929711656911,189.429912070484,136.2766923572823,0.7805698351921986,58.00704632138696,45.37661852508855,12.413596210170944,2.1943442779102504,1.8728314586221002,0.8078303281095416,4.835644480833998,6.090061132950346
2023-12-31 06:03:41,DEV-067,维修部,润滑系统异常,0.7758800326091155,5.525454049947041,52.95903183615789,107.99748461497438,189.3775651254402,147.59212230653984,0.688511767608008,56.49983404516521,51.80810837961008,10.454422014374984,2.7578143579218075,2.1950625647384987,0.5416382720299514,5.160114612847323,5.870843157657749
2023-08-18 23:56:21,DEV-070,生产部,正常运行,0.5595859686792851,4.372417914485798,32.406550447431826,123.36542286410202,167.548603205947,153.6435821934134,0.7128802522153116,61.743410849542116,55.44072456705635,11.56809166866751,1.5620396925265532,2.1696399162678097,0.7872962886250252,4.728377909596874,5.484395981833513
2023-04-26 00:26:41,DEV-048,生产部,正常运行,0.5526904102684281,4.293503726136142,33.57508685926788,124.45946960467957,169.3394870262207,155.93479501664598,0.7342914318437368,59.23599721517613,47.38326295113151,10.714165366011128,2.133616181531018,1.6577356681813893,0.8254660216253297,6.196615041431995,6.196759597532243
2023-09-07 20:13:25,DEV-055,研发部,正常运行,0.5504937711989203,4.310786412231842,32.92241530202503,125.52877651569528,172.84739603212336,154.14606214001125,0.7552951430147319,51.704291676562406,43.326497075650856,11.93683400712886,2.4650959540514163,1.6631985267365197,0.715135894299373,5.523724610200302,5.191612736698261
2023-08-24 06:29:36,DEV-049,质检部,正常运行,0.6388969051325787,4.849233510973296,37.628122022948745,116.46754656717289,175.70785674417525,151.2336156973722,0.7420952953785959,57.70521193173006,51.51599761670179,11.967770018140774,1.9731418882588851,2.1934047124853713,0.7293413955474054,4.581210630126534,4.348030756315641
2023-11-19 17:01:17,DEV-094,生产部,正常运行,0.5495816163108338,4.3715664455199965,33.099414950587004,123.17523999363901,170.3230656051247,153.02203331526837,0.7534271597960995,58.26413401949386,53.46940630233838,11.389637482618621,1.8514399458313042,2.1660096629277312,0.7262136414667257,5.12284619721407,6.99895325445202
2023-02-08 04:54:19,DEV-083,生产部,正常运行,0.5561927853516886,4.240073120847199,33.19425062068758,127.08712926402251,171.2228899663525,156.9283344736118,0.7601212178523101,57.1459764809017,46.55529752904387,13.516254935045243,1.930673101200392,2.639851356985555,0.864498099817356,4.7458674445203775,5.681219655509931
2023-10-05 10:28:31,DEV-047,质检部,正常运行,0.643824904157867,4.825738071778508,37.817414506961974,118.22831378042093,177.61903096207664,149.08545521666792,0.8034794607497521,52.21156481643033,57.74985348708346,12.862826527105254,1.7033282961132614,1.7001105694775975,0.6580867471093907,5.134281532441307,6.10103996035995
2023-11-17 05:30:34,DEV-080,质检部,电力供应故障,0.43188206299023113,4.957080234932805,34.11114214237671,112.18293281290175,176.7840682012439,138.5905638103208,0.8139669378850108,57.736702409202614,41.79257197853231,8.529496269640417,1.3699406300387384,2.1596527700693082,0.6577531744267118,4.601427271305027,6.844298607162459
2023-01-21 17:00:02,DEV-013,质检部,正常运行,0.6538432535957538,4.727600770265354,38.590761802003406,118.01455624768083,174.6454481942775,150.51518873072112,0.7623808908172804,55.73592541892605,52.12753714983296,12.518601144791562,2.118579075772854,1.8388653533688024,0.7304804051225035,4.6846814081577275,5.1314304361522645
2023-05-29 03:51:27,DEV-080,研发部,电力供应故障,0.4253366543111726,4.981588882047985,34.8582402808742,116.88430440266907,168.046349156891,135.20791761261205,0.7547613571580013,57.13657589868984,55.98950633327966,8.25616158499244,1.2523579042573563,2.2592942740432074,0.8742920524493509,4.024336813627808,4.593457775885375
2023-08-08 12:40:50,DEV-026,质检部,正常运行,0.6602348648763525,4.759971250205028,38.09532154588015,116.11073018946313,177.95368941092926,147.8446227466273,0.7460905608510211,59.39377744685797,55.087031516619426,11.707321569972985,2.4274962778717284,1.3320229726080854,1.0407863874680685,3.441164644472605,6.2576142022573595
2023-07-18 23:16:03,DEV-096,质检部,正常运行,0.6614536048767298,4.780333828048804,38.02698205280177,119.5939916998826,176.22983081927495,151.41129671544462,0.8387073194108379,58.37049860341679,49.72675159777015,12.318561564631665,2.038884589550592,2.166935937325384,0.8908996946141539,4.176895022593547,6.969986749049087
2023-02-04 13:52:54,DEV-063,研发部,正常运行,0.559162236737116,4.360162452183319,33.392969187995696,127.43394972785042,171.34058294279063,156.5565335055239,0.7503186750626067,60.34445198442072,53.92174049090487,11.971181288051232,1.965563302314047,1.515736309104912,0.5821707738215621,5.86440956712975,5.711032538702236
2023-10-14 12:15:38,DEV-030,维修部,传动系统异常,0.7202594881817845,5.651595369224915,40.68474362189557,106.97693986025942,188.9802171062782,147.13456492623817,0.7983308560611416,54.712427514519945,55.30372220757754,14.965715110854498,1.8345858419797836,1.987798915811935,0.700160144859222,5.585121105273915,5.459397079562924
2023-02-13 23:23:25,DEV-015,维修部,正常运行,0.49619359003041075,5.21090137291683,42.81983010716263,113.3142887952658,179.13913778082227,145.4399071358407,0.7855799672028149,60.11671649473665,48.30430757330596,12.095309522060665,1.9434046372125295,2.4195736161070087,0.6036212464480998,4.137340063323734,4.562659410520037
2023-03-09 10:55:49,DEV-040,质检部,正常运行,0.6449094958086229,4.872372150739917,38.07263259815355,118.3741069197954,176.13195173594968,148.80138568537726,0.7403771720034321,57.51806450359015,47.960475346420246,9.388639935369149,1.8035838897642844,1.6135879445578794,0.9434645829851588,3.55592061623445,4.151159083090056
2023-07-01 16:37:01,DEV-024,维修部,正常运行,0.4952463170033107,5.142286194759769,42.351328052569585,110.13972244027345,181.73958360439204,146.1218698836944,0.7673869587525302,60.2324465131143,54.17083492587576,12.423253222311262,2.2120282524373933,2.040200312471165,0.872793557470162,3.6784848295277284,5.2236754210641445
2023-03-05 16:40:29,DEV-008,维修部,正常运行,0.49084699494952827,5.212233984863011,42.07488111370124,110.67944799197579,181.40637172645847,146.39842084145215,0.8008444903618945,55.36383001130195,54.097565299053656,13.518565149661312,1.6101249282231311,2.118113956226672,0.708690053934314,5.202113595827109,6.085576467665212
2023-06-02 17:57:06,DEV-075,维修部,传动系统异常,0.7040776976446552,5.540583745229605,40.63679217470328,107.72969009177136,189.35113117620733,146.6864402666729,0.6642225577225557,57.13046877339146,47.728286949991165,10.819487440207473,2.206593471150863,1.7404428748736123,0.9261003026553694,4.526472104069878,6.491970498565915
2023-10-31 22:09:42,DEV-063,生产部,正常运行,0.5394314317144336,4.329475297530249,33.03056875775928,126.99319464150551,167.7178702534332,156.88547732557902,0.8122832008447473,53.20244243467715,48.09152849759678,9.796500414251296,2.4448125265571616,1.7672261219322942,0.9032552879368535,5.938851988983921,4.726528915523446
2023-06-10 18:49:11,DEV-075,生产部,正常运行,0.5513036762868656,4.266811211184267,32.468641850363035,126.98391184331525,170.67939658584262,156.2260375980213,0.7734438349712203,60.866705713881366,47.61155197828464,11.390283543185697,2.3347240731575116,2.3588810652862406,0.9981178401587018,5.947602019429985,6.6020705068455365
2023-06-02 21:42:47,DEV-091,维修部,润滑系统异常,0.7933676512451235,5.529506078158763,52.95057707496167,108.74074893367991,183.72864696077804,147.298210626303,0.6007938663782447,59.97353193042465,48.14801223914622,9.499156780277085,2.874809653779013,2.466714594279437,0.8719139176108237,4.782335506600686,7.689298691189666
2023-08-03 09:07:47,DEV-018,研发部,散热系统故障,0.8492064393556183,5.850702235689741,46.71669742410972,110.55650839333593,183.0820955265944,141.1106574444754,0.8074573052195311,62.150426920414546,53.88323008897895,13.4219166086811,1.3833272031594468,1.902108577396496,0.6471868017557098,4.209660763149795,5.209003108021723
2023-10-10 19:10:30,DEV-039,维修部,正常运行,0.5026126121196595,5.235601769487981,42.38356154264035,113.63957838035239,179.2285879898422,146.19846517059037,0.7429168611471545,60.48677664104421,55.25758801284252,11.976508034616527,1.8864958000175447,1.5764026727272342,0.7393075416698545,5.090299498359592,6.8769580421747705
2023-06-18 15:22:32,DEV-042,研发部,正常运行,0.5584300367877602,4.232767374799919,32.46636519361744,127.2018865541833,170.99214352569322,152.52567909803741,0.7435995232310147,59.07842718030499,57.935002647920385,13.317470758162171,2.178409086468179,2.7114817492123526,0.7882622455790688,7.084058299062432,6.26492574736734
2023-09-29 03:57:51,DEV-056,研发部,电力供应故障,0.4105955611478205,4.97158256831046,34.67665096860306,116.32323107588049,176.46739789971807,137.9959846387435,0.7800876762240753,62.250114547836716,54.99600098073199,8.621166376035788,1.5745266436784815,1.1869503014384097,0.8877749403961949,5.358958759865819,6.142920490862585
2023-07-30 00:12:16,DEV-035,研发部,电力供应故障,0.4244633820765446,5.0018236141195915,35.275445509849355,113.68876500325891,166.86574899596295,136.20210912679207,0.7572871856071167,55.59880363715895,51.08088292454327,8.590654531108408,2.3215244288652386,2.3475272382246435,0.7245390157154946,5.705101899610828,6.5783535736608405
2023-06-05 20:55:54,DEV-028,质检部,电力供应故障,0.4152771025122623,4.854260751635028,35.64720059239618,116.89826238766099,169.44758285652182,131.39673342191082,0.7289115185730247,55.58531434999233,54.9497384669691,8.636569742695292,1.7196637062823414,1.7528938907519245,0.6799315782640108,4.4198645743598295,5.765327148144446
2023-05-13 03:22:12,DEV-055,维修部,传动系统异常,0.682582883402981,5.541090874068609,40.88675819951408,106.67517396261145,185.64698621963004,151.98960080165722,0.7123313298357353,60.16978711945011,52.07238861291287,10.880658502968023,1.436576185877546,1.8896658476936847,0.8473052628488749,4.552527223985374,6.527552549798381
2023-11-21 17:50:37,DEV-021,维修部,传动系统异常,0.6902448939714443,5.6326395821021356,38.95323385779433,106.94799813274491,188.77253409221754,151.17158600225198,0.709908370917612,60.46536440258871,50.84667225496521,10.130530922893712,1.7780683704779656,2.24807788281521,0.8273002842877334,5.812293172500968,4.42448057196771
2023-08-01 15:16:39,DEV-054,质检部,传动系统异常,0.6831212386500034,5.60591821598615,40.34172001308189,102.53370318468349,187.10062831884608,148.3343094575653,0.7034535987670119,57.82394742633257,43.3175860863838,12.375957319266364,1.6486618324871907,2.020978636407511,0.6355914881443987,4.943175250564026,6.058635228677357
2023-12-01 23:00:06,DEV-056,质检部,电力供应故障,0.42148903521145725,4.861221460126425,35.89076130251219,117.66093887728022,173.42053458422413,137.1695959415265,0.6923329941037338,59.59375214221956,49.70922266509365,8.573742510129131,1.4024929534734725,2.1893869193436086,0.7982750653854466,4.636291666346396,6.757194884363328
2023-10-14 12:45:50,DEV-086,生产部,正常运行,0.5529535583759339,4.274871774760433,33.13638974665087,124.06000653054225,172.786800757658,157.2964828712562,0.7172305334559876,56.478648750236005,54.8985619168075,11.798313976574127,2.0771958914119755,1.9915778668541988,0.8478085759646629,4.179051130316925,5.507763670471028
2023-07-13 07:26:47,DEV-067,生产部,正常运行,0.5534410889530529,4.2422453168151035,32.41389397601743,123.10507858374325,172.9238965253121,155.32085547422523,0.8069352926878866,52.34414877340187,54.35995014205912,12.680516296006026,2.238347155189651,1.9627161728883493,0.6462782042045724,4.523659029305412,7.204236349612599
2023-09-25 04:36:49,DEV-091,生产部,正常运行,0.552980764672012,4.284777435576759,32.40415376984873,125.63359961474755,172.94460504901542,157.83686349673553,0.7706482982571279,59.61904697073223,50.968433502519275,12.278573651099185,2.1229814904367013,1.7648030976945746,0.7064745935877699,5.988369371914112,6.246559148890798
2023-10-26 13:22:01,DEV-045,生产部,正常运行,0.5514059306671275,4.25513467722534,32.50366311274681,127.18887273344482,172.05062836354594,152.04238430379127,0.7471586125539386,56.77594176379296,50.61025147085642,11.08104339096698,1.708373634384714,2.4787598541948697,0.9816426662392016,5.250028017808752,5.4806316432105175
2023-10-17 11:12:35,DEV-088,生产部,散热系统故障,0.826866669737011,5.685367707265644,47.735127058568,107.0642877559634,183.30354059293532,136.71186211020515,0.7206395336402381,62.01233434656619,43.738141791574876,11.067876259597133,2.2831817740229243,2.2413090624595573,0.8180998900426881,5.378658693961265,5.04257808920086
2023-08-05 16:27:36,DEV-016,研发部,电力供应故障,0.4229216746317118,4.881193486705189,35.75244706554099,111.6050560892363,177.1267346017967,131.48713077505812,0.6636878256177331,59.710345878122006,53.92513901404367,8.518933080057893,1.7478532180545066,1.852715555511703,0.6292935271217276,5.410281307569549,6.156146281273591
2023-07-19 21:57:06,DEV-073,生产部,正常运行,0.560079038635699,4.256592642608287,32.79942858123006,126.97777870436943,173.17303110209352,154.64932243758346,0.7299659334531666,54.1927740803139,54.22575117314159,11.655028641213079,1.8320793526455867,1.3831840954138863,0.7801488548775947,4.907810516464634,6.34989678027934
2023-09-15 17:34:35,DEV-083,质检部,散热系统故障,0.8507878883917821,5.706982816864319,47.14167326218709,111.16930824802319,190.21246921479886,139.33494771565873,0.7783842824616407,57.467035690054495,54.02660082551534,10.809693879218306,2.2179770631647195,2.660553119547051,0.7961770136448522,4.635479711925444,6.302169211817308
2023-09-30 15:14:08,DEV-080,生产部,正常运行,0.5420563062721615,4.3102077893573725,33.21806184843852,127.18532327327028,172.36135651918048,153.42367958223227,0.8066432161743217,59.48217790939194,48.84436724379373,10.678222654379042,1.4995628887822368,1.8048983591413736,0.7430134671913405,5.270381467019954,6.329908581142426
2023-01-23 23:48:36,DEV-047,维修部,正常运行,0.5042609210126864,5.234608166024267,42.78295980861618,113.1694493003235,183.24556349566564,146.17473490890188,0.7478840533750968,57.299188470661164,49.76546612641187,11.87540530284348,1.5591193171289377,1.9168173685215733,0.9138938586703629,4.87688842620775,5.49970520509628
2023-10-02 22:02:43,DEV-011,维修部,润滑系统异常,0.7844375266537825,5.627730862944922,51.017390593602315,108.25798323669541,188.9030052746938,146.13039575290765,0.6755165000371331,54.51249119609169,52.19038313079439,13.86714416587015,2.8069365754173776,2.064180417832791,0.815546057144902,3.7396733396855093,5.840225120966942
2023-09-21 14:50:28,DEV-052,研发部,润滑系统异常,0.7936012808966,5.737961995984587,50.765026679774344,113.04639456557105,185.00587170333225,147.60390509357146,0.7730696232665276,64.23640103728155,58.68332657269705,12.697506911143522,2.8028270197611618,1.8855507007037977,0.8761642938308735,3.129391183245519,5.146636002678993
2023-07-16 08:56:49,DEV-091,维修部,正常运行,0.4940853510646704,5.209409029411719,42.44579134978502,113.77259807261777,182.08592646631595,143.23254822410811,0.8024730723565603,54.129002113658245,47.75499770858568,12.046261670064307,1.7330348962990079,1.911143099486848,0.9376813840143494,6.16330423010903,5.227184004076517
2023-04-14 20:56:51,DEV-035,维修部,润滑系统异常,0.7978940427424628,5.665582069351608,53.45202099022387,111.15209842850713,187.00934931848855,150.68657945872195,0.791445297979233,53.567821765962336,43.79166860332696,12.45189879978775,2.754605462118232,1.6922758294755385,0.9108503256504431,4.409958431792713,4.677074437972356
2023-05-22 04:29:23,DEV-098,质检部,正常运行,0.6448813372545785,4.754517613422881,37.78740733935671,116.05367376472532,178.05870476121743,150.32281344427426,0.6921291123325092,51.14401758886747,49.991388166463445,12.964862097109275,2.0387783471472924,1.9656288665083637,0.8329889553907186,5.287854123068959,5.802285205802375
2023-05-11 04:13:50,DEV-032,生产部,传动系统异常,0.689389714380742,5.534685231549229,39.79588569175038,104.45794228885623,186.37175860492252,150.5518108864472,0.8251730098184648,58.64609970068237,47.833773982002484,10.476188519105103,2.5221545522944613,2.0775683256236612,0.7516781536445714,4.69087625454756,4.865059343400551
2023-03-11 01:17:41,DEV-056,质检部,正常运行,0.6580455451408446,4.739731307892334,37.680434595083554,116.50823317307814,176.21947112271354,151.11741616869492,0.719597056334041,49.66983949499283,50.94866539423423,11.666233739733034,1.685462597786494,2.0125697406519714,0.8971758388673245,5.258905246466352,7.135361092366152
2023-02-06 21:16:44,DEV-035,质检部,正常运行,0.649657565126373,4.7517534109399415,37.49552242903332,119.1060154796964,175.26667854830987,148.297111994272,0.7303283202587476,64.72323229921157,47.03087115310042,13.455120870581354,1.4978747379109534,1.897704880796754,0.6937396097065621,4.557453726451969,3.5375949075170015
2023-11-24 11:38:36,DEV-062,质检部,正常运行,0.651291799955071,4.868690715990917,37.960635155280244,115.65938127767596,171.57709350834926,149.49981622448252,0.8060857197452375,55.09223195527063,52.64297145107151,12.394461830181015,1.8448491189662835,2.1400392591142445,0.8731825668700157,4.5294507221297415,6.340865305946395
2023-07-01 23:27:05,DEV-089,研发部,正常运行,0.5512031296151619,4.3426206281586115,33.40954133444338,124.56913732660398,167.98833260234406,152.1625221283888,0.7851152454156545,56.85525850506724,44.8468436374595,12.334187656411288,2.2554960055477102,2.3912037945707114,0.8347109044662377,4.585914082013833,6.272528652137524
2023-08-24 13:24:35,DEV-014,维修部,正常运行,0.5068454820526623,5.149008603330842,42.83519018581041,111.35157292286061,179.1824303410821,142.8082159845386,0.7947301103234213,52.32131469687936,51.27433771856602,12.299325376964154,1.7915763872385235,2.0646308081527236,0.9334689655216409,4.7232752622496825,4.375499660075733
2023-09-21 23:27:29,DEV-093,维修部,散热系统故障,0.865645959577297,5.63233034022385,49.2112473402492,108.00192637210742,181.96690087238701,135.82399462366433,0.7886874746539178,52.35550403307523,58.87586615395465,12.165420223103666,2.2098371105908385,2.6446306581231283,0.8175393925276238,4.373835678630015,5.349032104181706
2023-04-27 11:31:02,DEV-020,维修部,正常运行,0.5055087925945335,5.127028340606485,41.28824805069101,111.14070953959435,180.89410701129165,145.67597079706692,0.7591804608053944,50.80578269947803,51.131973817800066,12.355206043368149,1.7877506850884404,1.343561840626042,0.780206045920098,4.055480566183343,6.518168960910451
2023-11-09 15:02:24,DEV-006,生产部,正常运行,0.5562741774573026,4.297833884133339,33.58789057749151,122.78618346758405,172.93079061404558,152.2131458327734,0.7357945342809968,58.97415967159132,52.380922564910456,13.815653168960841,2.4962036617221153,1.8736634864750328,0.7779926080242923,5.92266554940354,5.17697083415259
2023-02-17 18:05:33,DEV-035,研发部,正常运行,0.5407564564897088,4.3584994642424775,33.43371655197988,124.10996948163383,168.63126327244737,153.79158888315177,0.675609923847746,61.090035812393076,42.53491048166252,12.83923987299812,2.369217390669977,1.796100689859613,0.7564667091843317,4.327329687038991,4.683352179150938
2023-10-07 06:14:47,DEV-050,生产部,正常运行,0.5407807049547985,4.327011870238919,32.518873995293184,124.96959417084418,167.63796241029794,152.95491789887248,0.6665761095756771,56.48116637862769,47.03120034709926,12.96072846945394,2.2801883540218175,1.8231961662245322,0.7445706109509598,4.870611757899528,6.017029667566077
2023-09-06 16:04:13,DEV-094,质检部,传动系统异常,0.7146636404771055,5.466527388925223,41.17584103728688,106.48072879473241,188.35394187756626,144.3919922522453,0.874044114851157,58.43839362300186,46.754503180019064,12.49930250983032,1.8842466893911631,1.8759894180969936,0.9175837827634522,6.054348953146396,5.110811357187203
2023-04-05 02:00:39,DEV-092,质检部,正常运行,0.6375768032927879,4.799647715836011,37.9638402591193,119.564073433095,173.65444067839735,151.89831441127836,0.7285930856552577,65.01428271050868,54.90934147575998,12.626202759933353,2.02094985407063,2.0777681754121744,0.826024085769173,4.64136280309881,5.731125989475804
2023-04-30 12:58:48,DEV-074,研发部,正常运行,0.5580050686317406,4.316551745732884,33.09825255963119,126.56560136310709,171.9469049584299,157.41865393534476,0.6885257576510808,58.57372871971991,54.54011457288714,12.064341185075273,1.8199977523166266,2.175606594481616,0.7865334379798963,5.684810114757695,3.2767829978791103
2023-03-01 05:02:04,DEV-004,生产部,散热系统故障,0.8636813054983956,5.922010570246206,48.81405575220992,105.72582492777869,183.18023453885195,137.59735656794217,0.7159878229845844,53.78610625354346,46.95315347055227,11.300200595174397,2.0412633940997265,1.3414242935390825,0.7296515937003453,5.1531880813863395,6.010094336238377
2023-11-28 08:10:10,DEV-084,维修部,正常运行,0.4991899154972882,5.168768849106898,42.214210339058965,113.27414836244955,181.06665654995265,146.43960128669173,0.7969246066378498,55.82723076645906,53.22352246455281,12.808394725921698,2.1988944423515893,2.191664792294953,0.7933953486234345,5.933753430844961,7.184818567070366
2023-11-02 22:51:38,DEV-090,生产部,传动系统异常,0.7153527044691893,5.531035615589745,39.44292233237957,102.02722557744502,184.31628836750352,144.20741762073615,0.8795043429939089,59.45124756712218,46.60177786623863,12.09872456634638,2.029364633556077,1.6555119633915765,0.7120365171105193,5.975174329155926,5.14648811906917
2023-10-09 11:25:50,DEV-048,生产部,正常运行,0.5423877357861041,4.335683462318159,33.62656690208146,123.66547035431029,171.85741048565413,152.4431615551929,0.659111407889863,57.720484159967036,54.50070222049117,10.796672411790933,2.0978447077528055,1.9338709215150856,0.746587129576584,5.769687578914744,4.494317708765397
2023-08-14 15:12:18,DEV-071,生产部,传动系统异常,0.6828887780136916,5.649722133009267,40.80341385667353,102.2974520058709,194.91645449184267,151.7000991094769,0.6894101300748999,57.91573353594455,51.34802480050485,11.865421942342238,1.814237770668486,1.9558277061109484,1.0203352651975777,5.039719457295017,4.619250283383457
2023-05-31 03:11:50,DEV-052,研发部,散热系统故障,0.8682403562165617,5.936334617184345,46.82500776347713,111.01460600876106,183.1531053962811,139.4951558805002,0.8098061942595292,57.8463376705682,49.209994789145135,11.760037216280628,1.520533426163198,1.9933397695246282,0.681281741658931,5.902645888623848,8.81858527811542
2023-02-09 10:40:39,DEV-075,质检部,正常运行,0.661652232930528,4.875091803680199,37.728582332866665,117.5563472498914,177.15881609858292,150.57070278494763,0.8261693236013531,61.69279309818874,61.23696594605013,11.072130032650715,1.2817181908345618,1.5391549021874023,0.8891735464958441,4.236280906598423,5.036571375060969
2023-01-27 22:33:02,DEV-085,生产部,正常运行,0.5582255817063754,4.316755053573293,33.13268225577242,125.82518337273127,167.79252469463947,157.56935406473474,0.7711162121765469,55.36552494811479,49.43553781557438,12.302801171096805,1.7553213563035726,1.715400146925368,0.6706566844924192,4.206068829427257,8.688896946133694
2023-08-27 09:10:50,DEV-098,研发部,正常运行,0.5541668328071976,4.309320217859625,33.58055691295437,127.04002855511207,170.54102100739607,152.7615205121747,0.809896358565315,56.15231894356841,44.02017278917361,12.329126486642096,2.2318289769581083,2.3498575593573627,0.7736047072373156,5.871101593257574,5.983093552303378
2023-03-11 03:37:50,DEV-049,维修部,正常运行,0.49768353110408836,5.217705443611888,42.378336666280866,112.60659001750642,181.54168417315975,144.589084526401,0.75405415065189,55.36763420917772,50.79749702359604,10.7801258902522,1.808190970955753,1.7839512765286418,0.6883951333720503,6.801429091189631,6.9761483818239824
2023-11-11 08:13:36,DEV-022,研发部,正常运行,0.5585878650760081,4.310104139512617,33.55872542860431,125.05287670778,168.58959950323393,154.10374404049242,0.8479523343285115,57.789672273986476,53.09770783891101,13.079990018059803,1.765985694726858,1.9600241246719787,0.7067812195138398,5.346366598419977,5.090783064573369
2023-01-29 07:06:36,DEV-075,生产部,正常运行,0.5431119605219027,4.225465490729609,33.65810026469303,122.62408605722574,172.27965960908028,154.16527441761406,0.8062669274005119,58.856998443683,48.5308151921598,11.868455545681138,2.7244130808672455,1.7225982125453867,0.7217698251847237,5.0031130569878295,5.816501707993231
2023-11-21 10:44:18,DEV-091,研发部,正常运行,0.5509070744927452,4.363700887880571,33.35976881723139,126.00453342064728,167.54835965127344,155.97796988972232,0.7322062263036152,56.719003438493026,51.68001000681581,13.128578888655625,1.8489601081901488,2.093474652489758,0.7885254752762418,3.4450085871530662,6.549169033661483
2023-12-01 11:27:51,DEV-013,生产部,正常运行,0.5462795159292635,4.260404921957487,33.01509605631809,124.70074223612066,170.08451414936127,156.0708243913027,0.7124359605613678,55.62827567691988,53.566902363363866,13.034029650454865,1.825212707740961,2.8197117397603537,0.9705775873920025,5.330697106752388,5.9701097947171125
2023-10-29 13:19:44,DEV-068,质检部,正常运行,0.6507585357827281,4.888412112299707,37.376244508127655,118.86399551869954,178.23584854624622,148.80346264832414,0.7575267812498321,57.4099279224295,51.35908388070913,12.969397420231223,2.2298308706809684,2.296810816289754,0.857138805233753,5.583382671547411,6.264839639885657
2023-08-09 08:34:02,DEV-032,生产部,正常运行,0.5407291287432686,4.249314026282661,33.6412593442901,126.5013402637249,172.88402291728553,153.5869601795405,0.8557781398825505,62.934236868878045,54.02674534328968,12.547069230700627,2.5670157258380404,2.059163370797587,0.9186681508069329,3.945731231005551,5.519879816924584
2023-12-06 10:47:57,DEV-034,质检部,正常运行,0.6488424844822087,4.768712004189724,38.07287838218733,119.29100143072051,176.2212289841106,148.7667413565247,0.755740385656568,55.26311141061638,52.76115200015946,13.398166267152773,1.9018867038889582,2.0542614761439717,0.9089795225244316,4.673245635422488,6.708337546358135
2023-07-06 21:51:05,DEV-012,生产部,传动系统异常,0.6964751978874864,5.446736102165852,38.97675822990811,108.12521000365112,195.19852289641042,144.72858054132485,0.6680318358353644,55.957593275346646,53.72093607082522,13.24096473639368,2.1731054876561307,1.670621762453252,0.7578488601496387,4.962502394484099,7.108523269474155
2023-04-19 19:03:05,DEV-037,生产部,正常运行,0.5469181421589504,4.385982745699994,32.796380654837435,126.5685989169605,171.9337659808762,156.38214515605065,0.8145623636879648,52.25313996525959,51.56407296277458,11.630664964131963,2.286150418207201,1.7784253225193856,0.9071801191861312,4.590384687918664,3.8305220891535523
2023-11-27 08:03:42,DEV-034,生产部,正常运行,0.5569915049815473,4.311668645214896,32.395401064496006,123.3837843371173,172.48195901660083,155.3899789234121,0.722714222092412,53.80834983863506,47.647983680023756,12.36134284083788,1.7002677108122277,2.480234878921444,0.7769352452941494,5.949780661545595,5.293200052244391
2023-07-15 00:02:05,DEV-055,生产部,正常运行,0.5399563047851218,4.28777579815091,33.34610502026243,127.26591298455443,173.30123271323015,154.5162101597742,0.6631906395984893,58.65235274993516,54.64496733708902,13.309541463395721,1.5371356106191463,1.979919810913523,0.6735078706984615,4.30505524652602,7.253933938247939
2023-11-09 05:56:38,DEV-097,质检部,正常运行,0.645190273186769,4.747123668494377,37.34511342293212,119.54579406052038,173.28178380045162,149.8381650200581,0.6910643506965696,61.296031401220866,46.63868629733868,10.835571814494987,2.009353974949313,1.7151983686641208,0.8536749520185598,4.830368144118286,6.268228503585506
2023-05-28 05:45:26,DEV-092,生产部,散热系统故障,0.8545099734408335,5.8739473371941155,49.4306125561032,106.02061757754865,184.01267282076293,137.41865305888302,0.8187714915892617,53.59763369176591,49.01441329677955,11.045821590607789,1.859094434605562,1.8293633505681601,0.5810024448615079,4.92811079184729,4.3110794088540025
2023-09-04 15:35:44,DEV-086,研发部,正常运行,0.5598244045455324,4.256418196702795,33.22223612679496,126.20074696848795,169.6472751563631,157.71266111790942,0.8734884669361989,53.71264056876013,48.880156861127006,12.756694966932164,2.091275086968433,2.2539509452111544,0.7968929852959973,6.043119624864463,6.1725890608339355
2023-03-13 06:45:22,DEV-099,生产部,正常运行,0.5529059762491374,4.313250994287449,33.26103828441693,122.53044374119919,167.28640015984715,157.2874543641307,0.717936556991037,55.211359774867866,52.467561955823804,12.797081507200637,2.343318738954338,1.5443467065813046,0.7141730862153673,5.000430364707876,5.735567463146633
2023-06-10 20:23:04,DEV-073,维修部,正常运行,0.5098667387471726,5.252504974624039,41.31200924808225,111.05331146797725,177.1855893487134,145.87296755719194,0.7602170504668493,61.72373338110233,54.76668375848396,11.493113049363377,1.5718757640591567,2.373802663396915,0.6032991891962071,5.8798462262991045,3.8784784172036963
2023-01-18 15:29:33,DEV-048,生产部,正常运行,0.5549301393409926,4.217386561659829,33.25129839455348,127.17259109202182,171.45480614282192,152.12812109064276,0.7984973401564028,57.12255748068342,47.447675165183405,12.946474840366937,2.3695863730936613,2.242792052490725,0.8695207067314221,5.47854837115613,6.823793416087414
2023-12-08 08:45:51,DEV-100,生产部,正常运行,0.5451906456077876,4.355423235363245,33.333760225764514,126.16429593665916,172.55810885223298,156.38126452385342,0.6752758642989246,54.75195160086053,46.02339964012015,11.13204046863469,2.2548647496394865,1.9547368973460726,0.7698069125132602,4.397183283780404,6.197518727869375
2023-04-28 17:07:46,DEV-087,质检部,正常运行,0.6452613311238141,4.815730157756298,38.665728264396776,116.98282482074298,174.7119627235229,150.93070158083603,0.7120521153041585,55.036098199318644,53.653307604298256,12.404156384830051,1.5763950631786272,1.7833038104979066,0.8021830757533859,5.023061844406957,5.539072486924347
2023-10-06 07:45:35,DEV-021,生产部,散热系统故障,0.8477124582903132,5.905696473065998,47.29675262402659,109.25455613565377,183.9472582888404,136.0640911529862,0.7927330541253378,56.78469927435672,48.36354432035172,10.29483864000548,1.253982013923715,1.865095616097857,0.8389784993026348,4.932845819108565,6.926008907719853
2023-08-07 05:00:20,DEV-056,质检部,散热系统故障,0.8581144325707897,5.896864897850969,46.771594441548125,108.52078966423421,189.79707231510298,136.70637612364524,0.6728462437420836,61.8910265281364,45.58826957675805,12.556319291473,2.5012387470134407,2.1100712290368606,0.677126280978157,4.755540387615803,6.345955100102099
2023-01-11 05:01:17,DEV-078,维修部,传动系统异常,0.7108467511706188,5.393245655715003,40.59668612561876,102.36330257102631,189.93066487629588,146.8535897843797,0.7843357499753372,54.94759113008465,45.50923764504312,12.952370298873852,1.7639395380307277,1.8323695999517782,0.8290286174052577,3.7591717975013688,5.755031908018952
2023-10-05 13:17:59,DEV-038,研发部,散热系统故障,0.8451592899528597,5.659420810534722,49.305157296362665,110.38903001344266,180.17818605067285,137.19852159152998,0.7148000732572295,57.29328349570193,59.229647094146515,10.764996892837354,1.7701013429535926,2.5116618613270463,0.9267714126426748,5.3433143487283274,5.5984390585433905
2023-10-23 16:09:55,DEV-013,研发部,电力供应故障,0.42547498411026957,4.91830215366775,35.91915663221518,117.84585919048419,167.3800868382272,132.5099631785891,0.7363493010810248,57.594018989585535,40.95619200802799,8.589783758301335,2.2958384579721,1.871923886925576,0.80095812044522,4.835002983690182,7.587789450712091
2023-01-10 06:52:17,DEV-073,生产部,正常运行,0.5576566138584602,4.372291646538512,32.9328643887664,125.18215198394746,171.64622962939606,156.21610473461897,0.8133919845600668,56.55483234645861,54.74607019074656,11.521460328298954,1.5708611707032962,2.527009394228922,0.7416710603708601,3.962733639838768,6.560271316622963
2023-06-28 23:05:01,DEV-063,维修部,电力供应故障,0.4074645307622645,4.762108015179609,35.380936080331736,113.00942747651645,171.77792119320898,135.41611527565718,0.7465995379701954,57.27801964399789,46.35100232537762,8.58534855751159,2.252863336349351,1.9109807621109305,0.8824523295879124,4.466099716588389,5.647758738653057
2023-09-16 16:15:35,DEV-099,维修部,正常运行,0.5043321259792006,5.1706015635095035,41.60989135719802,111.6963951465802,177.0587101323897,146.43029858693637,0.7221457310488107,56.47453256561002,47.873753302550604,11.74615643188663,2.1552227112258033,1.719472527962359,0.8058027980253808,5.25839912424181,5.090193969645597
2023-11-19 20:13:32,DEV-064,维修部,正常运行,0.4920115348848431,5.279322720066007,42.74936382573172,112.88805828128316,176.47172776609432,146.86063178738434,0.7649816652568657,59.108157031597145,55.66466026065921,13.253658188994999,1.5908640205335396,1.8980936046070014,0.8326463375385461,4.726744743688206,4.811986233180721
2023-03-23 08:51:30,DEV-036,维修部,电力供应故障,0.4133374542476904,4.792181490410249,35.478491584406115,115.48904048518078,167.44115168652147,131.1549295902612,0.7500903927221123,61.882644953585846,44.090906103884635,8.516656338765623,2.327667441714793,1.8090507349323761,0.8580270129569174,4.457552972050413,5.188043490810738
2023-04-30 04:40:47,DEV-001,研发部,正常运行,0.5396142971392501,4.381539029366725,33.42162582599279,122.86709412042315,169.65439949386308,155.83711823444563,0.7928100793450441,64.07835949657469,46.241776899955994,12.99134126194338,1.74579548139459,2.3198184279740746,0.7170824322013517,3.5295396968048003,8.017483568500479
2023-08-18 19:01:40,DEV-034,研发部,散热系统故障,0.850488232732128,5.733489964427972,49.1730136893717,108.34434540723643,188.19099390117083,143.5635977923351,0.6409995332550825,51.13026460618114,43.19927269963548,12.283518623877448,2.1579116755811145,1.819637048096035,0.9463234061566462,6.413094022210421,6.14243433861636
2023-03-15 02:58:03,DEV-020,生产部,电力供应故障,0.4271055373575951,4.84193800789076,35.51597104506162,112.69116539441052,176.7522665774321,132.8297361267048,0.7780264360713522,59.23425547750267,46.46689320468346,8.49406617233091,1.9936042197330974,2.5532563674970645,0.6909079098345782,3.6338558261198726,6.629577761028633
2023-01-14 23:08:18,DEV-097,生产部,正常运行,0.5489408906329534,4.247094698516587,33.52022202988529,127.32290092900827,169.8551714368544,152.54486384591448,0.7078585446923066,62.534247681701366,59.02893485260596,13.632889147713763,1.4657373616468525,1.8036963355232423,0.8112701815567287,3.9018465409532332,4.709008283784712
2023-11-07 17:44:13,DEV-083,质检部,正常运行,0.6474493664068551,4.814538106623591,38.126747073138176,119.17993856627348,175.06922963743926,147.6289358456446,0.7473132924012865,56.25495805250503,49.34079668479262,13.256042831749241,2.313584916677779,2.107854471254021,0.8125029501449844,4.8542258556162325,8.667830251992
2023-11-17 09:42:17,DEV-003,质检部,散热系统故障,0.8380424215154111,5.652967228435742,49.1961272463957,106.70626672173397,180.68635387283305,141.52474345823168,0.8419785912728154,52.65701650667407,47.153838001633545,11.026226984910574,2.051536676553551,1.979923146472588,0.911773990862824,4.793297756617155,6.214163046406904
2023-10-06 14:41:30,DEV-060,维修部,润滑系统异常,0.7801701773694045,5.574510334603089,53.55034614772794,112.6621829535496,182.82362432233086,149.46094467112025,0.6592386315216423,59.07628827123584,48.262207675899276,11.700247802564443,2.8169405731011166,2.2905887905945046,0.9358622940146053,5.646694389633727,5.394034142063903
2023-02-12 21:23:23,DEV-064,质检部,正常运行,0.6420967732589618,4.79235553137992,38.25216316160022,116.44820179412186,171.89686380279437,150.11429230636134,0.750061294751123,56.817053445380104,50.47006430438026,10.521837044267356,1.2413340716508499,1.921250589436505,0.9083548406786488,5.2282030000870705,4.7159530940195005
2023-06-13 04:19:50,DEV-075,生产部,润滑系统异常,0.796929805418529,5.501251123705298,51.335130082309604,109.6124419985241,188.26234055023897,144.81407646833526,0.7230369003206641,61.23764172920526,52.398218346507605,11.550831963531571,2.7800478755860767,1.8827176969424633,0.9480957150484999,4.47378817078791,5.123337607346215
2023-04-05 15:15:47,DEV-001,维修部,传动系统异常,0.7067973633631919,5.619700886961472,39.57609669772162,102.35606831634007,184.61084927130688,144.53680852832295,0.7976558821294036,55.17946316821493,48.96489217965926,11.97444844875423,2.1478328004675133,1.8243274889057597,0.8805650783080083,5.308295903881468,5.944104203528372
2023-04-15 04:22:20,DEV-027,维修部,正常运行,0.5050217906088477,5.257945024533894,42.76675330944814,110.95377189661723,178.32706676904132,147.2559230830057,0.8847329501185083,59.995900089590556,46.29197494387211,11.212870821610418,1.888160792548826,1.8991557095216665,0.8290649059965998,6.23306663850622,7.014104168535162
2023-08-07 04:39:48,DEV-070,研发部,散热系统故障,0.8442723272891801,5.823577720056621,49.287530564280814,108.64876308459351,181.08589792876236,135.8587679580025,0.792231684978027,59.69298424231465,49.64408758835445,11.90124896067403,1.6944046474437697,2.0821139331486296,0.8361938446644392,4.118649824753472,4.788503746242937
2023-11-07 22:54:36,DEV-068,生产部,正常运行,0.5445912401628119,4.355923198613764,32.98053739747436,125.21702926099132,168.67237420702182,153.0272124871351,0.7349273441751876,59.84520411184959,45.88356354608613,9.743488975610186,1.8151117693368688,2.3549518250238664,0.9149121067573366,4.539379960317984,5.297153369711115
2023-01-21 02:33:24,DEV-042,维修部,散热系统故障,0.8586032120037815,5.700198862316616,47.9298617580335,105.26810679866391,179.77356254142123,143.3005224140393,0.754303541833658,51.75763369856027,51.54251940530678,11.347674799647791,2.1778392147208283,2.242455522882792,0.8517121542749755,4.142918293121332,5.324001202717136
2023-02-25 15:01:26,DEV-066,研发部,正常运行,0.5502287242145372,4.296877120681468,33.02213693998212,126.619661617796,169.89491200084825,157.48335159442436,0.8151422062961762,57.127891420270664,53.15139147481536,11.880612361495144,1.8698141403015802,2.302854972489986,0.8051250437449055,7.392043225261781,5.125686180861637
2023-04-26 23:19:31,DEV-010,研发部,传动系统异常,0.7162333606324153,5.4080445938831305,40.909912806036175,103.69634205776742,194.0154725428999,150.0355351390892,0.7894138301224949,52.34879793494921,48.91935599212475,11.478120165775955,2.3487741920430354,1.8442326796443664,0.7701388627833814,4.990211611304237,5.0730104561559415
2023-03-19 13:31:44,DEV-007,生产部,正常运行,0.5453406633058584,4.2415731547966775,33.05878130663395,125.16155131689955,167.11592716032354,156.22893581166574,0.7469736947832951,53.876717081197086,43.56023517162884,11.09417814650795,1.868750902544198,2.062785114475817,0.7936148175968264,5.546658514347831,8.000535050420257
2023-03-19 11:39:57,DEV-020,生产部,正常运行,0.5548324116121186,4.217806132000512,33.08559553492664,126.237464779407,169.6234516324185,157.75860348126545,0.7061950839908321,58.36518185791614,48.703908446871786,11.453239342222352,2.273076078885551,2.237345442974819,0.8259021232045318,4.257049597659191,6.5453641519529695
2023-11-26 01:40:51,DEV-089,维修部,润滑系统异常,0.8017962520784995,5.600785940215324,52.88946587781945,110.82580468514473,189.31803394939095,149.5468501835622,0.7843907506462193,51.79481253352177,54.104858298309246,12.888022976230028,2.726993923829241,1.7774273807735652,0.8599791633579786,4.9783147336769575,6.115487832984719
2023-11-11 12:22:49,DEV-063,维修部,散热系统故障,0.870911859635811,5.629158268270726,48.46711374993654,105.21069916086446,185.28503156279902,142.09798474185882,0.6881107796691271,61.35960154100421,51.17733694897498,12.430709942424498,2.451987829993127,2.145625608945788,0.7713775966208603,5.791369100829419,6.7575750681399285
2023-11-15 00:00:48,DEV-100,研发部,正常运行,0.5429217591927531,4.383669008876598,33.28390080493866,125.57320559527251,166.9198655632203,157.35048338813638,0.6971106391998072,60.22754469904084,48.16012212415231,12.335502400521852,2.0527266198640173,2.433060069137176,0.6809412430233754,4.7514688261423075,5.603314474048859
2023-12-03 16:27:41,DEV-047,质检部,正常运行,0.6375810164990983,4.73693049554842,38.09857073991935,118.95976930532936,172.91734994898965,151.00955662324904,0.677198793395841,62.987632848408055,47.3673087063632,11.685013322654282,2.0522865066225875,2.1819861625246366,0.7869204512466441,4.923209069179459,8.289039596290829
2023-12-25 09:52:51,DEV-087,生产部,正常运行,0.5609828996645259,4.36015124109965,33.20712253740586,126.72566762760248,167.1620544201708,155.835892168685,0.6778189846161614,59.33433718027427,50.793647353939306,12.231786168437589,2.284893582429385,1.589293157170602,0.5875298364953935,5.8906299754254166,7.317960120192049
2023-02-14 07:29:58,DEV-027,质检部,正常运行,0.6381494793423282,4.750965632653348,38.40363349823096,115.96630934505855,172.5315508150844,151.16536089625023,0.6927316567122005,58.78085977289938,50.62601450669505,11.425296309362185,1.553494414200415,1.9724226462973555,0.8836086321546072,4.575234996614973,5.176645129827033
2023-10-25 20:05:21,DEV-052,生产部,正常运行,0.5444501956087726,4.2842922683522575,33.02077165782697,126.23057428601618,167.4231316779719,153.27397696708275,0.6841860730250753,53.28197556179437,59.02941912567127,11.907240813088912,1.3845108444890808,2.587148632240866,0.8074753826249397,5.820982417974517,6.483612993511239
2023-03-06 17:06:41,DEV-032,研发部,正常运行,0.5573038827115118,4.30015052150935,32.55201482702314,126.93442752492338,169.9077018277308,157.90504043632822,0.8032423807091564,56.80110066022879,45.12709755935481,11.897901396668516,2.495223458930963,2.366124393266176,0.6633617513427102,4.342016145720661,6.114767349667995
2023-10-05 12:58:25,DEV-033,研发部,正常运行,0.5506315610374493,4.219912819636496,33.183431189004736,122.9072360644558,169.55809924151353,153.71446160553793,0.7478205897082654,59.59645391866489,51.87593763061164,9.475948303884062,2.5715203790977568,2.059384849327211,0.8217415711648587,4.437334118341181,5.541930635074298
2023-12-16 02:00:16,DEV-060,生产部,散热系统故障,0.8266123543147221,5.792177509054396,49.23530330326077,104.83493529472871,183.5008214257555,142.1915076857321,0.7340922201655594,52.772133930533265,51.68316427255387,11.517744920805459,2.079030525902707,2.1637561269722974,0.9195818352659478,4.736410777757837,6.564275604035849
2023-04-14 05:55:10,DEV-075,维修部,正常运行,0.5053234517859436,5.161425254864096,41.542609818921214,111.5821976812082,176.57442620937215,147.42878292583643,0.8027135921306412,59.18036191079838,51.10002636671875,10.983716368548409,1.8018572055793896,1.635250415909881,0.8957046450970133,4.04712254421444,5.163585700024896
2023-11-29 20:27:27,DEV-026,研发部,正常运行,0.5497380934368628,4.312376587514509,32.48721097338139,124.66077727554318,168.50717880236633,152.4333621540986,0.678270133586217,58.0320532501504,50.45954972516189,12.320210928092456,2.4777100927742532,1.7985134271737158,0.658484811464613,4.223211792807296,4.970552361619868
2023-03-19 13:10:30,DEV-052,生产部,正常运行,0.5440535449039077,4.334969152616915,33.09938384905867,124.16985462270671,168.3763454150027,158.08467256288384,0.7645750943994304,55.99703532398967,48.033808971785156,11.373608207273145,2.276258671197259,1.6136087570836053,0.9519581602439561,4.378672519234287,6.695554130203154
2023-12-09 11:39:28,DEV-026,生产部,正常运行,0.5536343695567051,4.340209716742897,32.95931963795884,125.72498637291523,168.0316793568129,157.23241118848853,0.7868810838430549,51.95250301089969,50.83905435501864,12.469288475626472,1.7092396733229187,1.8289803246177065,0.8124293918363316,5.20992662754486,4.061011523595198
2023-09-02 04:58:18,DEV-097,生产部,传动系统异常,0.6851376989804951,5.43299790651375,39.724673521755165,103.59670834899374,189.43295830847114,146.97569796988302,0.6986484991301064,59.060497641848464,52.843797966897256,12.420949450446352,2.27105199205151,1.5999942957929416,0.7937674071511834,5.256202574667863,7.822977236872334
2023-11-13 08:35:49,DEV-061,维修部,润滑系统异常,0.7940704292317852,5.602720511815977,51.923001846519824,112.88739813683857,190.5037611173795,146.6413885955708,0.6998274429460831,58.781543192172684,49.380414326742695,11.59226297787882,2.7718738510139427,1.6392303158177883,0.8188785798822962,6.548663872009263,6.432166969695775
2023-01-01 04:08:25,DEV-040,研发部,正常运行,0.5608984810480973,4.342425316547975,32.67844423823896,127.26690867200276,168.0531789977836,156.43487419905117,0.7996552937279883,60.497719775526036,50.63041052099481,12.902016834733235,1.9429465658378635,2.014443613436184,0.758329738173759,5.426464539022281,6.917157863621802
2023-05-30 14:45:59,DEV-060,研发部,正常运行,0.5542242945925161,4.256078884652202,33.58542475618469,124.33808507404706,171.1195568422925,154.04051857317597,0.679488276955338,59.90494286061801,50.79585510464773,13.16647302630603,2.111091465436042,1.7427406132539738,0.8275172310027363,5.515574180036093,7.050910943014209
2023-02-11 18:24:26,DEV-084,维修部,正常运行,0.4976391603809054,5.213374621451325,41.352415218788266,114.22651745260023,179.46400231941638,144.11973771030273,0.8165677498930878,55.994233093828534,47.45720977303223,12.327211172311575,1.8293616086647568,1.970284468839935,0.806885715786381,5.640328130367677,5.947995641064345
2023-09-14 07:34:15,DEV-078,生产部,正常运行,0.5522977001595217,4.287758417669584,33.455817753070924,126.14408516387665,170.54124054933263,153.88249415608234,0.6591828214471086,55.248177737642436,51.780535127058144,11.364207061643313,1.967824578297555,2.489841204117149,0.9204518447016308,5.328428348472839,6.186761070506922
2023-09-25 16:19:24,DEV-011,生产部,正常运行,0.5604414026389913,4.332485035321196,33.52144323211883,125.9968943286661,171.5987876089147,153.70054771728192,0.7705763908725524,59.805612092812915,42.50387298748063,10.909463704178052,2.1243579194478386,1.6458714324165924,0.6537501750650326,5.146005465853743,5.79743217119942
2023-01-22 15:09:07,DEV-048,质检部,散热系统故障,0.8363723118358133,5.785992224186286,48.38836147446597,111.10029658234163,187.02785210796742,143.34013409025093,0.8232333541989267,57.359696203293204,47.610307417377435,12.107731493064898,2.219649695305082,2.054558795294256,0.9748621090873618,5.2205078105385745,6.6397853399814535
2023-11-23 05:13:44,DEV-040,生产部,正常运行,0.5447220616971709,4.269451049276237,32.79031185778787,126.15791355929417,172.93637102414158,157.94080724740567,0.7897347008174918,57.66587620815174,51.68179669810157,13.1113008900817,2.0970337306260514,1.9367828322467013,0.7188353980669452,3.564389074886808,5.903626958715812
2023-09-28 20:30:44,DEV-081,质检部,正常运行,0.6519957820333341,4.735782776197222,37.85215320219779,117.260992375452,174.30631905805387,151.56666353091154,0.7482288879555993,55.948591598384965,43.59191522488781,11.358918696885356,2.016481757399862,2.0926249311408336,0.8715896186205551,4.63848728854275,5.016133381434883
2023-11-25 03:08:39,DEV-027,维修部,正常运行,0.4908048171683676,5.110339647354078,42.35872541494372,109.86940205984482,180.57430806408365,146.97434957097826,0.7514829512179363,58.908590468540005,50.99598548158391,11.570442809036726,2.2407885429667123,2.239105947561365,0.8850590511299494,5.768945639116762,5.632294384196089
2023-11-01 15:34:58,DEV-085,质检部,正常运行,0.6565638927729721,4.8709515944301796,38.739789296433386,117.22005641841992,173.98901902364494,148.3786514499429,0.7328957789694629,55.29019881675183,56.003733181154786,10.05076657451262,2.195208010230001,2.308795085720242,0.8284024931061515,4.700924935141651,6.567140387132783
2023-06-11 12:51:53,DEV-036,生产部,正常运行,0.5523705590281044,4.256200598036588,32.41620645017716,124.45516434563699,168.19258292229907,153.26123432402477,0.7854350421123326,51.4619718582638,55.49316251543484,13.107337891592316,2.2861439506845964,2.304578821294559,0.7799554895432644,5.208232156773076,5.005283440801952
2023-01-19 14:57:02,DEV-015,生产部,正常运行,0.5596466074807115,4.327825769985122,32.44138002377504,124.27333102492541,170.34451098019778,154.39988808802616,0.7815677413117528,60.78251379443271,48.367773543268285,11.17729134095003,1.8462296658446478,2.052680560550324,0.8211581685303708,4.646974024995812,4.471029386432527
2023-02-08 10:32:51,DEV-043,生产部,润滑系统异常,0.7933719515680598,5.746668751789128,52.11922787569229,110.36495929482967,183.44137132037162,146.9498841938975,0.6827879459944912,54.01980198733343,49.39873904398918,14.573775416944395,2.831326405912954,1.8771511241503938,0.8316852800552517,5.23854488035619,6.7961197314555415
2023-11-03 09:43:51,DEV-061,研发部,正常运行,0.5507266051069795,4.36595954768171,32.933263173678554,123.24842833550319,172.2955795172213,153.6337576339207,0.7503476337750755,54.85599910717339,53.07840003896826,12.960018766380255,2.2215508702228544,2.214624451117056,0.7553652664917156,4.94568497289518,7.713625875177222
2023-10-03 18:54:59,DEV-064,研发部,正常运行,0.540214787788509,4.37819765229793,32.50972198425188,125.98730633613363,170.04237104541798,152.05891994928342,0.7874327383696494,53.5826879040413,49.79099407186401,11.980417535903129,1.5207939996619146,2.0978454307837464,0.8780181991086253,5.95971164965141,5.865602608050609
2023-09-22 03:36:48,DEV-013,维修部,电力供应故障,0.4204697867139232,4.82981304807312,35.09821800161138,113.53862660527052,166.85010465954562,133.89237954363915,0.7608337245404664,61.16477400890923,50.79009650992534,8.554493935126468,2.5692054717406596,2.1719744948295845,0.768615407325026,3.4231275538962387,4.453461563256316
2023-12-19 05:21:41,DEV-048,维修部,正常运行,0.49199059567613695,5.138643998773395,41.16269265178309,111.4309745386119,178.4964828088827,147.12856510579732,0.774994204219051,57.25258780467588,51.9840185107864,11.39415047373808,1.8553949768190916,2.3409572858834267,0.7851799827946935,4.598548345238845,6.753573844720906
2023-07-09 14:32:28,DEV-039,研发部,正常运行,0.5529894649014166,4.360219825710092,32.4659956502445,126.16876124708304,171.6490784253485,155.50544092702256,0.6937411211519018,53.8338617083806,42.78980166527985,12.60239758116732,2.063782437987764,2.2624221144211267,0.861822892756764,6.772950142093817,5.930089774222865
2023-08-06 05:50:25,DEV-019,研发部,电力供应故障,0.42797570847132105,5.016881024502145,35.95858378406815,116.59117932349324,172.41232062693555,138.7938108495441,0.8045769855213122,58.936708929822835,50.46198765627214,8.733898730501574,1.6985564859677778,1.9249495076430698,0.8547077895030458,6.0152358312938405,5.6742460618152535
2023-12-13 16:06:48,DEV-014,研发部,正常运行,0.539867186872648,4.341505097836331,33.43244554498088,127.33932282975678,172.6508874798005,155.62331556287978,0.787885801163471,55.65702760379233,43.77017155283359,11.151685204991255,2.294750622177184,2.41200202298393,0.753742315394788,5.0861488308791305,4.169868361613667
2023-03-23 01:39:49,DEV-040,生产部,传动系统异常,0.6876850200270042,5.6226410707810315,39.82633835304461,107.71395804055356,187.39245962811592,147.69446041140444,0.8573866834723755,59.01615505030875,43.93611419803586,11.856927571880496,1.531822990565715,2.4905751052503913,1.0382524095722692,3.690681245400958,6.717169182975505
2023-12-24 07:34:01,DEV-089,维修部,正常运行,0.5022795891254679,5.224217060893349,41.92850433386141,111.53832691874562,179.67875857546036,144.50677052926216,0.7487172695839713,54.98410832798127,45.13838062829019,12.42010968968459,2.1100385632910177,1.6581224841634832,0.7075601992474181,5.34812068238488,5.088315380933479
2023-11-18 03:48:47,DEV-098,生产部,润滑系统异常,0.7593957339249715,5.69625775679432,50.96927529724136,109.05779691897803,185.95290117290867,144.99240546266032,0.811356224977604,53.305957742952614,51.26791499550541,14.037640536340678,2.767871349487957,1.5780955065728386,0.8952907753670615,4.980331185524871,6.579143428731954
2023-10-24 01:25:59,DEV-086,生产部,散热系统故障,0.8396055050120621,5.9534540885554605,49.294252621793355,110.24626929717074,179.58475979933078,136.0362371431105,0.6385020631270443,55.13612777160541,45.43253488598038,11.348435311484065,2.096916404638063,1.8056237938987496,0.7167030209687252,4.674496253344376,5.520601612177117
2023-01-06 05:22:58,DEV-022,质检部,电力供应故障,0.4272922991797021,4.91334522336517,36.00210204510983,113.17542369743879,176.33118274402534,132.9560443378586,0.7681864407241602,56.65709921541364,48.128796924491176,8.516138733981188,2.2069946542504013,2.0786619050738127,0.8682128611994977,4.584399215156221,6.0109357214877726
2023-05-25 06:18:06,DEV-005,生产部,传动系统异常,0.7164432729817334,5.587701137954294,39.357307988541415,107.85767193200155,191.39294245550138,145.0522786748196,0.8176164178815697,56.54855421182399,53.046830781263886,12.885187263142065,2.3073392936439605,2.0085142008961165,0.7808598825429609,3.8109893204764997,4.693051586178072
2023-04-10 06:59:51,DEV-084,生产部,正常运行,0.5577731122224346,4.290131709829907,32.813857478192716,124.77716633025263,171.03900737784502,154.17638674789828,0.7580946287088054,61.20556248815199,50.37133722006469,10.716977632339086,1.657865376616984,2.178033546150918,0.7940654157432514,5.074016139522358,6.032949465583536
2023-04-03 10:59:12,DEV-037,质检部,散热系统故障,0.8720351592076518,5.656060991466722,49.42151014640642,108.85972174174077,184.6664613015824,138.4105699027145,0.7420530228014273,57.845838426658574,45.793300961052076,13.482348889779288,1.721576664413225,2.1794580161842023,0.8642675207065134,4.484993764246944,5.568354751557457
2023-11-04 09:13:46,DEV-096,生产部,润滑系统异常,0.801948861510804,5.609001517272186,51.47714472115236,107.92067472986757,184.18933056378,144.68857734612496,0.8373811218746735,56.401901081260235,48.3820282866375,10.577503265866435,2.7960026948104635,2.582919679242692,0.7311465226494283,6.205623506775791,5.26045066917876
2023-06-01 03:48:16,DEV-004,研发部,正常运行,0.539404834202964,4.23732680503479,32.82176612180739,123.04454266697296,170.68767034761444,152.21515901091158,0.6865647061543887,57.84113923518553,43.91215094591799,11.682660991528659,1.9554764416042583,2.1695519881441783,0.7305027426548952,4.647794090180255,7.815280088800578
2023-03-05 09:17:48,DEV-017,维修部,电力供应故障,0.4157881688083971,4.920403122967554,34.125740313282684,117.11635599530337,171.82757404587502,138.77061117682658,0.6825692056482187,56.163826279361636,50.121533523209095,8.304831164603112,1.889470537564966,2.515475038379363,0.7708358170300584,5.925045569224783,6.27576940015881
2023-09-14 20:40:41,DEV-032,生产部,正常运行,0.5541752205250811,4.227824214117217,32.652206587800656,123.3003808124668,172.76988773519918,153.01883164404643,0.6493018768342154,60.29796623709428,51.59234208022435,13.387792976242137,2.383003333507561,2.123062018692883,0.8506717524553536,4.2404625356961105,5.511382062231744
2023-08-05 06:44:50,DEV-088,质检部,正常运行,0.6590449948502567,4.891115747277458,38.69479248773797,119.68074171496178,171.57663161681958,152.31436324942175,0.7780508253650449,60.18316838349823,43.56654481573712,11.850294645995044,1.7322937976910227,2.038399788702677,0.7804389972720457,4.501856281977768,4.826868979442273
2023-06-29 19:31:53,DEV-049,维修部,正常运行,0.5064520112131932,5.170919653413542,41.37346166125516,112.09964980504553,181.94395358231,143.35176195948168,0.8779995854809739,63.723220462947694,50.96603405240329,12.26585092343696,1.9107311304679853,1.448700003559677,0.6953712866147139,6.16362268298105,6.144122974406781
2023-06-22 19:52:41,DEV-036,质检部,电力供应故障,0.42523637682186594,5.014897872930249,34.78690473543132,113.23145504993285,172.45247903659663,131.45664182320687,0.6349264370238544,60.71204650058277,52.05439045889833,8.415299674402231,1.8810348070595087,2.047788512226016,0.7866142429609284,5.187339387307646,8.36500510643984
2023-07-20 11:16:20,DEV-073,维修部,传动系统异常,0.701998562043653,5.486120080975605,40.15832493672963,105.45416283829807,192.3039523743469,144.29742907405262,0.77527478370057,56.73492111577336,48.31593802494535,14.658292294453242,2.3488489955870264,2.205407400167974,0.7331152831636105,5.068197101227204,6.185233337888229
2023-03-28 05:55:00,DEV-047,生产部,正常运行,0.5483178926993132,4.312321498291551,33.531797174123156,124.47242315673752,173.27169213083855,156.60597389791747,0.7118881391791291,59.13897790610632,51.925114399385095,12.411717919319916,1.6340684196860846,1.244167440383044,0.853164192163713,5.090747053890327,6.020680510647208
2023-12-01 21:28:50,DEV-028,维修部,正常运行,0.509433009958632,5.232235984360089,41.64357169236903,110.83878090852286,177.32338708064447,146.48778539948455,0.7377960299325145,59.05049957961386,50.92628588257235,12.27613160290137,2.1459348104530545,1.787134783965997,0.7664498208386146,5.117451956934239,7.496628062962387
2023-11-30 08:50:20,DEV-002,研发部,散热系统故障,0.8700687761899297,5.649364705921597,47.16380299303771,109.7734904998959,188.50576616495758,140.0013448574983,0.6829511581961405,55.81743224877889,52.079424909260396,11.429859564956198,1.9350198389580382,1.8228532684166447,0.920828043717786,4.961797132390088,4.8573452830478745
2023-04-05 09:22:38,DEV-047,研发部,正常运行,0.5437146015911034,4.314640925679465,32.92464660941539,122.67087794520543,168.77363402333606,156.92468406415367,0.7970104688638516,54.77436925804992,53.61870861098837,11.613973454418735,1.9701670097975446,1.7619937234731462,0.82832811976426,5.014680984907591,6.139105831190682
2023-05-17 06:21:18,DEV-057,质检部,正常运行,0.6526442647437907,4.88988986957366,38.5391746073441,116.6115614346177,176.91794449397003,147.04975084890987,0.7651786101516866,53.300841126947205,46.86122578361261,10.904273487833878,2.230742774781425,2.5467997339005355,0.7705450421630299,5.134192268410803,4.532873308069611
2023-04-25 16:51:13,DEV-091,质检部,正常运行,0.6452521289144652,4.846730075277304,38.37376000310239,118.00079876174912,171.81610838248847,147.462134919442,0.7810485278172051,60.80127685372931,47.278041733915586,9.670609839259296,1.957356588677937,2.2621547422757935,1.0458364350909795,5.416001496193012,6.661104665105457
2023-08-07 06:44:41,DEV-046,研发部,正常运行,0.5531909242692975,4.252124604089184,32.529539985733756,127.3931412811603,166.908006876129,154.79996621957528,0.7562147947953713,59.29048535143841,54.118581126678365,12.891142431698361,2.086816256344427,1.8167756166651292,0.8280061605767545,5.45969948112666,6.615193253707775
2023-03-02 20:15:22,DEV-052,质检部,正常运行,0.6370307760366828,4.743640353732881,37.86523219447596,116.7900012442084,173.66285337523507,149.34271449216595,0.7909381746378158,56.56410285340814,49.699534025308495,12.539851262031162,1.9389179313278924,2.612514134700922,0.8153630314740666,5.616484097385814,5.9947595155574565
2023-04-04 01:53:02,DEV-058,研发部,正常运行,0.5393650345739172,4.32781561341476,33.1352332633959,123.31509556907443,168.18992726503285,152.046988072596,0.7065870915195516,57.449517271160914,48.67783202649642,11.600668322904346,1.9318720163928338,1.8979678401418847,0.7944846459906237,4.371505858482964,6.875780687840523
2023-04-27 17:32:39,DEV-043,维修部,正常运行,0.4939764240783241,5.274079408333703,42.82715145702423,112.88699717308556,183.28196843487325,144.12997409235305,0.7971682779663556,64.39045219223668,48.0230044161615,13.08641144334473,2.184712882484935,1.6680775142632702,0.771439645560698,5.136173550571952,5.053494754394434
2023-12-08 07:34:49,DEV-071,质检部,正常运行,0.6384491236890365,4.814200611360313,38.551803744460436,117.91212639945257,172.049690301591,150.36323611450064,0.7980716708587559,57.32324412528287,55.24899478564053,10.724751086768478,1.9196957292741963,2.029994600468603,0.6137110841343743,4.337905194588207,6.137174016313059
2023-05-07 13:39:39,DEV-065,生产部,正常运行,0.5433877369181449,4.340756626647188,32.79884472780209,124.33540783504486,169.69705355964493,157.25994946394187,0.7327881824160354,54.732490122485395,52.69867418925117,12.544297968998388,2.033118044898604,1.6120383492814199,0.8450211130918297,5.512004344728066,6.228527252947089
2023-05-29 22:25:47,DEV-085,质检部,正常运行,0.6623019856217766,4.738795831523284,38.6005990741195,118.26814056676746,178.0515363987173,148.05651575050058,0.7226533457947713,58.01479038388302,52.88443255799782,12.318733259445331,2.357148450257086,1.848442012722974,0.8936181450125719,3.76358889604213,4.79456602150686
2023-11-05 01:05:24,DEV-056,生产部,正常运行,0.5480375339679757,4.302301013124844,32.425938194106486,125.04931064222333,173.12281775184712,157.9692688036015,0.7210152345666314,56.4562349587605,42.25392365870618,12.043803618634948,1.9431019474963291,2.2661357101962105,0.7266009735216318,5.505324542940219,6.1985010503699565
2023-06-05 22:54:09,DEV-092,维修部,润滑系统异常,0.7604340071531142,5.758207141123075,53.55034367465384,110.9043551810628,183.58462892042274,149.83581197509469,0.7011109673167988,60.48379766055393,49.43846667709741,10.325532980255678,2.806587900410442,1.9377621597769632,0.7636534420281753,5.975231804592923,5.941475364722202
2023-12-31 06:47:56,DEV-044,研发部,正常运行,0.5476932561811404,4.2320798966674165,32.46794555458203,126.46763475837241,169.49629529963494,156.86705999145235,0.6638782777955519,58.88602028107338,44.94672710854849,12.269124996406818,1.947301812716563,1.741927692539686,0.7732452164597998,5.1186131888068305,7.035701842989913
2023-04-23 15:17:29,DEV-010,研发部,正常运行,0.5483754831531962,4.3593483786131975,33.282047286852524,123.91591635890508,170.67713488817031,154.56720251852784,0.797448666270258,58.29256612597861,45.456714571891666,12.063679052849963,1.9907597064294467,1.5694203596098526,0.8453779505448665,4.867146060279135,5.605120767192768
2023-08-04 10:26:55,DEV-055,生产部,正常运行,0.5472419451312631,4.374551994718704,32.804738700288254,124.32672965089164,168.02389161506593,157.8521141917603,0.7966789760298336,52.76113898288802,49.37044193249677,12.58001330834581,2.462012138978339,1.593230207214969,0.9003090232584902,5.252467889668045,6.382460256376823
2023-02-21 09:00:50,DEV-084,生产部,正常运行,0.5557421316248903,4.336638458200219,32.82349802979261,122.76467967784409,171.73354127053835,157.82208599496443,0.6862829616845592,58.01722829363004,44.28567483678864,12.477494368297082,2.528891677878023,1.9562734198856113,0.7880556295219585,5.2538467589518065,5.646989778158899
2023-10-06 22:41:50,DEV-081,研发部,电力供应故障,0.40922576090398066,4.8797716979393275,35.210741050220925,117.05001292947118,167.3721093773533,134.334747141885,0.6628056950661382,54.64099922952478,47.637260959277135,8.743197297273092,2.4883524319270185,2.2039423169353727,0.9219303022669518,3.6111148406831837,5.9008918257431
2023-01-25 21:52:13,DEV-057,生产部,散热系统故障,0.846987351935812,5.630548281024488,46.58574310339598,106.62852464421175,179.60470823368232,138.9459227883318,0.6624140450909202,56.7282358966407,50.629614899773905,12.669947948037201,2.1706117042341835,2.2549118015605165,0.6640206994045106,6.388758035264226,5.394570702778634
2023-11-23 18:48:11,DEV-053,维修部,正常运行,0.4957793704984212,5.174427217648353,41.82077872624712,112.19960785445295,177.5511342962384,146.10923064995873,0.7317435197493724,52.818063264039544,46.90626638315557,12.466936519194768,1.5671620759916778,1.4082419044064456,0.7479456893294213,4.77519595439212,5.55181363898259
2023-04-18 04:42:58,DEV-037,维修部,正常运行,0.5030061140193508,5.211902016611601,42.25590796475909,111.6999054049858,179.36956089875557,142.78239265050647,0.7836723186677471,56.581096186142766,44.03437369819398,11.452197810261307,2.381683847513752,1.830070670231491,0.7754702930358075,4.93580157313865,5.89663645517048
2023-07-17 13:46:32,DEV-054,维修部,正常运行,0.4946768651119226,5.1431944387108945,41.941073407154626,109.79946435312296,180.22572543320183,147.62612124944891,0.7541521913403185,59.40917299912159,49.14264762716633,13.329684080065382,1.3807167266030986,1.9671293939679169,0.8411744967285549,4.000576079282304,4.626820398942366
2023-08-06 19:12:39,DEV-047,生产部,正常运行,0.5394478484870416,4.384774992845833,33.34402455439634,124.367795488733,167.66273755593807,152.46037610538139,0.7327018438963707,55.21405647956461,55.7287035437109,12.791958615106463,1.9677513235447732,2.463978127706205,0.9037238444973208,4.449038758644312,8.02192085195579
2023-11-20 22:49:18,DEV-091,质检部,正常运行,0.639002694105652,4.780485366963214,38.488814309458434,119.62394589075528,176.65885717004807,152.3812694509797,0.769996803133889,59.82113609793295,51.6364681873916,11.778207359301295,1.982591191438007,1.9979984092500354,0.8932797908017348,5.8283151440196574,4.368365139760938
2023-10-07 23:51:44,DEV-042,质检部,正常运行,0.638664002151562,4.730155733437142,37.51524266750807,118.62295547888121,175.81052859286086,150.30459435823292,0.7076082424261834,56.4447507403266,51.32687715690454,12.55465446555879,2.109121551959033,1.7970218039742676,0.7130641470948482,6.536878164443581,6.299002098721126
2023-03-19 18:32:38,DEV-037,研发部,传动系统异常,0.6821926196161586,5.388935673162307,40.285422826104046,105.3751318476085,194.61799950746004,150.79535459840326,0.8371330454556964,55.95096641800207,54.55449973103721,12.7206072468138,1.8061730355639516,1.8701321045145332,0.8835526834337527,4.802911307027624,4.848516493569574
2023-12-19 12:10:44,DEV-036,质检部,电力供应故障,0.41491770188983385,4.830385022758404,34.65622838309818,113.70553964044247,167.64323259765325,137.4484516462555,0.7922627565453123,51.88627064188697,43.84713993161356,8.43332110562619,1.750200682223222,2.0134422704926753,0.712569575732473,5.5168437373904755,6.257579614660889
2023-05-30 10:59:39,DEV-048,生产部,正常运行,0.5460210693417523,4.232009286980336,33.286105225441304,123.99848915690002,167.7312665253197,152.81588587606223,0.725635203696739,57.60204061934667,49.15091514985453,11.195332704701196,2.0897932857550092,1.8062413919046718,0.7383527738776475,6.0548483344815915,5.765915045964003
2023-11-12 12:36:46,DEV-015,生产部,正常运行,0.5441551514443116,4.217380055032458,33.500798834985495,127.32804915690443,168.92267863181468,153.99874265243793,0.7906095538172992,57.025919787462115,50.38793079724477,11.64963698148001,2.047084059911163,2.3673816293781367,0.7466138022522725,4.882022413395213,6.659882346797643
2023-08-05 06:58:22,DEV-014,维修部,电力供应故障,0.4286512718588483,5.007325014733988,34.63324679543803,113.77359991617543,170.31215050793156,137.5802142874662,0.7326616173945157,58.15663508032045,51.6543518008333,8.651629636527618,1.7999408240255124,2.4208057348669993,0.7803577698867843,4.951819823558336,7.510259065080146
2023-11-02 01:24:41,DEV-007,维修部,正常运行,0.5090343460127671,5.200310366450174,42.004240176685606,113.89699393114827,178.48741129868577,144.02621555426532,0.850759019952025,61.817950289628776,53.02193923742148,10.784843227601444,2.0913370359588557,1.6589289585617175,0.8414090076824755,6.600883124814782,5.6069277321181366
2023-10-07 02:10:37,DEV-045,质检部,正常运行,0.6440312871195369,4.761023019098768,37.78782594565394,120.30731362672203,176.98070436177096,147.42840720652146,0.797348218504987,58.16411859035449,48.76906335226179,12.625105816251171,1.790876053444173,1.6700592674103174,0.5980037698947362,6.070581022794215,7.137232406067866
2023-07-13 05:43:03,DEV-088,研发部,正常运行,0.5429643065908193,4.230896418656521,33.40064390313411,123.11015247160924,167.45085174856388,157.17292401151718,0.7270413001789235,56.49153331894635,50.544369845957895,11.63026774472304,1.432152450602159,2.1464480709456524,0.879648726846522,4.730419559033806,6.3266660204041765
2023-08-09 12:05:43,DEV-006,质检部,正常运行,0.6377260401139616,4.797141836928638,38.070410740685,116.01718898514983,177.95568457607627,151.30930097094495,0.8440208286354678,60.10733164444468,45.058678069057855,11.1618636814205,1.9406430616233294,2.412038108286074,0.7926822664116842,4.0247182808933415,5.824454822318509
2023-02-19 14:59:33,DEV-087,生产部,传动系统异常,0.6946617580083134,5.561811277693195,40.67286218044564,103.4459118210361,187.68911608000582,148.29653267406044,0.683924921716067,54.933713623048014,49.377703058684595,13.109500088005333,2.3497680630149795,2.847175532714094,0.8286610649357237,4.860594387542262,7.607607660568984
2023-03-20 09:21:26,DEV-061,质检部,正常运行,0.6544612813164121,4.7100907184286775,38.053149343582355,115.8179332615981,177.15647471981217,148.92434714675974,0.7964758065659903,55.79744771429222,48.239973629311265,12.656176295899703,2.1084553174551877,1.9493153848011042,0.8037408279477969,4.080996309562256,5.093902831750863
2023-09-27 04:12:42,DEV-051,质检部,正常运行,0.6488275716749423,4.772972378999371,37.684941145516454,116.46296366011211,177.0410173625102,152.73248498847659,0.7195967448783626,57.78760104790514,55.446205121679085,11.313961523911466,2.0347150360841386,2.114297720800566,0.8389486303336314,6.977841273192982,5.492556449760292
2023-07-27 19:18:38,DEV-048,生产部,润滑系统异常,0.8006048314519875,5.591676522024078,53.120134131597936,111.5376751414643,191.7468437940295,144.44796301744282,0.8295781889010456,60.91470699495937,53.649102543446254,11.980317336045319,2.8301463570605683,2.1332892254178177,0.8956392810352777,5.104882485659922,6.816121268981931
2023-04-02 02:12:26,DEV-074,研发部,正常运行,0.5496643098627932,4.357625153337898,33.57548579181815,127.44603262899047,169.2964667474385,158.043688343726,0.6789728268819651,56.217104027469006,48.78113467245715,12.769559325292837,2.379113488053366,2.349289028214891,0.7702548218197498,5.8526767369938035,6.033620259889671
2023-08-16 05:56:04,DEV-035,生产部,润滑系统异常,0.7916495693860733,5.742162491402093,50.449403232504245,107.13995871401232,192.50529586709305,148.15679185856274,0.655487326639116,52.66219403819927,49.41922833814968,12.060973832809754,2.876928926440602,1.9889362598805538,0.713013188804201,5.031983370337164,7.075002085545083
2023-03-15 18:08:38,DEV-025,生产部,正常运行,0.55924733835679,4.312884964478599,33.55442082563473,122.73202179289578,168.92975731913802,152.04140749626328,0.693880380336748,56.812097736904036,56.37898604356187,12.654161999195875,1.84367793393758,2.4971098255497397,0.9861549658808882,5.484967416225594,6.652757435935265
2023-12-17 11:44:09,DEV-063,维修部,传动系统异常,0.6883883602753238,5.605313955460482,39.54279876135329,103.22645831761028,195.25701638431636,143.70738298357458,0.7615784771913402,56.387664678425374,48.87835104278069,11.424556994859095,2.1205324661464213,2.162201249160909,0.6261136719299287,4.308147755003949,5.980326716158101
2023-03-16 05:15:25,DEV-030,生产部,润滑系统异常,0.7908946000571061,5.5616756881158596,51.09404501125211,107.04081162197234,190.88064287509957,149.87817052886658,0.8085978072182444,59.941873641514384,48.54758673307709,10.691305899678818,2.78135584145927,1.7475697881650971,0.7159104929268149,4.2425382188629115,4.30245135275907
2023-05-27 22:42:35,DEV-016,生产部,散热系统故障,0.8566804413909159,5.836452290581819,48.22582411503777,107.83374296961658,188.91197669284358,141.33839611044007,0.802178564374109,56.51761655092517,46.3741207727403,11.789989455312647,1.7165494110892865,2.263199543657873,0.8432713394621801,4.411020156988771,5.965042512205672
2023-07-01 21:38:52,DEV-049,研发部,正常运行,0.5393433636064158,4.25021937850902,33.02446149197805,125.19254436507057,168.33005934012962,152.34809985425545,0.7344887863446832,55.19309271369942,51.440604004847806,11.739698477873942,2.323502653861736,1.4108430731561608,0.8252058948162999,5.877235650556791,5.9459627805378
2023-12-06 09:55:40,DEV-043,质检部,正常运行,0.6523659989362348,4.807568293008665,37.88950518571642,120.23119107520975,175.42134787963963,148.52379838987332,0.6919921415741012,56.90618995844607,50.37488970173385,11.510241614485548,2.054723823322317,1.889875617973617,0.8652821412254155,6.092224188986571,4.95954683535763
2023-11-23 09:11:25,DEV-068,质检部,正常运行,0.6370704118953318,4.867189727221476,37.818953351189485,117.98132166679827,171.55436649507777,149.95255206210058,0.7209335239322836,53.116820292560185,43.38901870196154,11.351751587084966,1.549935782439878,1.9635195146076705,0.8318192894193369,4.5888580001038335,4.883214843540361
2023-12-07 02:43:35,DEV-034,生产部,正常运行,0.5402240505052315,4.235317541413483,32.99895918466391,124.18482393923415,168.61153086670924,152.31557409003264,0.7251408100653356,57.580289619549944,47.70641609873652,13.857414386068672,1.9842408036135972,2.447400715102772,0.8010179015662249,5.495422550868679,6.748302851976402
2023-11-22 20:38:52,DEV-095,质检部,正常运行,0.6490084759340045,4.826803535714518,37.93267355231885,117.80071853797382,171.61414131250552,148.04438482444385,0.7218230581189916,59.97784352441428,46.25022401309321,13.431548224866438,2.1101042482010546,1.5544187978122863,0.7648718159185184,5.158962475843455,5.930653404108453
2023-02-16 13:35:35,DEV-067,维修部,传动系统异常,0.6882807501731102,5.5754279665872675,41.06891712928589,105.44648261725179,186.74142792083816,150.8221746792745,0.8595428675331951,55.230010063791816,47.820031989915606,11.244271009237503,2.0669910750490015,2.1972558971927265,0.655428221707972,4.5004489596800505,6.68221478807266
2023-10-17 16:15:05,DEV-008,维修部,电力供应故障,0.4269983009935508,4.917391095947642,34.413758624590976,117.6488826023052,170.48260544214787,131.11295675543667,0.7472919906907366,53.22287179834599,51.532165772535514,8.74570483065054,2.4450348897165743,2.014751358853042,0.8181709459991352,3.7721553553922367,6.969387875329174
2023-01-10 17:17:47,DEV-007,生产部,散热系统故障,0.8391266891914699,5.904618736102582,47.298372897703096,106.19961013220158,187.19801786901127,138.2146897547417,0.7803467415940412,63.357866274778786,46.81217487116639,10.433630960849886,2.164837310470781,1.909404449001228,0.7299329472181924,5.648145612148403,5.250950017215672
2023-08-03 15:13:12,DEV-070,质检部,电力供应故障,0.42127225905086824,4.934670539048265,35.89826412818054,112.01155280453132,170.70775761117196,138.53819915044056,0.8165016549482831,54.451465482604,48.39821725005275,8.355782738115582,1.8628340306108881,1.8413483729391218,0.6744300085490352,3.52632971123562,5.810967595298698
2023-12-07 09:17:42,DEV-030,维修部,正常运行,0.4967136581148251,5.1764339456038195,41.41953988164651,110.81599461659069,179.4573348895864,143.74945993758243,0.7037985514546942,59.36402001308154,51.64110738010181,10.58292982822254,2.0345304521490273,2.1320847829311838,0.8619125132879127,5.992856896683189,6.709571899827277
2023-06-17 23:39:36,DEV-060,生产部,正常运行,0.552111356706533,4.295180078905276,32.70661303609162,127.26412657473239,167.18758228636895,157.7211241966849,0.6952417418185048,56.60756855777429,46.361965361160806,12.951023054593946,2.219426775686978,1.961966407930911,0.7299822503582545,4.600753039211628,5.439060265066881
2023-06-13 19:26:06,DEV-031,生产部,润滑系统异常,0.7758971892372035,5.446268357202727,52.78976349253584,112.91371280609067,187.09847825797274,143.86392363222146,0.7120422879587543,59.26290824072022,47.08183227582431,13.889611344390886,2.80085249125941,1.6179369440336098,0.7604518160531181,4.099867637788196,6.407832819337531
2023-11-06 21:25:09,DEV-099,维修部,正常运行,0.5026328037985003,5.114814362733993,42.79187249414457,112.59313974456637,183.49844775063664,144.0655818561761,0.7762813887427702,54.102513387441824,45.29281491344389,10.870113708245624,2.0773029612644422,2.51909361967806,0.7960051755432961,5.438116513608061,6.550771842907642
2023-01-14 14:01:07,DEV-023,研发部,散热系统故障,0.8355916479500243,5.725670132619202,47.66835682034231,110.69258252755453,183.53001617711325,140.20021601924427,0.7449337811046616,62.05513956493942,53.53741721912976,13.30108941249361,1.9125776837872046,2.2625981383895404,0.7860502789926854,4.301424181582464,6.644698504798888
2023-04-29 11:54:21,DEV-095,维修部,正常运行,0.5075716142525115,5.218087354512006,41.71386168386661,112.14468974232472,177.02162416549154,143.4350128765956,0.7156516211482888,58.6392809881048,52.95219338562839,13.596815586701837,2.338772657475853,1.9199135685659448,0.753018656647625,5.171535954171331,6.677134553945196
2023-08-17 07:15:23,DEV-033,维修部,正常运行,0.5090106564190882,5.100589758925917,42.81063573739014,110.14587198300529,182.26358481073507,143.7259415647982,0.8245783093065956,54.47996785971915,51.46136205099618,12.093747807480556,1.776541791538779,2.0275177386798204,0.6386479555673861,5.9914790515916545,6.4723914499839275
2023-03-15 03:35:01,DEV-023,生产部,传动系统异常,0.6821832762058597,5.581091180900469,39.62525381463302,103.19192256582016,190.28643246829003,149.5559050604705,0.7051329880140317,52.71519930997459,47.66675351916831,11.536127923387673,2.3694610627305273,2.215486419918026,0.7369111684116404,6.0546217686352035,9.01432981691555
2023-05-10 07:26:21,DEV-064,研发部,传动系统异常,0.6944222323499423,5.498327649443672,39.82561949870799,107.03279105600225,184.63759922939948,151.26810758390866,0.803302862839632,53.120076848167336,47.23297684094939,10.495229426346244,1.2516470991744029,1.935919632819292,0.918873304220377,5.063473385333303,7.740601800994554
2023-10-26 06:06:36,DEV-002,生产部,正常运行,0.5526521824038411,4.300955121043536,32.733458939028225,123.0577436542765,171.60380814928624,154.26719182693745,0.7018600659724363,60.291503576588525,48.7040731854414,11.86003161003768,1.4163177202611057,2.1365142442109417,0.9994693202713745,5.818129869274331,7.0384396400931895
2023-04-23 11:35:16,DEV-072,维修部,正常运行,0.5088632625570669,5.279886582758472,41.30095627027137,112.07460763189037,178.02042008770565,144.4825071192409,0.7585299179755872,54.327890209337816,48.65077115197763,10.611473159982559,1.9235154390134834,1.3032028509826,0.8515658866123679,4.268299888541545,5.524155447516846
2023-08-12 03:48:12,DEV-004,质检部,正常运行,0.6383901088272663,4.8018720790298435,37.79933705854532,118.16362708309441,174.45773348419485,148.70535510382524,0.7844250111299857,55.029198587629935,37.65194048007848,11.43912377904256,2.4343647625334133,1.6774070176788194,0.7317713124561567,3.4641970598950738,5.59215869798164
2023-11-28 13:48:18,DEV-030,生产部,传动系统异常,0.7207037676899146,5.591862385872783,38.864320574356974,104.891178697305,188.92930640601875,150.65987649788838,0.7043323764033743,56.476398123438564,50.76940309563407,12.120465254102296,1.4622041724397723,1.7884692259938808,0.8948241849758601,5.7451617362282486,5.85704493089783
2023-01-10 21:05:19,DEV-076,研发部,正常运行,0.5420445993205615,4.275585444903972,32.896030044108784,125.43033346330563,171.85748629855607,152.7417597744828,0.7037287353986038,55.09939543917126,53.062131308514594,11.346204920871145,2.017030609051052,1.9265834172175818,0.7794893189396974,4.552033525384358,6.36089533329357
2023-09-05 07:23:16,DEV-067,研发部,传动系统异常,0.6933262189306815,5.600558923513977,41.093931464470025,108.04657765391826,191.58568291190127,147.8076765815087,0.8050561958802241,61.79329188165985,50.21691614856204,12.753435249135084,2.008441068807767,1.540594784465738,0.7397129774466539,7.010685733419188,7.337319442850244
2023-03-18 03:50:50,DEV-078,质检部,正常运行,0.6423767055252978,4.853661762522535,38.46291097205665,119.52052383157216,174.8104117968492,148.15488460662252,0.7664293126195845,58.72859055754066,52.84480951908855,12.073515987113797,2.0713006408455263,2.0716704730260496,0.7068951936796453,6.074013945062365,6.038084169726701
2023-05-17 15:17:10,DEV-085,维修部,正常运行,0.4937356161432474,5.184517180069418,42.083142483499856,112.79931824767743,180.77550560518986,144.38507140772,0.7613199222308682,55.47953661428908,45.12659563216208,11.49083533264258,2.7238852818816963,1.7184693917649965,0.8637650213450211,5.719625596752009,7.360146236705484
2023-12-14 08:56:59,DEV-009,维修部,正常运行,0.49467360568828955,5.1350375719387635,41.17883451905543,111.60559180709804,182.87594972924197,147.33728196452682,0.6795383297894917,60.17972157834276,48.62354945642003,11.165868931388648,2.0541380753230363,2.091547519352965,0.7004600687761104,6.458827620206708,7.930367298839728
2023-12-01 07:45:39,DEV-035,生产部,散热系统故障,0.8341892707604883,5.72823321107457,47.111712741943656,104.89281081640073,182.44511216796255,136.19032654608282,0.7191209321487215,58.863578022741514,52.46086569852603,12.170387312689284,2.1854876852798983,1.9618663642363157,0.8865540917219832,5.557468306099246,6.079773738596404
2023-02-01 10:19:18,DEV-079,生产部,润滑系统异常,0.7807667501286653,5.723576034517902,52.49862610653916,111.96971626157314,184.29457438375889,144.11510293064342,0.745851936777113,57.46301995338816,54.814758408135674,13.08404815275391,2.751463308473605,2.447849116162773,0.8221465283107117,6.255392131654634,6.285558200099066
2023-01-29 17:06:50,DEV-024,质检部,正常运行,0.6598188225109204,4.711998109129475,37.8444243209799,119.23809863114354,174.6844322265531,148.60351577876156,0.7078534692934589,57.77127260125999,48.826675562412895,10.67625276868605,1.7404922204913196,2.2256707579514323,0.9896325561480664,5.634497066083771,6.569318693876926
2023-09-30 07:55:41,DEV-078,质检部,正常运行,0.6548246974679532,4.786618731820696,37.544797584584515,117.96032626061958,171.94946255952593,150.49182841148638,0.7818213044016689,56.49567670962203,42.02728264668605,11.44894863331092,1.2753823975031382,2.226424281271403,0.8472615014395855,4.187503809833608,5.92158019340386
2023-05-19 18:55:54,DEV-098,生产部,润滑系统异常,0.7691693265575876,5.455765206757063,53.25809821847893,109.41036633039656,190.06633495323794,149.27456185213003,0.7884987747987063,57.409015634537056,42.76637887055199,11.359893602766105,2.8498977115899073,1.7308619145555406,0.7685212110982856,5.235279858619459,6.637858130780545
2023-01-30 01:45:46,DEV-037,生产部,润滑系统异常,0.8014410220858412,5.523121071646876,50.74617402440165,112.51211472040602,187.0345596889403,145.72803802025518,0.6594653468973036,57.40576490309986,43.17207697839278,11.631663120732028,2.864745244863078,2.127837870427841,0.7975267381613558,4.640185742996553,5.856902456808143
2023-05-28 22:15:52,DEV-029,维修部,正常运行,0.49536348735489827,5.171103543078936,41.84620537676625,112.80504353141339,176.808099111594,142.3011016845112,0.6847239784287898,60.007375789192146,44.5755300776903,12.048473851911975,2.135852909983799,2.2125797098449933,0.7032889790976873,4.764682060919012,6.9848766214601605
2023-11-02 08:43:27,DEV-068,生产部,正常运行,0.5553555940191078,4.344871778653363,33.28503819284694,126.13225721734219,167.00128612657673,155.21164703864525,0.8181936377306759,54.57710328298568,57.51511565396306,13.780262286930714,1.9772711796482563,1.8740733148286668,0.8322417702673961,5.331093906676209,6.487597352865604
2023-08-09 13:07:55,DEV-010,质检部,正常运行,0.6524275888673056,4.870309434514333,38.50725075210032,117.65298482363701,176.03373073368283,148.78682867799424,0.8203932701241238,53.50417631499472,53.906977154562384,12.04164138115059,1.6554805619517083,1.5195081082857878,0.6420579057736986,4.804763819695815,6.124892462338859
2023-09-13 15:49:01,DEV-094,生产部,正常运行,0.5416556901395538,4.372669520076772,33.43262390152977,124.43147152098473,168.9695506621748,154.58005542178378,0.7169624947634341,61.07891158085101,56.61243284688382,10.082555458744537,2.232446551073711,1.7411069076349674,0.945237193346114,6.875433756028339,4.519929577223374
2023-08-19 18:53:35,DEV-085,生产部,润滑系统异常,0.787803561614309,5.607502825625855,52.30885311380397,106.8354888786798,186.77017779831414,145.32550947086983,0.8704170052463548,51.900435823921384,51.839475580707806,11.549395444127578,2.8611152568450766,1.741912398890507,0.7628544951769335,2.7465527184237932,4.464113525754037
2023-11-09 07:57:18,DEV-053,生产部,散热系统故障,0.845979734005184,5.780464565681494,48.14080050286773,108.62006599826107,186.00516716455476,136.08979766825277,0.7419289360706904,52.97860706085051,57.48713530677168,12.68246498997683,1.9410824171808292,1.3961281069421405,0.8134224039745325,5.368699719581785,4.637643960849597
2023-12-18 00:05:35,DEV-088,维修部,传动系统异常,0.6941919814240588,5.441028049137215,40.17429921326558,106.39452289986575,189.79099038690578,146.26306116365217,0.6515235847741526,62.97354731257104,52.383088107152254,12.082404819614645,1.3209787473378491,2.292744857709281,0.7826614091078924,5.922006113254238,6.514137594252535
2023-03-12 19:28:31,DEV-051,维修部,正常运行,0.5070909478640436,5.166720912300458,42.62101147048445,110.15484225077557,181.99294874790215,147.01577627171747,0.67203780268356,57.68316186785779,45.45804789782883,12.231824959469739,2.1087500074262917,1.4781321312556133,0.8703347228892714,5.019378634871178,4.458882298365712
2023-08-16 22:05:44,DEV-047,生产部,正常运行,0.5562958743083335,4.361487859842482,33.396338816681876,123.6753050250502,170.3998067849281,154.28855445384391,0.7256499606461453,55.67302369121321,50.63790337846875,14.582564548916622,2.25620574558429,2.002658398658085,0.8246815764157222,4.785879620548847,4.624816533540617
2023-10-01 04:00:56,DEV-042,生产部,正常运行,0.5533574948384419,4.224543392645266,33.03376477376216,124.98322606194752,167.58034114756273,157.60568868657492,0.7052765375630767,58.09894359417032,51.31286257363932,12.71073392778739,1.8829556110956265,2.1445958562147127,0.9452180484803048,5.638296278827278,6.020124838717636
2023-10-13 20:12:37,DEV-003,维修部,散热系统故障,0.8660938260029414,5.694467538731801,46.63899581360436,108.1139581485984,182.98259476423647,136.16566343901934,0.8221759225087817,61.27000337386948,46.50804244413222,11.43854479853121,1.3094244355729845,1.7670980693392,0.7824398690231025,4.421500967502087,5.445697562530099
2023-10-07 03:29:30,DEV-068,质检部,传动系统异常,0.7184499929179018,5.599734274245108,41.042918076313654,107.01984147635909,184.8293482910072,144.60370743036805,0.7478723727884014,60.49070307761424,53.15274583123873,11.142185621752507,1.9381171565362236,1.9915643726126016,0.886947834405607,5.247972758477281,5.700543635603752
2023-05-13 12:28:08,DEV-075,生产部,润滑系统异常,0.7937623623336398,5.494878999917103,50.47744304482971,111.1161881382487,188.8912184049136,143.32190107176257,0.8064513524342445,57.75340963076449,52.14364664021463,11.630074475440866,2.878287399641186,2.405999905486952,0.8524304927671593,4.189239019008551,5.410887774452733
2023-11-02 18:38:12,DEV-015,质检部,电力供应故障,0.4242152837976579,4.829601057610358,34.023980710686516,116.1409367642931,174.09935170126565,131.1611256298394,0.7676403161814123,53.948756529826056,51.67261630065993,8.59852346691267,2.141242408872577,1.8705611134847322,0.9214643530346177,4.814044384704191,6.947471333842378
2023-04-05 09:40:45,DEV-027,维修部,散热系统故障,0.8593024975225331,5.652547888555848,47.8674765824866,106.91823934748075,188.7534449507808,136.2122383421761,0.7259283929549979,55.806236406702865,49.625893466718566,11.692600638860537,1.8965884358710037,2.511919208088343,0.8353334217932973,5.049373983496774,5.8570596636217385
2023-01-05 07:45:33,DEV-092,生产部,正常运行,0.5594821718122808,4.31492450750895,33.449446214723466,123.41785551326574,172.7313820115435,155.03944166970916,0.7159829121650518,54.082932407647604,46.57923548133952,11.307494033963888,2.315918590146122,1.9026301526142748,0.8917908694228491,3.6999091025492232,6.826563078449216
2023-12-30 03:50:25,DEV-070,维修部,正常运行,0.506264336137913,5.176051856864131,41.20850773312439,112.23882751109622,181.2993940002494,146.39603068294883,0.7305207061057954,50.52922042250721,55.400054595425445,10.07007995725773,1.8910353239959135,2.199147694433659,0.7639086265220488,5.276075422128988,4.893910264962495
2023-04-17 15:57:15,DEV-037,质检部,正常运行,0.650293689402397,4.88238266116931,38.56893077153771,116.27496032360494,172.70952756317723,149.14584329753347,0.7871746086910609,58.73016988555808,50.525251534010536,13.16561083973788,2.4902679978680946,2.099274968136097,0.8373801126242235,4.9007619813553704,5.188958270637724
2023-09-01 02:30:31,DEV-022,研发部,润滑系统异常,0.7572070787854225,5.754315934590665,50.77936698586452,112.09378056279996,193.36849289001157,148.80130079814444,0.6971598693930134,52.39472750856325,48.07583722100939,12.869902437093721,2.87840397632,2.2666878363331904,0.8307426121492429,3.6710873914258637,3.9643137552074985
2023-06-25 18:02:28,DEV-019,质检部,正常运行,0.6473152912528313,4.806725608851607,38.19500570729196,119.99126790470334,172.7508506660042,148.7733149918113,0.6791729091717161,58.482598348198756,49.6988992434764,9.494699785253243,1.8553405796671782,2.015325979381163,0.8774987667940591,4.7040340448407205,5.41332021575638
2023-08-06 16:20:23,DEV-037,质检部,正常运行,0.6470215947238316,4.868647621983907,37.56830205402235,119.46433026488454,173.48010160493183,147.2069383180767,0.7803085940391121,60.25225947332568,45.121579426153865,9.510972244713933,1.8238708696209935,1.8499721898295325,0.6897545090727896,4.715106695638663,4.230145718284812
2023-10-31 01:57:54,DEV-018,生产部,正常运行,0.5575032525926766,4.339616488536884,32.95097094724443,127.04611378552073,168.65845972216164,156.57469714339604,0.753558744302022,58.77823131835546,54.17180376964874,12.970404476586452,2.2622576364699607,1.894024092862846,0.6514976446261742,4.7352700779990275,7.432553038939938
2023-11-19 22:32:45,DEV-099,维修部,润滑系统异常,0.7837585121884763,5.677847106948369,52.619416365616985,110.59592399267062,188.90455850618554,148.95108018678843,0.7494040098359714,58.138582408797795,51.22432982166487,11.485592247352988,2.7723659760254065,1.9427457067392109,0.6565138086141293,4.387411763896596,5.017740663634657
2023-10-23 06:47:14,DEV-034,维修部,传动系统异常,0.6984958472770593,5.608372505459042,39.25198850632033,102.20600900169075,195.11221741091464,145.8417878140483,0.7256888241286981,56.58872452771763,40.47580654409902,11.694867142394965,1.975484439488761,2.0737328888425552,0.667923543882442,4.0084982236320785,5.351435947453228
2023-02-27 17:37:05,DEV-062,维修部,传动系统异常,0.7145668772551008,5.44262275400667,40.565435279357835,102.57608241825037,185.00908628875547,150.10967404281945,0.7417247547837049,57.9807304025589,49.489308171456884,13.231735337354994,2.316075096690578,1.6767748487282552,0.8386405720863831,3.811891852014804,5.508940661581711
2023-01-30 14:04:55,DEV-002,质检部,散热系统故障,0.8277586627785665,5.956340437176243,47.31188090803307,108.89810651679504,188.6456618304553,138.32232470459635,0.7949019515799416,59.3522623913023,41.604480267435875,9.821200475376681,1.806505564049354,1.598045284232688,0.9064391081195894,5.152457124145711,7.339679667752216
2023-04-21 19:30:33,DEV-057,维修部,润滑系统异常,0.7800784619112633,5.707727291836221,51.86870776502043,108.01028238388824,187.71116451860559,144.49468472375327,0.730677007957476,54.94199113813694,53.03061452744846,12.311869288737528,2.795301303892385,2.3870129813215812,0.7819297967872286,4.217974657680391,4.865603491934804
2023-04-19 10:10:34,DEV-005,生产部,正常运行,0.5478445987715413,4.339377542418087,33.36936356689329,123.09109311145545,166.6002088881486,156.31524968445976,0.8038721987999068,58.96281727742523,46.675613200073975,12.053549132805378,1.5241993018416349,2.4255646050375477,0.7252825143183805,4.70792641065739,7.563144087869893
2023-10-23 11:54:33,DEV-023,研发部,正常运行,0.5406367050868122,4.2175958929568464,33.59601833989666,126.12305412071558,172.0396474083882,157.98168991470877,0.8080784767622292,60.354377021260156,56.25644973395868,13.979427918600626,2.2021096988385604,2.494616520195515,0.7551701723732268,7.510859874513671,8.201795550994573
2023-04-29 05:52:39,DEV-029,研发部,正常运行,0.5412046496791116,4.329878403407986,32.3502427358054,124.87646488282755,167.91105293813192,155.78972812749925,0.80762376510159,57.517055542065414,55.37854852237501,12.427023097354635,2.07167724384926,1.912979929876651,0.6511446502527835,4.9096034210799875,6.763745544174419
2023-03-23 14:43:22,DEV-077,生产部,散热系统故障,0.8597422998210392,5.7729790211559715,48.130081674756546,108.61208722185103,181.1286460817168,139.26064213164764,0.7166190879307704,54.324121536706905,45.660130494514696,13.902224353287126,2.108895582937925,1.8319890669099819,0.694153365595848,4.60255201345512,6.6342899990599555
2023-09-09 11:03:43,DEV-016,生产部,正常运行,0.5485521050231964,4.236552848036838,32.94108065762118,126.55234808534796,172.23080489058356,154.4516953857864,0.5799876786694326,53.71425843553085,56.616788988731244,11.77394918475595,1.9687515527820627,2.3225331473637825,0.7785963381920435,3.005759007884721,4.708238961194906
2023-09-25 02:48:48,DEV-080,质检部,正常运行,0.6398534171304584,4.847094360651924,37.83652193082564,115.7537555262171,178.07393146910317,147.7069731740103,0.7847942733194138,59.1523461566709,53.10203734597659,10.877397791861972,2.3387765265078393,1.769031264605813,0.8525726185430361,4.325561217164469,5.527291067928083
2023-03-23 14:32:47,DEV-071,维修部,电力供应故障,0.4129976867713731,4.94812708330779,34.16552651664938,114.68798206403844,169.0467490769111,135.57393638016129,0.8135708811692188,55.37290800251072,45.290660920817295,8.656479475124573,2.0589429216479727,2.378589666670144,0.7780410048461238,5.414297812871809,6.150417884440532
2023-12-21 04:38:59,DEV-098,质检部,传动系统异常,0.6890236928944048,5.528661756203344,41.15185251108592,107.9905065728138,187.13838321544182,144.4688771492923,0.7606459980339018,57.82541417556439,56.396407963999614,12.446080004404271,1.7628525494093776,1.8969736565841917,0.736257854926163,5.173877031568648,6.572714148197488
2023-11-10 13:27:11,DEV-004,质检部,正常运行,0.6399237175040718,4.894589711472522,37.27468750962257,118.23545040078218,173.66366842089798,150.0213129061019,0.7678760284811695,53.114904975748786,44.00442638416323,11.344285948104904,1.9761328065619377,2.01943868042062,0.8058554832520574,4.051102684449705,5.8947155980277115
2023-10-22 18:13:19,DEV-013,生产部,正常运行,0.5496141625295771,4.316893511795002,33.380844641959364,123.29292975540686,167.77672363658135,152.65270387139927,0.7198505705481973,57.33603122148915,51.49406457933732,10.933732539110094,2.2660150182988046,2.00022270799245,0.8858630917540752,3.9710900093194796,6.143273758031624
2023-02-12 18:15:36,DEV-060,质检部,正常运行,0.6564619093813708,4.768427020808064,37.830185950898475,116.38926284877327,175.1642065870543,151.4673155772226,0.7055885385140237,60.96333940364177,52.08398453180023,13.927568313706812,2.5858239109308587,2.0689329235285108,0.7389756929581591,4.4327627182890605,6.772012672199347
2023-09-21 21:46:17,DEV-021,维修部,润滑系统异常,0.7715534815539976,5.578337058645446,50.57584243744923,107.38367830539976,191.71929234342392,151.15601847866904,0.6582701804148228,58.85239723319512,52.910848008001075,12.828772044892224,2.7700943475768156,1.902699723205035,0.7664751141650705,3.294281947539087,4.011979236761535
2023-02-09 02:58:34,DEV-006,维修部,润滑系统异常,0.8007328740408926,5.753608503551716,50.715635653675896,109.56416012439064,192.50236513472242,144.24182113875634,0.8222761261937702,63.081710352238645,51.80687119413354,14.203671075867144,2.8322919350411806,1.565386376962513,0.6817960430049471,4.639412172529391,3.919542890745665
2023-07-16 01:49:54,DEV-008,维修部,润滑系统异常,0.7778652562647699,5.6928472132134775,53.01643309740434,108.68850623596613,189.58286384683865,147.94739126812058,0.6934274457957016,54.407520525408366,48.391646775265066,12.482813597137381,2.795970369122033,1.8944090450023396,0.8161069036171449,3.99189263311107,7.846115211108062
2023-03-07 12:26:27,DEV-077,质检部,正常运行,0.6377163639810438,4.8217525961249095,38.1314938319679,119.40582001081528,175.58300341540942,152.55599497410643,0.7341893456432577,55.09857909489082,52.582616640629034,12.019799128843644,1.7979370837451605,1.8696859991225077,0.7854965957287583,5.13044054973208,7.096408792734566
2023-05-16 12:48:45,DEV-022,维修部,润滑系统异常,0.7620233687951907,5.672892777549667,53.08754832539517,111.4650073121443,192.65711388248116,150.44049161319796,0.8070588620046749,56.64393146673769,46.845363402047774,11.977498285439324,2.846735462802588,2.3765238145702936,0.8843405610471459,4.960084420136023,5.2708863410474045
2023-03-15 15:13:05,DEV-054,质检部,正常运行,0.6441457763228895,4.839428034060904,38.206531989337016,118.081753522772,175.71698024170794,147.10832029744816,0.7119737247848289,55.217388933377755,50.16733903096694,13.289133125622199,2.8693068916642757,1.639864484218549,0.78630831100095,5.254769055736829,4.787360916551706
2023-04-12 09:37:20,DEV-073,研发部,正常运行,0.5471073884724444,4.223282798965511,33.34711959309591,126.0175407204417,170.66579474739066,154.93734121518187,0.6761564512425673,63.1304608505217,50.23146400435692,12.542232866856473,1.9843395572387204,1.9718997256753104,0.8657592583338368,3.646730020229742,6.388152843457824
2023-11-21 03:37:48,DEV-002,研发部,散热系统故障,0.8662669987949043,5.846993171762817,48.40667093355047,109.48794693745906,180.02982577652963,139.01056826865528,0.858278325531718,52.329046500768165,49.77675264342416,11.16053925689046,2.650622694824648,1.9760388375679798,0.6516716344659229,3.6517160995929348,6.1616469685083395
2023-07-14 14:02:52,DEV-014,维修部,正常运行,0.4963814994464145,5.255573300307962,41.50761919474148,113.79305216129585,180.165466908762,142.7641359395201,0.7143587650267648,55.77495192608513,50.70635415139541,13.362102337827956,2.070639879498444,2.2693805777590037,0.6861307826393757,6.296938760060446,6.186413544871169
2023-07-04 21:42:32,DEV-034,维修部,电力供应故障,0.4163078129728601,5.000403655056736,34.00317806487802,116.88227731231896,173.83953872502934,135.21276824789297,0.7712871958211105,59.62536627964874,50.349440105776026,8.709317200664493,1.6134021164881953,1.645050409660084,0.7492758891957593,5.2842415831028235,7.892533325013837
2023-09-07 12:28:52,DEV-050,生产部,散热系统故障,0.8396219075048941,5.745610111552597,48.14769618056458,105.09983630879437,188.09657609108692,136.9663564509817,0.7387762974349853,52.359121689542526,50.31189178152591,13.597031696606606,2.1075044621704953,2.188517281659128,0.8917627598908433,5.539598233064288,6.221895831908527
2023-05-17 18:32:08,DEV-025,维修部,电力供应故障,0.4173961636834542,4.965068701228314,34.275963059195,116.11169873817332,171.03025090000384,136.26071976143297,0.6919044983465372,59.5051204255819,42.36742532915337,8.62994320199228,1.533123760035377,2.1394710188813066,0.9615427510412536,5.817119942004217,6.120190376133545
2023-02-01 13:00:25,DEV-052,生产部,正常运行,0.5516897742320417,4.2345041961685785,32.38812858708982,122.76371976081109,172.2723159358174,152.631429398494,0.7290381557830774,55.91825155180406,52.61937703644742,13.909165846513488,1.5773563835398805,1.7843658865370857,0.7640833525789335,6.178242286302727,6.743686149724775
2023-12-02 08:36:17,DEV-024,质检部,正常运行,0.6376892940740821,4.816468911604505,38.66914996696593,118.35623811957414,174.21718948344565,150.85972931065413,0.7836875450555931,57.58145026613431,48.49751244348342,12.163400805668195,1.8258362975524314,1.90080326737446,0.8383578349514849,5.4982220843349525,6.5231759673073455
2023-02-15 18:26:37,DEV-057,维修部,润滑系统异常,0.7885307748290745,5.701597898241173,52.24123787056168,110.15155950962274,185.68356434362062,150.61252227005858,0.6851871629455805,58.519350396902475,48.582394317966504,11.30474638857637,2.8427559550591437,1.7219556495715913,0.8280012216330075,4.023024550128688,7.7139823873369435
2023-09-12 07:41:15,DEV-093,生产部,正常运行,0.5440232875521095,4.224054773804743,32.735906804664445,124.87154332434216,167.74253635491021,154.09974319586962,0.775447604594794,59.30450491822822,50.122331337361416,11.162747964518024,2.560045943632802,1.920200536191757,0.8063655918401748,4.943046366114918,5.719285356884342
2023-10-08 03:08:45,DEV-092,生产部,正常运行,0.5501538453484829,4.254967941363124,33.074233797924386,124.27120099316893,172.29302738996702,155.17451686093125,0.6635256147676536,59.266653861588225,48.029580009251205,11.099859970936642,2.1417222475398283,2.382148206633621,0.6454470410179004,5.245655729259215,6.656669804138517
2023-08-14 20:38:19,DEV-029,研发部,正常运行,0.5437088834637628,4.2184170053837535,32.627415109983424,124.89642552349916,171.64635724739773,153.2555213811637,0.7449597036977701,57.9675997728483,51.2271407501867,9.740901005529675,2.3972716913714627,2.1039586880945587,0.7051266754069747,6.405086714876263,4.93306042460302
2023-02-20 18:46:59,DEV-020,研发部,正常运行,0.5529362106231871,4.232197661820952,33.169678120760096,122.9752012032581,167.24568480244466,156.41473681456858,0.6959067441491851,56.74210516313346,58.98656136846178,12.688916293910031,1.6086739059027748,2.358776707005691,0.8859593650438231,5.621745151829658,6.909324609043712
2023-08-10 23:50:07,DEV-051,生产部,散热系统故障,0.8533370966910575,5.872665175352647,48.28297121098286,105.43660410756117,188.9353893828852,136.14443020631236,0.6668330676855353,56.748951607083214,47.50247954861592,13.861368241196772,1.6084197066033772,2.28396519469679,0.9472094626280553,4.058773773380458,6.879056282699413
2023-03-28 23:50:23,DEV-058,质检部,传动系统异常,0.6803144961359299,5.572188605142439,39.431784869186984,103.04859315235643,188.62010604765828,144.6033996530787,0.7445625870246778,53.92913258996186,56.60954688679301,12.91734873640665,2.0425974762721943,1.9222194589219594,0.70315686687343,4.626927267130382,5.828262918540478
2023-01-24 05:05:26,DEV-003,生产部,正常运行,0.5571739090256995,4.258019631835717,32.658410499300814,125.3264993155226,170.4489032453141,153.2512763395572,0.8245854587681756,53.02845523948451,53.88079502978573,8.400667763772127,2.3302753650940233,1.7434439922675742,0.9513173471744868,6.117823424141409,6.906989268041346
2023-09-22 20:28:13,DEV-037,生产部,正常运行,0.5493644644459894,4.266785627336522,33.493547165101916,126.24661085791617,172.43519140575486,152.90321554875862,0.7593575215924224,57.63844409439676,56.01691990488614,11.932860372618475,2.0336063987529744,2.241015317520596,0.6931223691711438,3.9485514132132526,5.679923316637174
2023-03-21 22:57:45,DEV-095,生产部,正常运行,0.5392024197477584,4.321888444909388,32.75761553775174,127.36572355713454,167.91727594527882,154.04413713591947,0.7501219354684657,60.52708013670948,56.665745590049944,10.591502834946565,2.600687898215105,1.463917077974584,0.7377619648612618,5.425438512746548,4.878028276982455
2023-04-17 17:53:42,DEV-036,维修部,正常运行,0.49069827229206436,5.268388674702441,41.84980702843882,112.70772609718814,179.08131285522398,146.13399428681547,0.7169763205732791,55.46012635463795,48.796957594297005,12.978000475029663,1.6442117233040634,1.6386131997229374,0.8430129551522867,4.675474474618344,7.906483468476434
2023-01-12 13:46:54,DEV-094,生产部,正常运行,0.5449564341140034,4.328808821417038,32.40299301848433,124.16146902902942,168.50539812648526,156.5587917274092,0.7968835298797806,57.19798604589145,45.082196583179375,11.754140158852145,2.446782269348812,1.9037807749000353,0.9168132290840341,5.861393585910443,6.228637968125228
2023-09-03 09:42:43,DEV-091,研发部,电力供应故障,0.4283835268184279,4.809390845410164,35.56739808412513,112.86286663470601,169.74263769149283,133.13608276544474,0.7579972012526296,52.818728155498654,52.28371150360244,8.362090200691185,1.883673694408965,2.0558071712263772,0.9323327543981534,5.6320616737128955,6.5776243157394845
2023-12-12 14:42:55,DEV-042,生产部,正常运行,0.5452097743490846,4.265269011890269,32.70675561543267,126.35756030999244,171.03292588582474,157.06098653714358,0.7260152123652929,56.32875869437495,49.752396673083474,12.640050725322455,2.496891414215048,2.294615806045478,0.7027953456284225,5.188941122974354,6.891418833707583
2023-08-03 04:41:03,DEV-040,生产部,正常运行,0.5599862198881936,4.383492772188315,32.99089280484387,126.82319920656391,166.63243774201126,152.31326466882936,0.7274402306089657,56.766371113784416,46.66450190155427,10.164395377648967,1.9799611509141326,2.0188200197551533,0.8248180906808448,6.519132345390261,5.9827134042124115
2023-06-10 22:26:46,DEV-098,生产部,润滑系统异常,0.7691167691158938,5.697799340939855,50.595374262572236,110.31721828525899,186.39089828982392,146.3555755057443,0.8151383063132267,63.47862675764477,47.58028542440085,13.068920842074224,2.795439528796475,2.50271998769581,0.7842707293734273,6.492160157797838,4.7860753855799505
2023-09-14 02:18:28,DEV-050,生产部,正常运行,0.5514155056932094,4.361227847987965,33.52081656379814,125.74366741222698,171.5326604738808,155.30516461929855,0.7530412583593998,57.325500958331055,52.95011917724135,11.189637581755145,1.9653278787317607,1.4661059068101372,0.9188054592578152,5.156863197256387,6.425060687120895
2023-02-19 17:37:51,DEV-074,质检部,正常运行,0.6561343201903737,4.730548901314139,38.7085905977485,119.51527079029515,172.93138422837077,148.11699021447643,0.7121255637541731,56.48221562126231,56.93133952869224,13.674874351449121,2.2488859179950866,1.6543271577898353,0.8920792316748831,4.871977635408902,6.494809687803766
2023-03-02 20:07:31,DEV-076,质检部,传动系统异常,0.7122780572662705,5.500388980902117,40.839015903619696,105.81106354765205,191.46970151066608,143.8608546499527,0.7563005258124366,57.949718655873035,48.090674847871995,10.201056031460434,2.0429148360881366,1.5637194513904686,0.7881781007887245,7.22004180308971,5.462861040763304
2023-07-05 15:07:03,DEV-080,维修部,润滑系统异常,0.7826125081821074,5.617682152000136,51.083705403837264,108.32218599438598,186.57900138865324,150.1352289079012,0.803596710741233,56.36925565666139,51.052232462408945,10.795901495206165,2.793681958765942,1.96857727759329,0.990175246122379,4.9967006171666615,6.298294768473641
2023-05-01 19:49:19,DEV-034,生产部,正常运行,0.5549650381857391,4.2963675925754,33.331722205596925,124.83721249541325,166.7171322261019,155.2677991284241,0.7648010478100107,58.65366305686107,46.905458324298124,10.486793653444536,2.189987552882271,1.9911242876926638,0.6356655738369178,5.334219947155412,6.16242597284666
2023-02-09 04:26:46,DEV-074,维修部,正常运行,0.49889658515195917,5.166487432339724,42.58486896602934,111.92611169410795,182.39560630413945,142.7102671500226,0.7314934267467923,58.56432296080343,52.902344395702045,10.718906040946028,2.259811773559049,2.0464176100208746,0.6942965478623271,4.999623875864384,4.948079922377741
2023-02-15 09:16:07,DEV-037,研发部,正常运行,0.5593303697500482,4.381730955867787,33.43982975070761,124.01508753491015,173.17252311255416,155.79434109371016,0.8010166117951951,54.948995471523816,44.284799618625705,12.918996687398304,1.4629821875238511,1.7803411539616236,0.7830610171623563,4.143572155476066,5.905688622133924
2023-12-30 06:49:27,DEV-012,维修部,电力供应故障,0.4266122237740524,4.858146508878435,35.22661756352684,116.82629702453262,174.48541662087433,132.08426872993732,0.7256214736242911,55.0302200253585,48.87309869317572,8.666024603182361,2.018971223061795,1.7746771682992666,0.7740202968391358,4.728987011135564,4.40667630366241
2023-03-12 08:23:12,DEV-022,维修部,正常运行,0.4966757370949187,5.267943153296525,41.649646535907266,110.49818215256525,181.48527946108086,145.80594284849928,0.6897412033692262,63.11210000884363,54.618354422640984,12.146513607316356,1.8962639017621663,1.5719359646934825,0.6463478369272234,4.003965780861293,4.94436556096554
2023-02-23 23:00:09,DEV-100,质检部,正常运行,0.6593470773662474,4.8402787296430025,37.97298235011274,118.09592751562334,178.3267117469877,152.79462266330572,0.7196603394132413,58.77775783273758,52.93227863728224,11.75145249211862,1.8804387569886087,1.6949859045017355,0.7592805706494162,3.9562385957466386,7.106146891416148
2023-02-21 01:41:03,DEV-061,研发部,正常运行,0.5425466731062042,4.266274873581482,33.475666418704876,123.49270101413947,166.62358552285576,157.29912932356012,0.7928342444964536,60.799006580483145,48.95979253066941,12.739607311533112,2.6790380347227463,1.7120455894290658,1.0270096369503112,2.8839747776530285,6.448214609549837
2023-10-08 07:30:57,DEV-099,维修部,正常运行,0.5048739486005702,5.278183355570693,41.359686758727364,113.16666701220845,181.11675142769897,143.44730079861804,0.8231740384740882,59.611888303243816,39.785276300872404,13.489305470955312,1.6758437152719696,2.2967933341602973,0.8053155731850923,4.7203880595796495,7.1283202289284695
2023-04-18 18:51:44,DEV-071,研发部,电力供应故障,0.42470462906032236,4.904443942203642,34.260389353423065,112.01400028665138,168.25336006572707,132.05665970667255,0.7850456045106068,52.56605636491537,47.17320040153413,8.404553767809073,1.9174137118765735,2.1836075370951065,0.892875839116542,4.530524238046987,5.5043973681289176
2023-04-14 07:47:28,DEV-068,质检部,正常运行,0.6533447762559563,4.750971962597849,37.27137505453371,117.17332743174485,174.2900683476799,150.81444632808257,0.7142536991099964,55.29602100027243,50.84607732173932,12.750108374095905,2.1407608671441207,2.26028869561138,0.853768261083575,6.022538142222749,4.6910201842918
2023-10-24 00:53:14,DEV-004,研发部,正常运行,0.5472353953813283,4.260798475103412,32.45657279200852,126.65069451138326,172.40115744626786,153.26245186103466,0.7867441680867068,56.585935816354166,43.98766219310805,12.453848281903722,2.145377693067925,2.4506404165414652,0.8358911437827569,4.087553770465897,7.644007417908744
2023-11-14 03:07:11,DEV-016,维修部,正常运行,0.4965629436103014,5.284903435904873,41.3228795676463,112.47671579981223,179.65077076166,147.54311563172172,0.7634562000272787,55.99099331530061,47.351662195402575,13.99521354228967,2.445791003863276,1.7458726342896846,0.7656651136801182,5.363115404820557,6.770835637761178
2023-03-16 19:39:20,DEV-040,维修部,电力供应故障,0.4189529128158523,4.767420447824423,35.537065295130134,115.22629812521117,176.53469529855255,136.09544452244174,0.7061699133627408,55.07037342067488,50.85461755642737,8.51730522004153,2.1490824718392205,2.0223907448793335,0.7450418591225003,4.33636579366835,5.522428640275445
2023-04-13 15:37:18,DEV-012,研发部,正常运行,0.5491427384981519,4.270053104663706,32.96786464082089,125.5140376613338,173.3047426907605,157.714140267773,0.6180901392638588,64.75572687541452,49.057877780375414,11.85879545655109,2.1570739808269908,2.059600346007554,0.9583972093216389,6.6569080300067185,6.595311358111498
2023-07-16 15:58:31,DEV-021,研发部,散热系统故障,0.8617890600501072,5.8792292138017554,47.358800391429405,111.1736574437246,182.1526413737036,136.55101402026108,0.7897255362771162,53.72135120275362,51.96039172972145,9.05653091398869,1.9175490834872493,2.316680245093484,0.8345082785101604,3.44401457603905,6.419527665603173
2023-11-19 02:28:40,DEV-085,质检部,润滑系统异常,0.7568925154198712,5.598100457828243,52.395511957135206,107.75144603002903,183.13042855178384,147.30811908570877,0.7197665699309362,59.650896801922016,48.31057812309823,11.821996396148393,2.8079848816649298,1.519930193595007,0.7678480085097052,5.1352698460559605,5.8614365289953465
2023-04-07 12:13:48,DEV-038,维修部,正常运行,0.49496978279628934,5.250740828855117,41.21633449035611,112.3131057882235,181.88970253733297,147.18524069321813,0.8526252124319432,58.14735096497653,47.18101238658251,12.399708665109543,1.753686407056766,2.14801462081937,0.9680681411305204,3.5328678725720093,7.473259817132143
2023-12-04 10:17:49,DEV-051,研发部,润滑系统异常,0.7740108174285877,5.6305986842272135,51.44877569308477,110.90298164389993,184.64574666305214,149.27281621809098,0.7136812774919592,65.54923994188665,55.1476090525756,12.944138111430453,2.8473087957284737,2.012670628066006,0.6190698465570729,3.8007586332154264,4.900213857233709
2023-09-14 21:32:18,DEV-025,维修部,正常运行,0.4958148544160833,5.263872464501817,41.35095482263199,113.19539993219313,179.18601011946217,144.8259425151478,0.8166791283361914,60.12592610494935,50.97051877088164,12.484766195160233,2.421138710851571,1.7117773027535679,0.6944576714368964,6.383334752170092,5.77337912543992
2023-05-01 13:59:46,DEV-056,质检部,正常运行,0.6628903031963718,4.734006520033848,38.33535304991956,119.06235829761145,176.28095622364899,148.36464353588747,0.823379104096244,59.31805665233566,45.79496979730982,12.230021058589413,1.9657969167825122,2.046646700641246,0.8506781564474408,4.610360955942932,6.972509398173863
2023-12-19 18:41:46,DEV-023,质检部,正常运行,0.6552297497191331,4.714699773254589,38.62582632947928,118.95382971569482,175.0517283555961,149.64902353968705,0.8175117940932136,59.63245932465088,55.39988924370381,12.617367351108902,1.8430769932377182,2.0542135030799105,0.8647419640459991,3.940417362220532,5.8057252833258515
2023-04-20 10:12:55,DEV-022,生产部,正常运行,0.5561280080712993,4.361131578596563,32.91500057667488,124.39085907226466,171.68467158234188,157.55995507789865,0.7765211344937513,56.45725305529288,48.462801482738605,12.589593231240388,2.368543338269294,1.8775234010138673,0.9155612149230739,4.456717154616559,7.238355850107053
2023-07-25 14:19:08,DEV-053,生产部,正常运行,0.5421993029000998,4.315678660795111,33.51774473513251,126.00017020482427,167.61105386802555,157.28056147975389,0.688092628028203,60.94005706526231,51.22257194359306,9.385740312418177,2.632054018256884,2.1114719330091622,0.7665308421240291,5.071175433387313,8.072857349053288
2023-07-05 07:35:24,DEV-004,研发部,正常运行,0.5454736444486838,4.289945613345333,33.40499247215625,124.15338109381591,167.72241898546932,154.2454904604976,0.700805922237878,58.36354211411,42.82508495994915,12.466750887321163,1.9987796686223276,1.9175937467863609,0.851510152810248,5.582359113411969,6.9871167221756485
2023-04-11 02:27:23,DEV-043,生产部,正常运行,0.5557899379154845,4.215788660471569,32.770595369521345,123.57172780031837,173.39170675909133,156.06008984078846,0.7326776748805011,61.5149647292736,55.40625820927241,11.855659746660422,2.0859585556034252,2.2062486519654083,0.8108405585874185,4.823792660331857,5.770871683745816
2023-08-15 12:55:45,DEV-029,研发部,正常运行,0.5563933363627337,4.262179384796729,33.444997245173795,125.72075354516986,169.30315183792908,154.52518359769888,0.7147988552842612,60.11875674580758,55.02505327927792,12.974732803080547,2.0815047348645996,1.9890445065893652,0.7694786589163501,4.325699626093285,5.581065910833854
2023-07-27 04:37:23,DEV-013,质检部,正常运行,0.660539123460503,4.814627599201396,38.10061045284406,116.87621468965183,175.75405923485988,150.45546280450438,0.7275956902492261,59.067719952738976,52.06607011391111,11.415840823612442,1.7293826774343721,2.659951025783849,0.8128146691338249,4.202223304246931,7.51163234912673
2023-02-05 14:29:35,DEV-077,维修部,电力供应故障,0.4176790611269619,4.98716549127113,35.229534359709476,117.60597161114704,174.20004372656783,137.18635243538233,0.7038000341262858,57.30999802734887,47.96764502380133,8.585392596199497,1.9663922528859406,2.131993512540729,0.7288151840537188,3.778330196745617,6.364678967974793
2023-11-29 07:30:11,DEV-028,质检部,正常运行,0.6492138420733963,4.873479714400308,38.56430974818586,119.35745465486492,176.43426417134094,151.0701994735667,0.6988696890374264,53.56558231046353,54.25967267228894,11.945975760193239,2.21337146926946,2.32525059718929,0.7441503000040374,5.024661165929279,6.316783869728321
2023-09-23 14:12:23,DEV-015,维修部,电力供应故障,0.4117447934561312,4.998495647277649,34.94912751606115,116.95273772855276,169.31013916780935,133.7131738817868,0.7393156364280196,57.77409298912486,48.28120550583181,8.70483501765783,1.7352101691510837,1.799347357091071,0.636780428781238,5.122024579043222,6.502200492360753
2023-12-03 04:26:19,DEV-054,质检部,正常运行,0.6387417294053284,4.849641743514574,37.92055399231567,118.97670551808824,173.755360967834,152.06590344843795,0.8297084929401837,57.87007800947915,49.14772642934454,10.351754398666804,1.6598634528933598,1.3807077179290383,0.7365431807875454,4.6063914562921155,6.586180319990913
2023-05-11 14:43:12,DEV-047,质检部,正常运行,0.6557649675502867,4.7493091045917994,37.629223850597214,115.8308465426214,176.4746402278005,147.665344924871,0.78094899423205,56.97859583216785,53.91283614323691,12.345738218266925,1.6929131449500976,2.0286067343771625,0.8641624185369214,3.8555423301390395,6.838245833678718
2023-07-22 22:40:28,DEV-040,研发部,散热系统故障,0.8471970948279341,5.947672188077798,48.45562749147105,109.48966456217566,188.1738952326889,136.56182476322402,0.7065507712036809,54.80636275298749,49.38811106029747,10.875503358072748,2.356829673667991,1.8409845517618357,0.8335656111276488,6.3990726004875,5.747430571004834
2023-10-07 03:16:03,DEV-006,生产部,散热系统故障,0.8408513945361142,5.945220420806035,47.28085480426833,108.44815561578844,184.86548998129354,143.04185656144423,0.7535760045756578,57.379204907605704,41.91306843828182,10.07776076464747,1.7779935022954012,1.9851628487203639,0.789645084195981,5.64109030618422,8.32875174496627
2023-01-01 00:09:12,DEV-039,研发部,正常运行,0.5536873590539941,4.291306981227604,33.24992724530411,122.8485387323448,172.4469900090265,156.7224352893523,0.783245569761735,60.27639192160237,51.287470692711295,11.192450216541635,2.156952032638779,1.9368358017061902,0.6706784869102417,4.515661005621777,5.384704614266848
2023-10-15 02:46:24,DEV-027,研发部,正常运行,0.5394402579198331,4.25749105634716,33.02296970256896,122.57480599128151,168.39891474633708,155.08699108075038,0.7474363079863644,55.25915033353438,58.18083599609677,11.786209808423012,1.928976513539217,2.2095919257422483,0.8870315066719765,4.2803894693546365,6.16688722044833
2023-05-10 00:14:14,DEV-002,生产部,正常运行,0.5451302222132055,4.370221732386264,32.6562216956804,123.22447436045611,169.92827876988744,158.01103281548572,0.740949642601692,55.55388789255999,53.57722706207571,13.334309535846248,2.4211574209410753,1.8216194089723086,0.881127275608566,6.248360097868924,6.740678344336547
2023-04-15 07:55:49,DEV-025,质检部,正常运行,0.651880194826382,4.8958478013971405,37.676006901383744,116.96374790566746,172.6182462216376,147.984381529592,0.7294930544973721,59.34926788409179,46.12348731200816,12.41037351299351,1.8930640956091374,2.5269459511714203,0.7656404034510403,3.2392082132430824,6.589423689919893
2023-07-13 17:31:39,DEV-049,生产部,散热系统故障,0.8504666038580306,5.701215383150805,48.68029962869959,107.07687153420041,179.877775500706,143.1728645265014,0.8463836672940852,56.67026393866476,49.72502871307183,11.92904961285144,1.8243475830002835,1.5033855036546635,0.7753050376196762,4.279396535803762,5.209196877030834
2023-08-14 15:36:47,DEV-076,研发部,正常运行,0.5495873560182905,4.3415199352321165,32.773431705071914,124.96632217052553,172.82982698233792,157.8250636364975,0.7885679177505569,54.68861603270233,45.860665414128604,13.321415399399507,1.571778071884089,2.7616366421730754,0.8876600030031576,5.7072521067454245,6.473906214539775
2023-04-22 11:33:35,DEV-047,生产部,正常运行,0.5555599970321715,4.29548900631248,32.92973924966828,122.53548266247444,172.17190797057216,154.1309143839467,0.8105285675307896,61.713921964581914,52.18043010369956,11.950675429736425,2.402612445399998,1.6355114082647835,0.7284974436974203,5.098225933911413,7.595407973003098
2023-08-30 02:04:51,DEV-096,研发部,正常运行,0.54562119847283,4.335805599246989,32.428902793938775,125.41085230088137,168.95200478728012,155.74967621015836,0.7455331798106792,56.65284990777281,52.04096108321957,13.30755492489072,1.99479393118024,1.5622080499829631,0.5723138703986407,4.232341442093834,6.596294975093058
2023-12-20 09:54:42,DEV-022,生产部,正常运行,0.5580992262720305,4.231945629093482,32.34189208621408,124.7557302155688,167.65694646669502,156.475515570106,0.75695856562164,57.153824681352404,48.29193267667856,11.474029892212783,2.0454926038681758,1.6076214315655353,0.7268858159809919,5.165389018832509,6.344677903760015
2023-10-02 23:00:24,DEV-013,生产部,正常运行,0.5540452883055927,4.300316521719569,33.36688677626083,126.70669859503025,170.54241191055306,155.7373980091333,0.8080382986838445,53.91211894609752,54.82680568304758,14.192067526323953,1.6848755226374041,2.3324563217747976,0.8352684306119167,2.3710391374174793,3.9102023903191645
2023-05-26 01:27:58,DEV-099,质检部,正常运行,0.6546062221764737,4.765502804710123,38.51724239803546,117.3948478152447,171.79985443562873,151.76396650001902,0.7240422271072607,60.274732011016674,50.12240714772866,11.777047728887219,2.189430382251265,2.452226985044598,0.8484263444209825,4.399146230145923,6.202859726780284
2023-07-08 12:56:09,DEV-028,生产部,正常运行,0.5549056492259742,4.349486594515554,32.841502812344956,123.73452322141476,166.76408178128554,155.78233845688874,0.7822241745308912,60.788533724576546,49.23229342211135,11.405430010126757,1.8677860312173873,1.8905135130650017,0.768918761725618,3.9306245522018814,5.748153790998555
2023-10-14 08:13:14,DEV-015,生产部,传动系统异常,0.695459740313611,5.459528032605922,40.364504255883475,107.20792794543613,192.5582995966488,149.51058806201578,0.6304846764482669,51.14269022226237,54.04776904109956,10.484970541574278,2.6140178987394442,1.781446628184598,0.7144333828612214,4.31299344973572,5.99154986282007
2023-12-03 05:37:52,DEV-080,生产部,润滑系统异常,0.7814363766465157,5.484368483298144,52.326608372438216,108.61835796081525,185.86305982246122,151.12245509974431,0.6949874039890808,59.060325720605604,47.94058707769075,10.507281872886564,2.8512656285502564,2.1569044506817066,0.9027491414725849,5.313662181052691,5.6020990620748625
2023-03-03 19:19:41,DEV-027,质检部,正常运行,0.6574719661263349,4.713624275005596,37.53874596121455,116.63422807991464,178.4507396021926,150.42465010779782,0.7065142086510864,55.502283450986376,59.598577030653516,11.884924300426372,1.7436757880930025,1.6790225922599464,0.897237938401347,5.235653706563944,5.819249080855749
2023-09-04 15:09:47,DEV-095,维修部,传动系统异常,0.6870631349162871,5.565101770960592,39.25254184528079,102.42396074006416,185.40141178135215,150.3833342198444,0.7018200474185591,56.89224023723743,52.63588907091463,11.339582635225494,2.1865655669729227,1.5468920141332863,0.6957698617659064,4.228629973314358,5.407463143907718
2023-10-05 12:51:10,DEV-033,维修部,电力供应故障,0.420818517880522,4.914716522707569,36.016702961108855,115.68976828714125,173.71959394610712,132.68115443646704,0.7655903125315483,60.48809674305312,45.564116131075636,8.299501089633873,1.989065469587387,2.371651587331861,0.5864958517419321,3.944466044833862,6.6492382110089245
2023-09-11 22:50:48,DEV-008,生产部,润滑系统异常,0.7954245650256605,5.7365150179925894,52.391614805845855,112.49318386732317,189.97471314923456,148.6317498820003,0.7487416895483873,59.27701758917368,56.3424867800492,11.31671855653083,2.865431167319688,1.9021762890894762,0.8537017598296788,4.524365087106824,6.172551339210998
2023-10-01 22:28:26,DEV-074,研发部,正常运行,0.5418829286011996,4.363754290150426,32.37055305135573,124.07896358167912,167.8559234805606,157.6755438469767,0.7844706713500832,58.43873100423375,51.356853642745726,12.571597271519746,1.6786484746848658,2.4398865476927902,0.9290380085219389,5.095507157069854,7.268245407898936
2023-08-13 21:39:34,DEV-066,研发部,散热系统故障,0.8645640429533706,5.8324780405621395,47.28379973170367,110.52236101421796,188.45329228445192,137.14443946873754,0.7781077272331887,56.953932210622675,55.75155293170901,10.893293912234954,1.6850438809228028,2.207032338373313,0.7144022078664007,3.6183741158779603,7.887288411649251
2023-01-11 15:17:21,DEV-001,生产部,正常运行,0.5435417951131565,4.332228047113015,32.805215442815076,126.0650841786689,167.67238462456456,153.46406835552526,0.734083585534377,58.75068251397191,48.01165764965408,10.673338722826799,2.464209595894244,1.9343023873657375,0.8719995280965541,4.3181881583316715,5.959664443538776
2023-09-09 09:27:38,DEV-078,质检部,正常运行,0.6607009016435802,4.705918804772845,38.429408566643026,115.91152641913317,174.8475548041818,150.82723699844087,0.759162039887735,62.13676851498652,42.90537886968061,12.18639436822829,2.608419661261313,1.8157597662181026,0.8125872300875095,6.022270015387527,5.635959375231956
2023-12-11 08:42:20,DEV-043,维修部,传动系统异常,0.7191711922109837,5.5246546233761435,40.71872083044922,106.48321369098173,194.16921975226734,152.16262591305644,0.6803804981131458,57.99060350773142,50.41645735980273,12.152648323752649,2.4752342076467477,2.1771419720019978,0.7491186723829615,4.907843811460971,5.858015888373346
2023-04-29 23:13:31,DEV-064,维修部,正常运行,0.49676961020735955,5.232853772248839,42.365773387969064,112.2600594108201,176.80762780657,143.0853206759328,0.7840667953977353,51.83023723960161,47.374330962406944,10.920302748115711,2.2950801319627034,1.9625579919914642,0.9524787004221827,4.652736606174279,5.695101261217018
2023-03-04 15:55:00,DEV-065,生产部,正常运行,0.542269791457601,4.2212129705129176,32.423251020948655,127.21249964936445,173.29485472211377,152.48886054990902,0.8632200253165352,57.37351114659896,47.10920364433317,11.36677291518401,1.9136482953185678,2.1457064185958856,0.8507930263688578,5.534687996996417,7.185698501261542
2023-04-10 08:39:41,DEV-005,质检部,润滑系统异常,0.7864133878175239,5.451519899095767,50.658076268642695,109.98006866784988,183.00425620449053,149.4379431246764,0.82987523851516,56.2464617260442,52.36658073182478,11.985267244008863,2.8457760981372022,1.6507105906004114,0.8222414547542121,3.5851813368792977,4.907060010607157
2023-01-13 10:01:42,DEV-087,质检部,正常运行,0.6395278348660871,4.778802287700216,37.26296331729331,119.8798488673198,175.18930797780078,152.09881356481412,0.7063665519155072,54.83640814305414,45.22012248322946,11.41468844537773,1.8849965887528006,2.4776462824842813,0.8852128994532689,5.742951412140052,4.9677416820257845
2023-03-04 16:19:34,DEV-073,维修部,正常运行,0.5080168346556968,5.219996428942607,41.606944887118246,111.66488371070866,182.419121365023,147.08546718265762,0.8277333473625534,52.13150564380623,44.48208279345817,12.551635095474696,1.6509841075789626,1.5310662882998878,0.772014005412327,5.146089519179786,8.126896419593182
2023-09-21 06:40:54,DEV-061,维修部,正常运行,0.5085274089741106,5.115004816656683,41.85555966226187,113.8789557555873,177.86006998743477,147.51581196596948,0.7508430967929748,50.03168340316395,46.93140426471948,9.460148549021683,1.2554161876242012,2.456138637795766,0.8128988312691198,4.60802779579113,6.369623358012457
2023-08-01 20:36:03,DEV-091,研发部,正常运行,0.5514495493122388,4.319875051189227,32.39221590866265,124.51519378953566,171.01424696084993,156.22803738770108,0.7926835474511006,56.62749884657613,45.86500028605091,10.200215922142103,1.9397701055509178,2.286982465612782,0.7526041642402597,5.103843426234063,5.469852831742905
2023-11-20 21:52:41,DEV-077,质检部,正常运行,0.6390309994854493,4.791122450393071,38.33986251821133,115.79787130288089,176.76981632781545,149.16721546669498,0.7099983223433314,60.76485893419347,50.67926972520075,13.23793429264925,2.246107935624309,1.3554428991687564,0.8816941341226457,5.207208612564555,5.535675786687579
2023-04-12 07:24:38,DEV-006,生产部,散热系统故障,0.871184917308688,5.877466816195691,47.796177825214905,108.4664684683329,187.10555841339269,143.1494340632226,0.7482210831855863,58.81760984383484,52.57541926445715,14.603916237087446,1.9382793419385231,2.18165779786103,0.8288021367222641,5.037910305987365,5.497019974291994
2023-05-04 00:07:05,DEV-003,研发部,散热系统故障,0.8592002229869563,5.628746494650802,46.60245588203723,109.79418127527012,180.27623208194,138.36352606401135,0.7952420673217366,60.97114166334809,45.45288275843263,12.046546795018514,2.1065419177738653,1.7975562476592573,0.5109008020326881,4.666855192370436,5.6290779821420704
2023-03-10 09:35:21,DEV-082,质检部,正常运行,0.6419709582380846,4.768946516223811,37.70922208992726,120.11000986212677,178.27149324451793,148.09809266540836,0.7127535373079479,61.87494156067935,51.68700374636904,11.969534540856902,2.4268930689806045,2.0649604682951854,0.8570628632211192,4.6451965565217055,4.8406958897327454
2023-11-12 04:18:44,DEV-014,研发部,正常运行,0.5569206438450904,4.328413921959746,33.03044636069524,124.29415242061751,172.56496367752914,154.33315966602035,0.6563012182544334,54.39441921395032,49.67584393746584,13.529942260761374,2.2847645527910876,1.3583919981346297,0.6553822049234168,5.829654960285776,6.710790063849105
2023-12-09 03:07:59,DEV-008,生产部,正常运行,0.5514524053475321,4.365021764209247,33.076393251871295,127.29895510202425,166.9311249691195,152.5076476456406,0.7449264763407448,53.80128889608249,47.30602795769437,11.625779728644684,1.9855991563879372,1.6647209413620414,0.89268717313331,3.2593523978700496,7.011716746702592
2023-02-10 23:30:12,DEV-053,生产部,正常运行,0.5442320542400829,4.287787159030108,32.50118866020311,124.78417715156445,167.50672875277985,155.14476066539874,0.6772178490105701,58.1513120918928,46.07199230896136,12.427488911769538,1.9438777787684223,2.237377973693978,0.8817978706361952,4.684761977632936,6.563690584929457
2023-02-24 21:36:04,DEV-053,维修部,正常运行,0.49597838318568155,5.097496134849635,42.02627515635334,110.4352752575562,176.72035987309246,146.14996154529672,0.7304239525320215,58.59327212689872,58.48377279297002,11.010060662420509,2.137651639943582,2.4370394871408494,0.7624555055492909,4.2452209425122955,5.404642674863348
2023-04-06 07:27:54,DEV-052,维修部,传动系统异常,0.7109038899949247,5.467312370612053,39.688820578941126,106.36373187759457,191.23255927903497,148.89331311664722,0.7784707441786349,57.248237739237105,57.56833329445219,11.897654574509833,2.1482471048051073,2.137754192479319,0.7077098351948806,4.9713795689305655,6.234710781028517
2023-10-01 19:05:03,DEV-026,生产部,正常运行,0.5520566867854706,4.368064996859301,33.10991180351322,124.83483999981806,168.9145210748792,157.73078073556428,0.7925974196826912,57.973931618893324,50.72991406700831,13.047043635235108,2.081662812420926,2.174214679871726,0.7885222311273083,4.984920779861206,5.538821730919382
2023-11-30 09:33:22,DEV-020,质检部,电力供应故障,0.40915638518796493,4.79316046304411,34.353881333176616,116.17682147118303,167.97318872385702,135.33063991542582,0.8217736505577025,50.78092505859741,44.35312735675916,8.673825838164568,1.636615366250591,1.8558422230717353,0.8811069598340596,5.171034124083919,5.086287775618908
2023-07-12 21:42:06,DEV-037,质检部,电力供应故障,0.42327526811210314,4.951943120280949,35.71922059786311,117.75339303265825,171.66967535055116,138.90886272651287,0.8501684436938328,58.70480514634484,48.14906078449037,8.740122776534502,2.0332725111430476,2.445393495265345,0.6208462322615861,5.954595091360174,6.027877068955072
2023-08-10 13:10:48,DEV-084,维修部,润滑系统异常,0.8001852771787139,5.635798711177067,51.61767536433819,111.4606769255592,188.07739177895056,149.5973208987033,0.672111235165185,53.4081581691366,43.26002697563144,13.352101476266668,2.802314081753895,1.9821201193499405,0.7820543821417962,6.097273958419876,5.512299053588116
2023-07-10 17:26:24,DEV-058,维修部,润滑系统异常,0.7848277202460011,5.698101451592486,51.15328829276357,108.88535488458844,183.5063088635447,151.27606329018715,0.7975655303399665,56.65016389529036,48.996250946587516,13.756219265647506,2.8519103630392797,2.1312104259344102,0.7628492143187992,5.336914272095605,3.9250926081420268
2023-11-01 22:17:07,DEV-078,质检部,传动系统异常,0.6829377680383505,5.449131502420559,40.10013565155237,102.85376399301902,186.5849644536822,147.03331634756438,0.7689692133257344,62.348610949657946,42.27476929508225,11.507436379547492,2.3792228889899034,1.9310975676156894,0.743487630708759,6.064940491696372,6.261705709705518
2023-09-29 01:11:13,DEV-035,生产部,正常运行,0.5553413574550087,4.214190580026122,33.17385997553123,124.97300210921361,169.802971902074,157.04098885467104,0.691992913213299,50.42783986381247,46.99474278014982,11.52636058206212,2.5598684988883638,2.0429003837079387,0.6731714419619911,3.966142425274767,6.707813802664348
2023-07-30 01:01:32,DEV-039,生产部,正常运行,0.5481959617139619,4.228728227685308,32.46430400168635,123.83664774181338,170.8871164212485,155.18544577307787,0.7095765185870181,57.42846177174929,49.52061423970152,10.1397439369475,2.1992379499996706,2.248891394711956,0.8384085588426317,4.180385341876565,5.281694087921134
2023-10-01 19:58:56,DEV-049,研发部,电力供应故障,0.4223230617512745,4.7842031860567635,33.96587146692774,113.31743805160369,172.53511463214764,131.5582120888569,0.8251283091227558,58.130461044810545,43.36982862879858,8.5585928203199,1.7139622264965428,1.5347966271589824,0.6741684174019265,5.624890764146208,5.621462203377121
2023-11-06 03:27:38,DEV-075,生产部,润滑系统异常,0.8001601070407298,5.64273593418511,51.845627722616506,107.65150537517384,193.6299277683428,150.4851842415534,0.7901137744785571,57.147251767095206,48.20132563489695,11.592634094554164,2.7870278934136636,2.0570538369069897,0.5963775015087248,5.695799345256366,7.125659881503897
2023-11-03 09:07:11,DEV-025,研发部,正常运行,0.5404877792080288,4.2403367522439295,32.5346352770215,124.60335237424702,167.67034775954048,157.1980589944529,0.7212372591264371,57.137784913719216,52.32009485120605,12.65186419978912,1.7716224107366154,2.277762317583802,0.7771034288716817,5.453844047308917,6.13252640528311
2023-12-14 06:58:10,DEV-091,质检部,正常运行,0.64207727917704,4.803951565352099,37.92028464055915,119.37697251765115,177.82782808864877,147.52024816581857,0.794439237557439,59.47027670920547,48.963334374329094,11.862439478124493,2.4786569527803324,1.8952579091803028,0.7611289695594574,3.8849816395869574,7.861663977407733
2023-10-07 16:48:27,DEV-045,质检部,散热系统故障,0.8365513821260836,5.852909622170709,47.23279543571682,106.47870954243851,188.86290330551503,143.60772918161447,0.7749425222332134,58.53576906861233,46.602159958125625,12.347180386717156,1.895558584376169,1.705865130631102,0.923537084434832,5.466271292511666,4.93834450194803
2023-03-01 06:53:00,DEV-092,生产部,散热系统故障,0.8525080622985821,5.857970911608139,47.0102821528816,106.5407420208944,185.11592199562108,143.20160484750545,0.6238599412931958,57.35532516425314,48.055585019244255,12.114621991601604,1.9373427116796316,1.7982287646454096,0.6058023614221283,4.224833680806828,6.958225481049612
2023-01-28 19:45:32,DEV-085,研发部,电力供应故障,0.41188554724041937,4.923117783930517,34.296044648086,114.8170376354091,171.10628698208762,131.28499325709416,0.7968754061423572,52.76020570918981,48.226657202905535,8.666192472787309,2.10926931450802,2.1364661010065373,0.7145134079726815,5.679518363874714,5.463284697357434
2023-03-30 11:36:53,DEV-024,质检部,正常运行,0.6554270406466866,4.807556047873324,38.53897036859041,116.02307165586865,177.40584682406646,148.75976791925294,0.7979731132817625,61.47552511494412,52.91789548119804,13.180769770775289,2.0353550985878854,2.2001020112390073,0.892759409282512,5.062913195884163,8.455349227604101
2023-12-27 02:11:23,DEV-007,研发部,正常运行,0.5398802888717728,4.271157304647273,32.96111898413562,124.07258786104552,171.3612754136471,157.022868729148,0.7738028454028941,58.58515908291019,51.13242170249985,11.790122172826818,2.3556396282305267,2.3848610169978777,0.9672313338058861,3.6349700124933757,7.75929595820025
2023-03-03 21:37:52,DEV-085,质检部,正常运行,0.6426173354903039,4.7935886946618655,38.48141926788899,115.95805509858766,174.21174809968062,152.11104742124368,0.6546468654002516,60.339969798802336,50.617068649525265,11.010412656079756,1.3553149071370216,1.9867710444274174,0.765834207952764,5.360276431571005,4.925112969642753
2023-03-16 20:25:09,DEV-090,生产部,正常运行,0.5466196118760512,4.273675950726151,33.313501647504864,124.76108970444903,168.12731279599188,154.7051250000227,0.8042203384018991,48.76975985376841,50.608908495613115,13.77272806096413,2.2924346962965876,1.9318887023970672,0.6779138838457068,7.198979052232125,5.954291306465427
2023-12-17 05:11:29,DEV-091,维修部,传动系统异常,0.6945791187203723,5.3679457346768515,38.8034613999639,105.47505455152287,187.7374032551474,143.71827567486963,0.6996626896392711,59.281859523881415,50.83722968942871,11.617176192719803,1.8429162243281203,2.2513006492621606,0.7450413734445812,4.941672415659557,5.326468325320347
2023-12-05 04:27:38,DEV-015,质检部,正常运行,0.6436430734302157,4.843922009131097,38.753713090654664,119.40223626971977,173.89284821132702,152.40355140376957,0.7539057144240244,56.427692590532416,54.940907855614384,13.916037465238643,1.4211220331821903,2.216474565597137,0.6538483821191028,5.141180943386371,5.307597779815275
2023-06-12 16:02:25,DEV-097,生产部,润滑系统异常,0.779273171492773,5.479182485263896,50.64221957507459,107.06781866210542,185.17410748815018,143.83789420065744,0.7932328431316078,53.91289684193312,60.80607348964165,13.41214566490675,2.744369669373293,1.9959958211107198,0.7275601814560478,5.588469471305794,5.453356979046052
2023-07-25 15:20:49,DEV-082,研发部,正常运行,0.5531013857015974,4.35546665694511,32.51493256801924,126.81007241136311,172.87474889549108,154.91978389667742,0.7152397298711127,58.140449378630976,44.57125112803918,11.229368888749715,1.9070374764477394,1.9875602669736863,0.8688625550869027,5.037939838400743,4.014795944388463
2023-06-22 20:26:48,DEV-090,质检部,正常运行,0.6531707350950722,4.889561171973453,37.80480479099251,115.79242602831856,174.6212156879537,150.26357737517415,0.7192475265842994,60.62362705661399,48.50403937588792,11.64829894962734,2.3125756487112183,2.1663385172925227,0.8150059021349119,5.632309843779492,4.777796453125685
2023-04-22 04:45:01,DEV-014,维修部,正常运行,0.508656924427206,5.111825623167226,42.00188109738659,112.83754693740677,182.10172707664012,145.481508155176,0.7577589028965582,56.518357008234915,53.64950305553958,14.156570319438945,2.013996175049142,2.281338848550471,0.7753203313020203,6.178974486261323,7.949744726238206
2023-01-27 22:59:34,DEV-035,质检部,正常运行,0.6551787677497477,4.788307354703868,38.35156138682015,120.01761724274897,176.75023868562832,149.6517921318683,0.7359961875739818,61.107038482171575,49.636038024063005,12.029161550898538,2.292836648191682,1.7159313801257734,0.8977335768669213,5.568583586991048,6.211353213811127
2023-09-16 14:11:53,DEV-081,生产部,正常运行,0.5439526826154771,4.224379426929123,32.46397421146186,125.78374955424181,170.03543220941728,152.08644781038805,0.7749118130942995,63.34829965790138,55.98184355879895,11.136588098346209,1.9590279218436872,2.2583121914280078,0.9875625902518099,4.649040616143127,5.901693799632822
2023-04-14 17:01:07,DEV-036,维修部,正常运行,0.5016137324287291,5.173434815444843,42.73942418332907,114.12201398866382,178.44423101810975,143.87111038999748,0.7378137491781578,57.24824034404353,47.221394328941315,12.729775355452476,2.25239890493316,2.6911309913456987,0.7984336151405896,5.026727761379755,6.621710513239148
2023-08-13 01:30:37,DEV-028,生产部,正常运行,0.5521368140292625,4.361777059935462,32.84494365166022,126.05138475674457,171.1861242395949,153.49658681116375,0.7799956303826953,54.55415552279478,48.17591564716407,13.55008890342989,2.259099105243544,2.0929558286189085,0.8163559846148761,4.083391181718722,6.803173028646879
2023-07-09 03:06:24,DEV-094,维修部,正常运行,0.4971109978560807,5.183925827126417,42.81785768662794,111.15176895902555,180.13451366135112,145.20921367845182,0.7411775896688115,61.875942159720445,50.71454891440584,12.087143918082392,2.3646781462319644,1.9386833313792597,0.8515486502121302,5.023896686267935,5.759990361463395
2023-10-27 18:14:02,DEV-095,生产部,正常运行,0.5459998546091915,4.259872990069601,33.61642022379701,123.30037052743366,171.9538156947103,158.00182274879595,0.6840837901683826,58.93482119519864,49.97271187764344,14.855273161015225,2.307012729602457,2.364657317510385,0.5703069956095539,4.42297016882688,4.833157969529959
2023-08-22 23:00:11,DEV-050,生产部,正常运行,0.5538155135331482,4.38082487193045,32.46394894484203,125.86301059112563,169.61750149127107,157.28248197714052,0.7448455033851487,57.84966281217976,58.28709891192068,11.721529199702328,2.0550745172748686,1.6897153160122784,0.8723499323944078,4.3640909345769705,6.3363840482798315
2023-12-25 12:03:23,DEV-083,维修部,电力供应故障,0.41220112174225293,4.801746620033183,35.75949643558461,115.68893717324855,168.02719478418783,138.1339555173057,0.7767696870088807,51.4308841432591,47.70378270634639,8.471391552897117,1.7096541078204446,2.674196609222917,0.7994614355497578,5.6072814047297035,6.552239509999158
2023-01-17 17:05:10,DEV-026,生产部,正常运行,0.5415142869399556,4.345545767262996,33.23614499710275,126.36493360652793,173.06980579533464,156.71423367643632,0.7743766053924782,59.87078840456965,53.7200470623551,11.22814893205,2.3367514857684304,2.243088036297453,0.7769172023928391,4.739069577552739,7.341017682351033
2023-05-24 07:04:25,DEV-072,质检部,正常运行,0.6425759139624282,4.718238548308614,38.59500988718002,119.64105525438167,178.44812913153692,151.07636092867455,0.8017313132050613,58.58217439988104,54.53136459450091,13.468410084563285,1.2891525516694233,1.8142210025291297,0.801989752516422,4.149111243076541,6.19858335983288
2023-12-28 12:18:09,DEV-032,生产部,正常运行,0.5446185654141792,4.3380927115187795,32.773158080585254,123.18024245798456,169.87524548524124,157.03648788714693,0.7451176753631346,62.4790907313166,49.18708940419186,13.142258419811126,1.7140040061313269,1.442889940362527,0.8148944999019365,5.600746666068076,6.36092177810993
2023-08-23 05:47:54,DEV-001,维修部,正常运行,0.49641325509472867,5.210886306798745,41.24485255099823,109.95658727589198,181.58668713167185,144.6779838722712,0.7631987732657265,52.22459106478304,49.9118296805163,9.483625507794708,2.0014014362144965,2.0199585746320388,0.7578328467870464,5.392078899970968,7.44405769717844
2023-05-09 03:25:36,DEV-055,质检部,正常运行,0.6621165579373854,4.729081801259013,37.805191912540955,115.76195994887846,173.05245644353482,151.68282683028093,0.7162211514638857,56.20278209225503,49.52815878531141,12.224348570249234,2.0437368573097197,2.1255487830765727,0.8455019088511885,5.354847012915436,6.793641467992355
2023-04-21 18:04:55,DEV-009,质检部,电力供应故障,0.4179970337966368,4.994889915195648,35.94193296240854,115.38261849218958,176.134888784565,131.2237088708457,0.6637590112121897,55.63655550061239,48.87584478795338,8.480972550114148,2.2205812291696314,2.0086857077305984,0.7449245236672384,5.2858246131736895,5.185574827941607
2023-10-20 07:31:06,DEV-002,质检部,正常运行,0.646360404031335,4.8851880830876615,37.885349619901234,119.87407703153931,177.5046657286561,147.74598585227056,0.8126803671875013,58.831520455463654,50.10256672762913,12.949997618337514,1.1663112792731218,2.2744719948690157,0.7272469283505612,3.7587152651405122,5.782765841188904
2023-02-25 07:58:15,DEV-063,生产部,正常运行,0.5511593051527813,4.364403471047647,33.29707590035943,123.7477619610756,172.64129776687741,155.45410452205763,0.7238065315029398,59.02796337207897,48.285028707712335,13.050285614272182,2.3178541624586404,1.836100159611641,0.6627596502655934,5.29159223723907,5.9573071021436945
2023-01-11 17:48:07,DEV-002,质检部,传动系统异常,0.706164822825501,5.434246297654619,40.517748087374464,105.74908754207401,189.7091172867983,144.41845121153148,0.7428394131719135,57.24825509655803,45.72927321281448,12.86341883410731,1.7299410506380772,1.33466136920625,0.8095863169895993,4.7522790310938055,6.7331628378888215
2023-06-06 09:04:46,DEV-074,研发部,传动系统异常,0.712635852595489,5.648014622953586,39.12849212938275,108.14699128923696,194.2446716379501,147.48164957766974,0.8132618733054525,56.99058966326136,51.689734218229724,12.034240198647934,2.1921915151075844,1.98606874899874,0.8423852028201467,6.218145275135708,5.842706278311716
2023-04-25 15:22:59,DEV-010,研发部,电力供应故障,0.4319099856656846,4.764742644999941,35.4662147942029,113.71799074599272,167.08030570376184,137.64000618846794,0.7972730045600286,55.90179026247775,49.00786801668103,8.32797370714897,2.342736974342831,2.4027266817885153,0.9981611516911119,4.840080660866704,5.609437309748744
2023-10-20 13:20:22,DEV-017,质检部,正常运行,0.660203080615937,4.827598168008431,38.038743629918166,117.20417537392755,178.36000290919532,148.9181741199975,0.7440273780260833,52.94808190340059,56.75147496357168,13.695525221014188,2.1788561760534244,1.8699808499678363,0.8047165703735478,4.402978159208192,5.958059257924149
2023-06-21 14:51:57,DEV-047,生产部,正常运行,0.5529435334718401,4.291408932055269,32.78591849718446,124.44049367672079,168.24759463856319,157.63186455319914,0.7419112540357736,57.01810209237364,42.45501323994321,11.418138550849505,1.4624552552356473,2.0223414851873365,0.9819808811787208,4.898920541149342,4.806161566170731
2023-09-07 17:27:56,DEV-035,生产部,正常运行,0.550767333940287,4.331763519915528,32.932337791118705,126.81512980560088,172.51232189931474,154.81828554937076,0.835191797379994,52.836362980804296,49.753204625837654,12.11134358899158,2.3883824554291926,2.3838749526236853,0.9639862830133105,4.49221654539644,6.565433323095715
2023-06-22 05:25:38,DEV-057,维修部,传动系统异常,0.6870440850493005,5.589007695736106,39.13017640055714,103.62154119140492,190.68270779506503,147.23160793683363,0.8299737297988203,58.95910113988135,52.008277679113135,12.35496245625977,2.307260086565346,2.0307793174334594,0.5642443393378698,6.712457441339525,7.838309950088284
2023-07-28 12:24:09,DEV-032,维修部,正常运行,0.4950722411138389,5.233908875171475,42.29184029923611,111.1636940570277,181.45094239520506,144.34999711839825,0.6912435763489642,55.133761561825644,49.94344742204049,13.585636270594442,1.9720270992045246,2.0734830332625136,0.6090116643460495,4.924430397663176,5.203408569315352
2023-03-20 05:35:16,DEV-090,维修部,润滑系统异常,0.7764099209427536,5.6676970689572945,51.51339423269441,112.65621477392183,189.00432867225706,147.5930201179229,0.7374981428164493,58.91846059596977,47.89909550265805,12.733053988144604,2.809121633809726,1.9764297203706824,0.8707851921021468,5.099747646860007,4.038415138253304
2023-03-09 11:19:54,DEV-002,生产部,正常运行,0.5598991398192916,4.383220309469013,33.483712390437226,127.0477579538755,168.07749569561653,157.0522420917366,0.7984341697626188,56.065173457855906,50.75902306535342,11.578077043741732,1.6040035784454467,1.7048466451101751,0.7809786779586103,6.117658368731156,4.377808932636407
2023-07-07 15:59:20,DEV-023,质检部,散热系统故障,0.8362480570556614,5.842721215660948,49.115167659960086,105.02499106326148,190.386004911752,142.74753817065093,0.6902188712125856,56.55312197391569,55.50167889861012,13.21930594708388,2.1899322259315666,1.7722366467087078,1.0913182354612172,4.353729514762254,7.301349310666079
2023-10-12 21:38:40,DEV-009,研发部,正常运行,0.5594009290996528,4.309130353640454,32.930887881827175,127.3397370108314,169.75609207702405,155.87621153461637,0.8148113758112361,60.36262007533265,53.96381053055897,10.807605108310492,2.0265707358442615,2.2144328680812015,0.9472507763004883,4.783311671186693,4.114441542953001
2023-02-25 19:31:05,DEV-017,生产部,散热系统故障,0.8591733308307831,5.785872937976741,48.2716534433843,108.62064842814746,183.5933153138457,143.64535863233948,0.7461999596549826,57.86521126570662,43.108735825946624,12.169212255996133,2.0959175789716213,2.0200778755398936,0.8818072872850098,5.14434426374452,5.391107706547655
2023-12-13 04:45:53,DEV-012,维修部,正常运行,0.5020376317927264,5.217143912907107,42.41676294144161,113.39672865064382,181.12664597278683,142.84295532892395,0.6887315090454538,51.350789519937905,49.5587475822356,12.086066127637089,2.2844829686593005,1.877839007242942,0.8050014657364689,5.332693194967395,6.470483980856442
2023-04-09 18:20:29,DEV-057,生产部,散热系统故障,0.8529505040296617,5.949295323585637,48.19097079714901,105.82773588906699,190.51802086889603,139.99040371335215,0.7264711583009272,56.99867508951077,55.16175589631317,14.070315743865665,2.40018513639113,2.166478241981222,0.7433122345356128,5.750514903519078,5.569538245304389
2023-03-15 05:00:20,DEV-009,质检部,正常运行,0.6468016240900833,4.809982138007178,38.463224745424334,115.85738778537659,177.1565549764908,148.06732874429414,0.7198350164552956,59.478384562076876,63.85908165448071,10.53270589934706,1.979980124957887,1.7902438013741626,0.6174705434741175,6.331811061512281,5.237828230284911
2023-06-09 10:16:03,DEV-013,维修部,正常运行,0.5051823819116852,5.219874250324418,42.18323116434756,110.7387475309672,181.088412401715,146.5396589940318,0.7136400745135926,62.12338243049074,49.96252219550798,12.515703817694288,1.7579119634367657,2.0306170132847052,0.7153291633596112,4.960938690269496,5.1038445712505585
2023-08-09 20:52:59,DEV-046,质检部,正常运行,0.6622033923698902,4.888248221527628,37.783353861162645,115.95101976596025,172.6693896862815,152.9569849526682,0.6830594326132896,54.480040711406374,52.05076317996262,11.962396954346936,1.8749037661251053,1.9325547203224278,0.6704894485153405,4.795954491153114,7.156200552933086
2023-01-18 01:16:25,DEV-097,维修部,正常运行,0.4962270568685663,5.189464758185321,41.87296021268338,110.92441499814326,178.48539885594172,143.18143274360412,0.6995826470764394,62.641702942679004,48.59922781759133,10.650238020008617,1.9416012846460244,1.85273032642314,0.7392010829020678,5.493538398147127,6.3186702951107385
2023-01-09 07:48:26,DEV-053,生产部,正常运行,0.5602518788802642,4.370825004476256,33.59290506674207,126.62879228808484,168.99120459197454,157.51643381699645,0.7782922049370173,58.126510701959106,42.80776299225833,11.466127775576942,1.6758933160001264,2.453609985124038,0.7488086040873272,4.167531157469289,5.673575249707784
2023-03-22 22:41:16,DEV-077,研发部,正常运行,0.5394468800186776,4.360028266784955,33.25879435463144,125.70171215738246,169.02441845421046,154.23570997169787,0.8095362424833721,59.99949187501579,49.15937275717136,12.678331101848471,1.8561129329694641,2.0557956613824047,0.6286773661327887,5.758262356630755,7.21551371068623
2023-01-12 08:32:13,DEV-008,生产部,正常运行,0.5554253580086811,4.258296875017522,32.57995269861702,122.51354070851612,169.9181404182843,157.65742832633453,0.7131725964754279,54.805637807390966,50.61989606192361,10.702048984907782,1.9404103698731785,2.246122666263581,0.7444132629980048,4.6550258201674275,7.253574579070485
2023-11-25 10:08:42,DEV-086,生产部,正常运行,0.5398080459099819,4.244328793051375,33.4237612239926,122.93432774135981,173.00414294706505,158.09932458533387,0.7664298138263428,55.48296337449452,50.35670529942905,10.233385515180014,2.1533832198667184,1.8959119784909872,0.9220332306994738,4.233135558466685,6.071866432692256
2023-05-01 16:42:10,DEV-072,维修部,传动系统异常,0.6906584098922111,5.3458388113071695,41.199577000472466,106.65106445514371,188.16129258421302,143.73113510815242,0.7464275423423705,57.143286437209085,50.76142679456849,11.558377436323974,2.2085868099101504,2.0792192056464276,0.7310004962171355,6.393506677058418,4.798974026021692
2023-03-15 14:29:58,DEV-022,生产部,正常运行,0.556089390634959,4.355323444469424,32.94921026441696,127.41652828409234,171.94961671680971,156.69670790235313,0.7366998803999928,55.897218755491096,53.23425716218683,11.948935893299483,2.12283488570135,2.1350722594209963,0.9610321401865135,5.070110481697199,6.275533345017938
2023-11-06 13:33:07,DEV-080,维修部,正常运行,0.4969203313528968,5.257367385044935,42.74127900711041,110.0844248992156,180.2465438830304,147.2186942177537,0.7021818380164573,59.86110358282071,54.534910491325945,11.304647213920996,2.0282817973009517,1.9785118921106584,1.000921770533343,6.161691633578014,7.148277494367101
2023-06-24 16:39:53,DEV-062,维修部,正常运行,0.49312071622679954,5.269594918139817,41.76200222320841,113.84975815241985,180.47295483941525,143.15949982859007,0.7354965975166505,60.117156437364976,51.845810289485215,11.577429212471163,1.7867616254871448,1.730398200774712,0.7266048206468159,5.482789995048637,5.948429791946142
2023-05-07 19:01:59,DEV-007,研发部,正常运行,0.5431883992985348,4.277076168278133,32.4796626328106,125.64103298546522,167.42532908693062,158.01279184547448,0.8257720516953025,52.77110356395147,48.41863930871543,11.018142705603564,2.2802347932413367,2.1430205470187973,0.8233891498966992,4.321972785399751,4.911908214839911
2023-09-15 04:55:27,DEV-025,质检部,正常运行,0.640547433566475,4.837467754377138,37.85456452751853,117.6611021824489,176.52318435960723,151.1546169079462,0.7860975102127614,62.103409275452776,47.27226721126126,10.92518835095425,2.0043952393381996,1.7537100937349765,0.8283247335443198,3.783829577432445,4.018353449947672
2023-04-11 16:17:19,DEV-016,维修部,正常运行,0.5078310009882574,5.291733633192775,42.1169785751736,112.00614626687593,180.75877637769113,145.67458436911082,0.8127147223620917,61.51432270987452,37.179618869884365,12.65312170300382,2.375712799565979,1.5750896288736649,0.9824871336328066,5.801394196619762,7.635686956595972
2023-06-16 13:29:23,DEV-006,质检部,正常运行,0.6487441173000238,4.780297226973181,37.38198011740245,117.7218605869437,172.8692649113116,148.12033977463824,0.8069262642642134,55.13047936235341,45.26243297641395,12.635099384488043,2.6070036779298333,1.4411917599504132,0.8808845377804081,4.750796500053968,5.5743589717257835
2023-02-13 13:29:41,DEV-082,研发部,电力供应故障,0.4311297661037891,5.019314561664233,35.77703198296617,112.28447427255284,169.2491507333897,135.90902946042524,0.8033796535731189,55.050325669851894,51.42412968167085,8.739889210708812,1.6590245947572866,2.5886060813930136,0.8601089325572684,5.452242426884119,6.592213824236985
2023-11-04 19:55:52,DEV-049,质检部,传动系统异常,0.6996611623624863,5.481546165852673,39.88276988227421,103.81314176536937,191.5157130410824,144.0238680267921,0.775809325623607,59.21983351559859,53.297678266178934,12.47460746611827,2.0006408568592517,2.53023152030402,0.8451563713984335,3.310305008889971,4.640862139437784
2023-03-10 17:42:25,DEV-064,生产部,正常运行,0.549199685635556,4.348894663480755,33.58988185917015,123.87585056244033,169.30613035538914,157.67516975409941,0.7659780811980489,60.20081605326814,53.33526111086903,11.74213519250181,1.8714747587397125,1.9668378730238956,0.8494478261347411,7.289432504949155,5.952050308837378
2023-07-12 23:51:26,DEV-046,维修部,正常运行,0.4965388204867335,5.159594743149037,41.83654225127086,112.77283253677795,181.31178016263672,143.9283887209668,0.6072521767249,58.76578098654731,46.60718873224679,12.733131360131559,2.108491401144242,1.6757466192703925,0.8128860075051334,6.553888958271282,5.124811021227119
2023-04-08 07:43:28,DEV-073,质检部,正常运行,0.6501097165185845,4.802441207830713,37.790410515090926,119.72098924195996,173.72829112699054,147.56483856401815,0.7750389098847044,54.52924259485068,51.75321756664262,10.943893457776946,2.448038631823887,2.1272538639856124,0.6570809109323156,3.9819952090204067,5.6669310332726095
2023-01-16 12:23:17,DEV-088,质检部,正常运行,0.6452591601938859,4.815988853456024,37.97553912356109,117.21496261917797,172.1637095243145,150.35663946901738,0.7837365075879331,52.070886251610325,46.89670149633913,10.621747232237528,1.8388836769789874,2.2485611459790213,0.9679391763016658,5.181276924214754,6.796329340964871
2023-11-20 16:46:20,DEV-058,质检部,正常运行,0.6627336667486428,4.709764095772622,37.915682944636245,118.02180179614832,172.3209610346031,148.0143706706383,0.7499471147340346,62.49681087226908,49.00362585549425,13.48331824181065,2.0074705907376877,2.6387425193260308,0.6269673791585169,4.540742385374643,6.503084517681597
2023-09-30 23:38:10,DEV-100,研发部,正常运行,0.5583669247672765,4.321225824803424,33.091578116760616,125.60330239912292,167.96892233319255,154.34985400823876,0.8659652990971145,52.41401549607608,51.96185514392589,12.48434334150488,2.1233803250137977,1.8542543555796467,0.8723034224973326,4.78786822840965,6.28751385942832
2023-07-27 17:53:04,DEV-008,维修部,润滑系统异常,0.7982236741770893,5.615264098343245,51.83752057886708,112.59487673134515,192.6286224076882,144.99483260070102,0.6806394092160291,59.906169911815965,43.67579680696961,13.865537190011228,2.7762065416206836,1.7165110300841608,0.7668760335681426,5.6339200803157885,6.709280326925834
2023-10-22 02:21:00,DEV-064,生产部,传动系统异常,0.6987191334312698,5.6090584364135685,39.44534835448233,104.01521708639055,188.68324270779672,146.93115103664155,0.7379014713338747,57.13760509852339,52.00675797717319,11.981871148450297,2.2473189417940285,1.6480630039285213,0.6070515767330343,4.98826940906631,8.415572462171841
2023-08-16 11:30:44,DEV-058,维修部,正常运行,0.5026859482104066,5.2640845879426506,42.56376547848952,112.3490239984085,176.5259679419004,147.74753482952207,0.8048955752124058,52.96380113398741,41.5870240746222,13.011940569746676,2.03193837676688,1.6725190119619933,0.7823655778409141,5.2542311182249515,6.1842048453011325
2023-02-05 14:46:01,DEV-026,维修部,电力供应故障,0.42013972359104623,4.822955196756148,35.469956419937965,115.99954605719532,170.97598371061417,136.8026959681336,0.8406903176422673,60.34097291211951,36.37892483208609,8.295233116284255,1.5587330179309173,1.4158658019742805,0.6533530813804016,4.169842189229487,5.079025070189041
2023-05-21 17:41:32,DEV-006,质检部,正常运行,0.6414736592418273,4.808755330610576,37.748947126082015,116.00540980697352,171.96106193817,151.5552778826595,0.7212912406851119,55.35202775993573,51.25157346540456,12.566053511052669,1.963481469541625,2.0355840905786704,0.7652778840895434,5.115196421945834,4.276200456176093
2023-08-11 00:14:42,DEV-017,研发部,正常运行,0.549610028001794,4.223857373321803,32.57045860364629,126.03713137580966,171.44009002593845,157.46980270603953,0.7621785704597701,57.71589935254182,46.89523701057977,11.471708260042432,1.976317336284096,1.786815874639912,0.7651865907065392,5.7399859355752545,5.236897081601411
2023-04-20 04:30:26,DEV-090,质检部,正常运行,0.653402127004773,4.771120357590603,37.68486059755433,117.49301418170444,173.89415864973589,151.99343464025065,0.7244688342432254,58.792906498144866,45.9729309045717,13.036234756374252,1.982714160270696,2.2338563358496533,0.946003407434323,4.35192364558931,3.618547736399077
2023-09-16 13:33:41,DEV-009,维修部,正常运行,0.4928715492689719,5.233493628112749,42.271220608597304,113.55870024700728,181.813149996669,144.70820010554218,0.7634934718105251,63.285592088552995,58.71432686411253,12.918217740838362,2.1283121892261208,2.701543456401544,1.0020029235022907,6.320437478067557,4.672831040895061
2023-08-05 18:23:53,DEV-004,生产部,传动系统异常,0.7071199556496731,5.617109877271775,40.462010326666885,104.27178172216196,193.05292197617075,151.5377913612691,0.7022899073193253,53.607251309941155,50.33789501551553,11.612737701236616,1.7891220836198198,1.9471749645165841,0.8505408858879038,3.053339527224786,5.6420311762918685
2023-10-27 14:33:18,DEV-006,维修部,正常运行,0.5002638710938992,5.252179517839252,41.911364389823895,112.59983342671796,179.65817801440357,145.6402456468244,0.7981008570506206,56.007267396873765,47.34072878261221,12.912035771306368,2.5366928169700746,2.039869723080648,0.916635979904905,5.643403270061852,6.107950778945417
2023-01-11 16:37:56,DEV-025,质检部,散热系统故障,0.8461313528627546,5.963792890716369,47.98226989674165,109.0203316106451,179.62029832553768,138.33222373458864,0.7885704459326253,61.854510439176764,50.27269485273918,13.579295321614781,1.5330303415894186,1.702710099278545,0.610593217167165,6.242349016461847,6.812178418510391
2023-08-04 07:46:02,DEV-004,质检部,正常运行,0.6500282848868172,4.839589091128965,38.05212163887839,118.19226715686825,174.50717160503245,148.85300654404404,0.7335778000244467,57.618474003803406,51.100116846309405,12.999914038015781,1.8317749537378065,2.1095744120863054,0.7871632664202523,3.9614283518576276,6.6369977105076865
2023-11-04 02:03:22,DEV-028,维修部,润滑系统异常,0.7838874077210873,5.735405122496544,51.3976970912207,106.97536152744323,193.58359272237269,145.34840092805908,0.7263624819751893,60.0662806710544,51.35412308083689,11.71572976797654,2.743203700504314,1.642375528559733,0.645838117951835,4.473600719831916,3.5500747704732074
2023-08-06 04:04:25,DEV-056,生产部,正常运行,0.5460512190135115,4.247323023971989,33.1608282541721,124.28427576568978,168.60604937645823,156.59422578865392,0.7746210093051371,59.57160269778996,46.69644488967412,11.773204504848716,1.847726704259988,2.3432774231976574,0.8278651941311193,5.019356740449465,6.266452933362071
2023-02-25 07:21:47,DEV-067,维修部,散热系统故障,0.8245426541751538,5.8577458385793255,47.01267271748852,110.96133590612487,186.1589208456889,142.93707530080025,0.8185721477197208,57.379681969035595,39.60997063364976,12.650470826559625,1.6009070728468433,1.5328969170803728,0.7674881368143692,5.874270419051211,5.204484711187054
2023-06-13 02:06:50,DEV-019,研发部,正常运行,0.5452327047733485,4.349324354577425,32.8646315671068,125.06805523272162,168.3228287564057,158.02348947251576,0.7242285388484815,61.18188064941743,54.053907450042686,11.804036036450391,2.332899811997453,1.9395207743713798,1.1410770502137901,4.887162657253502,6.07087281095335
2023-11-24 19:51:59,DEV-007,生产部,正常运行,0.5484914922748247,4.363605454417861,33.523392983010304,126.68003499861175,166.91890803842713,157.77602973600278,0.7346962976060488,55.434926558103506,45.46359124702648,11.248733850298335,2.0656224164095156,2.0027087314295637,0.9170525183860966,4.874839796251041,5.5448263595539
2023-06-11 03:06:30,DEV-088,维修部,正常运行,0.5096768062571088,5.151943460731906,41.843712808185565,113.7538304699933,176.4210314348738,142.3306425969337,0.7463981160103389,58.27211789143948,58.95123235702977,11.465569755976409,2.7338027846752606,1.7943975719675382,0.7727940458145167,5.603653556490053,5.480568313348506
2023-02-19 08:09:31,DEV-062,质检部,电力供应故障,0.4222740417002294,4.808350060296154,34.24226141162159,113.74687418102272,175.7290397716406,131.2482374714749,0.7589697204969915,55.89768973787923,49.591751649959015,8.669965789347572,2.1783680464611264,1.7116077752840764,0.7442669796123901,6.0260866684162036,5.915710058281384
2023-03-09 06:31:59,DEV-034,质检部,散热系统故障,0.8504052577809514,5.706332533410041,48.0417712864416,109.18799359445488,180.39928413000217,143.10898452038109,0.7805126316108112,56.915542009624275,49.368994216510245,12.89156014093016,2.0624813342469293,1.7556353866335996,0.8530930127498461,3.768440415705885,4.9229419588334045
2023-11-14 12:54:49,DEV-081,维修部,正常运行,0.4971696774631685,5.195946701127881,42.67956695724637,113.35404961659452,178.1527026600706,143.9838113793892,0.7368065307010528,59.70434295331072,57.22586061632255,10.773400451754986,1.7907243259946897,2.528439030748395,0.7660034959918206,4.752295693864911,4.272574091079382
2023-02-12 04:59:34,DEV-048,质检部,电力供应故障,0.40910097531222345,4.801659267041546,34.21978407101559,114.55755674685737,167.51299480170016,137.48252301198298,0.879836222721591,52.16328145206165,44.4181142283999,8.708082646910965,2.3917384511352457,1.8339946085502485,0.7233362747702001,5.793761039494752,7.344269277643754
2023-05-29 11:02:33,DEV-022,生产部,电力供应故障,0.4239090263229984,5.018560466521831,34.119475104367496,112.40547249440363,170.42101524921742,131.7254008720395,0.7576318533517266,56.58439318878846,48.42367412559576,8.696651997752939,1.9288560641250585,1.9779200880716168,0.896278928204459,4.487200415506629,6.064547943662509
2023-05-23 09:33:04,DEV-055,生产部,电力供应故障,0.4324253978806301,4.825428891447961,35.119816970309245,117.3657057528296,167.01414901485032,132.59841746249035,0.7426751316960631,55.164403601333085,53.86731841984454,8.510688914641543,2.2201035821689064,2.1378708870175807,0.9930521495376766,4.169327853120128,6.290551148602306
2023-01-27 16:45:21,DEV-045,生产部,正常运行,0.5605118527610403,4.233171488008365,32.94977142352469,123.40318275473766,171.66624843189084,152.63196517852325,0.7539329696330463,54.183065825593395,50.40543600481695,11.467437485890533,2.136188522680646,2.4551612176683104,0.8103368423445251,4.895271803498525,5.081534432368537
2023-04-26 17:41:23,DEV-047,生产部,正常运行,0.5495169810800351,4.3439409248604655,32.80557433600701,126.42383105633986,173.178157246073,157.35897986471656,0.8309807215214118,54.93195667676508,55.9122820322326,11.50470376757554,2.1548237592275536,1.8016140746769838,0.79203301781293,4.240771444718962,7.966356294388354
2023-10-30 21:02:31,DEV-037,质检部,正常运行,0.6613348339969437,4.735630279365748,37.30406863378366,117.78314112271707,177.1084693017054,151.63000863786448,0.7091711739242641,57.835161347062616,50.40334115368304,11.929797753478981,2.190222030221711,1.9149123420928558,0.7028840001930684,5.137867664351756,6.641267333281961
2023-12-23 03:32:35,DEV-073,研发部,正常运行,0.5550575605894792,4.284680459653594,33.170569334770946,125.99656460577651,171.43562835570395,152.2221898084133,0.8952492301037956,54.780843026545405,46.74501956167241,13.585475880367623,1.7695407301100297,2.000291225156664,0.6451966918960732,5.535042523245162,6.643539815629031
2023-11-27 19:48:12,DEV-061,生产部,传动系统异常,0.7039106491317897,5.531639497499559,40.98222734720344,106.03199565611152,189.76426148835336,144.5126937692438,0.7618215842718171,60.71935324067267,53.419535643145444,11.736764486378947,2.135568396908756,1.7979820622673943,0.6747069203323749,5.3467263168274,6.967820634968315
2023-07-10 15:19:22,DEV-005,生产部,正常运行,0.5592635286985909,4.269200895390943,32.672973740688825,125.17110204965624,172.20185189945965,152.53950991744583,0.6855389070833592,59.9160907667975,46.34347845523841,11.737841656179539,1.6937504998281994,1.8436618286733026,0.7908358746080281,5.4000567620225395,5.566954720695655
2023-05-16 04:17:07,DEV-020,生产部,正常运行,0.5513239753156707,4.378192008878217,32.64079501989632,126.86060202494365,168.52381173029488,153.42208920658467,0.6966832555124012,51.92543647122,44.398328498614234,12.366158442267396,2.018247524518381,2.7220448382145572,0.8230422777118754,4.769186772152772,6.09656239140232
2023-03-23 13:53:16,DEV-085,维修部,正常运行,0.5048328290367209,5.198454366716686,41.97174385036696,113.51527228644646,179.00210720928374,147.08680911390755,0.7621668102261286,61.334109979660106,47.44082709837346,13.566454294494195,2.4857227037743117,2.112873552159038,0.6417057732340944,5.240330267588056,4.779255533715861
2023-09-08 01:02:45,DEV-007,质检部,电力供应故障,0.42724676996044053,4.876961443243586,34.82638176759308,116.69716109801621,173.50175268720363,137.25259406773418,0.7570691250438096,52.49919604366652,60.75842882243654,8.697453499450008,1.6920191587948572,1.9200981776338282,0.7126602254664024,6.0196549339379,5.149252468880145
2023-04-30 23:19:16,DEV-037,研发部,正常运行,0.5506293720992225,4.276959001570127,32.341876607080906,125.39715911359964,172.14741331456375,152.12592481384104,0.6930847186316856,55.42934784373224,57.06149760713525,11.382036582304139,1.7336299800050996,1.754767468875376,0.9275079363988458,5.461426987216399,5.70753097762267
2023-01-01 19:23:55,DEV-033,研发部,正常运行,0.5432243575212949,4.358479694397958,33.29688482554426,126.97380993506248,167.39938929402237,158.03937971461346,0.7303871200819637,53.44066060446649,52.24228865457401,13.365213303191409,1.6143705173139908,1.6740908376999022,0.7314002190667643,4.766648806251544,6.767491896621146
2023-12-01 14:10:05,DEV-017,维修部,传动系统异常,0.6953360801871692,5.3891455168,39.75320334719507,105.35902059153433,184.76733518047652,149.37182138925945,0.7605045901840174,61.34536355985805,50.826777906596476,12.26899526597503,1.9367401109798388,2.3289603239838184,0.673539947615312,5.752836376959875,8.781947066883275
2023-09-02 13:59:01,DEV-082,生产部,润滑系统异常,0.7938343630983207,5.719950933682884,53.04791721225971,112.14377056644561,188.91845868521523,150.54534405100134,0.7165031892587134,53.89054001715965,52.9233877795655,13.532388231840928,2.725937141421935,2.1072116728782744,0.7898397364744331,4.505769465110109,5.942066144763952
2023-06-13 17:20:33,DEV-061,维修部,正常运行,0.5054781244354133,5.169341342033203,42.54564359854668,112.07015413823692,179.73571430356412,142.3633390325184,0.7291823697012355,59.72078706346447,47.52214212344729,12.000172083283433,1.857949792360973,1.752116978489771,0.7369162945935852,4.305761409646834,7.566901676640505
2023-07-17 19:40:55,DEV-080,维修部,正常运行,0.4949933601771837,5.197800392437774,41.53163186225693,114.18475267582498,183.19722724574362,142.32867550593733,0.7933658826948218,60.29859599815331,46.38520717756196,10.511838058876776,2.3945761447986222,2.0630555863167515,0.8932946579536014,5.909137051939098,5.2808329179908595
2023-07-10 20:33:52,DEV-021,质检部,传动系统异常,0.7080939654828023,5.497673045321209,39.54051303318681,102.76866083310289,188.1885200776026,149.19785941198955,0.7148434927826302,53.70396424307666,51.50768285297045,12.984013377224626,1.6508275520583882,2.200045479928161,0.8023302348030991,5.235382699780414,5.162166253247
2023-10-09 13:22:57,DEV-086,研发部,电力供应故障,0.42004134883167343,4.940019433951907,34.337704376431454,117.49435066523675,170.584469397101,134.85503942994436,0.752206776220324,58.90954557882617,53.941568309389204,8.42461933771057,2.095104235401284,2.0283847657746095,0.728854665455924,5.095934867275046,5.665764645442496
2023-04-16 21:28:01,DEV-078,研发部,正常运行,0.5408846122690334,4.376861192369306,32.725075531078076,123.63232345838698,167.47812754765107,157.7652135987021,0.7561452357004878,62.55278918162151,43.02371549992105,12.608212716050286,1.6851833838948802,1.9383805296964836,0.7334623297715955,4.5340498152239315,5.501400609723421
2023-03-22 11:48:15,DEV-048,研发部,正常运行,0.558713816333917,4.23797528188162,33.29637014692418,125.07259999144172,167.36241090110636,155.9398741601805,0.7932297863845669,57.63608037990956,46.79673835758783,12.010444466476844,2.459180911762424,2.2440209092672077,0.7050315322466046,4.986049844407168,8.582685114994364
2023-11-30 00:20:15,DEV-089,生产部,润滑系统异常,0.7695823689051939,5.754009908601138,51.37993654980415,110.8375933930038,186.2554393405434,149.74160480681104,0.7844901000823289,57.77204475502869,55.39776755409223,12.57336773828383,2.8329189454662957,2.3332206894588636,0.6070768022715001,6.160008137167635,7.494686470579271
2023-06-09 14:58:02,DEV-086,质检部,传动系统异常,0.6971195025007387,5.40004884832924,38.82292238911906,104.05096257928707,185.99192370038148,147.30493394570337,0.771603490538304,57.306976402173994,47.61801310743017,12.532382950945017,1.9895555180296636,2.1723473192103575,0.6025118589977015,4.937847665858178,5.201588429341599
2023-07-08 21:20:20,DEV-072,研发部,正常运行,0.5424324100897336,4.240831057497827,32.41667036806202,126.83088072887467,170.68758207985383,156.2900499823355,0.7071305920964491,55.21627291823011,39.24011671272597,12.842223289863016,1.8799598740286885,1.7677774629026088,0.7357573547823936,5.481295524098403,6.144850455007999
2023-04-26 22:55:18,DEV-032,生产部,散热系统故障,0.8728266617181821,5.773591090122114,46.57005150485348,110.83805816828294,179.6067168316927,141.36320478332527,0.7617266088242586,50.64976833769931,56.11285610691739,12.501978708859298,2.1063388149949205,1.9367098275221426,0.6381571251042487,5.799026254416188,7.544365627470783
2023-11-25 21:58:22,DEV-061,质检部,正常运行,0.642006224541978,4.709894109462868,38.101232121657574,118.46539311785489,172.49261820827027,150.61042829862183,0.7535994811805222,58.41892516065025,50.32213733366588,14.001690480117862,1.7222784201999728,2.6400437824510052,0.7690578094694865,7.009658704738999,4.067631500170783
2023-08-01 06:17:22,DEV-094,研发部,正常运行,0.549096672540574,4.247744936923638,32.81686736564909,123.40934716210833,171.60065268364303,153.13395685648476,0.7991758545337879,53.757402019738,46.43378659250454,13.933771961440028,2.3348900932894554,2.060557420812757,0.8121688925460213,4.39188267276078,7.331303163302436
2023-07-05 19:04:55,DEV-060,研发部,散热系统故障,0.8245694580443638,5.952830851959241,47.86970445432024,105.4217546109838,186.9331911763772,143.32519397605827,0.7793004021671947,54.698259374798724,47.92669525339059,9.756224006381782,2.5686195076698506,1.7674130245857593,0.8285041360177154,4.866837871380695,7.3886921903032095
2023-02-23 05:22:17,DEV-067,维修部,正常运行,0.49268870258816244,5.15827428238131,41.76264208270058,113.36387869040418,178.40707108138477,143.32208879042977,0.8268471540667016,58.06921481309104,50.84495051537221,12.75696565842104,2.176118118768997,2.254523939124739,0.8529244481937098,5.663385771384207,5.83115578433769
2023-04-02 12:39:59,DEV-051,生产部,散热系统故障,0.8429107059953577,5.726406955712292,47.25784586012509,106.50090924932285,180.9310239070552,137.17194362931198,0.71937186778442,52.28418061315205,44.6003896839878,11.180078200152312,1.652261195805825,2.265788257257453,0.8828964573177772,5.705319194893176,4.653087404550054
2023-08-25 05:12:44,DEV-026,质检部,正常运行,0.6390785104647674,4.77680897562379,38.63005374493236,117.26669240097853,176.4886300541959,147.60399831911604,0.8304853730971153,57.319457749231894,51.81069074192547,10.258059411515667,1.9594176561318688,1.7535300319236973,0.7835417489987511,4.809092321982061,7.277051103765922
2023-02-17 21:32:04,DEV-059,维修部,润滑系统异常,0.7807827972713566,5.755790269866803,50.84451335142649,111.58493169673554,191.59348415935844,146.8990684825731,0.7623750717071668,55.291908015974094,46.91084981060025,11.772748921088219,2.7170879137561688,2.0628925265469906,0.8298921330021312,4.104549995972156,6.53517730906092
2023-02-24 10:16:24,DEV-068,维修部,正常运行,0.49717921829268574,5.303676815127153,41.629765245019804,112.40323316679977,178.4308440839126,142.75001209324842,0.8057885125857002,52.30383871579065,49.51401946867266,11.246153251718336,1.8751407387044954,1.1518346970546478,0.8620297915819441,5.523618378642305,7.877351120065181
2023-03-21 14:50:33,DEV-038,维修部,正常运行,0.5038637400757479,5.212781395600689,41.776520307306036,109.95886272540699,179.05777853734176,144.99369466507954,0.7343264264272982,53.95928970625475,52.373943436581484,12.164120863980727,2.0404108541456845,1.7370489646084377,0.9077156630206684,3.7311974473228378,6.3862593471658275
2023-05-30 10:11:26,DEV-051,维修部,润滑系统异常,0.7920993797563438,5.633444570109541,52.06121949911186,111.83033630821947,190.34761846238186,147.6304281828687,0.6757355404850146,55.5745278814815,55.59162338652066,11.589817933911814,2.8264970548791917,1.7505285549684686,0.9017082119473089,5.726961837369162,5.405177175966253
2023-05-11 10:17:14,DEV-038,生产部,散热系统故障,0.8537778768082205,5.960219832963564,48.71177123504493,107.94694301692996,182.12624317686365,138.1439114306829,0.7755978185680297,59.66577714750861,51.794703860777474,11.55035114612829,1.7080983012781783,1.632915992108569,0.8747584769855187,5.508434988123111,7.356648013776456
2023-05-10 03:18:27,DEV-066,生产部,传动系统异常,0.6837570503942637,5.659664372289677,40.68634583896945,104.40069518728477,189.6146933297505,150.10794633371717,0.6812151390339386,53.02578760788471,56.870571980596964,11.523074725265976,2.3628794809419893,1.7794170367978157,0.8220430972557591,4.460682396481915,5.401045901459365
2023-03-27 00:42:58,DEV-021,质检部,传动系统异常,0.6811198953038522,5.651257815723977,39.61615645878558,105.81658180815585,192.11418987595167,144.77725412738508,0.6669323980637406,60.64144777167568,51.769679293175194,11.558002437120608,2.338219649292717,1.9352377682546567,0.7842321316029246,4.647041220450213,5.945805822285553
2023-03-23 01:34:16,DEV-079,生产部,正常运行,0.5602541354099341,4.366238057435569,32.35082493644449,125.7073042616611,167.06401624510067,153.59008457555592,0.8028514729139589,60.311054647829245,51.36230684714381,11.21187939518645,1.700309256961079,2.2300258195322438,0.7121242441666574,5.160433321289892,6.14685888227478
2023-06-25 04:21:23,DEV-059,研发部,电力供应故障,0.41102189736154326,4.9154351028398935,34.151478003827826,116.23610564036657,171.63806121848887,131.0042786171708,0.8395661178830041,54.357885524012055,45.65271578662606,8.281413037983206,2.004464043761877,1.9359408347921114,0.7203057550142865,6.0397085573092495,4.9762990566504035
2023-04-04 03:14:18,DEV-004,生产部,散热系统故障,0.844768562539485,5.643509476003816,49.13588199173077,105.67100826967294,183.17355839886886,139.33727271788072,0.7983878839949777,50.60447079755295,49.896845982502455,11.047776929794262,1.7774805803226565,1.9179096598571233,0.8106439671627507,5.158346551872454,6.595180561560307
2023-04-12 21:17:00,DEV-001,生产部,散热系统故障,0.8520064495740467,5.692131831614925,48.38277073090282,108.01153157772491,186.86344638552362,144.04514045005902,0.776195665675316,61.645098197223746,51.98681109584685,11.867977865329571,1.5337957544903793,2.241553370907831,0.8437424927352061,6.231520564183257,5.639045004673015
2023-12-28 17:09:13,DEV-049,质检部,正常运行,0.6614691411258755,4.872253331163324,37.39590330312706,117.49368910824109,175.3735983282484,150.01879483530925,0.7661637655985855,60.44675833871227,48.78998183811166,13.620953513603727,1.6920849301825835,2.1688138678417443,0.8068234384868954,6.3523948231476615,5.6713474614933075
2023-04-14 09:32:17,DEV-052,生产部,正常运行,0.5442583882275432,4.317675176173613,33.19453842613853,125.112849614125,170.1452070312704,154.19243681298838,0.6613540693508764,54.20999894656746,56.62142749267289,11.27344753244564,2.29027846751578,1.5340119367848073,0.8697158049854745,5.70582255819849,4.071186659581702
2023-02-06 06:45:13,DEV-052,研发部,散热系统故障,0.8567431673806025,5.782339950058022,48.83791940304624,106.91133936007651,190.20173269704176,136.21892934288275,0.7396987708526065,59.25209477197435,50.966551114380096,11.729814843326796,1.896645036184606,2.4453644505417853,0.8722310299643308,4.0168744617804,6.031684772865479
2023-01-13 21:38:45,DEV-079,生产部,正常运行,0.5542029799885975,4.270648116421389,32.77063181586736,123.8468248494357,169.6792290719697,156.6862516912521,0.7844239019019426,60.58624614052252,53.191567048854466,12.900361256032376,2.2888974327585845,2.2271913919691557,0.7733973004646846,4.4537050642226985,6.927141216937093
2023-08-12 18:54:16,DEV-099,维修部,正常运行,0.5011016989860457,5.248478829574172,42.1948555564371,110.60235081107706,178.95876889453731,146.6459923500153,0.6804462799037259,52.65918561323084,46.00450936668374,10.08186400641125,1.5363904435106632,2.420122372529978,0.9310000050588193,4.393723802015991,8.272212771914566
2023-04-29 09:13:47,DEV-091,维修部,正常运行,0.5023778182403139,5.160261296396036,41.63004314473991,111.29023346336488,177.9728956704554,146.49282459285823,0.7604915020959886,56.70298871667114,55.7823794796647,11.865409595941344,1.8821180755098497,1.877704460221672,0.8517943152162981,3.9729522068682055,5.647047618537171
2023-12-19 14:12:06,DEV-069,质检部,散热系统故障,0.8575461044258004,5.662525324006116,47.65116165426288,104.84215671905692,183.09794630631905,137.2225807340323,0.7395866556294751,59.269011979621105,55.91427078914744,9.671225252688036,1.5258442254160756,1.9689344864145082,0.8277881633814487,6.458207234196509,6.505535980161758
2023-02-02 09:46:09,DEV-048,维修部,正常运行,0.4982058560588789,5.165254975789255,41.36992703102115,110.23734958752819,181.35617489937835,143.60680761379274,0.7536840392395922,58.637990699464694,47.12510866818154,10.62370928116558,2.417735805274714,2.1235358933609056,0.9023677871245206,4.961215566785358,5.718228964654276
2023-08-08 16:37:52,DEV-096,生产部,正常运行,0.5394888066045628,4.384028877771861,32.39468507724159,127.33901368824243,170.33907641287792,157.8715859678034,0.8066919056150565,53.69513448399949,52.21187689132659,12.912105854207914,1.7958306135865272,2.308795974218704,0.836575687033244,6.896902879056367,5.877034838475083
2023-11-17 11:24:19,DEV-077,质检部,正常运行,0.646117929145989,4.814348894970167,38.334668929640124,117.55688189695846,172.49867460578727,149.75650301011564,0.787852275284497,54.49709116856504,47.056442577396005,11.641354535945327,1.8098956758198808,2.0490481993820375,0.6260650983859017,6.1796237500677265,6.382830528612086
2023-02-07 10:39:09,DEV-047,生产部,正常运行,0.5605902962951763,4.274111451356993,33.55668019510101,127.1648127428354,168.24460004004027,156.8489713258457,0.7270940874771944,63.445857838786104,48.60089352223979,11.539817404961772,1.6133533313961228,1.6702451285577733,0.8966047382351486,4.806953268352263,5.896365756804457
2023-02-02 07:32:34,DEV-072,质检部,传动系统异常,0.7180939898403886,5.572038822800239,39.4688846265892,106.15339814720996,186.4972098284625,146.51885775977806,0.7443842785125648,60.897671493900106,56.931967960190406,9.088611238558888,2.0037415758654964,2.087557009532173,0.9306681574842941,4.924371806092435,3.686321330108657
2023-10-14 17:43:18,DEV-019,研发部,正常运行,0.5390547500631687,4.226378005769899,33.17845973433302,123.71773803428948,168.90188225036508,157.0788584800681,0.881092062119875,56.05513385848819,61.46417290371762,12.701296195483998,1.9821628670541365,3.0622386287429517,0.8597810459475037,5.051929107851102,8.19919470651304
2023-05-07 22:47:37,DEV-067,维修部,润滑系统异常,0.7872883276576857,5.671921456614361,51.56814043124382,106.70947306744135,188.32599644339618,147.83364651541933,0.7479159895968016,58.312329947065855,50.44945595300743,11.799226248593147,2.8315259622744207,2.0199619572631136,0.7325271215308479,3.627178164475312,6.78197038665243
2023-12-28 16:32:54,DEV-030,维修部,传动系统异常,0.6974292839734479,5.341277534941294,39.36781492461605,105.69334293422305,190.01703587265038,145.69262287744257,0.7043404417472832,55.81703901864745,48.88099515826769,12.196403839674995,1.822178119391867,2.0791098511324217,0.8182200267376722,5.793687759812265,5.316982547804898
2023-02-28 08:19:14,DEV-004,生产部,电力供应故障,0.43067583462810594,4.868512463664372,34.392433224382025,113.87733570151549,172.150616402395,135.79853874785653,0.8473429168626304,61.09651788210931,52.80598535779939,8.465539238616486,1.645513786745315,1.8689594113114005,0.8472769611254821,4.415190878513967,6.418998673554195
2023-12-16 14:07:02,DEV-079,生产部,散热系统故障,0.8518863056030552,5.861188468099763,48.74631671079146,109.26884576259496,188.83407551207284,137.67241429996915,0.7732505690117955,56.833517581748154,55.491561740034584,12.929016071260945,1.4346146164453002,2.1554850177829805,0.7925905376968538,5.823684865365814,7.065601046621039
2023-05-07 22:47:54,DEV-066,质检部,正常运行,0.6446775552988925,4.7659297467338115,38.5299780882855,116.28485268440637,176.46237697837083,150.31691986144745,0.7546026259522668,59.3749787152415,43.886054043639646,10.709688700428433,2.1300620386486466,2.0163343986924396,0.7581250813858238,4.283958490411975,5.5984026608344
2023-10-28 17:45:25,DEV-048,研发部,正常运行,0.5427239769014641,4.301835137219089,32.89000182589452,123.59580776868982,171.5011150842879,155.81399373646292,0.7256490015109794,53.62489161670246,50.884495413386105,10.776510728322139,1.9274686473352634,2.311539361710158,0.8648335223849822,5.176631372270803,6.517289321654888
2023-12-23 09:42:49,DEV-090,质检部,正常运行,0.6516181930137991,4.881486167177662,38.37305400578828,117.48275873092543,173.85922838586234,150.14182004482387,0.7077012633868986,54.95032402431838,45.55403001520715,12.137894745831087,1.8055578037281796,1.9064106217880958,0.8399952440380517,6.004970974740344,7.531636499689933
2023-07-21 16:37:38,DEV-035,生产部,正常运行,0.5528723031556063,4.342931103872771,32.917298795611025,127.16320531276992,170.90081097639805,153.6874339882364,0.7559036677055142,54.71304721173328,44.26717434384103,11.034527726145173,2.45626278546179,2.2369763435232537,0.8059991969624726,5.268651989896409,6.760213002517144
2023-07-31 20:32:07,DEV-082,质检部,正常运行,0.6429455530780521,4.733858158609593,38.18712824513385,116.00382716442239,171.8143019405412,147.64030589131477,0.7705429777043187,62.513998760258524,49.765100170012595,13.431353939354176,1.6812922681023221,2.0525522137927865,0.7760021449105989,5.200730905589868,6.4543285856918295
2023-05-21 16:15:28,DEV-032,维修部,正常运行,0.505786008982163,5.123080447653036,41.29654889613269,109.8533866743385,180.9269656259621,145.75210138078734,0.8180480909850403,60.33654844128146,45.14285090037808,12.084938363415128,2.4265819135120963,1.5923815209433938,0.7740031502804695,4.347002117930137,6.201297732800758
2023-10-12 22:28:42,DEV-079,质检部,正常运行,0.637361143509123,4.771848938290982,37.536131966916294,116.90668683483652,177.24663010218478,147.97788057749534,0.694661758939522,61.14009495446707,53.93177704992905,12.261614864900793,1.850551451533266,1.902119504819044,0.7091863032666802,5.017392049691428,8.290853302044338
2023-03-09 16:18:17,DEV-011,生产部,正常运行,0.5449513556229871,4.292584770401053,33.33154373363481,126.05840874164556,170.9704160000384,157.35752247077454,0.8500577882468966,53.88276018378447,47.91520809112573,13.077112814141229,1.7335901864202377,2.2135175809749272,1.0266949064829343,4.327867403453478,6.207940111185
2023-09-28 10:23:29,DEV-008,质检部,电力供应故障,0.42142353244209446,4.856761265942696,36.04824148552101,113.5191845460285,167.33300977772512,136.6376808000798,0.757557155798866,54.33529073237276,53.29432673515556,8.411637058424496,2.2313777641724313,1.7016904336704046,0.8341857821437153,3.9955037420721062,7.173658943612106
2023-03-15 18:04:44,DEV-013,生产部,散热系统故障,0.8366497041622571,5.9485787292688626,47.23605336196706,110.99638462066491,181.7835073195322,139.0279837412729,0.7613823912648053,57.881611251989725,53.528029042011696,13.527080208648808,1.6408876240227694,2.2971162799128604,0.8413285942768057,6.660722766671243,5.927084787268678
2023-03-01 16:23:24,DEV-050,研发部,正常运行,0.5488894657971055,4.308566504612103,33.52348736347246,123.99956524238533,167.83642357443983,154.66366004908062,0.6549128691728111,59.00443963270952,45.31335477787936,10.79706422787523,2.6289922272764663,1.6984893820480234,0.7216300424645696,5.725127701566371,4.121026118994556
2023-10-25 11:21:16,DEV-049,生产部,散热系统故障,0.8468385131231783,5.654128386532491,47.42273890010018,105.58219191836567,183.16273826125467,137.7100620964397,0.7000164788377976,55.140802544903536,39.672660015659154,12.803440641242396,1.7046548901120486,2.141393931078203,0.5585538242384669,5.343792163716186,6.061419532131827
2023-09-07 13:07:21,DEV-008,研发部,电力供应故障,0.4259606383339864,4.984254827646544,34.13929454414349,112.81484412706773,171.61701730344367,136.11323756490182,0.7575360506125058,63.20647219985516,48.995309031072274,8.57012058063317,1.6339395105055075,1.9929221394786412,0.9677123127649285,6.507342849165996,7.091954412415074
2023-01-04 02:43:07,DEV-068,生产部,正常运行,0.5448363473378165,4.300325212913884,33.44578110978717,123.9214330174032,167.67264639327027,153.58719652065986,0.685119608931639,55.95102463222894,52.00886033682624,12.189514140903999,1.946840872211711,1.959713111070647,0.6515170188533759,4.914271438950502,6.703719696217363
2023-12-08 07:07:52,DEV-066,维修部,正常运行,0.5048805657097164,5.130324966099137,42.314858550335316,111.65011201550162,183.0848855156535,144.7938713746279,0.7913641380856233,57.8897818057914,52.25616218465963,12.90766490729797,2.1603916694932086,1.6211644113024426,0.7815707194741817,5.674980084733641,8.357806094140416
2023-08-13 10:04:18,DEV-029,维修部,正常运行,0.49324561648628046,5.09858254654724,41.447754828970815,113.51502812467211,176.5558031396052,143.4522543609849,0.7736944322249283,60.025042343628485,51.324154860971724,12.680059745167322,1.566934284789334,1.943785795590851,0.8141168794565496,6.5629578774087935,6.739582660781863
2023-12-23 13:46:12,DEV-031,维修部,正常运行,0.49415364165928916,5.293194928927542,42.75021579424944,113.42352558763477,183.13599685823414,145.9589027049662,0.7165278242558414,56.725458100102145,41.67439307952162,11.218449262404826,2.0321689898382598,2.1122282963392363,0.9236639403390626,5.597306269342172,6.870672861991966
2023-12-22 02:53:40,DEV-023,生产部,润滑系统异常,0.7971161311652225,5.562884812070767,50.783534459081245,108.02168095610233,183.52081735406247,146.80676585750095,0.8175703951721176,61.917310805355974,46.1287738099683,14.68426107618346,2.8509887897074586,0.9432978349548993,0.8594264919673137,5.975930948501328,5.610710420625667
2023-10-28 05:21:58,DEV-066,研发部,正常运行,0.542459080167389,4.325387509930058,32.84457943457476,124.15998876405598,171.1660336792937,155.57188250221793,0.8181108105860094,61.957641983171946,56.76919151986306,11.01484704747206,2.0704858978282292,1.71277531251156,0.7568107546989328,5.005061706093502,6.349057693789248
2023-10-04 08:27:12,DEV-061,质检部,正常运行,0.6626124836068348,4.749171732066568,38.33786271053525,117.69306489392562,176.06720703941568,148.22932337215065,0.7198719443329104,59.62537915479973,45.428500626641764,12.062778363175228,2.7005859008310034,1.8953375941749615,0.8385861138346841,3.9158352239312775,4.384764314509043
2023-01-28 06:35:50,DEV-046,质检部,正常运行,0.6444091752170101,4.776573718312313,38.479745091981385,116.48587048992805,172.07541112637352,148.9701467107981,0.7991310388701374,61.26283969903607,47.38222575582628,13.52440681363227,1.6459136447963783,1.517013897046822,0.7023043873865131,4.341671343586428,5.627098012669788
2023-09-19 04:11:17,DEV-048,质检部,散热系统故障,0.8609396400817113,5.817787697767538,47.26733910275756,109.09042502599172,189.2708847738154,138.40411754292478,0.7347497860467087,56.84144451027041,54.77505387350944,12.27152670321644,1.8656924205737293,2.0046639094238587,0.7668290750679064,4.3865281927224045,5.434223705259665
2023-03-09 14:59:25,DEV-077,研发部,正常运行,0.5544070833099395,4.334875280858716,33.06400210884661,122.95274405145784,168.99797941172977,152.21572946728554,0.7074664679719249,60.42406951104241,53.31939272821493,10.844135861447805,1.5992946825037386,2.16729970860758,1.0487200705177078,4.243497177140645,6.928132917658743
2023-06-14 16:31:44,DEV-001,质检部,散热系统故障,0.8253788923205495,5.8283305741726625,48.83369919251804,108.35271174164089,188.4781570857186,141.0273463799271,0.8082934217469931,60.12006645875408,47.0229261083698,12.451519758407596,2.3703169588388793,2.6782174658067874,0.6515082514196961,3.8240929949336873,4.972890396900928
2023-05-08 05:41:28,DEV-004,生产部,散热系统故障,0.8287978835736,5.906843975397474,49.37601745970767,108.82124021564155,180.30556460989342,140.72872897578682,0.7440724108793019,60.253715408612535,53.5391895812345,12.908350643022896,1.646038582098327,2.1151343994783134,0.6703169848684704,5.1900371479059055,3.9461211154381024
2023-05-29 11:03:26,DEV-065,生产部,正常运行,0.5529679775944699,4.214244667375646,32.771470729940326,124.19972732362677,171.40308180427098,156.2428107233829,0.8146019262098121,55.887139029493554,42.23006290071278,11.671856872624595,2.1655769416850754,2.054799226211531,0.6278651941906475,5.314993102479357,6.766707823244988
2023-02-09 00:15:16,DEV-068,生产部,正常运行,0.5416989260397873,4.255046317893488,33.58948003814068,124.02088712765774,166.7756542701718,152.2954487151217,0.8072229213091899,54.89199227252535,48.557484693114574,10.540788241597783,1.7493247049045275,2.3583632814690954,0.839111420802403,6.24180918484742,5.431603504369406
2023-06-27 16:27:05,DEV-028,维修部,正常运行,0.4962531262871044,5.13307248457361,42.60342609501066,111.5677819939524,179.26951474343076,143.0853427138784,0.7264521216381493,62.39413928127166,50.65415815148811,12.039005082709243,2.367523918116271,2.064209835545817,0.7883082250945246,5.220880974750583,7.684434204401172
2023-08-22 08:13:42,DEV-072,研发部,正常运行,0.5571829859706222,4.286774142779529,32.673045425801405,127.41707557633214,168.66643546220158,153.90709023211883,0.6975728667141948,56.249598342602106,49.763156029391354,13.157113193244864,1.877069495652643,2.6188371328833755,0.9585263910348414,5.168408923358307,7.212495341748841
2023-06-12 03:51:46,DEV-044,生产部,传动系统异常,0.7057981885761406,5.426787390962916,40.75392610962943,105.7829290385654,194.1307757437204,144.98037002097206,0.7717997276159632,55.15869228980561,45.40349802714139,13.20998846860724,1.723063185127168,2.429688507509369,0.9828398700530677,5.3622940531995695,5.909448377334604
2023-04-03 05:46:13,DEV-018,研发部,正常运行,0.5522044560360369,4.302348259553269,33.2567954057292,122.77741971033956,168.53487614985,156.97922957640864,0.6321245238777171,62.19018399706772,43.07731061362071,11.391109358483023,1.892326801020502,2.4072061096156525,0.8466803043240483,4.426723283118391,3.493659610778409
2023-03-06 12:43:22,DEV-005,质检部,正常运行,0.6525177545118945,4.81524155208795,38.24188094983863,119.68033494271216,176.62334288039676,148.26674516529448,0.7778861150245706,60.17029892933595,50.663782197652246,10.704331269387598,1.6974524635747426,2.187088544966931,0.869382989996998,3.3830370645938412,5.926803250443432
2023-06-07 15:54:05,DEV-088,研发部,正常运行,0.5516510376617669,4.342179195502944,33.62215520428026,126.89129345719573,167.40489722911394,153.99878487037807,0.736716919091568,63.12674578171998,56.6007911871253,13.002336050667854,1.929982199715254,1.7367757215572517,0.7076808694249352,4.860576935968633,5.4016952129790115
2023-01-09 10:58:04,DEV-007,维修部,正常运行,0.5095394632545104,5.251990661029648,41.63809564160005,111.64140030018208,179.16708697530026,147.04215110467285,0.7229583380581238,58.57359255698694,50.15583656522834,13.744725900791236,2.1456841841501633,2.3383139657128176,0.6694830230602486,5.335959822392691,7.183698620090485
2023-10-10 03:03:37,DEV-070,质检部,正常运行,0.6588196942717763,4.83898760449348,38.09680676472096,119.83906541644322,172.27065449839048,151.2867584992562,0.6678658290011615,55.18269962615974,49.7611099483258,11.136422759416108,2.0420867675222034,2.127725696089579,0.5970278647843343,5.568660781121363,6.305631960573731
2023-01-06 17:04:50,DEV-085,维修部,正常运行,0.49665613364417227,5.288876839967844,42.071036532948646,112.15988161763728,181.2298347671475,144.07696486272516,0.7160525972311788,53.33788915563141,50.82675235189933,12.128836272278203,2.2561966244208858,2.0423156489974876,0.7772012577788459,6.002199514725449,5.613531746067523
2023-03-08 13:43:02,DEV-073,生产部,传动系统异常,0.7078150885925555,5.39940011629421,39.23893979155593,103.4972630512055,187.75097822370432,145.74625646870598,0.719050835778995,61.87860991054161,52.511615909072994,11.367743063955903,1.8079800270813353,1.3257654358114221,0.7248195582726379,4.764061548497141,5.926119410991469
2023-11-05 02:54:26,DEV-064,质检部,传动系统异常,0.6911267293235295,5.44093876804504,39.042103976467416,106.72878167238848,187.442869090781,147.83065368972325,0.8509145934982212,57.931230740476806,52.19021127612084,12.171262918893092,1.9658120896266227,1.9616702689327854,0.8158296176476191,5.083675028722102,4.686958822603684
2023-07-11 04:13:38,DEV-097,生产部,传动系统异常,0.7027648136663475,5.556325390738355,39.870541196006705,105.68750961512715,188.2757389447375,150.11067935470328,0.7966291846977439,57.42670067492049,50.95776016321535,11.63964735014969,2.2901252108899315,2.0065772315505646,0.8595207164253544,4.002963162858008,6.1368761748854554
2023-02-07 19:45:08,DEV-033,维修部,传动系统异常,0.7016415181889374,5.410606096119361,40.68728360642658,106.92120446390513,189.8055372937923,147.015820496732,0.777522619846204,60.66267913187061,52.76035616785373,12.65836168518621,2.0831499887521816,1.9388720657746552,1.0490142746835933,5.090907980636526,6.9619319890536335
2023-01-10 20:41:33,DEV-048,维修部,电力供应故障,0.41131336939837965,4.850317524698526,35.61515757493105,117.45616936430976,171.02261516255138,133.46952679691108,0.7142608835517582,54.36992963821291,51.508098475813995,8.592657768141722,1.9318819140510233,2.3008275233102786,0.7468114112485901,3.688500507205995,5.880274705429246
2023-02-26 17:57:14,DEV-025,生产部,散热系统故障,0.8588031698150405,5.767631423988318,47.983051725178825,106.98522463067937,182.2653620925177,138.80976336422373,0.6944236094010682,58.50385260066369,47.42896541670422,11.93139418715001,1.8359423493382345,2.2711506503052408,0.8516191575889801,4.041050481020669,5.313188036321152
2023-07-13 03:42:34,DEV-084,维修部,电力供应故障,0.4082607330743866,4.900663566248707,35.32084177105131,111.97082412189374,170.4835810152907,136.2012499399791,0.780136925143513,55.69936827246431,45.45377753999621,8.66120471391232,2.199063377249617,2.0116269335085577,0.8377323239548564,3.5581532054755964,4.527314420854698
2023-06-05 00:17:24,DEV-017,质检部,电力供应故障,0.426528149940384,4.7751369390498475,35.018950350134595,117.11538579250784,169.9619968796951,137.78166992976364,0.7825264869934826,55.20620133480919,49.872446264853295,8.644244442453457,2.4131819659776035,2.067127703272169,0.8960653595308153,4.182270974111027,6.19175521492651
2023-04-15 23:42:42,DEV-059,生产部,散热系统故障,0.828728000170327,5.635679966468011,48.07465485908353,106.94455653796592,190.1478853533894,137.23918372943646,0.717232494360889,57.973932895707364,57.45811574044663,13.59259872018298,2.386048099290863,2.4439990256958346,0.7759895003934847,5.610299591210017,5.789821217090109
2023-03-29 07:30:33,DEV-025,研发部,正常运行,0.5408799851432885,4.240653437602106,32.66658797816199,127.41446700742193,172.0200335476266,156.07604136437132,0.7069820240449833,52.561555200150806,47.53368974899357,10.91448059403878,1.5694991816926327,1.8904537978672167,0.8748732312193692,6.071892095302282,4.911028890747612
2023-10-12 17:05:16,DEV-073,研发部,正常运行,0.5523513015146925,4.240072498373619,32.38083769104537,127.35371076838624,171.86006446243505,157.97667575296535,0.6351016275297924,56.02346773719091,47.934433099570015,12.470673019921236,2.2255155467473164,1.6660904966478862,0.8861951211277949,5.243995894206806,4.913269562757636
2023-09-19 05:14:28,DEV-008,生产部,正常运行,0.5464958128587541,4.25668574220704,33.105459079935656,126.02495941875688,172.12769305284402,154.05626666209423,0.7118322264940633,58.045035937063325,52.64621872973481,12.177832755550924,1.844490775856327,2.203836897011129,0.893737813153557,4.079912085758105,5.523252662412704
2023-12-05 03:19:29,DEV-031,维修部,正常运行,0.4920736058074206,5.204078275858248,42.1302357636929,113.086382351073,178.09081955386225,143.8012995190864,0.7382893769168861,56.48586901248414,52.538984423100075,10.627634446443222,1.9348306615403035,1.8952262953158074,0.7923680751317385,4.529783828755908,7.871698829446898
2023-06-28 22:30:39,DEV-025,生产部,散热系统故障,0.8372056445514724,5.83104841601895,47.91640885421065,107.37165464086327,187.1576753243332,139.1948949291067,0.7947191919562356,60.555763885783946,51.29739834618713,11.873487054121709,2.2104313076252278,2.032039550703314,0.8986363166592438,4.875441243245391,5.70487295821356
2023-02-03 05:00:43,DEV-023,质检部,正常运行,0.6593061969953818,4.796868485042839,38.51246409561418,117.14099029954157,173.87190066108116,151.50962920993885,0.793519445376585,57.6421708610226,47.466269551904034,11.755185921223955,1.9829164505366204,1.8485842093756468,0.5170851260134948,6.349277143925358,5.430329300776773
2023-10-31 08:26:48,DEV-015,质检部,传动系统异常,0.6949892857329005,5.506152658259424,40.58161454059213,102.14966922293189,184.92101774768526,145.4396540096808,0.7234337066214275,59.98704437773515,52.999255933193766,12.6578553294533,1.9009191314069467,2.147138270574255,0.7647731950417599,5.141717826462092,7.307373656248509
2023-01-07 07:25:15,DEV-099,研发部,正常运行,0.549595966623767,4.244424588964743,32.85094396364303,127.31911137741176,168.2903457524616,152.72958316493282,0.781125993297545,63.47644616085089,52.51603597634475,12.996783089616548,1.8614466038025557,1.5645403389671753,0.728005313940599,4.450348805537706,5.459144352829844
2023-12-14 01:58:55,DEV-075,生产部,正常运行,0.5454694841678892,4.2501747916811565,33.35027964029261,123.76513170460126,172.485824205571,152.53762407137634,0.8584254669406997,61.355015627977394,51.440877306729156,13.763705829820937,2.474910669181703,1.507543670485591,0.7555863610492278,4.114340373448711,6.791371869958799
2023-12-08 21:52:38,DEV-085,维修部,正常运行,0.5041892460774583,5.284489076758458,41.459884279417004,113.51742120915101,177.23234500323073,145.39614983994517,0.6471533494644899,55.61014510038612,49.09207154733299,10.414560639549496,1.8223777163415387,2.085901139401993,0.7541394746024856,5.536545427052539,6.084614764222555
2023-06-20 12:50:31,DEV-009,生产部,正常运行,0.5482735587951606,4.319189532533725,32.87378556769939,125.25728507568435,167.02459692331854,154.21898251646883,0.7219182477569274,63.78643282210577,48.40013085482777,11.754774097917885,1.7837244159284373,1.4858912015392403,0.9472869373574019,6.217471163224212,6.2828704885256395
2023-04-22 06:52:14,DEV-040,生产部,电力供应故障,0.42283649299089104,4.7734730320706,34.848232484063516,116.04256420751246,174.11045271163988,138.1837019644275,0.8111069026499077,61.99813858832983,47.31612785592961,8.674104300162039,1.877461765298187,1.7200475945226095,0.7351270819027481,4.881361578415688,5.713802409035338
2023-08-16 03:21:01,DEV-042,研发部,正常运行,0.5579172445015459,4.214570473157643,32.59070980070079,123.5984381271474,173.059769399017,152.85290066887336,0.7336794832332976,61.22337529414079,51.30771361736656,12.178584426643697,2.071875719862536,1.7589026691158,0.9829381474038399,5.252338391538565,5.468398410754181
2023-01-28 05:27:21,DEV-028,研发部,散热系统故障,0.8695946693281067,5.8332201232084016,47.84640472553486,109.92370960513738,187.75322871390728,138.88328822085785,0.7117651582264239,59.16709144063757,47.73017663167952,11.114260790775079,2.1868587489663454,2.366267268551183,0.8613963270826852,5.048186075085677,5.214406009580051
2023-04-06 03:27:40,DEV-074,生产部,正常运行,0.5497327770520589,4.251236660205771,32.494312147809666,124.994936318874,172.00169150927118,155.94747174665443,0.7975916839937054,56.165233807572505,46.57734320389425,11.456910268628233,1.8929873399481312,1.9550384091532085,0.9020565740288743,4.546044840354317,6.212006044272396
2023-12-17 04:30:21,DEV-020,维修部,电力供应故障,0.42337009808189363,4.762742044686334,35.984246278546266,112.80188795305976,169.6843938768275,137.50528163102274,0.7645145176073842,59.82263583675296,48.7476884845895,8.341818330684605,2.3804455743058774,2.0422558457299345,0.840347683819128,5.7506420422812505,4.768669132820015
2023-02-07 05:55:46,DEV-081,质检部,正常运行,0.6578695711256834,4.730789141867456,38.42068777245211,118.59399626375888,174.36400651542337,148.52412689457339,0.688406098297742,64.33691131989262,53.382616492641105,11.429745226185153,1.828067679721533,1.6160892206474282,0.7586601260698149,5.495411573692301,6.3875882221212406
2023-07-20 07:11:49,DEV-097,研发部,正常运行,0.5574606752683356,4.370471549648137,33.01220373066379,125.97137373217932,167.36024252439077,155.40479155171468,0.8391320992649669,53.98551028967689,46.11960170729394,11.509821598338206,2.0231773298115243,1.7051594534649734,0.8595132376672362,3.616080306519496,6.892480992051457
2023-10-30 17:10:22,DEV-096,维修部,正常运行,0.5032360974061343,5.249328698489465,42.40067478715288,110.25581874774984,182.77264407332353,143.72883547695275,0.669840068615202,59.0691142677034,46.59556994756234,10.951720473823153,2.3990493340250034,1.7369054967630246,0.9118076139524975,5.636417600303566,6.145086133752777
2023-04-19 11:04:33,DEV-047,研发部,正常运行,0.5570375664378621,4.333536380880116,32.37221879574224,123.16126796078026,167.51277797081397,152.04594976253347,0.7500497335018906,58.85746099663548,45.91220106090494,12.146444847726302,1.6668237285487906,2.306121134741961,0.8162705311847156,4.4589496970686335,5.554631207628236
2023-04-27 05:35:19,DEV-022,维修部,正常运行,0.4943129660327576,5.241613347878586,42.45521788113543,111.01530884478237,179.33790959149013,142.31672082880394,0.7591626567453198,60.07853118654085,46.97090226433208,12.404816376538294,1.570902712557494,2.7884068955193224,0.7144199133531987,5.441892514800454,7.970373629363581
2023-01-15 02:37:12,DEV-001,维修部,润滑系统异常,0.7986013396981156,5.635914984549972,50.46058693474799,110.37007565144519,191.4121436148112,145.36379932793534,0.8696607406028893,65.93454785026861,48.320125359742306,10.923157429683476,2.8718622560273666,1.6140667419041703,0.8327472941976796,4.78014752855697,5.6501185913266765
2023-09-30 14:35:27,DEV-007,生产部,正常运行,0.5530940562690427,4.346948554524322,33.18230456798921,125.44027382923407,168.1600015403953,155.8998496530794,0.7222197557659523,54.52741488467015,53.520209938070565,12.491278006034934,1.3881041562675753,2.0961937932711763,0.6858804008347917,3.753527319983652,8.043138238797054
2023-12-22 17:12:58,DEV-061,维修部,传动系统异常,0.6948984632820815,5.532208120922641,40.586075104980935,103.90893199499797,190.21957966868425,150.61848588449504,0.7607450589802018,55.26513876599295,54.97498740938413,12.584013801200522,2.144096152343318,2.195298778071446,0.802790196630104,5.557059347408356,5.177638038585602
2023-10-27 04:52:12,DEV-090,维修部,传动系统异常,0.6838526487717858,5.611661252530118,38.97135305104368,104.82188245116757,187.27628163219262,151.87450522812236,0.6932196712613689,58.846209119303786,57.31565945193833,14.407809606047953,1.9268519322337476,1.659426490437106,1.0210941378325324,4.51155058429065,6.148415503416009
2023-09-14 14:00:08,DEV-010,质检部,传动系统异常,0.6799389502924962,5.578739580229337,39.206565940195446,103.65226591924038,190.8236772333275,145.9970725498436,0.8160487109544293,53.97992168930266,50.72921761658223,14.272101088656068,1.8502382121724001,2.125328580060613,0.8108112365178428,4.350229024961495,7.286368184335981
2023-08-11 20:34:50,DEV-082,研发部,正常运行,0.558830640485271,4.222125553836496,33.21217817112868,122.71583757140611,172.0451937486866,157.04230700072415,0.7504091169763427,56.94551792220392,50.80499829544193,14.256054734884396,1.5221866407410982,1.6623907548446386,0.7663480666378674,4.600679666592729,5.963920522688931
2023-06-26 08:38:19,DEV-088,生产部,正常运行,0.546913836962026,4.30621872643547,33.286918834008006,124.71781672749252,172.98436343096745,153.72866410906252,0.7889618689689939,61.62253200387382,47.11458568141814,11.599104002267376,1.923173601480881,2.0969997809841727,0.7325074831952867,5.722482398485593,6.4434290238024
2023-04-14 10:23:46,DEV-038,质检部,正常运行,0.6544588766375814,4.813356046207664,38.23789618639999,116.18527333809256,174.83212626518875,149.14211186453124,0.7447344022521712,57.9026888143625,49.91259578359273,12.191295241396642,1.763056584959497,1.6411592388047833,0.7991882026686014,4.615233810732354,7.831985457777005
2023-01-07 17:40:20,DEV-060,研发部,正常运行,0.5583791567023765,4.36395708677218,32.37860641360562,126.62908375282382,167.47631509881944,153.97773689640667,0.7759184631215631,57.068215220749785,50.77956007191519,12.109951879731945,2.172569024961978,2.6786285710780016,0.8119696983493023,6.377932168742311,6.56610081523166
2023-05-23 03:53:40,DEV-046,生产部,正常运行,0.5403915886792344,4.276757228803111,33.600978330281336,124.46013528039488,170.1782190017233,154.1025057382642,0.6790949789483501,58.14325311963453,39.507808235107404,11.784679295835991,2.4873243570654675,2.0067146873875985,0.8248642752152976,5.421399607109453,5.885746767392429
2023-04-12 09:09:43,DEV-052,生产部,正常运行,0.5549495857383292,4.306675837554814,32.420030182407736,125.94999868654472,171.29265659601734,157.66976219004852,0.6654755297896371,55.920006408940814,52.31188750700745,12.311789560424414,1.9525991766291597,1.609689846802045,0.9084023378060483,4.998808199544639,5.922907103465807
2023-01-02 04:34:26,DEV-069,维修部,润滑系统异常,0.7610241468863276,5.738413471827126,50.55039848282155,109.51004752703814,192.08086358567965,144.8071922308816,0.6527258034286583,52.87943885309591,50.05350492163327,13.51001302455515,2.7336420614543813,1.5788366403357101,0.8865543646548576,3.9821171772193047,4.841637735677386
2023-05-02 21:05:37,DEV-055,维修部,散热系统故障,0.8351243708762538,5.692894453934319,49.38436650801934,109.26419434083002,187.0724787575712,138.20397895682223,0.7308994670083103,52.56294132264135,48.725717228495505,12.074805523538739,2.0786780278992767,2.238853741019561,0.7949547762066482,4.835025801556134,5.944348450539396
2023-09-21 20:16:46,DEV-088,质检部,正常运行,0.6504752738236791,4.7909826371243005,38.32015068761867,118.48108577630491,178.29499838094935,150.5038479137296,0.7296560043199343,58.884494316107975,55.03233180872597,10.615584810226682,2.4495042938502776,1.999891595859974,0.7716576886032587,4.791661916331627,7.554266570908163
2023-07-02 09:14:33,DEV-083,生产部,散热系统故障,0.8728444376415512,5.630606312225096,49.39569512014714,110.04692529025854,183.3898251441512,140.80105390499608,0.7202410744008155,65.96354152991759,51.672268509942754,11.191343761486166,2.5595017867047063,1.907250055538626,0.6706952088292477,4.574914084894409,7.179668689595947
2023-07-21 10:00:30,DEV-072,研发部,润滑系统异常,0.7996835177982965,5.4740670606263855,53.46292214109323,108.24487774840433,184.34376762460266,143.6000459279068,0.7088080611393536,56.503029793159264,49.77201496900254,12.209997558698099,2.882342921932643,2.4499467582028105,0.86293229494246,6.456794756522634,6.681483422098184
2023-03-05 01:02:39,DEV-040,维修部,正常运行,0.5064868853516588,5.275140855480754,41.2667708135471,112.46227994667584,180.67688277820002,142.17225878883698,0.7975624768262087,61.927939565649545,51.081375358631014,11.7409850862953,1.8934340101305431,2.2917734175830122,0.8614753113438632,4.635815508471428,6.888727081996169
2023-04-03 09:53:37,DEV-021,质检部,正常运行,0.6494554600396502,4.850767951620594,37.78616286779903,116.87445295003126,172.27890327260062,148.64711228857777,0.7115655706713305,58.02269462459439,53.1480797963324,12.056994904328475,2.423067598501528,2.147965235263834,1.012880564423958,4.563623259838282,6.239250565497031
2023-01-23 06:56:52,DEV-083,维修部,电力供应故障,0.40820992782813986,4.819701380364734,34.16738930794785,111.8614686096767,168.25716571389543,132.58946724456626,0.7101257434279175,57.23487622575068,53.49321157536917,8.457140785807477,2.3029700593659723,1.5042830059545154,0.9209772023851068,4.394289563950472,5.599267393728283
2023-04-02 22:22:04,DEV-032,生产部,润滑系统异常,0.7990854984948971,5.691288784037751,51.47726820634111,112.1364317524385,193.26321745704053,145.51780200867188,0.6994990491613767,57.04690473248693,53.156954600684486,11.985512843886603,2.747386672531115,2.122221286995993,0.7625382472839464,4.088717722437764,7.2268221556133625
2023-01-16 19:36:05,DEV-052,维修部,正常运行,0.5016524471635649,5.1619212326827055,42.185839466729874,114.09149800045594,181.2292883518153,144.20342432445662,0.7697259698052595,57.792913670118175,46.203299637720704,12.138405200005929,2.071397678690861,2.168713718031455,0.8597418265371426,5.539768124221535,5.355942939553238
2023-09-07 10:28:17,DEV-030,维修部,正常运行,0.50426923896733,5.096744129276806,41.23818975564804,109.77946142367273,181.04630100003084,144.52084534066316,0.7674952951975283,56.71310689963139,55.5941617434694,11.426515942914074,2.1262558654077712,1.4275889995372453,0.6704595245940819,3.8974301684963737,5.134811722310875
2023-11-12 08:58:13,DEV-080,维修部,正常运行,0.5073459906941704,5.297723254273425,41.302679687308306,113.2415787214568,178.26017482885254,144.3007340157528,0.7658565626427264,56.01654153368216,53.099214758361114,12.471380313193633,2.1168738935056854,2.0824511633050156,0.6253498121522068,5.7413642422647415,6.069054492255602
2023-11-14 00:34:39,DEV-083,质检部,正常运行,0.6491740275394758,4.823995389513802,37.814143440109056,119.58858591873981,175.61217522963852,148.76426807532582,0.8752234056899527,63.325236520840704,48.57096881593547,12.197753922377304,1.7365332989447109,2.294585345881822,0.9227105586691186,3.244492019448482,8.519277804133603
2023-04-08 12:47:09,DEV-043,生产部,散热系统故障,0.8507130404460704,5.822196654792329,49.33297944963072,104.97528298769008,189.69212106535636,139.8283414466253,0.7240053176517033,53.72753147418093,51.025743453523056,13.084075324366498,2.329285892350156,1.9750859805150038,0.7078236128096865,4.298896537043016,5.788780383467401
2023-08-05 05:24:32,DEV-014,生产部,散热系统故障,0.8451596064710911,5.89062761382011,49.31167848591804,109.70862785552428,187.51568701663078,144.12816239132394,0.6997140180687487,56.26696599740674,36.524209523347245,10.61974109439275,2.3172542423429054,1.3411339177146846,0.8009656105459618,5.135200905723311,7.105148069155398
2023-10-04 15:00:09,DEV-004,生产部,润滑系统异常,0.7938572873268305,5.637241228570459,52.100104511938504,110.84787782326501,192.30826341227643,147.3994656877927,0.777705505152391,53.44767174825767,39.34827708550941,10.177006108194202,2.7432475849910265,2.0878518785105022,0.8899446447186536,4.824405102872149,6.15127438421246
2023-07-21 14:41:01,DEV-023,维修部,正常运行,0.5015951625024773,5.223924344918339,42.65696051723594,110.02994528756948,182.83167192853824,143.49012374994538,0.8213767440576842,61.302310880720654,39.15182345900358,13.508553170020384,2.1092524837800966,1.364109046410068,0.9863520451025306,5.648857322626309,5.999788567120511
2023-11-26 00:48:12,DEV-005,研发部,正常运行,0.5449741100139047,4.268389001080893,33.455361526804936,124.88161176103452,171.1543302682841,154.3947129144793,0.7661907512454399,56.63451040594914,45.30550089473562,10.460165825698688,1.8979320799824766,2.148975120187996,0.837577588358072,3.7157066236517458,5.006243277662265
2023-12-26 06:41:34,DEV-065,生产部,传动系统异常,0.6926204834154713,5.643309088395144,39.59848584906703,105.69426831582719,192.53132523427064,146.6272919887188,0.8078595236833428,56.25079536166062,52.74014871854635,14.129989602233541,2.3833219071045995,2.5262776540842156,0.9139869368684207,6.170378834454901,5.473879175875338
2023-07-09 18:54:49,DEV-100,研发部,正常运行,0.5608497569207774,4.280602793816205,33.58147185425947,124.45236736926495,167.98782341543648,152.6390792502328,0.8365216903901839,56.17656980998901,51.382588064133515,11.77297429037386,2.3699504720021802,1.923545294150418,0.7435151893577282,6.274837515569268,5.913244510819083
2023-02-15 01:52:51,DEV-089,生产部,散热系统故障,0.8549500157360219,5.628274019969732,49.17764827422767,107.9330143816985,182.31121453921685,139.10809782461985,0.7069881581312573,60.80686894482596,48.87786376286365,11.407745135872382,2.215259032536809,2.0563267721052703,0.6730800931003335,5.721354359108223,6.264417326665913
2023-12-27 21:14:02,DEV-033,生产部,电力供应故障,0.4160812620489811,4.9729967795339896,34.39763875128337,114.33417089459037,171.70262238840175,132.29885536553863,0.8464114878323744,59.133650025932965,53.303664820040474,8.280491458165038,2.8508658617467,2.0412112909571087,0.6636399164029568,4.4774458248649625,5.26206644359037
2023-12-12 14:23:22,DEV-064,质检部,正常运行,0.6607423942424961,4.81742427869963,38.23844544057245,119.33002218235706,175.7414073006556,147.42544475047953,0.7441533761838826,52.243305208684724,47.28597803177574,11.464536417962307,2.0229983043182487,2.0201350033338126,0.7913611901020556,4.849638609623906,6.244292653578139
2023-11-14 03:23:22,DEV-100,质检部,正常运行,0.6563125617034922,4.809023203264996,37.630072741951146,118.80754562362074,178.20538785623103,151.6178218007485,0.6678718290246649,57.62347551049762,49.22300701314729,12.492323486818485,2.341397892449298,1.6663036462002667,0.7604841955606426,3.4427896345320868,6.412498672779588
2023-01-06 15:50:29,DEV-055,维修部,正常运行,0.5001936026705667,5.134668829753623,41.97982382256694,113.26878597609814,182.35382663320937,147.11102168856561,0.7266440159852467,66.81110732016624,51.97913199784742,11.7189885233134,1.8381670288540228,1.8169129809503048,0.6952294177348257,4.6359038222710565,5.7264738370873065
2023-01-18 07:57:11,DEV-064,质检部,正常运行,0.63956300144735,4.758881011988439,37.4533009207283,116.28850103989119,172.02220687621852,148.90729189191302,0.6973336765576088,60.59390272062337,39.63910387308331,12.472844649842406,1.939090095936121,1.9804871527832617,0.7726762218259665,5.6792271142690645,5.79937157830623
2023-06-29 23:24:00,DEV-090,维修部,正常运行,0.5058967914954432,5.148917967765345,41.84693828230506,113.62305729418618,178.97337733912758,145.39094344363826,0.8369097951509744,53.79399625066838,47.75579093048702,12.03485990781738,1.797356504832872,2.54012835401019,0.8768207315948315,5.557102505551515,5.139438694697881
2023-01-09 12:50:57,DEV-040,生产部,正常运行,0.5567923290384647,4.260312774433008,33.50431181364797,122.77478937325033,172.99850502456076,155.37663188281735,0.7144006550099782,55.51895313522472,50.964332908749306,12.380857785786105,2.1816490447475876,2.1935921665205034,0.9132514464874469,5.358313033404891,6.81965585873892
2023-09-11 20:53:11,DEV-090,质检部,正常运行,0.6624924760742742,4.704630103533257,37.42272559772187,118.22147340140826,178.19097012127105,152.96540181305818,0.732803137289171,56.7416667678037,43.3763447810776,14.452278795116184,1.7096628031422314,1.7925100965616478,0.676369940091023,4.28671168030931,6.240667172132358
2023-11-06 21:17:09,DEV-065,质检部,正常运行,0.6445210640368364,4.715908776067734,38.54427866978192,117.12065285168994,172.86999390449785,150.09637093416586,0.6893062584659869,58.18243149963444,55.875105959993824,11.35856904637126,2.5731250275482167,1.4936436186584359,0.7414332071049081,3.773165870982643,7.749490617443631
2023-10-05 07:40:32,DEV-016,生产部,正常运行,0.5495314378525253,4.243644064832933,33.33308243493081,127.05795613903064,170.36805791083626,155.16831322465492,0.8014339026275049,60.09883631532719,47.640970173250466,12.15094637664567,2.0144056368698062,2.2582709347531873,0.6734595360234431,5.530126758514504,6.3484493080789415
2023-07-07 14:33:38,DEV-086,质检部,正常运行,0.6443320668050813,4.850787179718937,37.402168907234895,119.97043586461868,177.76729025960736,152.45254090159972,0.7461245705392016,54.26341671353515,54.12847659914461,10.29347501251772,2.253173456710603,2.3416335596760054,0.74554919562184,5.0850108656650175,6.521068567554577
2023-01-05 12:21:49,DEV-014,维修部,润滑系统异常,0.7705138956072872,5.685226182102086,53.107388976959946,108.90657439497342,182.3846670603793,145.28025409633068,0.8127301902652959,57.485859182200514,47.76324999774761,10.647535626403476,2.7505838715581605,2.521734567289387,0.7771763282008793,5.802778599505402,7.822414437119617
2023-12-06 10:33:14,DEV-010,维修部,电力供应故障,0.4149232921308713,4.828431801094317,35.82877803607729,116.43086570077013,170.4056612659698,132.8275993938206,0.642333574574351,54.54263758668236,47.18570433407201,8.335799532402804,2.173473616483846,2.5004902435394176,0.7035054244793653,6.179585142614207,5.656416625114592
2023-12-05 15:40:04,DEV-068,质检部,正常运行,0.6386785327040796,4.864517595019718,38.17825628006431,116.47345275015027,177.14413486408236,150.9487768289233,0.6950618459090493,56.741939385475774,54.00055581181188,12.030705945141372,2.34335935803932,2.415754739271742,0.8687846156851806,6.335026830158623,6.640692534158782
2023-12-25 01:28:40,DEV-025,维修部,传动系统异常,0.7056054008711394,5.547512400439979,40.411603010873414,102.10049666624089,189.38040773509806,144.2488394527224,0.6736457755949375,57.124704432123785,45.887126050967176,11.625552977152909,1.646851796422517,2.381074816000634,0.7986210544752267,4.14643889159094,6.850444382955538
2023-02-09 18:12:38,DEV-066,研发部,传动系统异常,0.6820817061870308,5.630348874368164,39.96953198231396,105.95910780350896,194.3551804695148,151.38472162084244,0.7080454383589186,55.53076387008895,49.199056381656874,13.0440564790609,2.026611216640181,2.020847353030517,0.7569200067551074,5.443806943519778,6.200922628165299
2023-05-14 05:32:15,DEV-016,生产部,电力供应故障,0.4230835415025743,4.974907247985722,34.33056785005577,116.36273172688217,175.99687776601718,135.24552149342063,0.7380192189361712,55.51775083980211,48.049072039811875,8.49287514621399,2.190984755305738,1.9734152900059378,0.9364025018633836,5.059351631837733,7.315164796965968
2023-04-15 12:51:58,DEV-060,生产部,正常运行,0.5503533457881,4.329118469090847,33.3660343971415,126.05078890633615,167.99801687190325,152.61857825930508,0.64995795408215,59.048176340256134,49.68410098299066,11.328722815321642,0.9105320826731891,1.8442883611640102,0.7783458321615352,5.190976830860873,6.178035664702909
2023-10-19 17:18:14,DEV-075,研发部,散热系统故障,0.8326840868199781,5.811719811964345,48.4049244481863,108.37215750496387,185.65942877638446,142.03523718358244,0.7625572736587725,59.725146293796456,50.1839664484675,12.391320594112846,2.147257335203406,1.498279708366713,0.7678042120108893,5.053986288753262,4.538653347690224
2023-02-05 11:33:09,DEV-059,质检部,正常运行,0.6555649768129314,4.824608860022889,38.2299063625828,119.38245359594092,175.91810654863374,149.51235557545135,0.7921562585799683,59.16709116808119,52.75710666518907,11.475709569222355,2.7337220946188423,1.7817447248806242,0.8238003264879998,5.357738634984354,7.768666543263121
2023-09-13 13:14:24,DEV-062,生产部,正常运行,0.5472113054403432,4.322702053028144,32.46589051500044,123.01839290367138,166.93087211289966,155.50229357892567,0.807931327730443,65.3563535383297,53.04853308212995,11.031732267641688,1.6660116198285275,1.4963444256884448,0.6673185925168221,6.664173739210669,7.696197427039135
2023-07-13 08:11:53,DEV-027,质检部,传动系统异常,0.685554486283826,5.447841482659855,40.56683491982023,105.39308304581877,187.88271005581825,146.77720540085124,0.6794603363646917,57.767079530324466,52.251256153494005,11.338447732287841,1.9929355897482428,1.9989607730852783,0.6937927225728909,5.19036327244336,5.192540326384035
2023-04-24 23:03:51,DEV-075,质检部,正常运行,0.6560588263045933,4.821169623396524,37.49839437105696,119.91223188926456,172.90450578070036,152.937522444844,0.7022858245998842,55.03427155020481,54.22673353255597,12.596041277500866,1.7774702497861694,2.592815766098517,0.8278146500406739,4.739989541110279,5.53746302552917
2023-07-14 15:16:46,DEV-045,研发部,正常运行,0.5502168489981905,4.244020387838344,32.57280813025773,127.19878162662565,172.64873019395088,155.685930830933,0.738745020338881,49.85166688515974,56.98345984556689,10.49483252704404,2.332302239259407,1.6663005165826958,0.7812945618644873,4.232696398955085,6.178932991328678
2023-03-20 14:49:46,DEV-077,质检部,正常运行,0.6452095485716146,4.85226027945573,37.333139580546835,118.69235663314959,177.26095121841547,152.44384369716195,0.7898341156079938,52.449978611243324,53.531879010413064,12.282163257895013,1.5554259893027091,2.1053293755651072,0.8073568062829584,4.223021614923272,5.446593713143418
2023-06-03 10:31:01,DEV-061,维修部,正常运行,0.505012847391868,5.285843956507748,42.15410213186002,110.73489990257983,177.98400108514184,145.6024556524319,0.7696125476277503,54.45101016213707,49.90599830536741,11.448267285191866,2.170321287274484,1.8882876186829336,0.7113586055567044,5.478229454573423,5.321885558659165
2023-12-15 07:54:28,DEV-071,生产部,正常运行,0.5577660754470555,4.348987549596658,32.41695872933917,123.37124867788717,168.87236047273035,153.53098858711837,0.7926831482251506,64.15790295011648,54.307463913896434,11.781977796566391,2.17029183664715,1.8227556664779052,0.8643119981002484,5.784560035388591,7.267582141792925
2023-10-16 11:42:28,DEV-042,质检部,正常运行,0.6509970147959374,4.756638699542942,37.76581553176828,118.97103549370762,175.5923284615072,147.56092117988027,0.8107060519570154,60.0018530340967,46.40649582225172,12.496842298474443,2.3260458396755617,2.1473039257504087,0.8130435865100288,5.957451682785471,5.732548702574557
2023-01-03 05:23:55,DEV-028,生产部,散热系统故障,0.8467241837032078,5.816247817136489,48.684992766057945,106.59254430820302,184.2538611477803,142.4590385486321,0.7787569372602969,60.58172165356395,46.58744924095169,11.364970377976011,1.8951794153530408,1.8783517758131578,0.8030562571856668,3.2483637616547134,7.1553804404173444
2023-06-10 03:26:58,DEV-040,生产部,电力供应故障,0.42492460314968905,4.872347039514426,35.95374173170908,118.33097280845146,172.2410899515708,135.47339647462786,0.6905044401463495,57.15416988415511,48.260961377022014,8.45288944958912,2.3001879372939396,2.220987985190894,0.9180334253276441,4.4925801959341545,6.944671233479706
2023-11-25 18:54:03,DEV-077,维修部,传动系统异常,0.6958896470492156,5.451897663254644,40.34684341885137,103.00087065485911,195.16784013910163,150.02958067118902,0.795693315854346,53.197511615193875,42.70691272732501,12.638014194835932,2.1262393584429184,1.7280819071269526,0.6883369184419321,5.2197526283970195,4.622241036542457
2023-01-29 16:04:27,DEV-038,研发部,正常运行,0.5464496631243118,4.344171632909684,32.427711725456895,123.87377638087256,167.64065561477807,157.75698892582284,0.7705130252580508,61.78841775789766,44.095456951002284,10.316880429658543,2.1750779129430238,2.1218740144441295,0.7625501911327414,3.014004988897409,5.480913471687049
2023-10-18 02:30:04,DEV-020,研发部,电力供应故障,0.41367586559826763,4.873304760126612,34.530135020511345,117.56231447412064,174.35593924778044,134.67782772166393,0.793254345185399,58.98180124785059,43.75331985778862,8.720473424560803,1.7981168289245755,1.953591049464735,0.6947125755279063,5.7273297021025495,5.5873598799378295
2023-01-07 15:17:32,DEV-090,质检部,正常运行,0.6459966833846954,4.715063689283359,38.65434726525218,115.95068464466804,176.68794860759328,149.26864982679353,0.8205377922040251,56.29073313687352,52.72914164064048,12.098490681672565,1.4022940077893633,1.647759499534702,0.7044135360725433,4.3896298763102095,5.531273931966698
2023-11-05 16:08:37,DEV-052,质检部,正常运行,0.652035972885641,4.886519898099901,37.46517465093801,120.32962679694765,176.00991006178774,150.40496519688637,0.7144513858177789,57.69853957901427,55.69079151001713,13.486069497898233,2.4359057016692534,2.839634331255978,0.8665929015397525,4.715408233717163,6.7224334459874315
2023-06-26 13:06:47,DEV-091,维修部,正常运行,0.4962426244698111,5.294773989570582,41.87586721308503,110.59642489082121,180.09603869059015,142.2958403478787,0.8106594567772729,61.748915724046405,45.88626670315573,12.385605557633736,2.361289566901699,2.140492480157978,0.774400130023178,5.117454975727562,4.581993320267538
2023-02-21 17:31:43,DEV-053,质检部,正常运行,0.6443054080808673,4.783286956051266,37.45194625726796,118.03432782567769,176.15522233191493,151.7160029524642,0.7459033878602935,53.51845671506419,43.18450457845382,11.655133536295327,2.086228765842883,2.097539280690573,0.7243171418516497,3.7968502785298672,7.7343907822443905
2023-09-06 04:42:58,DEV-076,生产部,正常运行,0.5428647905553089,4.379165813660635,33.25498355553508,126.50685767731818,169.30391790298273,153.98513891053074,0.8795564518090881,54.672694337611645,41.286476629295265,11.74078412604731,1.4093831643655739,1.5646767778100388,0.7543080487199824,5.570870224718251,5.773272008057845
2023-02-06 19:34:08,DEV-088,生产部,正常运行,0.5525754633545916,4.233580203677976,32.79569454849823,125.03705969358904,172.5447131678592,154.95998879810872,0.6883793146944845,57.412540488120456,47.1885780119454,12.791227269302825,1.9622130052420705,2.286199611744409,0.7593374553196032,5.181622788078812,5.425420297452218
2023-10-31 12:47:33,DEV-099,维修部,电力供应故障,0.4300875835794302,4.78589823863977,35.93007292541452,113.97571519944248,175.73057051752656,136.36382458848166,0.7755067098701206,60.83615718387125,52.300962436946946,8.734739895068419,1.6740677967176376,1.6731366330810105,0.7780032841578827,6.127826884976758,5.785625283723904
2023-12-07 03:04:53,DEV-074,质检部,正常运行,0.6452199179862366,4.796909470660194,38.477363405914254,120.14238470159734,173.1122027277289,148.51825323491937,0.834193926498222,55.424051624951375,54.94219926355068,13.302578458271359,2.2339145746968145,2.087086322774298,0.7972825329970304,5.179121335444866,6.983626172714505
2023-09-06 03:43:05,DEV-003,生产部,正常运行,0.5425186976520725,4.261775416510088,32.7753568676904,125.75182780247722,171.74756436452967,156.54706497460904,0.732550221088506,55.09651186207533,49.44008054908526,12.590467275597756,2.4237354743882777,1.4716071183461708,0.7353903272955541,4.744242087570391,4.009221577521921
2023-10-15 16:34:03,DEV-079,生产部,正常运行,0.5442722072690663,4.219570931697471,32.7833134028919,125.06933262856636,172.01718510930294,153.99548561291297,0.7858657327856362,54.71195877505045,47.415761364061616,11.536327906897057,2.0960316059039283,1.8743529954443636,0.7805674456887184,3.796150154375537,5.053286219996695
2023-09-06 16:36:29,DEV-001,生产部,正常运行,0.5585923083822829,4.33809087713016,32.56729535942795,123.81519009622525,170.2911079943144,152.67461656317337,0.7248425378240695,59.3862572240684,50.68464980971755,11.877244993576651,2.0076419931292193,2.4178499194424368,0.8019991781860013,4.259655379076177,4.805514941186165
2023-01-25 15:43:24,DEV-030,质检部,电力供应故障,0.4100033784763731,4.820428833538688,35.449540160634086,117.7184608875085,174.61108731551275,135.20207515638424,0.7427374141007779,54.78307658515558,54.22982898312118,8.298607305698278,1.7610754194345228,2.018779201391888,0.9009591677006725,4.562430195364127,6.952623191996116
2023-01-12 03:52:27,DEV-033,生产部,传动系统异常,0.6913040220998034,5.643227715759609,40.97754677676799,102.83170621481256,193.6778705216141,149.80188250719098,0.70933628874977,57.84768379433089,56.18289703473928,11.418603392957941,1.776594063535045,2.136987956195504,0.786575750991346,5.986145875493134,6.9294364766619045
2023-12-06 04:43:20,DEV-011,生产部,散热系统故障,0.8675827785536688,5.942384207395298,48.4082448446956,107.09616779113563,187.77543618847608,138.25229935953269,0.7607036881770481,62.08814391294687,53.48061873076266,11.291331613128017,2.1048826489294687,2.1387391868453194,0.8661488532239927,5.776220643115738,6.300688083913118
2023-10-18 23:49:59,DEV-068,维修部,正常运行,0.4913291305191427,5.186018213429852,42.31900177820282,112.30356982789381,179.4935298397392,146.84505277129261,0.8389870035688346,58.93108256862761,50.30021423105062,12.270631093436068,1.611874842286555,1.5774745728786894,0.8012661632471063,7.037081791279759,5.458259790260872
2023-09-13 16:05:41,DEV-075,质检部,正常运行,0.6565828707337485,4.755711609273988,38.06012545515317,119.07591067416911,172.25560600252524,151.11178809669525,0.7803220275996794,54.41322708415308,49.68392909694353,12.781274456371776,2.2607000085744944,2.2824538771425553,0.8194163315789491,6.020332516027491,6.277226277372153
2023-11-24 18:56:15,DEV-016,研发部,散热系统故障,0.8723081349103812,5.792788905563495,46.6185443524193,107.01738149867634,180.89613662298837,138.85242384480222,0.6802522164274957,58.85898159901638,49.5838465425906,11.352614873807646,1.7813244401400565,2.206400558477248,0.7539318359266679,4.9982103548418255,5.892653366074136
2023-06-01 10:15:59,DEV-004,质检部,正常运行,0.6394585853569542,4.781535301717376,37.543216883117466,119.77481832841292,176.43443871411242,147.15217066296438,0.7053506694385754,56.32402883325878,51.00035737433194,9.763194680213912,1.9101697025144655,1.8555723808770435,0.9008682882277007,4.273804929476025,6.2212945836569205
2023-04-03 05:37:10,DEV-038,维修部,传动系统异常,0.7063057110340771,5.400765441158084,39.513593596966416,104.90099233017841,194.060556912434,144.46535351793958,0.8183221220138973,60.88708103453779,49.232512312495274,11.799232781493968,2.256876630235247,2.7185465823101755,0.9648965414972422,6.247220636466059,6.495948463326891
2023-05-06 18:40:34,DEV-053,生产部,润滑系统异常,0.7680517012503343,5.476496169772831,51.244899983399506,109.48442763857975,188.28737749522642,142.9125403007354,0.7174890695485735,63.98948251751637,45.170998654311255,10.700342384363703,2.768048223059096,2.3051323701926254,0.8514147807876189,5.171276861083566,6.181820302409813
2023-06-13 06:24:12,DEV-015,研发部,正常运行,0.5397828072074562,4.237518489269428,33.34852860658106,122.59018954752322,172.95292243385526,152.43583272117286,0.7384800585750959,59.20414678599113,50.47937128434698,13.12769279287233,2.4157608147623906,2.351288723920915,0.816323430600404,5.014011450220006,7.243851100863221
2023-04-17 17:07:45,DEV-074,维修部,正常运行,0.497681812229825,5.103640242984736,42.76821404181199,113.46140151715697,182.1655417473351,145.75271195337768,0.8552256652868119,59.026828547250126,41.85814187460672,15.769620406928393,2.755617100243843,1.835916298057164,0.5540209547777585,4.219250060647546,5.919911148519656
2023-01-03 21:19:41,DEV-067,生产部,润滑系统异常,0.7571224908796722,5.709259818349415,51.335098988265706,108.89626545853362,190.11259666343804,149.5505659620083,0.7776413915687544,60.08532488584881,64.22668319456322,14.413647041634293,2.783198362200966,2.0087475031768975,0.9865776736689887,4.504554651702324,5.975299277825078
2023-05-27 20:09:38,DEV-059,质检部,正常运行,0.65353976501942,4.807044175077652,38.378705755995014,116.74965838407795,177.6486419378692,150.18849144244834,0.7381612982484512,55.692273278926066,47.014312618915326,12.846131377000793,1.7248901330898874,2.063739013060206,0.975427821498023,4.092536585996105,5.619753833520075
2023-01-04 20:28:07,DEV-020,生产部,润滑系统异常,0.7704625530192134,5.641720891907764,53.40115681258369,107.15719232251281,190.44780918840647,142.60108151057185,0.6920445713111791,58.69136061523212,55.43024180230063,11.633476769012885,2.7161716118404913,1.7633651290923074,0.7536802177987454,4.484891285681296,6.513234645989547
2023-08-28 20:11:12,DEV-082,生产部,传动系统异常,0.6819891181209635,5.476377136969137,41.17092573164237,104.70542837043517,191.4751760732813,149.78467310543522,0.6991837990902658,58.15012038845302,51.40465424720975,12.621353814433315,1.8614738360366279,1.8013608222751079,0.921162980847132,5.690609286822144,7.011421600210615
2023-10-06 16:37:26,DEV-083,生产部,正常运行,0.5582788650908235,4.33076146650241,32.70951988994422,123.71060380314519,166.72208360279484,154.0488099735126,0.6960172349427065,54.81184803650641,56.235886114761676,11.558375835816545,1.5442934344598795,1.7717955297114047,0.7102826350526332,4.682590887929332,7.937613430215136
2023-04-25 03:13:20,DEV-072,质检部,传动系统异常,0.7080251992965179,5.431859567182741,39.14503674073284,106.57530636237212,186.53842520250012,144.57373156852057,0.7944294600007222,52.6988954128249,49.58240831261434,11.669146472885295,2.1556867567535627,2.6483617657783123,0.9352742498927781,6.239842847937494,4.867423190272758
2023-01-30 14:42:14,DEV-043,维修部,正常运行,0.4991184654740075,5.273288342598149,42.544172374127136,113.75583510200472,183.1710009069542,144.6935103492762,0.6780129922561032,53.6671778389072,56.533689506082005,12.241789016634996,1.6420878521679696,2.5913728449363687,0.922594480451574,5.185248185205528,4.49930521899042
2023-02-27 13:58:01,DEV-069,维修部,正常运行,0.5041716709153565,5.2482295293555925,41.452259025917606,111.37824794421164,180.98857552707378,142.5100403274693,0.6930109823407617,57.63567017963762,51.91257278347495,12.35427245467093,2.467069184324431,2.47277597057824,0.9250149071701885,4.589450392550205,6.339486044231352
2023-09-20 05:30:43,DEV-042,质检部,正常运行,0.6584462241347573,4.722091062751582,38.32021931054273,117.165244137735,172.3585496956746,150.2739252456861,0.7377686411120394,65.53117186622592,52.637028529780146,13.549216128651503,1.9992067331703878,1.80052254620899,0.7817380026933569,3.8678493456634264,6.8962869886574305
2023-02-09 07:03:27,DEV-098,研发部,正常运行,0.5557943877152384,4.287846958739773,33.47735504024412,123.25366203648235,168.49609556832775,152.47965264182073,0.7515407064806535,56.14830583434822,53.61037072611297,12.316935557210613,1.9674074446719891,1.7861841535491059,0.8503556739434597,3.7650390154488442,6.637342950236871
2023-09-03 20:06:07,DEV-015,质检部,正常运行,0.6622369424592426,4.867429840795922,37.719710229634074,120.19021353272912,176.32538605273348,149.3576407669044,0.8242046839905826,57.68300027162173,49.07460079584234,12.882233422667804,2.00571713575597,1.8867117219650298,0.7398599379429771,4.858998980915098,2.632836890255174
2023-06-02 20:03:52,DEV-018,维修部,正常运行,0.4922901757182452,5.106990381990754,41.7737821740023,109.97210051318149,177.15028635027252,142.92532595702832,0.7323253134428973,55.458607657618785,49.57149748567329,11.169154650626515,1.9302924979810974,1.8007280900075562,0.7481256434040858,5.443578925290139,6.18805440745928
2023-12-07 06:37:29,DEV-036,研发部,润滑系统异常,0.7769073818307752,5.588479097212898,50.72797238613184,107.31623112498539,185.2996873858834,143.61098868330208,0.6585260704094591,57.851811882880035,50.82658973702525,10.56601454443647,2.7584677646927678,2.0932143745893512,0.868068772263478,5.740317117457701,8.342297062259926
2023-09-04 21:07:20,DEV-059,研发部,电力供应故障,0.42249002615744935,5.02305137449131,35.02881900088139,118.26309546867557,168.80876455668525,137.82286906659922,0.6984931096568997,60.92295479660533,51.367033291062214,8.3760231202017,2.200983692532426,1.6844398113333874,0.7139825495077217,5.112281414478564,6.999508865136688
2023-03-21 02:22:25,DEV-049,维修部,正常运行,0.50411485492395,5.21613615325545,41.58257273589716,111.0556199759597,179.04462829638248,144.7120123061159,0.6955014237759128,56.1483794791872,48.0385035281008,12.16922144867326,1.7603612048675414,2.309599559451181,0.8333815482869098,6.1403315763562505,6.057319122684293
2023-05-23 04:57:09,DEV-069,质检部,正常运行,0.6403849230792209,4.889725281068273,38.473339404105,116.15789634188641,172.35226398353376,150.5668431294757,0.7499979719804536,55.81184839443013,52.33215029722295,12.476590931538468,2.186680678196555,1.7992711513361648,0.8348109418423584,5.6738396432337925,5.424486639958697
2023-04-26 13:12:36,DEV-021,质检部,正常运行,0.6492807453832891,4.87826554167483,37.86252732532637,118.066481552995,176.3670245558944,150.12336384657277,0.7149479059500702,56.60031902175549,51.31388887787736,11.209671388468664,2.088648349619055,1.939908965515723,0.9631072657195612,4.285284096595303,7.386825679841721
2023-10-24 14:59:14,DEV-012,生产部,正常运行,0.5509853475059822,4.358831729390366,33.3293446453199,126.11768467647983,168.52190399983448,152.03960401163602,0.6896778801118609,59.08035228335742,46.718336794815166,11.537264263015919,1.3145523929891887,1.9594099124201272,0.8644868266600914,5.536689946349763,7.367151531285056
2023-12-14 17:20:05,DEV-014,生产部,电力供应故障,0.4196234463203284,5.000960608370952,34.707758193581,116.40377829719303,171.88153179078782,135.90776698876684,0.745815129632419,56.83309161257575,46.676006475782366,8.433800388971768,2.3060286804840735,1.677295547476146,0.775866194566179,4.466271048362797,5.779463027082022
2023-05-12 06:53:26,DEV-042,生产部,正常运行,0.555068132502135,4.277702290755917,32.6214508607724,122.68980680481457,169.92204221580886,155.46054197820933,0.7520892685810602,60.25792587685927,50.30079585349555,11.688411827994498,1.088652863330026,2.074354490312362,0.5854612291401559,4.415821841026163,3.9629610396295685
2023-07-28 05:51:59,DEV-090,质检部,正常运行,0.6530241767980554,4.7512869156116215,38.28983325214497,118.45678470221918,175.01102989942564,152.8571218499285,0.8136153525037291,56.420347335068826,47.2304745684705,11.406930886372178,2.1791316129455285,2.058445343702049,0.712645092801475,3.4442060246591932,5.694384721082172
2023-01-31 13:02:58,DEV-057,维修部,正常运行,0.5046874695735355,5.121134813877464,41.53175723073713,111.2261245543595,177.9701528308403,144.3697520635855,0.7596154908342977,63.285181433707656,53.815271242612404,13.073923235188763,2.087799105130322,1.7319466644700523,0.7922217196480822,4.854842373828609,6.079724584927605
2023-04-11 22:32:57,DEV-074,生产部,润滑系统异常,0.7800541894204566,5.465622342594823,51.50409093289784,107.00404308064438,188.34850048209216,143.66906716381854,0.7300809686378942,64.47928251500308,50.7496580375908,13.408575255531575,2.795482063546956,2.0508936914090805,0.689541356516678,4.4718431970055885,6.905036575110477
2023-06-24 10:40:19,DEV-052,维修部,正常运行,0.5091332416148954,5.218449174351794,41.269264612331604,111.96814974987353,183.54780916741404,144.34693577944674,0.6180149423137786,52.59066881245383,45.20891365393086,13.420000735557124,1.946192618821142,1.8035211118789698,0.8262105259236519,4.398696058259899,5.955549513262659
2023-12-11 06:49:01,DEV-071,质检部,正常运行,0.6545171081147569,4.879783180786646,37.73237068397997,119.88994293177828,175.03794648568476,148.90083079899395,0.8213092928775555,59.10477852171273,49.940083795001925,12.311189970182486,2.229299929668615,2.1225825246950363,0.7180057215963234,4.130962178002905,5.342136430481139
2023-03-17 21:36:23,DEV-097,生产部,润滑系统异常,0.7763190505545996,5.58928813494488,50.48315234781496,107.56389698238644,190.96857230241918,146.28649712800288,0.6732258693125754,61.780199164176146,44.90843295452414,11.8062856281459,2.840808377616542,1.993145267308764,0.6861990161665041,4.936221619014631,6.246577532674327
2023-02-14 17:22:02,DEV-072,维修部,正常运行,0.49605831457666383,5.109664530662508,41.54343541066942,110.86478428470156,179.88535490191344,146.43517755826082,0.8454051289236026,57.020362320322995,48.50191447761665,11.216037626440619,1.7683395001064868,2.1387223461178855,0.9147143702571879,4.060099799588552,7.683673046156752
2023-07-16 18:00:42,DEV-046,维修部,正常运行,0.4902240223077647,5.229351249505694,41.380604892779964,113.4480061151855,182.00572751489696,144.99954195898496,0.682637344671841,57.2486405731514,54.41812270209865,14.910523145621932,2.2589839168817263,1.9096580877508682,0.700617683514329,5.149128886868631,6.181576224120387
2023-11-23 01:45:32,DEV-090,维修部,传动系统异常,0.7037769284882058,5.523006739788537,40.99077530804944,103.70790075470954,186.62219814079117,151.31042817032412,0.7723907230161718,51.52603935530287,45.83228694914939,13.163329295672423,1.9837536764019499,1.8378002778917784,0.6512285954747722,6.456205662714223,7.273828033093564
2023-07-01 22:48:26,DEV-017,维修部,润滑系统异常,0.7952582159239112,5.753521975871059,53.21767965118708,110.37098595218625,188.87022749890778,143.53020123410644,0.679775738695883,58.252849293556466,45.727176200788215,11.669633930366647,2.7436706965490107,2.0492084743822194,0.5152923216382128,7.506393175991496,5.989432610978312
2023-12-21 15:50:09,DEV-079,维修部,正常运行,0.49144043240731544,5.180956595869188,42.248688373819476,110.11175941342897,178.8836583384221,147.55535445285352,0.7492212897758759,57.14631398941242,51.81525515767783,11.960479787358365,2.038747355281304,2.0617443091174064,0.549406615997966,5.235910527897753,6.594164997991291
2023-03-30 21:34:16,DEV-067,质检部,正常运行,0.6401129153639973,4.88337339668585,37.68346785622729,119.78576395060475,173.48153507475263,151.83631488112033,0.7005651585012005,55.40456809881896,45.61856801292873,13.859596640142565,1.3204472883046758,2.400746560928302,0.9394733980179605,4.711495824843017,5.3249363670525875
2023-07-04 00:40:34,DEV-089,研发部,散热系统故障,0.861254112476456,5.958004002064592,48.05670385673371,106.60938926184922,189.13114959074952,140.87813415831906,0.8446015568360397,48.193406376375115,47.47863568666539,11.689906230412182,1.682370312182873,2.149872164399381,0.8486545283499483,4.674790015963895,7.33004766744827
2023-11-06 15:04:31,DEV-090,生产部,散热系统故障,0.8261511574686077,5.823467196055644,47.44530715147113,110.50871131462065,185.36945896752292,140.73830882902644,0.7736156017864347,55.94405912402191,39.91768940214029,11.384859058227965,1.878769605754833,1.8545402983136254,0.7700259978902978,4.155724064319675,7.465881258988102
2023-09-29 03:45:00,DEV-001,质检部,正常运行,0.65618531983409,4.810435978082189,38.16981553427622,117.62051229465916,173.2341169265081,149.13583607190756,0.6728406197579,56.236293373230744,57.025628343679955,10.703262474736631,1.965860235039936,2.4579208005666104,0.9238478793772256,5.034151002855621,8.407516450435601
2023-05-31 18:48:19,DEV-099,研发部,正常运行,0.5431658370089747,4.308233779429601,32.37162902836403,126.32110241921154,170.5502145080747,155.77865541751245,0.7792287798868861,53.32201323004516,43.34763480123469,12.24495002928268,2.0745886902394277,2.2860892775190464,0.8264068486307542,5.4923622915260655,5.336729684809322
2023-01-28 11:23:05,DEV-046,生产部,正常运行,0.5419905204420811,4.299595723374897,32.622712653616254,122.80036584177492,168.81342269925773,152.79086327614212,0.6982144300525663,56.69208055815087,52.179224773081955,10.752752974634351,1.8328117905928594,1.9012912149782843,0.9747906597331994,4.278485100646337,8.276472688024413
2023-12-21 01:22:05,DEV-029,研发部,正常运行,0.5575538270635774,4.328515804497505,32.89848696919352,122.81377775667528,171.95817862609823,157.51257256205352,0.630794483584437,60.76541494151029,52.031431000997266,12.039792961586897,1.3473267169625383,1.798034835567486,0.6747332068156594,5.338467728329128,5.76143113784261
2023-08-09 21:12:30,DEV-016,维修部,正常运行,0.49737439031237257,5.106444239231175,42.23496782967852,111.77538729556251,180.52568551435868,147.78024689931212,0.7113499265687027,56.430856696630194,49.83494115791591,13.298259441295503,2.023537179911235,1.6353917176864454,0.8849778445119856,5.0462051533984225,4.438761862063056
2023-12-26 15:05:01,DEV-026,研发部,电力供应故障,0.4249718380023879,4.919071596512475,35.97932262609098,116.61266258124249,170.3901100929163,132.046722596403,0.7800826071806575,55.02968463052067,47.81299211070792,8.490963102159398,2.01397314049974,2.037818221370826,0.8158580818930979,5.094487253476874,5.228379413698694
2023-06-04 18:31:21,DEV-084,质检部,正常运行,0.6623582372460286,4.839621160096822,37.258387572986926,118.96436221017305,174.32895277779585,152.80529815041206,0.7901282973042415,61.219606840400346,51.99625083466689,11.18078285785142,2.197665109005857,1.614502027086354,0.6583084141166069,5.546207802175491,5.240965354280804
2023-02-19 10:07:21,DEV-057,研发部,电力供应故障,0.4114840941887459,4.892560350381278,35.72954306361668,114.58479841819039,166.9763739392125,131.39486446492208,0.7549733805033819,57.49144746450796,53.40464970849668,8.468441370158532,1.9105272533887634,1.6094900168258104,0.8878818405633889,4.605101817067992,4.262092151313191
2023-06-19 13:25:03,DEV-026,研发部,润滑系统异常,0.7876420721622283,5.579418315489364,50.452600906100315,109.89673516237193,191.08750262764767,150.927587122403,0.796847610098747,51.4295725644443,47.5899937220323,9.227384764514294,2.748416573402899,1.8254870967151493,0.8681893804264258,3.640951250735192,5.459083081147231
2023-04-22 08:41:20,DEV-006,质检部,正常运行,0.6379677898123243,4.8756208660787035,38.60465656193884,116.14561010561481,174.00212234348248,152.01236746867713,0.7353828453568912,59.08717940191607,52.49626399512744,14.279692854281114,1.9206077465601679,1.9656761979234119,0.8137237624461412,6.124692771612656,7.531473765280056
2023-08-12 15:43:31,DEV-091,研发部,正常运行,0.5517045453112166,4.296997287811632,33.045413585279285,124.89232092192417,169.60696191200523,157.77162130370652,0.7993099362659456,54.8736362283702,55.98935683082292,11.746862881950392,2.0043219633312934,1.6830714621038734,0.8696145400300562,5.506255480975174,5.660603149238636
2023-06-03 16:31:10,DEV-078,维修部,正常运行,0.5025713280129457,5.227718745934758,41.91647457283696,112.13937054359212,181.76916719667446,146.89045733084913,0.7754701535743087,60.21939120402734,55.888565684689524,13.587495165255273,2.157511799696193,1.8774240356729217,0.672692805866726,5.647614644322769,6.149584296832822
2023-05-22 15:32:21,DEV-013,质检部,正常运行,0.6428737989432242,4.77428104804093,37.7115193077947,117.08250113571619,175.73651701994564,151.8336480410217,0.7359563399168932,54.16842087646715,46.41222260137987,12.500203752005536,1.959357630415881,2.2567897031990416,0.8951780749276216,5.779602194289993,6.280887766035921
2023-06-16 06:13:31,DEV-081,生产部,传动系统异常,0.6917444873119318,5.36282817281957,40.11393809312443,103.77756486347371,195.0922002379406,148.81266368435269,0.7988932777231097,62.77805972985391,52.03290240483319,12.599793923448411,2.5002198740967323,1.6670796865012392,0.7889544224386285,5.003935936516238,7.542515160457529
2023-04-24 20:23:58,DEV-084,生产部,正常运行,0.5435364597498392,4.364768404415659,32.54893785799801,124.77830410776546,170.71875483512716,156.18955623059725,0.6817541491882305,53.084790414256155,56.81092787195093,12.399263819930876,2.381361317156216,2.3243430908785316,0.7004004769856885,2.8067899055375256,5.829604690250843
2023-08-10 15:05:48,DEV-066,生产部,正常运行,0.5604827807489735,4.334436921321397,33.0030382673135,123.33155850104541,171.39658780560245,153.70778184391156,0.7465200044654714,55.52048509975829,59.403814771939984,10.230573486845856,1.6116203436265695,1.8049069870456569,1.0243855441240899,4.158827758495318,4.098251069836818
2023-02-17 06:45:28,DEV-017,维修部,润滑系统异常,0.7669872931798596,5.5288888814018415,50.916589360846,109.38409019235937,187.5232623946906,147.16395725155354,0.7542138218138407,58.04266452694291,51.6187870902162,12.080506333700077,2.7228543239893424,1.775112523280893,0.8733832975465058,6.235670960062824,5.6277647672808495
2023-07-28 23:29:35,DEV-077,生产部,正常运行,0.5514876360671099,4.311917274232535,32.83211375555467,127.25744296274566,172.33834702439978,157.0448812771971,0.7463034513255179,58.02496034576146,48.50376120681877,12.64098152642568,1.96439397224352,1.7055828889797808,0.786952724760986,4.260594032791985,4.892197810871278
2023-04-24 02:05:09,DEV-057,维修部,正常运行,0.4907798280940999,5.252143357445655,42.754628925914254,111.32209217465265,177.69417768963547,145.23200906606922,0.7973573002692623,55.15531466509588,52.70241404926256,11.846214276584364,1.970048679376618,2.0939931350937293,0.7864205708258066,4.692652104768838,8.289502313785201
2023-11-30 02:30:33,DEV-088,研发部,散热系统故障,0.8520473981866893,5.729048216549154,48.48189935028616,108.32044568408465,189.7364921668462,136.11654465037907,0.7559623305205219,55.26030624062803,57.19828548575776,11.342455231050897,1.7045445325641928,2.001943318845083,0.6207475031347549,4.946320874442264,6.3535142001913485
2023-07-29 23:37:25,DEV-071,生产部,正常运行,0.5486371092042471,4.268852392566546,32.88344399364831,127.05876178332244,167.71636473830048,153.44069886924737,0.7317352085982152,54.652752399056986,54.38493805861105,11.324334441332699,1.5978663663122439,1.2780820301973095,0.8566596578338207,5.073557070045663,5.7324617141851295
2023-05-17 11:29:38,DEV-093,研发部,正常运行,0.5578143077363336,4.313274477603871,33.024093051065435,124.53127133213914,172.16304528631198,153.02881919612375,0.7963832644564489,55.02954359965669,52.16665354651552,12.47519535225964,1.7895095416499218,1.7932299964109342,0.8968527481211025,4.730766409247314,6.862468461743684
2023-04-21 12:22:36,DEV-043,维修部,电力供应故障,0.42329467673933896,4.856075102985743,34.17634495525256,115.46591497632427,171.8441802459701,131.75353245933343,0.7853693965325282,60.875158283448926,52.91134276611699,8.381277746279801,1.7262365484869966,1.845031769295461,0.7873413016860199,5.331554372973497,6.884146684157448
2023-12-30 09:50:16,DEV-026,研发部,正常运行,0.5407387188661241,4.31528553511564,32.586340368868214,124.99278820140889,169.11642202751582,156.88403353829403,0.6794395957027581,55.88645693006344,57.39464520534121,12.194973452282753,1.236639362196976,2.2833576090528083,0.7906756245577994,4.464549983679761,5.990378733793992
2023-06-01 07:54:13,DEV-080,生产部,散热系统故障,0.8268561458180489,5.7890741570654,48.24951568584398,105.04949534580173,180.45435265907105,139.87841022520695,0.7302805147604131,60.554532956074645,56.375596417224266,10.43927914655125,2.26916999449711,1.9430621226193983,0.8538684623710876,5.662303582398888,7.194438205135637
2023-11-01 18:52:13,DEV-030,生产部,散热系统故障,0.8537415034788018,5.771083238562798,48.27877633462247,109.33149578695685,187.75822526197717,139.1680267005918,0.7131612188493192,53.15326414697586,48.81487330574704,11.673917678484017,2.014489905923917,1.7035903469281874,0.6764444080537065,4.094580311981936,6.109767277797771
2023-06-07 19:55:35,DEV-049,生产部,传动系统异常,0.6915483889133778,5.36677768396537,39.4244464030681,105.33213074909804,190.69430795679523,145.05186043166682,0.6955140995153418,59.701858205704184,43.052968932943166,11.473920969194179,1.7869752628757238,2.262198784852645,0.5641942418278277,3.464675787694477,6.102773962523431
2023-11-04 18:19:00,DEV-050,维修部,润滑系统异常,0.7980599379753555,5.460230938878981,50.52970631391344,108.89881471803919,191.27061268725572,148.91717268438387,0.7153191057448045,59.136218778634216,48.012302504412546,11.593499444379333,2.8541223903553883,1.7724996293930941,0.7947760405881893,4.447345337096639,5.5262630285381
2023-09-19 06:43:56,DEV-003,研发部,正常运行,0.5487748478402682,4.232215889822061,33.15729123255477,125.59793550111344,166.85676214926912,153.70213082191614,0.7808884194264366,54.45996803321401,46.8535400222771,11.725871109557298,1.4234876393133593,2.2953458590539,0.6054688224437862,4.164453679805379,7.149169983141602
2023-05-30 00:26:45,DEV-053,研发部,正常运行,0.5444110700244592,4.241637196200643,32.58626847174772,123.92547584346923,167.77894044800433,157.45994563268383,0.6143701842665741,60.70302823454691,50.76086638640192,12.089293196600137,1.805410497706409,1.8526395742434159,1.0215814916457613,6.240282389982445,5.494035535785883
2023-05-15 09:28:14,DEV-007,研发部,正常运行,0.5401798245881719,4.3001667199197255,32.83495320477838,125.62929198535059,171.9964201409758,153.6396593390411,0.7155993566293866,59.47193003535685,49.63029269857428,12.211373186393251,1.3236067125192401,2.092324765979584,0.6412007983538917,5.594102601890527,7.8024289940566405
2023-10-17 03:29:01,DEV-058,生产部,散热系统故障,0.8449948349346468,5.961370557523194,47.62231131118176,109.97834417814957,180.1940618856002,136.32624839155108,0.7257891423320102,56.689386094495745,51.39478334194081,11.439783871405712,2.0488941738822284,1.9498509647545779,0.867207081790831,4.874272425234233,6.237226308545197
2023-01-29 13:35:48,DEV-091,生产部,散热系统故障,0.8538001326645035,5.893230742755522,47.60957856373876,105.03541470968749,182.3311749319543,136.41627153879654,0.745933078501249,55.518790343655155,52.356748168455894,11.907917037805246,2.049484111955755,1.823012833181482,0.7062447638776428,5.815548641946647,5.277070173518824
2023-10-11 14:11:15,DEV-048,研发部,电力供应故障,0.4137838919966392,4.8480489486131155,35.27970806011579,114.58844449032811,172.60888463209363,132.12120004348031,0.7475163214825331,63.279656051052555,53.47052516125815,8.587927914882544,1.911886285619051,2.101799327423669,0.6370161289150157,5.456291477665951,6.119713616811147
2023-04-02 22:41:02,DEV-021,研发部,正常运行,0.5588984264001884,4.3005552754064125,32.9535151518375,127.48756872830948,169.9558024756938,153.0060691619572,0.7782770805447369,60.08228053382508,52.852359285107404,11.772370516138412,2.00744677542845,2.31293112530564,1.0224988761610316,5.064254355385911,5.457835377076916
2023-12-31 11:20:57,DEV-064,质检部,正常运行,0.6606070306815474,4.7152322367119295,38.13423704514704,118.29148573600952,176.1224732997988,152.00044103208185,0.8010967850533839,55.39800248517936,44.05008833581244,12.937790118584617,1.4439315446310341,1.860045618892291,0.7791074718569707,4.959836694878993,6.237304546775508
2023-07-07 15:14:01,DEV-070,维修部,正常运行,0.5038306845015396,5.112126533614708,42.512868359351735,110.38452742021154,179.4143852169255,147.21147044350948,0.7423833245418524,57.333606650864326,50.52480628685551,11.81141434780919,2.0497257587527877,1.5846943997404292,0.7168028932994197,5.976952616594039,4.993790505905019
2023-05-14 05:46:40,DEV-037,研发部,正常运行,0.5412406398331324,4.339300956621759,32.603564054213656,124.35635460252696,170.0115543288437,156.397902644391,0.7672475342724213,66.05863129484904,46.288736289776296,12.434735979194157,2.2924915270270882,1.696624498723043,0.7794396048947104,3.88558649186327,7.3197960112536
2023-08-27 04:24:00,DEV-069,生产部,正常运行,0.5424516157494262,4.3607439314326335,33.16797368018469,126.53804849517502,171.86392841855707,153.74675982079555,0.7537486620780931,56.138575821469885,48.59791248331424,12.590556924725673,2.1567307575836416,1.7539184110494161,0.8485833629851196,6.1803958132081815,4.972561095637111
2023-05-20 23:00:12,DEV-093,生产部,散热系统故障,0.8503580757626655,5.76815392999381,49.240995685197056,105.34018742935599,186.2828292286341,138.67438521644772,0.7346206393034731,55.005975703100596,50.779854761863085,11.930189602223907,2.2542554811460627,2.099075373436601,0.8307440653375366,4.99967453038967,7.357073947132857
2023-07-12 21:16:05,DEV-087,生产部,传动系统异常,0.6837705489890662,5.447624969938485,40.08442873638304,105.94417707039929,187.59339599378131,147.7895403722221,0.7901033543664986,56.080255204594366,50.00940008428013,10.763466959011955,2.093195190730844,2.198753183586097,0.834834802368992,4.60552517720615,6.860988929825018
2023-09-10 10:02:46,DEV-070,研发部,正常运行,0.5432612309505073,4.30747989856339,32.62782532224609,126.32313015838933,168.7225133417242,153.7204767503711,0.711089905080605,55.06322988457937,44.73597404301643,12.693731522768639,1.8314936154511348,1.6757099865943852,0.7932171067773441,4.6548700189279515,7.123482709556834
2023-05-21 18:31:14,DEV-033,生产部,润滑系统异常,0.7991415619875912,5.569051127214582,53.16582978131845,112.95402007251623,185.0431337240196,142.6795675107831,0.693140173138983,50.95637503860988,50.38653629399479,12.102432659583588,2.8402476223357715,2.097722400701713,0.8123038867362636,4.887144095094015,6.113896182910712
2023-08-09 17:30:43,DEV-041,维修部,正常运行,0.5016324458597838,5.1868157514719035,42.13454924224468,112.07480876581369,181.86318902705275,143.73847718264255,0.7780488800450103,63.67944740379667,48.286772896522905,12.40658581024381,1.5621134896185953,1.86466136172414,0.8154193184000108,4.836208964022984,6.661016290237175
2023-10-26 19:15:44,DEV-029,研发部,正常运行,0.5399076135279851,4.320509833905838,32.65647186952306,123.3590520446428,173.27489864365864,153.7095628970783,0.7845571168894769,56.167046956310095,51.1983248046627,12.143329941450551,2.496893840169745,1.9135210412466708,0.7731848207951706,4.013497738464305,6.719791415703804
2023-11-13 15:43:25,DEV-090,维修部,正常运行,0.4916035464488671,5.235815607490234,41.69248543313038,110.78806349295941,179.1356715872088,145.53895390928471,0.8069342381003749,57.28443472957841,50.99831203584697,11.145598869314489,2.2941554830196798,1.831969737516182,0.7965263298294863,5.709065975057347,5.522293000083441
2023-08-10 05:56:16,DEV-036,研发部,正常运行,0.5413217709934259,4.310163176706258,33.13320877678004,124.07791393037901,168.61846894441825,155.1953078646156,0.7357578113774234,58.716605151096324,43.565802281437115,12.940236664698535,2.2694364089201664,1.537016581260052,0.7957495421090292,3.4735486123577144,4.745256401658027
2023-03-29 11:39:06,DEV-029,研发部,润滑系统异常,0.780439326103088,5.738459625074831,51.200331631654706,111.28723391964994,185.09670609050104,143.40298331079137,0.6876986986071012,64.92737403223431,50.93802799852189,10.334681870800821,2.876228971442384,1.6832555293434355,0.9031035666373942,4.573127007938373,4.05409695240198
2023-03-04 08:11:17,DEV-056,生产部,散热系统故障,0.8727669785961247,5.832519856229327,49.0261615266051,110.62422691742664,184.62774721026915,139.7684466649011,0.6851063486302597,59.04176216096405,54.91098264562133,13.68697427906704,2.621266284912118,2.6821981102428607,0.5385204301677117,6.720318908367269,6.434245533115218
2023-03-19 03:47:15,DEV-002,生产部,正常运行,0.547774073690966,4.357662475208306,32.85532057245161,122.556347230947,168.99595560043048,154.99332940982757,0.7422606639071,56.981720736657316,49.43858572884626,10.821180872283325,1.5686752604527994,1.7492421446153783,0.7838674197919039,4.344655917611506,7.691070243743836
2023-09-22 06:43:20,DEV-010,维修部,润滑系统异常,0.7567555112184993,5.438634534861769,52.202345902847355,111.66389562599451,191.27815996269777,150.62958028474725,0.7864104547679207,58.03830849579753,59.43370166091687,12.863086441432767,2.7544845228683927,1.7602081157865916,0.8576411198290561,5.592876811066346,7.17301160178807
2023-09-02 02:13:06,DEV-062,维修部,正常运行,0.49738659904669436,5.143593849751443,41.72916402270882,112.52547109223195,176.87852569931565,142.22900388448403,0.7288128080712803,58.80158638930478,50.50284474614155,12.80446447290345,2.311631301087115,2.1493303075931993,0.7795252362409167,6.841199033406522,7.015899282971728
2023-09-10 14:01:32,DEV-063,研发部,正常运行,0.5469856224888853,4.365236083659005,33.29749051231001,123.06295233264598,169.3728906339619,157.39555824415288,0.7776290980615075,61.81575268805077,55.29825918034113,11.740455534387598,2.1153412112273666,2.118125920268913,0.7997364142624654,5.194961698218963,3.858225458270464
2023-01-03 02:35:33,DEV-094,研发部,正常运行,0.5503910205171586,4.325495579812573,32.67453393484667,123.41096509344646,168.2575246235617,153.34021654422662,0.7765815161054181,59.52883683108718,53.01076460591772,12.920068374790333,1.6651599780459083,2.007480629662059,0.6538589109062294,3.85433798697906,5.934137613247769
2023-06-12 18:23:44,DEV-033,研发部,电力供应故障,0.4163454594220776,5.046853198217648,35.94709329497253,112.1944798168328,176.8875105783111,136.92999796062824,0.7769286686151323,56.353042751797396,52.45860392592907,8.751095792057585,2.390474802981238,2.1763466614152196,0.7936247005380418,5.150554181302038,5.018116244288413
2023-07-12 12:57:47,DEV-074,生产部,润滑系统异常,0.7836241623232377,5.752419655403039,51.756603436960305,112.59401543125006,185.9692639753434,146.5793186292457,0.7499280594449609,57.03022344969203,43.983326225201736,14.580259419644412,2.8294454735320937,1.5297418568738776,0.7271001018988312,4.770331298321005,5.712576896814461
2023-03-19 23:16:15,DEV-067,研发部,正常运行,0.5561095454233616,4.326291492683164,32.51023623388416,124.39102566845752,172.88542358210125,155.7249635514312,0.7322907745335041,64.7636596352519,54.73563899053411,10.813776502125162,2.356065793451996,1.9317854926482656,0.6678859121387868,5.735537704931518,4.33163555592858
2023-01-29 04:41:17,DEV-074,生产部,正常运行,0.5469163047060364,4.224838647199163,33.13278764872487,123.12408834520922,172.01685444157377,155.87882794350656,0.7452415995973162,57.917714747424284,52.17743700265955,12.042030661388416,2.0868526149290187,1.8299612547902644,0.7073262505477449,3.911737422523844,6.54959873036279
2023-02-01 02:59:31,DEV-015,生产部,正常运行,0.5397106420841377,4.236996861322863,33.17902903370312,125.81300251440142,171.67722974329564,156.3655214848049,0.6388977709498554,53.30549612427084,52.84816720809211,13.119183530043495,1.7540284977384306,2.0179340001255683,0.758333351992432,3.3988169888469004,6.015654852182933
2023-04-05 08:37:20,DEV-007,生产部,散热系统故障,0.8641548900461689,5.852316276730503,47.0263134567549,106.4017726229893,187.77766829894696,140.55570856716744,0.7840162531691149,55.26095374366467,54.0579599170619,13.825931714787638,2.1187920286450925,1.9191013037262583,0.7616431788736391,5.014747352171611,6.402139538203413
2023-09-24 10:17:05,DEV-023,生产部,散热系统故障,0.8683240184145633,5.750497713513919,48.46319611024893,109.95722507989362,187.21216678412037,143.5459389436903,0.7931804430656425,59.61127412177828,50.86905314955805,12.053117108080693,2.2668811945624294,2.376016291436531,1.1329773401517218,5.324173332013872,7.128690517034229
2023-12-24 21:37:43,DEV-012,生产部,电力供应故障,0.42606768121339234,4.843411356339992,35.463617549621226,112.9021314711564,169.21324750388885,137.48001069957618,0.7187574929770661,53.667720935220316,48.14429726422464,8.43425771148163,2.0610516658081326,1.6676951865596579,0.7830216241372222,6.38833437466203,4.566672092286628
2023-10-28 17:48:47,DEV-013,生产部,散热系统故障,0.8696405951612355,5.899431434221792,47.63601204310049,105.61791690472377,184.11166726528694,142.28246820719212,0.7555644719917902,58.258638141116606,47.08078148359298,11.314626010165064,2.101009022414164,2.327776281172477,0.7791324565723391,4.565149243406534,3.6851969057569076
2023-04-09 23:48:03,DEV-076,研发部,正常运行,0.5592517750872719,4.331722422608035,32.957618137134276,122.96429736471761,171.97708720632684,152.36796306942898,0.7717313051446986,54.37250500889849,48.426632299940835,12.446962972141062,1.7498739671838883,1.8406961131323958,0.786933872412559,6.273352302002435,6.3322382450937
2023-08-19 22:47:25,DEV-040,研发部,正常运行,0.539774290047084,4.315476148008331,32.916943960942376,122.62018848333204,172.88611551467082,151.96551460685765,0.7537148129905816,56.16305308375979,45.71533435685266,12.292899497339262,2.214099056319384,1.4551567043411813,0.8360615841772744,5.029677745494422,6.6142667670714745
2023-03-26 20:33:13,DEV-003,质检部,正常运行,0.6432168325025407,4.788497194697055,37.68504051846242,116.66434881447647,174.29370530057668,147.1542253369581,0.7381895475846818,56.11349947014297,49.28029088179073,11.637415702774344,1.828062297636858,1.435911764033592,0.6279925569860972,4.925540220823995,7.9923487363853285
2023-05-18 06:10:46,DEV-061,研发部,正常运行,0.5424609293010595,4.252769256888237,33.34503439729626,125.13493951901172,168.60877449111277,154.82505612722375,0.7558441266635731,59.20676167919397,50.436456018888265,11.896616938902959,1.695643680020658,1.9467009223995544,0.8481701163228865,6.056170145150355,5.520995190732406
2023-03-15 13:58:16,DEV-030,质检部,正常运行,0.6550679554806365,4.8594169472459505,38.307195921274534,116.63277507480534,173.4291269765099,150.40045409071604,0.7982064048179622,60.771132111010495,48.58974925770548,13.991816348780171,2.61898600494395,2.002021575065464,1.0034894709366087,5.099736517384485,6.566266596437997
2023-02-06 18:07:14,DEV-054,研发部,正常运行,0.5539159563353369,4.284046383769076,32.37439640950098,125.32692580049599,167.25331663434082,157.07358973555614,0.6385897865878222,54.40835832563674,51.51729381579513,12.319809823570317,1.756082474423203,2.2508984506855927,0.8126401216239278,4.913294597811814,5.3258789503335215
2023-10-17 12:18:14,DEV-029,生产部,正常运行,0.5597965173886225,4.216367527253689,33.06071225875833,122.8780079444734,168.54749673330753,152.4461756744137,0.8187400241825906,58.58954502266724,53.485123027643574,13.038946925469068,2.562142268554066,2.3758286921452503,0.8646967302038778,4.046410883466949,6.586178980258442
2023-11-20 07:43:38,DEV-038,生产部,润滑系统异常,0.7951184740262258,5.699298505823901,53.01727700633413,108.1460926569253,191.97010785388503,151.28246268926506,0.732690668084723,64.3920503402396,51.726394189237666,14.434762715125606,2.81665765167851,1.4493875308755615,0.8320128538629732,4.391692023982523,7.703503949936259
2023-08-24 03:25:07,DEV-069,生产部,电力供应故障,0.42678598152223374,4.995313610867177,35.60373749793119,114.63628691374798,174.57962970329692,136.77208984866206,0.8148849814335217,60.78429472214344,53.213973975307795,8.40504781799205,1.7234901657026251,2.3441871056478987,0.7899854440618514,6.294140864558597,5.756314494263036
2023-04-07 10:27:32,DEV-030,生产部,传动系统异常,0.6913413596377251,5.45585022351661,40.0446166816738,104.85238608265476,186.67895681963074,148.3621963199064,0.7738983421014669,59.45276457649292,56.92456661018656,13.386144394827403,2.1614127533271663,1.1857694823719012,0.8712409197962192,5.730628019089968,5.130059759204142
2023-08-18 15:43:04,DEV-024,生产部,正常运行,0.5434828577097041,4.276132632690284,32.654220293455616,127.47863927729334,171.92610231464116,157.23210583406885,0.7115236260886177,59.64708462346361,50.58062397694253,11.604798794401725,1.8767735494968625,1.8320992472847513,0.6340740284714633,4.760174493873772,5.463030579164866
2023-01-05 22:42:26,DEV-068,生产部,正常运行,0.5570678623273312,4.24793526882061,32.40358379694009,126.40838960650721,170.2847493027083,155.0231000407669,0.7416018670271004,55.946373008691225,48.59455598137657,12.328031208949014,1.664704688731312,1.9036532867813372,0.9095331646494922,5.685722526979173,7.295952872866998
2023-10-05 12:24:33,DEV-087,维修部,正常运行,0.5065862846825152,5.242988511004961,42.196927593874875,110.45879426937123,179.84517203704291,146.62722495594585,0.7439478855891963,56.93033013806384,58.359303098108214,11.054568926908209,1.817978238502177,1.6787273877366553,0.719320633836174,5.272138871882437,7.292124194411891
2023-02-13 21:55:37,DEV-072,维修部,正常运行,0.5099345642815892,5.1538234662761475,42.46986973381417,112.36469337055719,183.42633991506398,146.90125846312986,0.7106486600973342,58.71201110991066,44.36001790901249,12.391091877671256,1.5904617608781442,2.2331550110971397,0.7939121862296199,4.663776920446037,4.61394980118553
2023-11-30 19:13:00,DEV-065,维修部,电力供应故障,0.4239571355660133,4.828206672657909,35.42119494771117,117.47023678552878,172.9774010042405,131.90207093292577,0.6892740864696053,55.58776386972764,46.48254368479897,8.411902961470732,2.37824181701831,1.3593988278593125,0.9724213722244017,5.771766444408201,5.1000726468071615
2023-11-08 15:18:46,DEV-084,维修部,正常运行,0.4942370260179945,5.101660569764905,42.79061095391285,111.85345644008599,177.56465668580117,146.49530472539422,0.7268175806165981,57.40019295754641,47.93129592626785,9.90348481910117,2.1111951739460872,2.0727913283779267,0.8829666086023379,4.603181775030318,5.375091299019208
2023-05-19 13:40:00,DEV-035,质检部,正常运行,0.6468824165893913,4.864962369464852,37.63440143602827,117.00534058378608,176.24508673812218,148.27627976971078,0.7996414616557702,54.39429341539389,50.85448917074209,13.16028442480918,1.4112541265725738,2.1701781614405147,0.6914232851696749,6.2899115273629596,6.992161939116021
2023-09-21 21:27:53,DEV-072,维修部,正常运行,0.5057162529093675,5.218709159622777,41.17081115531462,113.22087296163573,181.45791605943697,145.668471189038,0.7256331565922136,58.63976790969499,50.17134031690967,14.257089966104909,1.9556530345120513,1.575128518988938,0.8771212103882324,4.64188885220557,6.378261400284186
2023-11-19 16:49:58,DEV-014,生产部,正常运行,0.5434471373373545,4.350568643143242,33.5226285214662,123.91410905764188,167.89445437843864,152.06569192632008,0.7749429458392273,58.613802294474304,49.67115122200882,10.781336248009135,2.1850814027420853,1.65286993483232,0.6914233330306145,5.195088698021937,6.552757384782785
2023-12-21 19:14:49,DEV-096,研发部,润滑系统异常,0.7876950830285089,5.718053959757085,51.13129696044378,108.79269626057331,186.77730696276257,145.38535005461142,0.7450412872864437,55.68403313518605,50.50902822524277,10.440330301111793,2.864553498367209,1.8764610238461592,0.791837778274405,5.45816256231294,6.3643820329908305
2023-07-26 02:47:18,DEV-078,质检部,正常运行,0.6371237350418175,4.847844195654813,37.3183037017417,120.12446595385852,176.41917641873374,148.92103374372815,0.7786280292687584,59.4130007447971,51.993669474446875,12.128990837166734,1.7937570843106205,2.206048077070105,0.6746754730617713,3.941688674012829,5.957408711058884
2023-02-12 20:39:16,DEV-038,质检部,正常运行,0.6461297359544771,4.7733311310002815,38.53536559421893,118.25381306426975,176.52507495791883,152.3822310975041,0.8060858470231577,59.77494483108281,48.75003248545111,12.82028580396623,1.534822700991737,2.102350062574787,0.8650277159710619,4.491586523240054,5.494669694085468
2023-05-14 18:29:27,DEV-057,生产部,正常运行,0.5433566808258841,4.2370685751060835,32.41444979224424,126.84148509080664,168.604060958624,151.91123460998935,0.6703871716924878,57.46280723927057,46.85274542474565,12.230126896664343,2.130378918611517,2.4663296621592896,0.9434399630580531,4.598113825605016,7.188325648652505
2023-12-17 13:06:22,DEV-026,研发部,正常运行,0.5461979212364251,4.272406052522503,33.52214148403148,124.62908573255851,171.97040531700372,153.36718999686778,0.753608856669852,56.7998759253933,50.717153450010336,11.659224220079068,1.4356064383632152,1.8607984247506575,0.6974398497794813,5.277847388872166,5.298092264252014
2023-09-18 07:48:14,DEV-005,质检部,正常运行,0.6416051354881768,4.732460688429339,38.11245631897017,117.36994774939639,175.40633768872038,149.99086706542718,0.8055367815822859,58.58610122672645,45.63487025924916,11.80901617764393,2.357256737228767,2.4177505735414684,0.7311272049300628,5.377842117923075,5.468878965736075
2023-05-02 15:35:32,DEV-083,维修部,正常运行,0.4994980458366193,5.168173778278911,42.21426130310823,109.99610538375163,181.82205393326927,142.1259809661343,0.6218956051572133,56.83944603636772,55.51813569113202,12.465690172669294,1.8270739792457642,1.9107866783086678,1.0262556780267493,5.383024030836233,6.43977048594376
2023-02-13 19:08:24,DEV-045,质检部,正常运行,0.6610160928711643,4.824321874679126,37.86053819370786,116.55364003888823,176.10215705980897,147.698199623537,0.7628165575051798,52.682918302289664,45.075320419455736,12.668320040201912,2.371764056814232,1.705048750621245,0.807556104009077,4.192370364960527,5.218116125592493
2023-06-24 19:54:12,DEV-037,生产部,正常运行,0.5507372623565934,4.3484679367333445,33.27110898422811,124.73184323256292,172.47667000818436,155.36046954748196,0.7350903491002737,55.140150073037,47.77055016109534,11.274601663190227,2.4748240184901538,2.222404381854382,0.6450344502250952,5.40743934060692,4.90337962169569
2023-08-25 13:36:17,DEV-034,生产部,散热系统故障,0.8661137398033109,5.8949225083827335,49.070801110360506,109.68868931703815,179.71630646535118,139.03834816711318,0.6799038407006461,48.480250424395166,48.92439265216351,10.832376054033563,2.025610792730354,1.7590944958940862,0.6602924334071626,7.362500213020228,4.085132836843975
2023-12-08 08:27:53,DEV-024,研发部,电力供应故障,0.4150923762768277,5.030210075530844,35.893970034488596,113.87726219734056,171.33707201497393,137.0397367213658,0.7808924772954131,57.820524471842276,53.8144137249354,8.670879139657748,2.419104227585041,1.9096313685759045,0.7858671341817727,5.10068896104396,5.216899346600997
2023-07-14 08:55:30,DEV-076,维修部,正常运行,0.5069037339521957,5.113714480157984,42.052339765682525,112.80147226532335,180.46604750090074,143.43818176783427,0.7060704069302166,57.534665894379096,47.81757408480367,12.178806903310289,2.0474456205691154,1.6380004077021209,0.9019325426337106,4.229769819703233,4.865952462896468
2023-04-14 10:33:05,DEV-095,生产部,正常运行,0.5466800620970143,4.255672359540289,33.22711747262885,124.38562549928126,170.89330599788434,156.73024298131241,0.8120485173875243,51.48372698388078,49.359972642277235,12.615570630800043,2.2577802807000795,1.4122114896828435,0.8417823935547488,5.176688797081394,7.120340354166239
2023-05-25 21:42:47,DEV-004,研发部,正常运行,0.5435603941590714,4.273864993362441,33.05418761413637,123.96921459379833,168.47804993796422,157.28996593164112,0.6994921843559204,57.888271283475575,52.37712558960469,11.132189907102703,2.0818870362651434,1.97574391136548,0.6560910002495596,5.497388392565693,6.63680901631851
2023-08-04 16:29:31,DEV-093,生产部,散热系统故障,0.8654861448639203,5.748182464179846,46.61033603053614,107.89218480712721,190.5125774092133,138.73177636350133,0.8244415657291002,56.7778014460456,46.825468301580464,11.90569947976759,2.2158393992897585,1.9578517880302615,0.8678883463088384,4.411033549316272,5.033357803232561
2023-07-26 15:33:29,DEV-034,生产部,润滑系统异常,0.7910507002250535,5.742194844664329,53.16558850937071,112.40262216800623,186.40385537667262,150.76764649875372,0.8431402553401146,56.18646263691577,54.58815016861045,13.248759310510593,2.830855270178724,1.9059138798465507,0.9274336141202558,3.9813469869567877,6.321094026709722
2023-10-13 11:55:41,DEV-084,生产部,正常运行,0.5508655293221444,4.352879706688219,33.52284051589901,124.09001737485931,167.3483530867882,153.31319800776004,0.7625760777883608,57.133710187269976,44.357577810133606,11.403286127764897,1.9389377844442148,2.1228096151856164,0.8324607962056725,5.031831052379792,4.040707455134962
2023-07-19 11:02:52,DEV-063,研发部,正常运行,0.5544033787322047,4.323376668086273,32.494646029718005,125.61319676351306,170.34477821027144,157.47134519218662,0.6769123382412137,56.00546098821305,49.03125232446699,12.757432688740362,2.495557339755762,1.867005596250091,0.6427121567454732,5.0310766710508785,5.145728070359949
2023-10-07 17:15:44,DEV-060,研发部,电力供应故障,0.4113065940873852,4.764522217198143,34.92588652525712,112.41858387661904,170.43497651928044,133.18721439599977,0.8038375849838314,55.81641705092535,46.99292190673629,8.742940965336725,1.978182825706243,2.7137322187452013,0.6528278613777598,3.1903574389680265,5.779280522426174
2023-10-06 14:06:58,DEV-074,研发部,正常运行,0.5464021455766988,4.3153348969117316,32.939837461290594,126.2257240491391,168.0522576422861,151.96616818466276,0.7315568176585056,58.6993260650163,47.365374839805504,11.401224824637623,2.291549241512338,1.9838529746513163,0.7479103572792362,5.3007766267595455,5.620298006422091
2023-02-23 07:02:56,DEV-028,生产部,传动系统异常,0.7022932333867279,5.4888550915881416,39.53512736068945,104.80335060762512,192.09215808885978,144.52792653722557,0.7180152366159207,54.545407134850144,53.26650199711323,12.478695884387127,1.8498177815402643,1.9002123651998215,0.7738770491496351,4.551937839682396,7.102612339632188
2023-01-20 21:11:09,DEV-022,维修部,润滑系统异常,0.8002347252121756,5.709245886884488,50.55613047059091,111.62363294100207,193.3737838140887,145.3921718863249,0.7769572492951375,53.81801137547898,50.38118105884566,11.72835769414491,2.762256513056406,1.9672330886719511,0.6021094636782712,5.36463247247064,5.8414589315229195
2023-11-28 02:04:45,DEV-019,维修部,正常运行,0.5083050376806152,5.180086644733552,41.82137598893355,111.11634406036843,179.71677896191707,143.5602044419636,0.7512936063720315,57.310941855298346,53.3543119380887,13.064058635563265,1.6879882029754663,2.1654975023617835,0.6062986909050562,4.557039758452116,7.091216137970888
2023-10-22 09:24:09,DEV-091,质检部,正常运行,0.6482198614220881,4.797450635309768,37.364667214762505,115.83905227400686,174.78095809708088,152.0608519898468,0.8078208439387389,59.261862253311264,50.32608430058707,13.562542725198172,2.030746931298167,1.4921573075582282,0.9468676589391577,4.342366900116298,8.324642764228079
2023-10-11 15:18:51,DEV-040,质检部,正常运行,0.6543436347861855,4.847575347214412,38.63877231563927,117.51946790458888,174.73378568870098,149.81757009597487,0.8126084998761965,56.01810238610665,54.210792379262635,12.680171245576581,1.4072372706078609,2.1777685078561806,0.9087175916561894,5.798435855215139,5.727021709501206
2023-12-14 00:54:20,DEV-002,质检部,正常运行,0.6452832625188939,4.765308835280013,37.74122470027741,118.01170499887876,173.48109662156662,149.6663016605251,0.7085191389335675,62.752427335365404,54.1388876267981,11.765250236793664,1.9726468679313076,2.12480384512658,0.724413856543925,4.765762241802234,5.244680544777487
2023-09-07 15:46:53,DEV-018,生产部,电力供应故障,0.4184073411687187,4.9492885594522305,35.67276335840106,116.77193784880556,175.19628800921225,135.11242827433986,0.8225531925822644,55.20756670540291,46.6965449338675,8.325463934427255,1.7306713573635604,2.194237009265795,0.8217029908665967,5.253010371667186,5.883169709122792
2023-05-08 07:01:38,DEV-080,生产部,正常运行,0.5455216959451468,4.262183068429366,32.53274231538158,123.94589126928221,168.70640413617176,155.13568366395037,0.8286768854076035,54.75660489814835,47.906442272454704,11.834185204436881,2.0196657226552674,2.0187991203047133,0.8822826630713958,6.255475446234497,6.042671046251365
2023-07-22 15:33:18,DEV-069,生产部,散热系统故障,0.8577399417997742,5.932761616470449,46.62591427554295,107.15469032566573,189.83191002986763,136.1300326550638,0.7074093958894854,53.6165881655894,52.55238036679878,12.2846391530725,1.411956183934106,2.3975691411961635,0.5851724838702311,5.5353444871219875,6.047982366378071
2023-06-02 15:36:07,DEV-086,维修部,传动系统异常,0.6937917097342907,5.508858201862652,40.56232439944809,106.61487886493187,185.13979238460905,150.70710436266597,0.6373692468559939,56.77533697265926,41.5577363088455,11.677977488660863,1.8205640337407125,2.2949381026545512,0.8655997691266162,6.415796662314015,4.740280142866069
2023-08-09 02:41:35,DEV-067,质检部,正常运行,0.6445476574081718,4.855016381934729,37.48227320393836,115.84811526139634,174.2579125539914,149.4983530208515,0.7046603485644095,58.75562888932059,47.54844068656439,10.618456905417238,2.2553205132083294,1.5535047771870971,0.8523982851140762,4.997587829724913,5.8050994314807305
2023-09-01 16:25:23,DEV-030,生产部,正常运行,0.5469282608319898,4.318032381850363,32.85143571061775,126.81739947456407,168.69985547237738,153.7199157132437,0.7528870654781873,62.39401770677331,52.302724203705466,12.209685795109328,1.9835106925765105,1.8984942801918085,0.7726784741992586,3.523821134698793,5.022769324982076
2023-02-04 08:08:09,DEV-093,生产部,正常运行,0.5472172527966018,4.293504277729933,32.59853916636968,126.33933401335878,168.74004216746508,154.02485270996678,0.6763708270412798,50.335364658804245,51.82785965091682,12.574211416227255,2.087221438998718,1.8399278517488324,0.7987216844639634,5.500564421772695,4.798884986046889
2023-05-05 02:07:09,DEV-069,生产部,散热系统故障,0.8560777317098628,5.706119442638747,47.666058809774405,109.43356668619576,182.7544335109291,143.18869209731392,0.6854314246406235,55.88022462195712,48.35700274777955,13.003099984553101,2.1378619364832847,2.124461299286901,1.016354643111737,4.168817287528418,5.2112960903352255
2023-08-04 01:29:51,DEV-046,研发部,正常运行,0.5447709787189562,4.262039666944714,33.145457177776194,124.5346748731783,169.60100436269863,152.2760299413072,0.8165465211391373,53.989798075323655,53.59674270946071,12.503347446679898,2.2247807086224523,2.2543913919466805,0.6907054314020966,6.387913921559947,5.974742458834898
2023-02-21 10:06:18,DEV-078,生产部,正常运行,0.5594513293032838,4.305548756694315,33.10683031030689,122.9481316957747,171.47992334417867,154.37941228218577,0.7689606414503921,60.51719093206989,48.52647080183851,12.411068969696053,1.7737897988769484,1.9795876716086707,0.6962823379490739,4.954204017688522,8.593217462924645
2023-04-09 18:40:03,DEV-084,质检部,传动系统异常,0.7011530700025587,5.558409171199661,40.42278752748508,103.49463200781217,185.38055371963972,146.31466032666256,0.6765120366656271,58.90777543136557,48.91166322189747,12.741234415071716,2.2710991532148332,1.9018823846040938,0.6974780447800071,6.133421388832184,5.872261911146944
2023-10-07 06:53:22,DEV-005,维修部,正常运行,0.49573114048290257,5.105575026564764,41.64059582306149,110.04595252936615,183.34019369221798,145.7207267651814,0.7160103893778228,54.04141919467982,52.51900183595303,11.998273151004781,1.9980300062310647,1.6007597564400464,0.9075859027375252,4.623555332631421,6.399970416026017
2023-10-22 10:12:22,DEV-069,研发部,正常运行,0.5456822760978567,4.317056358219152,32.96241364079675,124.18447282589528,169.145336276329,154.19972669298565,0.7411378591848279,58.587821421641785,52.44573812449413,13.041150763375901,2.32379928965307,2.1398382046696476,0.7542451998557045,3.5692468174425036,4.293073790123439
2023-01-31 12:02:44,DEV-064,研发部,散热系统故障,0.8674798464942312,5.973567626719458,49.14993304495016,109.78972397652726,187.74733849133537,141.26209028134159,0.8215199647392292,59.1154799392236,49.36519390886697,11.112043328499725,2.366228196540479,2.4767720915375926,0.8618320600066756,5.255556021193151,6.181358656868035
2023-04-15 00:01:11,DEV-048,生产部,正常运行,0.5608484317001012,4.315589317316677,32.50409747515786,123.41889385480617,170.2562376581646,156.33708076055083,0.7441966103160175,58.42934515493777,48.672006580739286,9.775865310409129,2.2461658392668262,1.9545981273956359,0.6860426036244365,5.4628354711595,5.32217317772101
2023-11-04 08:32:45,DEV-035,质检部,正常运行,0.6611191114458423,4.761420114857603,37.84895191505434,117.51045744063842,175.3225518262025,150.5054837451237,0.7453628871824074,61.26747050634649,47.51000273851803,12.651403203533228,1.9590288584032332,2.1838771887647765,0.8239426962462327,5.185382966969192,4.868764689245218
2023-07-20 19:55:28,DEV-037,质检部,正常运行,0.6541832714024122,4.809838333079543,37.554142865439395,117.24636471983305,175.6781550113532,152.54923353260045,0.8068972243786076,55.09229814528945,49.47714400456112,12.092831583839624,2.060074513738541,1.7394949549156238,0.6607966155025332,5.852988872227142,5.339564365851024
2023-11-16 01:34:33,DEV-010,质检部,正常运行,0.659099034835588,4.751853416549532,37.716015899725775,115.91953443465418,173.304373845299,149.9418829137798,0.7964217891043303,54.41449026477881,57.11802797017943,11.343547370006844,2.4179152422500496,2.2473364186953817,0.8609261371887297,5.102511247797916,4.320099921836001
2023-09-01 12:27:43,DEV-068,生产部,正常运行,0.5468056312241902,4.313696106744301,33.30814277183007,122.81574600953432,170.63473686888162,157.8074843830582,0.6981226758229412,55.98318477994839,53.641816084803686,12.982424254729853,1.7298107280474475,2.094951699948499,0.816023692821226,3.574455739467666,6.209245442238949
2023-10-21 22:27:49,DEV-089,生产部,正常运行,0.5412956254931623,4.22692727323815,32.798776992051316,125.57378694370324,172.29513134448047,153.03809211867343,0.8095225831155971,61.37983274147195,50.346982092309446,14.656344738153427,2.1262806804421945,2.0898835586105613,0.8752757196365801,5.5466461550763055,6.07295033312145
2023-05-21 04:20:15,DEV-080,研发部,正常运行,0.5507882124678878,4.335471853128326,32.51228824723774,125.69472810927697,169.84324481008883,158.02153590093693,0.7890075886726483,57.9536971991918,51.436010621552725,13.07335072586199,1.2401962740918755,2.409855230572803,0.7956956659578597,5.968744754434768,4.501470315794382
2023-12-24 23:39:55,DEV-068,研发部,正常运行,0.5444451348285357,4.227700804640112,32.43225719169209,125.7001519417584,172.98696955659835,151.91197786860732,0.8203413295029162,59.70834914377708,49.94251433871525,10.398676171981695,2.149417110731418,1.7084194219189899,0.7101364674437826,4.913817643600474,5.279710920097916
2023-05-18 15:24:39,DEV-029,质检部,正常运行,0.6588943767904865,4.851632206332556,37.34067868633483,115.85646517742987,175.84563979095464,149.0844804493525,0.7722218668151113,59.04919802233448,41.716596884016056,13.63486913907317,1.7448765729741862,2.308170232837031,0.7767047320285776,3.944441443434179,6.545966073460218
2023-03-24 05:19:33,DEV-017,研发部,正常运行,0.5563439862969629,4.330222100358277,32.63434147345751,123.91395602633982,169.50741412082073,152.6758011362285,0.723760131265625,61.04957089997144,44.488081192332785,11.558380050949529,1.9726470856895644,1.849340043131663,0.7578494761872454,5.60741087467991,5.967198629741012
2023-06-26 00:34:10,DEV-065,生产部,正常运行,0.5492808368638284,4.26508449475024,33.46572480463331,126.07776657617121,170.60593803440207,153.61904700332,0.752105794251666,55.73190054306645,45.76931504496931,11.558687308857682,2.248493632223334,2.1130445079502045,0.9072277258764363,5.018637339460073,6.0304843011178555
2023-12-02 22:54:49,DEV-025,生产部,正常运行,0.5505093637849067,4.219161803897152,32.74167164605699,124.23008537115305,170.39934542733516,155.3614585577021,0.7083009322028664,60.487394601862256,46.869536040971546,12.413406840355167,2.5472378281738823,1.7870529704822362,0.8957912218134411,5.25874364273798,8.255706115240466
2023-04-10 13:43:45,DEV-058,质检部,电力供应故障,0.42704137125405034,4.94603752636493,35.59599744150185,114.48466331045957,174.43173791115203,135.80641239837118,0.7766580927721051,58.65455923660656,52.169372147751325,8.412493332225681,2.1379962100937004,2.5467647467782113,0.762897541461368,4.466232067435936,6.6116020344730915
2023-09-13 08:29:27,DEV-057,生产部,正常运行,0.5510077268121178,4.25729184945486,32.84121089388994,123.28346666926257,169.00357691306002,152.8339235229806,0.6855646766228846,58.27264052342925,46.91659577653851,11.760859129195826,2.1400178482752814,2.1195640930588704,0.8751673819146684,4.649034242342118,6.488552278513649
2023-12-07 13:39:19,DEV-049,生产部,润滑系统异常,0.7686705538972263,5.651200247007673,50.95150325136801,109.76772698957899,189.65410424697427,143.73927305155777,0.8178969149601049,62.80187763718349,58.212469121368045,11.354194300612814,2.75917266307274,1.8746617938483925,0.9737614792498447,5.741239737033602,6.788498684272028
2023-10-26 02:51:13,DEV-051,生产部,正常运行,0.5516088143119965,4.348327596923505,32.82400067479452,127.38947993893063,169.55405693920463,152.83278101479394,0.7724221576864195,57.4403926329998,55.23438069681161,10.31423199463469,2.158326833941113,1.6951282732967092,0.7388660683479862,5.679029137713079,6.142599674881789
2023-05-04 05:49:14,DEV-049,研发部,正常运行,0.5539337615600445,4.22559531586857,32.615311117394185,126.79680797845538,167.42942615325765,152.86677899710972,0.706402415304468,55.48176441213395,50.18333885201749,10.81537988658313,2.094638250086678,1.747967224836965,0.752313458315564,5.760061257371376,4.061406831715778
2023-09-24 18:28:01,DEV-058,生产部,正常运行,0.5478540139221374,4.380326750073423,33.146956594359764,126.14282605816635,168.94588335073198,156.0536849222191,0.6660222553503479,57.45349253406236,57.71744904928015,10.697852572052543,2.6454764269300663,2.2451737533655733,0.8537224141176781,5.96992651713869,7.105949735000734
2023-01-28 20:45:16,DEV-055,维修部,正常运行,0.5041360177688585,5.290921804033505,41.50493528871192,112.91971094967151,176.88145375576335,144.88613501919187,0.7807473788043143,60.248904188372165,43.61559540976475,10.980739349021,1.8032314183454856,2.3228324222463708,0.8990550783517186,4.936761391797125,6.433539495175129
2023-05-02 09:06:39,DEV-011,生产部,润滑系统异常,0.7996089726040501,5.531869037473395,53.467216453831824,112.19539588684349,190.07833908601967,147.86723773150166,0.756884474380101,48.989412936917475,39.917269281375,13.886771203002356,2.753763137397284,1.9123747257580264,0.9656711699715339,5.179226119546471,7.549426743856805
2023-08-17 19:21:56,DEV-070,研发部,正常运行,0.557496039814093,4.263391261214574,33.18099371243223,125.4530174476199,170.83245328539473,152.94551794831,0.7802961947262178,53.813439459955084,47.91389145582255,10.768622143192117,1.7572342206129914,1.7155278835615635,0.849145242768999,5.968419084520823,5.176575089167826
2023-09-01 20:57:27,DEV-035,质检部,正常运行,0.6491113717217402,4.764530234118898,37.78224751934978,117.55517672784424,178.16257441059938,148.55182300720855,0.7970880890217921,61.41724781944555,49.26569527628009,11.88817793400396,1.6114406998805262,2.3085929119675654,0.6634698994062646,5.345386397020721,6.025214541683205
2023-06-10 03:03:56,DEV-039,维修部,正常运行,0.4967232051548904,5.160161596217199,41.19367727921471,112.36990871328236,181.43160242721143,147.05242276244618,0.6545837933470127,57.783204442060295,48.1212321159128,12.739665633482776,1.943531072787944,2.206701941000257,0.8564014279283828,5.282815880762271,4.6802553056008085
2023-01-11 21:52:12,DEV-064,维修部,传动系统异常,0.7009174907250924,5.576516020115629,41.13302778838126,104.57124180460782,189.54082902134726,150.89351138947154,0.7421741873263679,55.68234726725087,49.36877322070664,12.648046607881762,2.1930257964902924,1.1351221800148534,0.888569833614855,5.504430184394773,3.936936053402336
2023-02-16 15:54:07,DEV-050,质检部,正常运行,0.6563832635668859,4.874732249478806,37.909088491609765,117.25669545873794,172.216242642579,149.0210150693594,0.6865892279052196,56.79114958590331,54.93155653289739,12.642206382690535,1.5665589425863973,2.0055910242463053,0.760144371719615,4.703009095720735,5.353196219282576
2023-01-14 18:26:51,DEV-037,质检部,正常运行,0.6436345615337719,4.766651420510086,37.34891118893505,117.02099434343857,171.81064605292892,151.35794998880382,0.8282444543085831,61.13147256007498,41.922454185096,10.991420180437398,2.4165351794089327,2.2384978177748938,0.8638476011437227,4.952996891692851,7.295668272786004
2023-07-28 18:15:46,DEV-015,维修部,电力供应故障,0.417058384518211,4.795659311948466,35.19292070526486,114.58818091825945,169.1674350528983,131.74130613361504,0.8196370518144734,59.19827700639737,51.37724339876986,8.46740758163697,1.9740846079618548,1.7881862955291674,0.7671493778734365,4.640290037346132,6.047925951177227
2023-10-16 14:19:41,DEV-064,生产部,正常运行,0.5528393131937538,4.286025773642277,32.89240780885655,122.69214459322308,169.54998593129667,156.07563683138173,0.7351197564723445,55.793417669056055,49.069031447139466,12.310670667920851,1.5146471047118442,1.69855792797932,0.8347110893604787,5.8218898583714065,6.397875295069861
2023-02-07 23:19:41,DEV-025,维修部,正常运行,0.5096547908182077,5.147994361300717,41.283251633332135,112.73089519540893,180.68663786512948,144.50784479315791,0.7144233903097962,60.766167691488576,45.739093847753615,9.495328662138755,1.4225785806112299,2.0592215436597776,0.9141902098745887,4.841571705475743,5.428889607601167
2023-11-20 11:30:09,DEV-036,生产部,正常运行,0.5607891100022668,4.259703741793019,33.452661145093,124.5331450595131,171.67372750488872,153.14863437190894,0.7220008028072906,58.870415814340525,48.22206819103815,10.990756738189427,2.181017486550562,1.9789047110173141,0.9435287008362855,3.716336196331859,3.834199502436004
2023-01-08 21:25:52,DEV-069,维修部,正常运行,0.49623178541346874,5.2962952507258,41.393960613412425,109.95601819310956,176.465739743927,146.5951560758754,0.6762049409822545,54.687008345560294,49.43950087490935,12.184220703012196,1.4333288792598535,1.433609336369479,0.6481846488557372,4.446324610376193,6.313507270452976
2023-06-24 17:34:45,DEV-014,生产部,散热系统故障,0.8478703512903267,5.9241002122400115,47.36219703100459,106.08076967340217,188.68174072801108,138.5411389459398,0.6719584039278389,56.494585285191135,56.66554691901186,12.68603919477344,1.8621092225090885,1.5389122481802515,0.724574485078215,5.579331507226515,6.682248425948098
2023-04-12 00:44:33,DEV-061,研发部,正常运行,0.5576174130397643,4.254505036064617,32.56369589245678,122.84253402795503,172.70050643487323,153.14227598740752,0.7564070892228668,60.16484070502076,45.881111159774086,13.321524195110754,1.8505945226991143,1.3689015585179818,0.8197848105579241,4.472562873065642,5.572201414020709
2023-04-20 08:10:46,DEV-016,维修部,正常运行,0.49294967949474533,5.209914992778568,42.35488419422894,113.61546660672747,183.13607203345597,146.65091150391982,0.7489531549580066,58.20086375508462,49.37817930254821,12.224383875845595,1.906757452976239,2.168625250797133,0.9501800728544147,4.316912875986598,6.6795832240931325
2023-12-20 19:20:34,DEV-065,质检部,传动系统异常,0.6966439977194958,5.514861052083724,39.9026527370778,101.99592580883136,194.14336586952342,144.40319534973622,0.7058972156864278,53.554142103178975,50.65317504368819,12.735724810663104,1.7741803448240339,2.1785345778684504,0.7891773547568774,3.9743478255330396,4.559456976896343
2023-01-11 21:38:24,DEV-048,生产部,正常运行,0.5399416579934984,4.341966575733303,32.981737388758816,124.08873782274064,167.55048336837936,152.36629450018236,0.7013355098460156,54.65915441518105,45.23628826307563,12.242023679798491,2.298279527403024,1.8907895208479417,0.7233334885052694,5.052322981152018,5.336744559445271
2023-10-18 18:11:40,DEV-046,维修部,润滑系统异常,0.7626343755987087,5.453867085094773,51.61601209922728,110.9751359709866,192.62868216070092,149.5936681496839,0.7267853331145485,57.86473053102882,48.722682261520774,9.714849194791057,2.7581185933992067,1.7203683084313977,0.7661808183134895,6.257651729664873,5.700639578240399
2023-04-29 00:16:55,DEV-005,维修部,正常运行,0.497529267337561,5.2645950928026215,42.818623897249104,110.4338676721438,180.67774115053538,144.30916696845992,0.8732103175339088,58.72072281102306,54.576803158214595,11.787619433949818,2.0574354570818345,1.9313387065873995,0.8588733892387855,4.945045199275316,6.373019646400391
2023-02-14 13:55:13,DEV-073,质检部,正常运行,0.660040726075363,4.883386389920158,38.632959227688744,118.63915576438822,175.90874458104295,149.41926379910294,0.7699467982470242,55.33551276165078,57.53741414679312,12.313416303975451,1.9269931868011234,1.419597834081679,0.6939949250872665,4.9300714309171845,7.221005881554599
2023-02-11 02:09:34,DEV-001,生产部,散热系统故障,0.8697228538333758,5.683702529469648,46.906360364493956,107.99040190771842,190.34762610532368,136.29596541009514,0.6690186407372573,56.5335526510753,57.16414625803623,10.788118880314556,1.9075238414360165,2.0597295321699325,0.9290144228112657,4.502634006643925,5.200443289042178
2023-10-08 22:20:04,DEV-019,研发部,散热系统故障,0.8515901686592982,5.685846399019464,47.526751613449534,109.25134610848063,184.17278478438973,139.21148370005258,0.7879650968689674,54.31003085708191,57.37066344679334,11.31336153615761,1.6835166406083015,1.8300214934350785,1.0255278616818206,4.579246376568584,4.940461973153331
2023-09-15 12:15:31,DEV-099,生产部,润滑系统异常,0.784494637364965,5.569466842276291,51.7802854893405,109.3454011042858,183.12056334472055,143.6689549762675,0.728572903878302,53.750840389662834,45.749871336707805,12.822289150776326,2.7265738106140494,2.0194942312461497,0.7453313521368748,2.9558524490589204,4.567123676589305
2023-05-13 02:03:27,DEV-033,研发部,正常运行,0.5478672093237862,4.34228344529282,32.47226896208323,126.88094066120765,168.57230129378252,154.40145394734117,0.7420036828084926,54.67944519287767,47.96458983529886,13.219365111710044,2.2287269669060032,1.96453851687617,0.64818428457975,5.247673796485885,4.93157189739864
2023-11-30 23:42:45,DEV-056,质检部,正常运行,0.6543602456841487,4.815358417350742,38.22563167733481,117.26238069646892,176.8881338180183,147.77765244572498,0.7619503023234945,52.012725772414235,51.50892952126456,12.407444862706697,1.9550947319378547,2.2606624378906774,0.87751757453059,4.883362874143121,7.097748569130468
2023-07-30 19:05:14,DEV-072,生产部,润滑系统异常,0.7850929619178507,5.688219507011936,52.95898331417806,112.53337948969127,184.25995836743422,145.8537292580725,0.7096068127055946,53.27110441994124,47.8452298646435,10.896955339335424,2.835994714000333,1.9439994427301086,0.7879541584264019,4.499533042796145,6.560223525499991
2023-12-19 13:57:07,DEV-078,生产部,正常运行,0.5591479156601964,4.30049458945128,33.389545572935276,123.1787292654995,173.2465796525873,157.87899005102312,0.7104924101093121,56.08560091218859,47.59659859708875,11.704129767127178,1.6786231935548617,2.512201278128897,0.7578167267581837,5.5678659492231946,6.09934527015505
2023-11-12 21:16:35,DEV-085,质检部,正常运行,0.6469330552278553,4.8069212920448905,38.03688065293269,116.41871668897126,175.8613465005601,149.63551036923238,0.7473478654072863,57.63179170536572,46.173410761886096,11.268236506878562,2.2014934122772156,1.4651061005274573,0.9618957309495751,4.794450484478883,8.685557660856194
2023-05-23 08:30:59,DEV-022,生产部,正常运行,0.5443360352790011,4.270720098953382,33.27147095084296,122.54798759935699,168.75320053857516,156.11784297582219,0.6785280123920662,57.374032885923185,47.512902919191475,10.688396189780473,2.222614478206919,2.023449101774475,0.7052074666189315,5.098452097367243,5.269593283187512
2023-08-15 23:00:18,DEV-040,生产部,润滑系统异常,0.7895777864034785,5.450210657636218,50.88582102198524,109.64213837676606,190.62342189343238,144.05352427911149,0.7698944463812832,62.59927836720407,51.697783074777846,12.948426254373024,2.842137950947542,1.5626447593733068,0.8631522200117386,4.814282823359724,5.213955024763484
2023-08-03 14:56:03,DEV-062,质检部,电力供应故障,0.4119933806670722,4.957030874730602,35.66332248822688,117.84324131530333,172.2946510764184,133.89116158224087,0.8665566503595558,55.76837190759626,47.99443154718153,8.732234228730494,2.043969356667327,1.4544151159986491,0.773492721816972,4.378206787003532,6.2306227142569455
2023-11-01 20:57:55,DEV-017,研发部,正常运行,0.5508690789899002,4.229176303949129,32.882231900640456,125.22888576612469,169.74146961453158,157.48484840116825,0.7398543301076278,61.43449572572842,47.00183621735296,10.6227954765802,2.164228403935252,1.9697694457318466,0.7452970768910234,4.536595933002755,4.043951657773805
2023-05-08 09:09:00,DEV-080,生产部,正常运行,0.5390456833872018,4.25884190915085,33.0241292313091,126.11108049336823,167.78426550828868,155.29066327748208,0.7342874630559139,57.229371134292755,47.80841221496101,12.12716032769713,1.8817510007641736,1.4304339683100862,0.6454681596419373,5.822102311118544,5.496433123160593
2023-01-24 15:05:33,DEV-005,生产部,正常运行,0.540674199757577,4.261113357748343,32.603832326537265,123.65929806941425,172.02601368692243,155.3913848821307,0.7589606150669728,54.54071130767805,49.45371762353899,13.072805385582212,2.235150255214169,2.1697123348894447,0.8264532086004888,5.115354663153665,6.23314294147653
2023-06-19 02:50:24,DEV-079,研发部,正常运行,0.5472163085836271,4.341775029023556,32.98685612662384,124.65114251701041,169.36751900377286,154.57286022154233,0.7050687885794124,61.47925745215316,49.38070827234847,11.03981776280711,1.9013257991430736,2.277937291609075,0.9587788567193808,4.995874111146857,5.875329182722226
2023-08-08 20:49:51,DEV-054,研发部,电力供应故障,0.41017133474010653,4.8614113345235035,34.87712173030284,114.27708781234251,173.43072978635277,131.65644396431668,0.7647242070114396,58.8948146933857,48.1142282136215,8.497311374955192,2.1851505278474606,1.8433134157547464,0.9601312332444945,6.02215113659351,6.238505782179062
2023-08-22 09:46:26,DEV-070,维修部,电力供应故障,0.43094111080143654,4.927813177039965,35.53061941931985,117.47125928609674,170.85598870646217,135.64144667410116,0.7630342074440774,59.96102257753468,48.673123127032504,8.334771958600708,1.7780444894428618,2.430116337712872,0.806396064522041,5.129533529820126,5.3009584880996075
2023-11-20 01:32:27,DEV-010,维修部,润滑系统异常,0.7603668460711989,5.464230386712,51.340715090275424,110.60145001101937,189.64256595874878,148.87516437107143,0.8167807972092531,61.20153427160406,49.93733031378018,11.767458914332138,2.763168221612639,1.9776357883559483,0.8750663684158104,4.400052843979489,5.607397498623849
2023-11-23 23:21:32,DEV-063,质检部,润滑系统异常,0.7655352345558095,5.67846714390332,51.60270386702084,111.48088779982541,191.09569908588995,150.55702352766724,0.7223561177827917,58.13298086330335,52.57927533782938,12.533168994251966,2.7878096297356696,2.2513051460834874,0.6261558393935739,5.749754796529542,6.079978483866756
2023-07-05 13:41:14,DEV-052,质检部,正常运行,0.6549621305621173,4.746374476733869,38.17425637898103,119.7480936836842,176.37307199778041,148.4685549045608,0.7466980593558574,56.320812919412454,51.951822216174065,11.35708991558604,1.726147806894646,2.398922660198416,0.6829278583074185,4.353896382357921,7.5494527901205775
2023-03-01 07:16:38,DEV-081,生产部,润滑系统异常,0.7935152089733777,5.51954832603705,51.93226692284093,107.11691134978105,184.3235161684488,144.4373252641774,0.7093302712854545,51.86506278271717,52.48569527447304,11.231065788124319,2.793881708187678,1.9636349730548452,0.9076889629268489,4.334273891389327,5.451882114700444
2023-06-15 05:54:37,DEV-029,生产部,正常运行,0.5401809474658555,4.362881079970614,32.63023110176635,125.42052751471904,170.84776833869253,152.9196785198815,0.7832552389335905,60.32455174544685,47.706781601466844,13.237735111642845,2.5189884920791883,1.9670663428020039,0.8911903338314351,3.206038313993347,5.390287948231463
2023-08-01 14:27:42,DEV-024,生产部,正常运行,0.5493023484888031,4.356359435317901,32.93560421352748,123.24544874384124,173.29823014604054,157.41356986486042,0.6950030439757371,57.44783520298771,48.39928507386947,12.842693924637727,1.6888697182681995,1.99820095765974,0.794654846893568,4.5192157657819125,6.421831672859142
2023-02-11 23:29:37,DEV-041,维修部,正常运行,0.5067999552120869,5.166579149816388,42.350950509459174,114.21215220969421,178.66532814433344,146.009301702327,0.6677528603357074,56.363156577197394,53.2132427798004,11.451126656368478,1.6434549251888189,1.7109379759259244,0.5105187872745929,4.853377488367241,6.976879375539766
2023-08-20 11:26:38,DEV-087,生产部,散热系统故障,0.8265576336953507,5.887769785386016,48.94833934774567,110.63813503483209,185.50764835649412,139.60167229317477,0.8172548807636048,60.365498094457244,55.53879117608753,11.452885934904819,1.8892117380157816,1.563303249471573,0.7339062698108654,5.392937826496397,5.203662328832979
2023-09-05 14:35:50,DEV-014,质检部,正常运行,0.6584056370375477,4.802701640423562,37.70667788180792,116.07310472969228,173.76587762105822,152.2807050843906,0.7335817321531668,56.57256056544441,50.84891540439277,11.566251693803286,1.9326811703477316,1.4839956991118777,0.8995614370515829,4.386181415353732,6.195543917683479
2023-01-01 19:07:46,DEV-031,质检部,正常运行,0.6604301082727657,4.7127257050255595,37.66706404818019,120.12594220484135,177.73184648723642,149.73394051671428,0.7097150188916523,55.661380763894726,46.82572759088722,12.26567546094428,2.1229722150768096,2.5530882040242213,0.714615417081474,5.437862343016921,4.709954774557977
2023-12-26 18:11:09,DEV-036,质检部,传动系统异常,0.6901655019045448,5.5263697277955135,40.839729865965346,107.39204519212356,195.62846449882488,144.3487062449292,0.7901010385909286,55.280469589916,51.710311528612664,11.850191573326375,1.9623076373543522,2.2276457217627113,0.9190801508593106,5.545369125643502,7.5713502004853614
2023-02-04 19:55:06,DEV-005,质检部,正常运行,0.6390766375239039,4.8248028392788,37.390598354070626,118.50227847894125,175.0490586615822,149.9620119643519,0.6960794950932265,63.206833316313386,49.437297601547506,11.945817005633145,2.2195127331245588,2.549429780894797,0.7681956588028234,5.7958552601879,5.805089886408663
2023-06-08 06:48:51,DEV-086,维修部,润滑系统异常,0.7655998813338204,5.742424944199019,52.96519550908563,108.75741190822063,192.96534619425978,143.51833415800778,0.7712925722108754,57.0394950989966,49.7781375293473,9.52279516779545,2.7701861224631408,2.047781639126716,0.6880803152962425,6.168306676235779,6.604721947479571
2023-02-01 04:33:26,DEV-016,质检部,正常运行,0.6530719595467485,4.769590283993728,37.283874555976205,117.5048178255233,178.01336573705908,150.7578065686432,0.7270246480480169,58.883260502595,55.03749866565557,14.270076665319557,2.326616800347935,1.782464959322453,0.9308825727898249,5.896595528331911,7.604347905978448
2023-04-02 16:39:54,DEV-088,生产部,传动系统异常,0.6803583829553427,5.3446181073189445,41.062674823672836,107.80060227716876,186.70861867548265,144.86949504278198,0.6496827758357037,53.393421381086625,47.54899186041594,12.35793792868566,1.8512792386487278,1.8626979079975863,0.8105142444228707,5.0552295508274065,6.3296513105530225
2023-12-12 18:45:42,DEV-005,研发部,正常运行,0.5434781760359044,4.2516113081816025,33.22351086486112,123.92980339737724,170.67725050336907,157.8851603693931,0.7416423642792235,50.725942273661474,45.56114296728118,10.602621739642835,1.8927735889831132,2.0471913641176367,0.7801130117178307,6.852733354135444,6.337187238346677
2023-03-23 02:53:41,DEV-010,生产部,电力供应故障,0.4289623336867866,4.89995593525148,34.72026674234513,113.51274702643367,169.74806909222235,131.53984107359437,0.7816248782868676,57.466827181852594,50.21064963952736,8.399526344840819,1.6706098606341802,2.1359658652601987,0.7732938035564251,6.166167965578232,4.411256271000544
2023-09-03 07:53:49,DEV-034,质检部,正常运行,0.6507826982043242,4.730046818497067,38.45217563045569,118.84973334600696,176.8935623328644,149.39326919878275,0.752429762409034,57.02085464632428,49.28330864541565,11.536664380099602,2.3554621506033278,2.1468177485726048,0.9053503351304812,5.062875727394067,5.908980657863252
2023-09-12 01:31:55,DEV-087,生产部,电力供应故障,0.41296432729210686,5.000073954376761,34.840045288962756,116.99257113079912,171.04432198290166,131.5202043497431,0.7325536707059066,58.70272544946166,47.84242294094913,8.60847458903297,2.280089494792457,2.2834977314957623,0.7769182894987965,5.111704122525158,6.865823735936535
2023-06-20 04:56:03,DEV-084,维修部,传动系统异常,0.7035651294267041,5.550360916515051,40.659486965034134,106.56454776226686,185.50151902603338,146.78375124139563,0.707714385940271,58.2915368998422,52.669097829229834,11.087752058187649,2.0702304043978317,2.224615415343572,0.8512350799537663,3.834318490751626,6.29490565706526
2023-11-25 17:35:28,DEV-090,质检部,正常运行,0.6613537026267077,4.716389955801556,38.06922172501286,116.0525099508225,174.59936925225853,148.545494145917,0.7950500306967757,60.87232781514087,47.658819106617095,12.509120195073136,2.2105010192181362,1.8707632450275617,0.7505733987979709,3.4049458080853117,6.308272800612155
2023-05-23 16:00:49,DEV-043,生产部,润滑系统异常,0.7633716314628678,5.534160755277961,51.82965959230277,108.42316381673642,192.69104572706686,142.69409958131467,0.8124368300826175,60.91694298211776,56.96101819577168,11.678977373801867,2.814619711066302,1.4868272075504767,0.9779145445755142,5.946113782441975,5.765500262739236
2023-11-29 11:09:19,DEV-024,维修部,正常运行,0.49550893359581016,5.151127262973234,42.060803029194105,111.77218394824031,179.56886955109155,142.6285965667203,0.7971506595288387,55.082095015162146,43.80550961843501,11.237480339847501,1.3720008777307668,1.377182835768656,0.6276672137808076,6.5925618279217,7.96364540700661
2023-08-02 01:56:00,DEV-099,维修部,正常运行,0.5033594521933855,5.145248630372012,41.907002616066606,112.59697667253947,180.98347699885176,146.69274080397975,0.6541049342524811,64.58271056241499,47.15368477670781,12.986578816155593,1.7154132775911184,1.8403457712759768,0.7889548181115401,5.530334547149037,4.517617496248534
2023-07-27 22:15:14,DEV-060,生产部,电力供应故障,0.4202583033303309,4.986026792146362,35.535301985953794,115.60125364560297,171.99855727634352,138.49369897854916,0.7100610149438328,59.20218637384463,59.19704787327442,8.535327813533351,2.0362364784897946,1.9579262906536872,0.9015208393448074,5.598828280324684,5.580928439463948
2023-06-03 19:29:59,DEV-071,研发部,正常运行,0.5589981229543856,4.37873586520631,32.44258039227708,125.16180117430658,168.66287711905636,154.3356022741847,0.6675123211162237,57.69152794416538,51.49620287078838,12.970775399468838,1.8727026018635453,2.149303491165676,0.72568973602153,4.54065266966361,4.947081991688451
2023-04-14 04:49:28,DEV-013,维修部,正常运行,0.49512031063707324,5.24702788190098,42.15617768083482,110.21791273572889,183.01500376027738,146.68249089531972,0.7793309136096682,58.919413885666025,47.00401302613023,11.221202203086017,1.8113475767909282,2.251088395583705,0.6276657964808879,6.252212898375015,6.322801690640102
2023-12-25 23:52:41,DEV-086,生产部,电力供应故障,0.4138735143196549,4.958235631032457,34.66880021711258,116.50150723969254,168.30663841949828,134.6560946528173,0.6976566398337105,60.259135997568364,49.1190495551205,8.338651161114925,1.7903152706895893,1.878785553072543,0.7729560116561159,4.014950651170157,6.903537892050892
2023-06-21 16:28:41,DEV-008,生产部,正常运行,0.5571286444336054,4.309455757594638,32.72977220103749,123.4884894427179,169.0756275282173,156.03521108319887,0.7260113903377772,59.682772453361615,46.25100384761197,10.70356954904004,2.1421839151017035,2.0794993955647354,0.8840992433271581,5.8622148818646895,7.7891195988660185
2023-06-30 21:05:45,DEV-087,生产部,润滑系统异常,0.79854106641104,5.660622362686425,50.975506487160544,112.50435305073476,188.0061250944698,144.39152015609815,0.7834724113129591,56.86469508763784,46.91646229593507,11.593597110006936,2.8046096125599167,1.9670400303195406,0.9919774206986761,5.434058248855576,5.508263994283858
2023-07-02 08:42:12,DEV-040,生产部,散热系统故障,0.855523354499472,5.878767083807221,47.61348245328075,111.15526596812548,180.19379607525673,136.4694935831042,0.7109467617969553,62.54132093851874,47.916507923153695,11.368950621552528,1.467750407485932,2.1933092667510916,0.6951263068589836,5.174324396973262,5.190098433502606
2023-12-05 07:41:53,DEV-057,维修部,正常运行,0.5001738388145875,5.2459935332718715,41.752521081885156,111.21914590786811,179.80254614191577,147.18896260329186,0.7028312686489615,61.95078965789022,49.707418908541,11.006621434192912,2.2147725635028532,2.5260954112939866,0.7803093957833409,4.047192019544525,7.536463886326792
2023-05-04 09:22:22,DEV-098,维修部,正常运行,0.49010164279636054,5.240708572912748,41.24195641721093,112.14605928691542,183.32727820266277,142.73491938831583,0.7639938785704418,62.590313557827045,50.42967315436833,13.273655421008854,2.0779396118591555,1.8897207618925667,0.8312488652151934,3.954448280657114,5.438381156794248
2023-07-01 03:05:06,DEV-014,维修部,正常运行,0.4925513709443086,5.186607266427023,42.183817374145605,112.78848699301975,181.4096614062487,146.3279994771677,0.7435155831682279,58.788194256801845,55.9003907690314,12.344641757823394,2.6688031419527207,2.245742012068532,0.9007993624296254,5.880106151960331,6.531273404563426
2023-04-05 06:12:11,DEV-007,生产部,正常运行,0.5436337369595899,4.354732742557418,33.49422648034677,123.55241973626829,167.116535372813,155.64216787395762,0.7837945999621593,56.69633702558355,50.15385167276614,11.609427236550648,2.153218727220792,1.8471772629452046,0.8312940756891268,4.7231659753941475,6.864785662570143
2023-11-12 12:54:25,DEV-066,研发部,散热系统故障,0.8536296136598363,5.866439873283085,46.66963204723059,107.62142155781589,188.17305370406635,139.78345761802294,0.78684653389258,55.82415948757713,46.1770948345668,10.463454709151728,1.7801465643075316,1.9000918995133114,0.9501150593612145,5.7986510018060455,5.659865249102807
2023-08-16 21:38:31,DEV-083,研发部,正常运行,0.5519145694025428,4.33795529559885,32.8969153342095,126.72644054010065,171.3351525014479,156.6817692967532,0.7578383312263651,58.12717503596689,43.672946542746004,12.292011562575514,2.768570569728634,2.228251889876124,0.7269144143695141,4.563198621979007,6.905131380864357
2023-02-27 07:52:23,DEV-012,生产部,电力供应故障,0.4197255462425916,4.832919548718255,35.0968304007207,112.61658547913788,170.17961187516835,136.72723779179185,0.763735518162408,56.81752596443774,51.059120769131546,8.690631134313344,2.009887135400232,1.6591941085385917,0.8556864250115884,3.2061193726703703,4.863358716460512
2023-03-11 06:24:44,DEV-058,维修部,润滑系统异常,0.7711517052550428,5.567581707811666,52.55509573694625,108.7252824780846,186.00973571838333,146.11979080901202,0.7472072580844241,60.18737617356617,50.845144018218335,11.618636319301224,2.8764960448732118,1.8111366342572477,0.9683555229194328,4.763532186402871,6.775718766661855
2023-10-16 04:49:15,DEV-065,研发部,正常运行,0.5452060476899441,4.229187357498519,33.621163824860936,124.47529217256138,172.72808362170767,157.92126496797886,0.7292584584220136,55.7986010062719,50.88065511611233,11.335873697460833,2.498424588072971,2.5428623053492956,0.8490530661165114,4.018669431425651,4.766182964324338
2023-12-31 15:52:48,DEV-006,研发部,润滑系统异常,0.7765083513978615,5.455004376427571,52.51599623406674,109.33778837798789,185.22168937163937,150.32296385700377,0.7738949818887799,60.525098999840424,44.61675571833013,10.895423307575419,2.746850148167845,1.784411740295475,0.820410481586198,6.105785462736126,6.21503732022356
2023-02-28 09:00:01,DEV-011,质检部,正常运行,0.657911630058205,4.8747528215081175,38.71358456490967,119.03496093752669,175.3415461865892,148.61570711885224,0.7627616710620446,61.08171453610647,54.97490876062592,12.54410059621588,1.6742822877296115,1.467084995820462,0.691145596493311,3.7792801171389008,6.85280018155868
2023-04-03 05:17:25,DEV-038,质检部,电力供应故障,0.4253898217383609,4.929466102079947,34.59935161126067,115.39173267609624,172.28140036932325,135.07917166639464,0.7110753205955805,51.81124650654788,51.8457242672964,8.508856939535187,2.1058194456124126,1.639734856705292,0.8353032372446128,5.663413259013339,5.9165174833259595
2023-02-26 00:05:10,DEV-061,研发部,散热系统故障,0.8434479823389701,5.865754735246165,49.419680218266755,110.61902002825303,185.2311563727226,141.49475728527955,0.8530744210003018,53.053357518638784,51.66032051683181,12.127368080032038,1.498209904844069,1.8446622627189042,0.9651860643456251,4.348354663245172,6.984333605443097
2023-04-30 15:03:55,DEV-001,研发部,正常运行,0.541961779337084,4.347296217743447,33.00544488850998,127.1440378769749,168.0158634611587,156.1678795014192,0.7378587229164384,58.31078563210917,49.1803087899717,11.75971314591342,2.4482198470271226,1.7378251361594508,0.9184281776385385,3.795433557716636,6.2691208806870575
2023-06-10 12:07:07,DEV-066,生产部,传动系统异常,0.7028322433061966,5.357420052781074,40.8452683923429,105.94234833817053,187.52457100973737,145.9972878592801,0.7856362245508396,56.84215092295653,56.6890269874571,11.823216848085677,1.9129946718484738,2.208420741605826,0.6857753912382446,5.254487411981666,7.015645988018675
2023-07-25 21:35:25,DEV-077,维修部,传动系统异常,0.6928222062443767,5.545420657778292,40.342896088035616,102.15295399863662,185.12717089388167,149.37962568243594,0.7436167731384616,57.53532095382725,48.72365107957601,10.026359146012469,2.3056514726641124,1.6701214273502525,0.6666701795456754,7.18641622333849,5.534159053613414
2023-06-03 23:02:39,DEV-089,维修部,电力供应故障,0.41549979007715554,4.943766984161593,34.52583287780953,117.62415415757374,173.6638770822561,137.99925498570406,0.6458604434922819,59.98543219650324,50.209755503001325,8.44664925814807,2.4773311784665117,2.481894611564918,0.7451744619888433,4.108382361008966,6.953074854293757
2023-10-21 14:35:49,DEV-069,维修部,散热系统故障,0.8304940865847535,5.769551205437245,47.51579839607259,108.10455762570069,186.48115978945387,141.3576875428059,0.6932603414134719,59.08847083708554,51.16401272441082,11.79198667757139,2.0718009029069564,1.557945287874349,0.661847109111983,3.9614175106308083,5.038922615252022
2023-10-14 12:33:43,DEV-080,生产部,润滑系统异常,0.772735035344057,5.51931009914427,52.266457488609845,110.66680533591935,182.9775684096152,143.86474634505174,0.7013572892508968,55.15175232674122,54.20237599432633,10.411702037931791,2.7493528310717297,2.171511173713876,0.9013133994087469,4.680733329694493,7.157911880922861
2023-04-06 08:06:24,DEV-081,生产部,正常运行,0.5525320540492369,4.290977994803247,32.549424824351284,125.15928554678582,168.51432982877165,152.49671356977694,0.7214580777003469,57.602706016904726,48.47197778462949,11.842181918270603,2.2790368962119287,1.797262098903224,0.9101632914939335,3.2360922455308083,7.23512152192364
2023-04-03 06:48:22,DEV-039,研发部,电力供应故障,0.41150197289528245,4.927764096078242,35.41872223033827,114.0789129811782,173.36836132966624,137.14028617933812,0.7124303139967241,60.63922201221603,48.81897388073706,8.338903135504054,2.1390111040848123,1.9054069495194312,0.7820463575198132,5.762576964185733,5.919650338121834
2023-07-28 17:00:47,DEV-028,质检部,正常运行,0.6491950594354721,4.857780234535954,37.51384114455358,116.15855389685649,177.68578777381592,149.05757797655517,0.7344155494020838,57.17139013997115,46.859854931597745,11.721307647011297,1.9898141332603234,1.9207344134955542,0.8287524299587042,6.371514178166655,4.614756013354695
2023-09-09 20:54:25,DEV-020,维修部,正常运行,0.49094279147257464,5.2036655478107985,42.49679232803993,112.78980910306436,180.0660168689573,146.9068005304651,0.7076850894649311,59.198762115637855,46.335869374762225,10.981985151734062,1.7869309081354159,1.8740263044940277,0.7591402152271185,3.6445591460683753,5.427409138839364
2023-12-03 05:37:27,DEV-071,维修部,正常运行,0.5092346912938542,5.1516370774408875,41.36390563467351,111.56343866378165,176.79917017040154,144.02188598000302,0.7802587167258042,56.313638731373665,47.26908180477976,10.07931771933098,1.7801125371951871,2.113063663960658,0.7871399212384044,5.856214525218853,6.641999242282608
2023-03-21 14:51:15,DEV-083,维修部,正常运行,0.509011795515048,5.141607544385281,41.73417841664036,110.68482429638979,183.096350378219,142.15426461386306,0.813688924291417,60.318321883089276,43.36031438833237,12.492390638340567,2.1005894830257716,1.9219981147382779,0.6959825640989177,5.966390854746966,7.120352007303743
2023-08-31 07:51:41,DEV-014,质检部,电力供应故障,0.4304734809715316,4.78909316187077,35.27955569279918,114.31625989667269,177.07778728107286,138.37903383223275,0.7721554621933574,61.812694658596946,50.433088833360955,8.645096933777204,1.7344014863971866,2.5583826368742364,0.7338256329935176,4.426783381215366,5.405664685665584
2023-03-28 06:53:54,DEV-081,维修部,正常运行,0.5004885062348405,5.245555451220277,41.22785350473299,112.28455176604719,177.2760376296279,143.9282121566144,0.8770928190727483,59.17068181589697,46.36167402747032,10.529360401941219,2.032150960882174,2.1345012353489854,0.7635273599925655,6.050262767100837,6.016967353204102
2023-10-29 04:12:58,DEV-001,生产部,正常运行,0.5602710070478115,4.2466252708651675,33.58959851950357,125.96130952005983,169.38013352562598,156.48571177939783,0.7458567044289421,55.616176736553115,44.2419635870149,13.030869636812794,2.1371914811896278,1.818337281356307,0.9416739841315165,4.600884823105575,5.880219025445709
2023-10-03 14:32:15,DEV-051,研发部,正常运行,0.5458842300566341,4.361663110182867,32.513826712535796,126.02520453176797,171.64544856069512,156.10188409544818,0.7393670566608417,56.688078899110046,55.24322471519936,11.86070313799728,2.0263593797595205,2.3393155571561577,1.0577620639869931,5.203668615474545,6.619262199835253
2023-04-19 12:48:41,DEV-030,维修部,润滑系统异常,0.760848508054997,5.714794274238303,52.41999565857436,107.54991794329827,185.31262750174008,148.66895683981411,0.871066894561605,65.65839024491441,53.577818433572986,11.090203456384316,2.850978050095968,2.0234232808804524,0.6953569058031397,5.867961261263877,5.102070216705046
2023-06-17 16:40:00,DEV-028,质检部,电力供应故障,0.4279147566864629,4.925765419351798,34.92966362370301,116.73851986509906,172.73158447784138,138.10842846319585,0.8418996810524527,59.72928009552715,55.88226540639893,8.706787563809613,2.154180590284551,2.237925004574504,0.754398366837733,5.008806048685847,5.002159266707398
2023-09-22 21:32:56,DEV-029,质检部,正常运行,0.6553416705603647,4.8488066096625495,37.60848158440923,116.43570705650876,174.26038555166025,151.60003491201692,0.7520128383624254,56.92042437996103,55.90595994692164,11.469115198101345,2.1677883929995643,1.708556638535052,0.8182060733065812,5.764348577562845,6.845810400855553
2023-04-15 10:50:51,DEV-085,质检部,正常运行,0.6587793668724479,4.748296698172753,38.3509733734595,117.55548926294422,177.821524302511,150.76073724507958,0.7902052126200853,56.57170632055876,52.65533483771528,12.43547136666955,2.382479230898218,1.461446250562792,0.7208089136329209,4.952937261793611,6.596133154893804
2023-03-24 03:23:45,DEV-030,生产部,散热系统故障,0.8693424631271472,5.972481465461209,47.394780870925885,111.14052349327343,183.00640166438416,135.89847418865222,0.6884558797015535,57.72444182781396,48.10536259078466,11.495889337706055,1.631675650521778,1.9084790535937715,0.7513023982350082,5.897017538575966,7.611370460377524
2023-12-20 00:33:40,DEV-071,研发部,电力供应故障,0.42179331179986845,4.8753411285674755,34.63221929580923,115.5848564338815,174.30360339473089,134.24498658434626,0.6542859777778557,52.92110924038728,43.42398863689501,8.362758420931678,2.1572808863453075,1.8899248723090014,0.9932129345078153,5.223792774505834,5.407069463416201
2023-09-17 08:02:07,DEV-077,质检部,正常运行,0.6475984543074711,4.794148904072421,37.283033137092055,116.63133852971684,173.4672665696672,151.27776004715284,0.6089004971909392,61.85013208530413,50.78667575163479,12.87211163112543,2.1616107835836536,2.5765492502176683,0.5984853424270895,4.6281413297094005,6.610055869204951
2023-02-07 23:59:11,DEV-087,生产部,传动系统异常,0.6887256543485963,5.477822856059058,40.33656348818129,108.07452423968739,188.0035651481248,150.17560396810822,0.6202252955893656,58.545269707886405,54.8943712483698,12.418653878993222,2.178150500264918,1.8221243661979565,0.8986568106512596,4.181109458006476,6.8821497777947584
2023-05-06 21:29:21,DEV-081,研发部,传动系统异常,0.6851423461060004,5.357602490972865,39.572268868331825,104.7397497787926,188.4247131095706,143.68360519256572,0.7222304683958197,55.6578993039977,48.983390386859625,11.485695380788592,1.487670429178225,2.264429334826809,0.769824402958932,7.1555582972139264,7.091372060208023
2023-10-11 15:59:01,DEV-080,维修部,正常运行,0.5083028239796182,5.257299370545237,41.704523737518294,110.15260846366665,180.8379361882716,143.58955116167277,0.7572719189232298,61.483666456135204,52.79720245698446,12.361721317946131,2.2083134941696283,2.0371371589124707,0.8682667588477304,5.017268454138221,4.834489183320622
2023-05-30 09:07:46,DEV-012,生产部,电力供应故障,0.43045595129229364,4.866673697914171,35.516480844223715,114.71651479724987,176.03435724030882,131.18548520075143,0.809204669363462,55.39155392841973,53.530558967415445,8.377297478730553,2.086974948837999,2.106064795204287,0.8323462470750291,5.06910548536681,6.209667881795904
2023-02-18 06:15:37,DEV-094,维修部,正常运行,0.49374629969286704,5.184086837813688,42.58437421972121,113.5159958561374,177.73301039021243,142.92500611195518,0.7365721450474341,61.2261573680871,50.72887964606861,11.414385745439679,1.8376002502969493,2.1355470801369703,0.7089706381235522,4.875512765026395,6.216825180091614
2023-06-21 05:20:01,DEV-087,研发部,正常运行,0.5469847739806118,4.385222644401132,32.929185103580885,124.16784774736101,170.5472300456734,152.45035784346817,0.7828981787742378,55.771501549349836,51.902495830677545,9.634540658184862,1.8220749682481077,1.8076574545151984,0.8849630864126343,5.558628871476643,5.391193966830197
2023-12-24 08:39:46,DEV-014,研发部,正常运行,0.5563353429390006,4.369358674076362,32.69298816758318,126.56195362093075,167.16036060866125,155.6198007212186,0.7762413892876983,55.499804990115855,54.412388112734725,11.384252805546065,2.224487147656149,1.7861921414922404,0.7155218415016806,4.258846757421717,5.933806131506907
2023-08-22 21:45:13,DEV-096,研发部,正常运行,0.5446412041306593,4.367291463857412,32.98820969354272,125.49587817605288,167.25054723091185,154.2740817254446,0.7495776690087635,61.329523753142595,44.765890116969686,12.47326580198611,1.9757305444186022,2.489051331218902,0.8939111041762211,4.131473794036616,6.656508242851105
2023-04-06 10:06:52,DEV-081,研发部,润滑系统异常,0.7978972325799959,5.557838541788984,53.31728463127771,112.64113865979672,191.28134852630674,149.9119194676104,0.7053637072738748,54.06481569755433,59.49020282138728,11.990622349827284,2.7646147314866507,2.533216108184153,0.8849021907662823,6.097228369278101,6.108703315891415
2023-08-09 02:58:03,DEV-052,生产部,正常运行,0.543278197422011,4.310655074918837,32.75522467922412,122.92185448219253,171.25804138930962,156.28806988715345,0.751558569284112,51.821343809874286,42.12592994968328,12.68572098543294,2.092821873718407,1.592649200037957,0.7265458293759534,4.738609600298221,5.050511505039189
2023-01-28 10:36:28,DEV-077,维修部,润滑系统异常,0.777155086861708,5.653005004936363,53.11669333671444,111.70271323572729,187.70033780892945,144.90334927535386,0.7537013372596795,59.38686128110292,43.07926292243682,13.06933121322116,2.796276665805988,2.065094258945147,0.8637859748730498,4.947667400603045,4.501510432868832
2023-04-15 03:26:24,DEV-014,生产部,正常运行,0.558816583058848,4.378006345224658,33.31070148904872,126.13342292656917,168.23807015199978,152.35833857466014,0.8534601906535886,59.986425981376996,51.25123442331837,11.545619508777236,1.587689296124052,1.8796492597732206,0.6187457560934246,6.173913062579173,5.38083731956317
2023-01-05 13:33:13,DEV-019,维修部,润滑系统异常,0.7890048931171246,5.497640623101779,52.38573611669527,108.27776233938631,184.59495210786562,147.08132535393,0.7587643639289315,58.33609005352445,52.73805928976204,9.804048904129077,2.7515596019688444,1.8122521966009293,0.8446224139552115,5.239484766020313,5.621750240358004
2023-10-11 11:03:10,DEV-097,生产部,正常运行,0.5498353892640151,4.247581793901263,33.293636792145186,123.90386181220428,166.76534857173388,155.90192823462445,0.7292844886097822,58.48603599446778,52.78201905692879,12.148358078793272,1.7706155267451653,1.567253745367596,0.8153940951644856,4.073253214560407,5.156259219260534
2023-10-02 12:46:16,DEV-006,质检部,正常运行,0.6545093334389789,4.863212485007952,38.56962271039366,118.96506018861656,176.31248660688257,147.34005399201882,0.7156311216464754,59.346355122992925,52.00525102873895,11.288279088723497,2.1330698382964335,1.7431539554361428,0.729243560515017,5.623490110473223,5.777291868215568
2023-07-15 08:13:11,DEV-045,维修部,润滑系统异常,0.7911773689572104,5.764383531644955,50.581269982731264,108.88796215661196,183.85036221980988,149.4874031987024,0.7610794953399516,56.2567079412438,51.59528490292299,10.84996744110777,2.865589388176315,1.9633395862882848,0.9416029859553996,5.074182789485754,4.475475614084354
2023-03-01 13:13:09,DEV-020,质检部,正常运行,0.6537816376152704,4.780179517626608,38.57967030723553,118.71194330601216,175.55570346370203,152.8815885006153,0.748076503693857,55.17921302073423,55.75602756640607,13.485483010326835,2.252471878838989,2.1090511122493063,0.6793717191979637,5.9586441614321854,6.355779890665763
2023-03-07 06:30:39,DEV-067,研发部,正常运行,0.5483314234006185,4.360157524416705,32.75181149017523,126.5873267225548,167.43145539850516,153.03328890686237,0.7453977168342136,61.10023793845037,46.232388559343335,11.96825371975042,2.878955218783684,2.2539608400641393,0.7196816998311072,5.46627704531805,6.068021179412388
2023-10-06 23:02:50,DEV-037,生产部,正常运行,0.5542956848166196,4.238448226818842,33.18450326607296,122.77342310376683,169.37019949801015,152.99993871475132,0.7059416062766585,62.72683083182752,47.379485398784524,10.559413231946401,1.6837875454134545,2.537398867289799,0.8154175134624468,4.28124329560653,6.470395663647119
2023-01-30 15:38:28,DEV-014,生产部,散热系统故障,0.8272256985445289,5.971176697554134,47.78126438927273,110.76933546456044,187.48941321332603,138.23552050165705,0.7537406786898996,58.008077782740365,50.93154010081558,11.207074319481483,1.8279143459014038,2.248059434261868,0.8114007338686069,4.69621346583646,4.882957462658761
2023-05-05 14:31:54,DEV-022,研发部,正常运行,0.5552208463223312,4.270194201773487,33.00681567291245,126.97463257569753,172.58259399962162,156.54601388057915,0.7722748528756047,58.55984747178977,46.008862489472484,11.66261343547779,2.30386553834207,2.1438030373359687,0.8146431850061846,4.389778979716436,6.172404094927264
2023-05-05 00:50:32,DEV-084,研发部,电力供应故障,0.4143500064715655,5.023456544193737,34.121086209122296,115.73827569474646,172.07617879930504,132.17860284150592,0.7117481423322938,59.62807457698586,55.62673426510735,8.266668375092934,1.6216181737126456,1.4457343064673331,1.0153688143893338,6.0524691197473315,7.50756354406571
2023-07-10 14:52:12,DEV-055,质检部,正常运行,0.6480688810653527,4.710818098093547,38.59115121845016,116.41166022137273,177.70212429519165,152.18146440080403,0.6531539792892656,58.00446737999752,49.73994185603969,12.665483080267034,2.423056697161662,2.333172473907582,0.6896995678986604,5.629539305403436,7.076794191104782
2023-10-24 10:55:23,DEV-016,维修部,传动系统异常,0.6889757791314424,5.5060600007833695,40.047021222930745,107.33959579772353,184.59219169003575,146.37318705160143,0.841245946791639,57.56013580282662,45.36817053787795,12.070215449581386,2.4005631380967674,2.1810188127573316,0.8722593445427711,4.497740666257718,7.163131415391752
2023-08-16 05:55:47,DEV-027,生产部,润滑系统异常,0.7879193631642438,5.679472983740343,53.05305587109233,109.88091220581153,186.76610175239722,148.6239541549684,0.7035079923113067,49.76866832327657,41.854583297982096,11.675177864414284,2.7182452784488103,2.320415928123973,0.8471292879391682,3.8618227499183404,6.622170171712867
2023-07-25 08:52:59,DEV-033,研发部,正常运行,0.5432675646663322,4.383638396534837,32.35982992999399,125.04125984826462,170.10956738055634,153.5316014559038,0.7442978336305277,63.44695333176317,48.99714980951097,10.739620687347747,1.8465812422109764,2.131359955899123,0.9301025016583431,5.850483424318509,5.055474857178923
2023-06-22 04:46:17,DEV-070,生产部,正常运行,0.5597076803129329,4.317048413789059,33.649606942185,122.94806861997661,167.46062252824595,157.0251791830236,0.8173329585810805,59.45482539255939,50.675644199927994,11.727835156346446,2.301067268200608,2.053987052728408,0.8607083826259952,4.1638241481396365,4.85918396328179
2023-02-20 16:22:11,DEV-091,质检部,电力供应故障,0.43034934013514714,4.888394450614182,34.35982367737267,113.67094863010851,175.7794085099241,134.05379989305501,0.8309160916628344,60.32173474951895,53.49063697668023,8.531600197309771,1.9105552243248045,1.9317779680388818,0.7270526783001987,5.247895304475892,6.44929329494737
2023-05-29 01:55:22,DEV-086,维修部,正常运行,0.4962968231081747,5.120295254408663,41.61890816222151,110.69864612492015,179.67836699862193,147.36893777765914,0.77269271144132,58.91412120945277,43.63759390146861,13.244815820180097,1.941043105145268,2.0631723550274432,0.6732381073307152,5.563990238962322,8.506004380656526
2023-03-08 08:51:06,DEV-024,质检部,电力供应故障,0.42376760319441686,4.849467238054506,35.23582866047317,117.34761285962153,167.30954251647503,135.86721437762853,0.7785695504526405,64.23772935875273,53.60942547239297,8.532742313429049,2.326288121520383,1.8125250916357454,0.7101669073340041,4.997994008075375,6.127855401209435
2023-03-28 06:36:15,DEV-053,质检部,散热系统故障,0.8575567423782475,5.713160556389853,47.24778742179796,105.13393939147488,180.30795272750635,143.4858579995352,0.6584582980059361,59.83871287041877,50.13016513266674,11.088102604637447,1.7085764747065926,2.003129350362537,0.7507017870295292,6.1006880237958425,6.04306814324255
2023-09-02 03:44:04,DEV-048,生产部,传动系统异常,0.690959107107329,5.392072309956377,39.897827151605334,104.75319601256201,193.02362007598214,148.02034983328122,0.7765268778686228,55.31568918685302,45.43638914927082,11.827372407461196,1.8195193604394935,1.7110446141269071,0.8771072195686104,5.384771405339094,6.71745482520515
2023-03-01 04:46:14,DEV-056,生产部,正常运行,0.5526481675467219,4.352245900594023,32.45051691795586,124.42969755468464,169.14284051445765,157.39498694202544,0.7176066238003537,53.81348639366914,49.06890048750639,12.551482588689538,1.71710808132788,1.8653575168578618,0.6705363327929605,6.206546788712346,6.490328695269758
2023-09-26 13:47:15,DEV-051,质检部,正常运行,0.640784761724965,4.863578681171593,37.77002080094969,117.52870589443559,177.75838228891502,149.97974288437902,0.7454834098837265,54.173614281557406,45.147574442365574,11.412592797693616,1.7883059081211667,2.21408642735189,0.6783108450867268,4.163191253981725,6.316255955222596
2023-06-07 17:12:49,DEV-032,质检部,正常运行,0.6597390674260709,4.713620549748474,38.01871927311013,117.91364986486373,176.7586113223566,148.691362623596,0.752088918317126,59.287518538616375,44.3825328244126,13.954452906200906,1.9809010822302828,2.0210133852860834,0.7983226982056754,5.6354463027022685,5.15131986172672
2023-08-11 04:00:50,DEV-040,生产部,润滑系统异常,0.7791417980457516,5.660632708691163,51.384671011143936,111.33212812419768,189.36016737413112,145.87446457516288,0.8617586087594666,55.67836539227887,46.88229899203116,11.322168224085727,2.7685511074860685,2.202444857209044,1.0477314770251478,7.3191722702082,5.8754788105597555
2023-01-06 20:36:05,DEV-027,生产部,润滑系统异常,0.7862854639523992,5.756497836088768,51.287973719826304,110.79998013709931,190.92096450413027,143.42559874876156,0.7834809050919945,54.29523683032055,49.55786827193117,11.355143890211156,2.8280494402192216,1.9510265162167835,0.9301205643256839,5.399034203779492,5.309940151972243
2023-01-30 02:19:08,DEV-064,维修部,正常运行,0.4956210874234764,5.155751292846284,41.28896811840357,111.14986561925448,180.0480756751711,145.4910285983962,0.7162811414821657,64.22110005004657,47.13229918896986,11.552751942037885,2.4676642253224155,2.062159964972986,0.6913559568368203,6.402736280526232,5.301655954700635
2023-04-03 17:39:09,DEV-059,研发部,电力供应故障,0.42535281024059696,4.959163535930251,35.969621385060655,112.85073352320516,171.4915289378996,132.60023319846147,0.7972440483597383,54.97793123121919,52.14629897860628,8.588006941123306,1.7182922322123293,1.9874106660999253,0.8961842591158405,4.022585353180298,5.353323659985933
2023-06-23 15:48:49,DEV-005,研发部,正常运行,0.543624664745775,4.307930448495572,33.3944550594473,126.29473884795632,169.03409093868808,152.59492833862035,0.8421595578151094,57.06717347330107,48.5208143648563,11.145861985224796,1.8768441772429905,1.5625594967526086,0.6248291105387919,5.026130850108073,6.897172433991437
2023-11-16 19:24:03,DEV-053,生产部,正常运行,0.5551931883186214,4.302232360809267,33.31503391070161,127.03644780726286,172.86300070916585,155.21766203600373,0.7593539730017631,57.11320735647804,45.17223608897946,11.814227845174274,1.8383886565599736,1.971448731301124,0.7671098143898049,5.899638288211459,5.680575155484146
2023-03-26 05:42:43,DEV-058,研发部,润滑系统异常,0.7783880777761338,5.482193509568095,53.08562329447426,112.92237724306653,183.95667131599487,148.47595137199175,0.7179168171346699,58.34390045701719,48.491285289893895,13.434863974923442,2.8229392624885503,2.41774860854009,0.8506804717848162,4.440078812003204,5.886774927721649
2023-08-21 05:09:20,DEV-067,生产部,正常运行,0.5605955439095018,4.237920958139562,32.633726469679964,125.1963373261099,168.20399557593788,152.11420864394648,0.7449995482395115,55.4942720015958,47.83210186085686,11.457998961188677,2.0946664406480444,1.6053448986701908,0.8297596099116664,4.181415643615275,4.845640482203909
2023-12-04 15:22:51,DEV-019,质检部,正常运行,0.6560026289901802,4.784642112824767,38.11910683993714,119.56992757009934,177.1291589548872,152.1985391012382,0.7039667560325465,58.6742296014394,52.06152185088778,9.601136002636514,1.6978227982980445,2.470482972875366,0.7367586665142357,4.0746396462041,4.166967429580993
2023-09-15 15:53:06,DEV-082,研发部,电力供应故障,0.4242634499762121,4.854248751278351,35.752507657369826,114.32607028501572,167.2669724253983,131.4927169548645,0.808837074254233,57.917287257244,47.76703653227946,8.74050241681866,2.730989051628031,2.2654346001442836,0.9274687066395626,4.9587343327081115,6.811322417968781
2023-10-30 05:17:24,DEV-040,生产部,润滑系统异常,0.7821668938393592,5.465562149729668,52.67383196683229,110.37022183835266,190.80264351564097,145.74679973742317,0.7354188176760895,50.60616444601106,54.58691164845765,12.345501837987483,2.7833842234672628,2.0528712835433094,0.7612038048361055,6.0163909176867465,5.546494558930995
2023-07-28 01:33:40,DEV-089,维修部,正常运行,0.4948417733257101,5.186849799668422,42.40396124560443,111.7602210264202,176.89325448485917,143.07790123601873,0.8134855096182972,61.550795626350684,53.158601537097,13.646374751315006,2.2373355327902105,1.7576184219839697,0.8787839211429584,4.0144458553786,6.782527005979701
2023-09-13 13:34:47,DEV-094,维修部,正常运行,0.4915230677105865,5.26812005581876,41.60680407986549,113.74372863543736,180.69693618969308,145.39335694085304,0.7342169211387299,55.111644787412935,47.35024030219154,12.927323786995743,1.9672603852363306,2.2118730982602086,0.8032997026380289,5.091242547611872,6.833074018421313
2023-01-02 01:17:31,DEV-086,维修部,润滑系统异常,0.7612667252116417,5.4916660539918976,51.9057548775117,108.67440677387751,187.07695810304207,150.88795965882633,0.7611950396869634,59.39346734481953,49.030005062115734,11.920754023723221,2.773352047689884,1.563367076694339,0.7562803752874222,4.026468610022776,5.049867776100031
2023-10-10 13:15:54,DEV-007,质检部,正常运行,0.6585994104227345,4.799868508431599,38.30684749877055,118.31590937428811,175.61559566871784,148.98585641662484,0.770433196594619,61.1080286456383,46.407465027229605,14.246341861228162,2.3170421512983945,1.9536838027903154,0.7667353282609158,4.658766016697076,5.774919562163321
2023-06-22 05:13:02,DEV-017,生产部,散热系统故障,0.8564601727372423,5.713107527944308,46.77377068250036,110.20471675652709,189.2723242297456,137.18177087650548,0.7490447603974898,55.408650040614226,50.560769476061736,11.6371132361017,2.0520502543865167,1.636252425328188,0.7628490506221539,5.239415821594659,5.588272300580836
2023-09-23 00:33:02,DEV-004,生产部,正常运行,0.5574908351851465,4.357170282903128,33.22148912650467,125.82890901771988,171.36108590609732,156.0773357747046,0.7632503580956498,57.017916600562785,53.776035916935996,10.898219101167598,1.8627808488704072,2.045289875452292,0.6944825236428133,4.878319995720135,6.123724750378713
2023-08-29 10:01:11,DEV-033,生产部,散热系统故障,0.8554068568579869,5.744809359060632,47.12330689267178,106.33328560241263,186.94359543874546,139.22749970351194,0.7495761066807891,57.793426328250455,60.94977642436112,12.140880765609026,1.9913672842098178,1.7639229400332812,0.8543260058793427,5.111165220558397,6.530136388652264
2023-04-15 20:24:34,DEV-094,生产部,正常运行,0.5546688445138975,4.24425312874801,32.650705905705834,124.97185405522879,172.82087765997878,153.2126291073174,0.7395184703313469,63.39378901284001,44.41706269479552,12.501480532950767,2.4579651527756625,2.1453081040876922,0.8212020879331643,4.92295079368435,6.812137874200382
2023-01-04 17:49:16,DEV-052,生产部,正常运行,0.5561825810267813,4.244957646008972,32.953696013561654,125.85359401757195,173.16054584006025,158.09529159739154,0.80771222784067,60.54080556973965,53.96200525361715,10.048600826025298,1.581991021917855,2.149577455992217,0.8322193971144654,5.55082670764521,4.997337778862035
2023-01-10 15:15:16,DEV-054,维修部,散热系统故障,0.8427122996710357,5.961068361921214,48.11072039453627,104.86306878247736,184.70772604078908,135.81997545983205,0.7190106271483595,59.798476443883665,48.24322536673059,13.496391675727597,2.142036470137397,1.7942775074364727,0.8295826450613308,5.442184174627361,6.214208672707505
2023-02-08 21:20:12,DEV-091,生产部,正常运行,0.5469307078768746,4.282859257133216,33.513158868471514,125.12364630214762,172.49521577240472,155.7859706628984,0.8853548585052785,57.98768574246813,54.253052863784625,12.32278527718333,2.0026240264529465,1.7872172015770809,0.7437679032546566,4.854194631272674,7.19187043985249
2023-09-08 07:55:57,DEV-055,质检部,正常运行,0.6412803391347254,4.783703988390666,37.26178297691784,117.89774347348502,171.64714774708352,151.9176573183948,0.8102967233111351,60.21819048680378,48.00820838934747,12.399746830830159,1.8001541748356533,2.3135982661576326,0.7735743160091656,4.370127224117571,5.375548508324028
2023-11-20 10:29:44,DEV-042,研发部,正常运行,0.5460450609013076,4.288724703609819,32.56342947094436,124.98102939975004,171.1098574256295,154.98365630534366,0.7034339766081842,59.17559071124906,50.3675288056156,11.908138632444539,1.6999319588359758,2.299171254212286,0.6561311477703948,4.072440841751756,6.536172506214875
2023-10-15 10:50:44,DEV-024,质检部,传动系统异常,0.6823017520717733,5.427825932377913,39.98591452386808,102.92344407682208,185.63184515166986,147.5765847764009,0.7169650511340117,60.178218555910654,52.95864205024731,12.015063314315979,1.8150484621762855,2.269875478136854,0.7997493478659597,4.636446015603823,5.659697530286417
2023-09-30 13:29:07,DEV-006,质检部,正常运行,0.6415251044560055,4.708281674115965,37.78277603660427,119.06725061010174,177.94715307150884,150.9735810785439,0.7313991240578613,55.47593897950599,47.58554667332305,13.363272433074265,1.6858576373435854,2.396005916468386,0.8068836265919855,5.891068622957834,4.857019072382413
2023-02-17 09:21:28,DEV-013,质检部,正常运行,0.6391785652862548,4.827467710759685,38.399051737418816,118.40087381957957,173.36362051049167,147.1880560131532,0.74181670750138,59.52464382142669,51.62870837954139,11.453166781971687,2.222129071265538,1.9421042324696962,0.8071767193162523,4.984636715724107,5.925767917404288
2023-05-03 11:13:14,DEV-009,生产部,电力供应故障,0.41648034240596576,4.919790307938253,34.8575471798033,112.58409210860722,174.8906438411363,134.97099435564627,0.7713956157906567,62.06570487764235,47.934210481424834,8.341972753636021,1.5276135505215798,1.9748699076596645,0.9510506237659383,5.571443346227214,4.148330695295348
2023-11-21 02:22:52,DEV-082,质检部,正常运行,0.6460089711275283,4.872689361480161,37.27314673502296,117.0003179868859,171.84059047399393,150.90722375973505,0.6775910858817282,57.23569659520534,50.4886170269994,11.923887367353315,2.031097674612288,1.5514813381839287,0.6919817095403156,4.694958032240895,5.778335261987588
2023-10-04 21:55:46,DEV-057,生产部,正常运行,0.549060965417642,4.359545344978552,32.93706699047727,124.62194509036256,167.6659880436752,154.54371755025022,0.7435041012296457,60.70473733571527,49.18990923468934,13.506939303047087,2.088874453912894,2.2982160759554744,0.794612718242075,5.492624764801458,7.057483822781294
2023-01-08 17:31:19,DEV-061,质检部,正常运行,0.646527879939583,4.8491119186339775,38.705862796551735,116.1806538140482,173.7006952874722,151.86075256631315,0.8262282815303232,52.06733467278539,51.649400642205066,12.67742815882968,2.2354522166248256,1.555632889708506,0.8284096607249778,5.441695753588922,4.871734089668866
2023-08-03 23:27:14,DEV-081,维修部,润滑系统异常,0.772480952092033,5.586189359200687,52.27275524890358,107.95381445070286,187.9769160746724,148.63721574302303,0.7313562982986936,48.633088405084614,53.189028380953864,11.559131397677808,2.77410717752426,1.3168763212126058,0.8991839661823982,4.5343125968515885,6.472288297244421
2023-06-05 05:53:56,DEV-005,质检部,正常运行,0.6387771445861148,4.706417781632159,38.60529974862489,118.38392110392044,173.96278827960768,148.3955678217831,0.7647350046097842,58.070065987263824,48.329542328950836,9.13027318465422,1.820804870044931,1.9169934221655993,0.9438985971119016,4.936561167153625,6.079324229778637
2023-05-17 12:11:59,DEV-038,维修部,正常运行,0.5042026528112907,5.152773598904149,41.73359445293522,111.77052904189587,182.97527529903448,143.1984818237321,0.6572216543222298,58.51036339799128,48.40723513935678,13.872262016039025,2.173665384407492,2.1085412087278104,0.7099952671895293,4.01918139408464,6.11806126295168
2023-09-30 04:46:13,DEV-024,生产部,散热系统故障,0.8259584199906459,5.817783035391913,46.79668276261681,110.00994278567734,180.43263473973195,139.4014099129415,0.7893692841197438,59.10007773622699,43.79919275908054,10.626293092396283,1.927182339847468,1.4373687778433246,0.6776550786596843,4.293857086365637,4.960713874334169
2023-10-22 06:49:56,DEV-075,质检部,正常运行,0.656386336645533,4.89515885944756,38.251788760951456,117.96922559090399,177.96221792033487,147.09511105339126,0.682531649459703,56.859254807273,48.62910883873439,10.086124737043956,1.4427190907319027,2.2456510142636947,0.7003443768070317,4.987130886895025,5.7479680033359175
2023-11-03 08:28:24,DEV-063,维修部,传动系统异常,0.7025622038523751,5.373302342442213,41.17172758794928,104.9372118662458,189.453633885687,152.40065342744577,0.6447050348707465,52.9371879811187,48.919502255866576,12.990248313008435,2.1908386436093945,1.5820256901764556,0.8545865711499434,4.23588584866929,6.22778182172132
2023-04-19 01:28:47,DEV-054,质检部,正常运行,0.6443803144777486,4.735556820742185,38.45508152834895,115.93574088391273,176.73210265736685,149.29677808489922,0.7204009705547701,57.1616243433439,50.01009867162542,12.572002488660145,2.0636635747527454,1.8173905430473687,0.6611253347856015,5.909933206250461,7.128203640782005
2023-05-12 09:21:37,DEV-079,维修部,正常运行,0.5094303271360828,5.153457699857614,42.49121650260281,110.7690747624619,181.30651283106195,143.57097064030367,0.7054572702203735,56.98504937854841,41.524894850382545,11.894433775423895,1.8352632339617634,2.365688708909996,0.8793515495078276,5.605527161211797,4.483467203498665
2023-05-23 20:36:38,DEV-004,质检部,传动系统异常,0.7012325802009832,5.604002359418086,40.86845239400814,106.15297419014912,187.65385839896868,148.25368835070952,0.8075738908654536,55.54879978562181,49.93060641837948,11.87354032789425,2.6131667419035014,1.8776451811648696,0.9614219375282931,5.024530968148462,6.092202188354969
2023-11-22 08:51:50,DEV-067,生产部,电力供应故障,0.4252249239586897,4.901808745981137,35.06438135706395,114.65462983645148,172.87561797598582,132.81037848304734,0.8279022555137004,57.87140784773946,54.435469229605246,8.350833057911933,1.6440829541935809,2.1893683440970695,0.8520061984199563,5.326322696104205,5.4950938121809285
2023-03-01 17:28:26,DEV-092,生产部,润滑系统异常,0.7934542002672623,5.763554246879494,52.351237982080775,111.46010488176317,191.9067722462103,149.21630119328262,0.7751356629673578,67.6339053052326,51.235291114966,11.360480757391814,2.874311779212423,2.1898593397508375,0.8543338803632704,4.771853522380828,5.85691956931501
2023-04-04 08:13:07,DEV-078,维修部,电力供应故障,0.41356767540486356,4.822222561099189,34.60877432602844,115.88365128298258,171.36002862181982,138.79391948512995,0.7907593494618644,56.99598043582441,56.844305946313355,8.253080462789342,2.0475341616956713,2.260038026600257,0.8331705686858085,5.068449016457065,6.1790126085164525
2023-07-03 12:22:12,DEV-002,生产部,润滑系统异常,0.7753389683853785,5.531771462679633,52.43006771051911,112.16504263555285,184.14010440886665,151.24982287084336,0.7710478271364083,55.307972632209655,53.66565324469905,11.190877366173234,2.8308796370906664,2.1587950517485917,0.8012466577693524,6.179560560680493,7.664891848949075
2023-04-24 13:59:37,DEV-055,质检部,正常运行,0.6556121120716911,4.826877931206862,37.58644558228674,119.66523480106495,176.74763388420862,150.1036457385985,0.8161605906835737,59.18843415249255,53.27976085976015,13.009939985204717,2.0950365797554285,2.2172388914215246,0.8133330910373847,4.38443599927522,4.848825403849447
2023-08-17 04:50:02,DEV-051,生产部,电力供应故障,0.4163597904289632,4.91139389495109,34.25187233422793,113.2830597000847,171.33180862008018,135.50417950404977,0.7377795089546256,60.54813856226866,48.53789511562164,8.680547225497717,2.1772743967768755,1.9683238626822817,0.8783622633830902,4.750973429674048,4.736814907461443
2023-09-27 18:28:25,DEV-075,生产部,传动系统异常,0.6949725579098458,5.413785505910863,40.56836863501729,107.55124568054127,194.66419784792106,148.92598677679175,0.6967173061165801,57.75055144621131,49.719996854880726,11.822304487360526,1.8301938855431934,1.9611481541166755,0.9501129611216836,4.657260622804511,6.56905382819774
2023-02-06 04:46:07,DEV-057,研发部,正常运行,0.545284629754628,4.362739922639858,33.50835750359809,122.72467726226363,167.74301598040023,152.62832602969172,0.7429299884638327,58.829634349976054,58.93558951645481,12.605790062725145,1.7828585317974461,2.0258209466207133,0.7928730669610873,4.737964331936089,6.813179650305425
2023-04-09 13:13:18,DEV-084,质检部,电力供应故障,0.4189709321646839,4.9399366274708605,33.97625348840825,112.29565722165067,167.78187306046365,133.98501012156927,0.7344819673217914,56.09999094601362,49.505808512658284,8.56222456800801,1.907584533993349,1.3291838580636455,0.7909412626400647,5.020438834557943,7.018244041038297
2023-06-04 00:23:23,DEV-048,质检部,正常运行,0.6384193472033312,4.858526469814172,38.47098816186415,116.20886308381847,173.61064282722046,151.68015638744333,0.7491375141885219,59.508060959373644,49.458011258857866,12.534730361376338,1.9910020152867214,2.3474666164882425,0.8740589613392932,3.7909012358056766,5.888409308091774
2023-09-29 04:55:31,DEV-046,质检部,传动系统异常,0.6984874980507167,5.337987041779435,39.37461061149291,104.17524211064871,185.64920796575666,150.78836082417777,0.7109361264497757,51.96187903850329,39.81204430441322,11.553175579386998,1.824364757961336,2.104268926333562,0.7618658049100914,4.801731404222154,4.461539506385595
2023-05-09 09:27:57,DEV-082,研发部,正常运行,0.5451411709308908,4.325174799285269,33.4927703527002,122.7082201116999,172.2483231998654,155.44226463082595,0.7741871385191192,59.277933496669036,49.028858453697275,14.554543457845348,2.4802377285343518,1.674868087510888,0.8749013546047958,3.740874324237067,5.315555437191277
2023-04-22 12:57:22,DEV-026,生产部,正常运行,0.5586233380810633,4.277340760975574,33.296158772663446,122.91373751944936,170.61947183504955,154.88772563387673,0.8263280487089951,62.8836421837191,48.4078098192025,11.814980139387474,1.7999296043111492,2.519189698366067,0.7939426415566373,5.496967836537772,6.625649191405779
2023-03-30 20:32:49,DEV-004,生产部,正常运行,0.5474791630558782,4.216746195381877,32.644779849821234,123.70512733013005,171.2461919280131,155.68197927825224,0.7338805831675891,53.2160313328057,48.857802242456806,12.286107631539423,1.5523168931136848,1.3649351801604879,0.7074818922517433,5.647566448206004,4.166886428977965
2023-03-09 20:55:24,DEV-025,维修部,正常运行,0.5027664447958365,5.248464752882698,42.29589066794833,110.38019101011568,180.56764920985626,145.40301000819906,0.6955666356370986,53.80988254500135,40.35652991212288,10.637226567716406,2.2744036188198384,1.9820488252863946,0.7834154272296653,6.017091831560847,6.008581911371378
2023-10-15 23:59:06,DEV-049,生产部,正常运行,0.5423127708702753,4.23211237705263,33.42944744769212,122.72004257693375,171.1194655714326,152.175742510147,0.7571835653637274,60.855650138501396,52.991019325618964,12.558656250804393,1.9677559287726836,2.134200717207182,1.0094444017123718,4.656885910222384,6.098653296546902
2023-10-01 14:07:22,DEV-001,维修部,润滑系统异常,0.7831828462253408,5.743407615571125,52.8417534714252,107.80845467749735,191.29927496144524,144.62689373788078,0.7148524279737716,56.39813545890467,52.213520937215485,13.513005992403848,2.7882816348908706,1.5267682247803567,0.7822367915816801,5.119879479688541,7.038967738893431
2023-01-17 10:22:19,DEV-011,质检部,正常运行,0.659379349683712,4.783810842321375,38.04856471766305,120.24257718657276,171.79728413362903,149.68937229995726,0.7305081289822682,55.13619511174375,50.889496754160454,11.384023137767825,2.403380102164025,1.8295771701589745,0.7097969451832458,5.277957344342675,7.6311110347287
2023-11-28 10:23:06,DEV-055,生产部,电力供应故障,0.4137274293917028,4.884220575761126,35.55807124455585,117.67003397102192,172.01208604396342,138.94300499169674,0.775861036833227,48.056527707542315,41.823584003678285,8.334103454266979,1.928253674418806,2.2076544559003257,0.8478842941871296,5.112393928128475,6.445609576655885
2023-08-15 23:32:08,DEV-069,质检部,电力供应故障,0.42032141951736157,4.937662392848948,34.822262484857276,116.93762563082203,170.35952770591493,137.5161385712225,0.8521211939412147,56.90798287519656,51.385565876478594,8.300050128622507,2.012325606778436,2.3587499793576745,0.6333414804349361,4.501449598932523,6.515000976208037
2023-07-29 07:58:18,DEV-083,生产部,润滑系统异常,0.7767155364990086,5.682067858788344,51.00877683175806,108.58945522299938,190.52536969811706,143.2677610742306,0.788120094578893,59.49694011309701,47.66952022939787,11.93509514438194,2.749788881520863,1.9190021297962867,1.0266114166071172,4.853869588704377,7.24014724358593
2023-03-10 13:56:40,DEV-041,生产部,传动系统异常,0.7204019343829976,5.550778708117868,39.85546563328913,102.3759909568818,186.7310353973128,148.66286797076597,0.702951308918705,57.4020798313315,49.16480644217583,12.029686086847475,2.4620094128234538,1.4175513187121749,0.7112910960080385,4.999628331995075,5.61571593122267
2023-10-12 03:27:05,DEV-040,生产部,传动系统异常,0.6854850093050145,5.36869159258813,39.31596825977365,105.40048683885225,186.02675575480413,146.04141189983292,0.7806156921359593,60.533777859964175,48.99118161955136,12.073055939234314,2.050328069830869,1.9425836996359709,0.7776357270232747,8.22449632352155,4.841312700202329
2023-09-11 02:49:54,DEV-025,维修部,传动系统异常,0.7031302321877766,5.3772713674948065,41.00601665978834,102.95854004976427,192.7988511907161,146.28516341863363,0.7713088043260591,59.978138955098466,53.07632082655515,12.314607937088297,2.2162953196425166,1.8109970267037119,0.914697235350286,4.792203209215529,4.912028913436568
2023-08-03 06:50:52,DEV-001,生产部,散热系统故障,0.8495928446860314,5.920824670655191,48.61351901567877,105.26129002853347,186.18587298767906,140.94583523434665,0.7220613445185693,56.223999296513384,46.400867267826264,12.067399961324805,2.6592475266645326,1.8068395058354778,0.8186210749938877,4.457356324119742,7.018238953630324
2023-04-21 21:46:13,DEV-033,维修部,润滑系统异常,0.7967386212011051,5.609892988557596,53.09235072421321,112.79736653921367,188.37482160530686,147.2126962440084,0.8178353435207859,48.07053585878642,56.939304241419634,11.515692058161802,2.8009839729916384,2.6537560521188865,0.6624997746297964,3.353100693846278,6.093473123881808
2023-11-27 06:22:22,DEV-046,生产部,正常运行,0.544511977333969,4.271420835067063,32.962050945943055,122.63385292851564,167.2251779642617,156.15276116839095,0.753142592852969,55.941367797846574,51.47720710954653,14.238080576478609,2.078476799616252,1.9293484250952047,0.8157696227661596,4.31011961472595,7.582080330111983
2023-10-05 02:38:21,DEV-033,维修部,传动系统异常,0.7029451593423874,5.342162360242178,39.25434177619806,107.17819212833294,190.17546677575604,147.23240331888755,0.7649471610172741,56.31475561978359,50.40462925508258,11.337328626415577,2.1255183432715925,1.6026503111091623,0.7452849259468738,4.863702308054579,6.729658856456346
2023-11-02 09:17:40,DEV-013,质检部,正常运行,0.639831231213895,4.774784905632254,38.07655006586897,117.61071614015967,172.8058900875165,147.2219369720593,0.7974425308124742,58.64372632655523,50.70314836943541,11.802740496743294,2.456218526376535,2.0705391277066494,0.7289308868891645,5.724837333488743,6.51057541611419
2023-08-27 08:12:26,DEV-012,维修部,电力供应故障,0.4120540204695173,4.9936702013700245,33.95640765809826,111.85283135764557,168.15083546367998,134.3539487196736,0.7467961551822053,57.51776126998696,44.71427808534196,8.415206295526017,2.2994786981949065,1.2373526840667612,0.851612233963346,5.767159892371302,7.036042271057306
2023-02-26 00:44:36,DEV-066,维修部,散热系统故障,0.8348469379044764,5.7393497947415115,48.39139823010616,109.4018789142076,183.56372222070277,137.0812692131539,0.7484965335953268,62.12610178933944,44.1437640864445,11.39470823220149,1.5671648912127665,2.131175074662547,0.5326414782874244,4.597573337889767,5.903502253449858
2023-07-12 23:57:19,DEV-072,生产部,润滑系统异常,0.764473501839895,5.674802153126578,52.97728291918553,108.42461222584072,187.15312602021487,148.88301860114947,0.8416999958152785,52.77165021702236,52.41424159821933,11.81758927762081,2.7948292504296357,1.9880611980942815,0.7372378979741773,5.363156282251552,4.63579191089934
2023-03-18 02:28:21,DEV-045,生产部,电力供应故障,0.4197884853290549,4.8502912192510195,35.42059087341591,115.86798311153854,173.03552657840177,133.67369072455523,0.6738708777991833,58.59769244145185,47.201657301442445,8.411844321104999,1.7539424789754376,2.439144875980212,0.7937415877025789,4.854883854789674,7.732038753333358
2023-08-09 03:38:53,DEV-099,维修部,电力供应故障,0.42559516476047476,4.918543103587368,35.42009317977486,115.95794349603833,168.03225329277254,138.22677083215973,0.7882389751973278,56.80616350491297,46.197292641790575,8.562591028920824,2.1726832756839114,2.0027455396007414,0.7074654729987296,5.0485188345105,4.725286010525302
2023-10-22 03:51:06,DEV-096,研发部,散热系统故障,0.8490113711304401,5.969459186833074,49.19426076194083,105.14819999132489,182.40738562902743,138.3245655034022,0.7687715223897544,54.629933648308246,47.74410926650132,11.491215028054757,1.7837393976856806,2.15430373300808,0.7072377641487485,6.49230098121849,6.0355266303180715
2023-07-10 23:24:13,DEV-074,研发部,正常运行,0.5451959874537761,4.216460888244608,32.49597468286481,126.88653095156029,172.2886286400731,153.73029580544585,0.6853885564160987,53.87282063541487,52.37938312852048,11.429608008006582,2.397175322867651,1.836996436028576,0.8978438800262083,5.257805517057875,8.867553776174054
2023-05-31 10:55:50,DEV-097,维修部,润滑系统异常,0.7906943225145037,5.722857342215596,51.892563693892185,106.89659901615482,189.05157659025346,143.38676817978418,0.688948346110118,52.13988169297036,42.96601249854042,11.316985413372619,2.7705200331349062,1.8439493683282338,0.8654601381496412,4.808713407740491,3.9692852848741915
2023-02-20 00:13:19,DEV-090,生产部,散热系统故障,0.8400693163645896,5.860765194019173,49.1910490392679,107.99208952697208,184.04998242175404,143.5408626779743,0.7504884328720839,58.367211765104905,48.379833558125604,10.87192211123651,2.310941712962,1.5632662806296964,0.8652066693205028,5.1828072308436335,7.823251336141922
2023-05-16 21:14:48,DEV-036,生产部,电力供应故障,0.41916573092155424,4.912434161532517,34.2833867720264,112.88599475434704,174.34886215414994,137.3130130062494,0.8640088320324789,53.14079153698905,58.72822787857058,8.283322672619537,2.3908987894259224,1.6060126630540987,0.7619654648073014,5.4566770891957646,5.87863663125607
2023-08-01 12:26:45,DEV-041,维修部,电力供应故障,0.41865013913811566,4.91645819363252,34.67248725607912,114.50830134992658,173.231916983686,132.66297666717358,0.7618543598777734,53.245514612899875,45.893155819725365,8.3133891085388,2.1175820647385133,1.9900318180589407,0.6552729051853875,4.565453466182299,5.771612720943544
2023-08-21 03:19:51,DEV-003,研发部,正常运行,0.5457197729840666,4.342071832788581,32.40272343951339,123.59647641252415,171.40238099001613,156.75243968950184,0.7623766327332594,54.63664900336717,48.355679670530975,9.96339269837351,2.0274924355363586,2.240111667804975,0.746349974677045,4.193910845766074,4.917859218903145
2023-07-25 09:47:08,DEV-087,维修部,正常运行,0.4933357794150744,5.272864232392919,41.56595175277,112.39888975443662,181.3368843371965,147.3490808860331,0.8687728120175692,51.908884913164634,51.73778929427464,10.80400327973254,2.5279682537744312,1.8675875343775934,1.0173420669665894,5.565099386801942,7.017210419178774
2023-06-03 03:58:39,DEV-076,研发部,传动系统异常,0.712673384681302,5.6274626909810435,39.18197840666699,106.33989560171277,189.76183400328122,147.26932440917832,0.7041723885152557,64.40971036995246,55.559498897284314,13.059205116509798,1.959357171481125,2.0174002329040417,0.9577762503958375,5.410987166352651,6.30682531998961
2023-06-30 13:58:35,DEV-094,维修部,传动系统异常,0.6886451978003278,5.546643098165204,38.940226965615686,106.69185502752876,193.1943035339149,146.64146576765165,0.8465395401197717,56.71028034007589,45.15471246182781,12.487442290558128,1.0995120402864642,1.7499448746429804,0.9809606155662205,6.756629548015597,5.510743112536931
2023-05-22 07:02:23,DEV-036,维修部,正常运行,0.49419913440498026,5.235205639811133,42.698802862752935,110.4725182270046,183.32975184304627,143.95235949089414,0.807842750179427,59.99400308816503,56.47127815060743,13.212038850305962,2.5211065408895794,1.7263496446871522,0.8492627239370362,5.340265419786508,5.50244285602131
2023-11-28 03:25:22,DEV-007,质检部,散热系统故障,0.8337831995769553,5.9510152568161905,47.03356777209797,109.44981864313701,181.49937683079344,143.9924340698125,0.6556675107146046,54.45179904990966,50.449694483291886,12.643666463325028,1.711992795986814,2.2915201166811623,0.9177402983048456,5.831824951758189,6.209910729827422
2023-06-28 05:06:46,DEV-044,生产部,散热系统故障,0.8625122835429931,5.790317903161333,49.28712231321242,106.07354187543113,189.58891575717354,142.14626784281248,0.7241589021688695,56.15997439542581,48.60124278507183,12.188739707436506,1.2507790116518767,1.818445995382366,0.7201510265217398,4.733201027929045,6.190289804948887
2023-10-24 20:50:58,DEV-024,维修部,正常运行,0.4952185293143521,5.268701495117412,41.61006465320742,111.2979039239747,177.83150897412543,145.04106283462173,0.7163066813289702,56.589663802166086,56.90186173410623,13.322774000456604,2.0476142689269405,2.30761819846779,0.9693084480676106,6.009338069159242,7.014596958537158
2023-10-01 08:00:54,DEV-028,质检部,正常运行,0.6419201180846811,4.759578180225127,38.59303767111156,116.45641615612651,177.96011222141524,150.1367143983085,0.7573264670292515,54.34975934089101,45.549862110958074,12.573805284936872,1.6230924333936814,2.070643853300743,0.7758759639030559,4.4384488112153315,5.858897797930825
2023-06-07 06:53:53,DEV-048,质检部,正常运行,0.64139574359028,4.799903367449864,38.34243436984512,116.03303855977411,175.94000840234733,152.14846754055958,0.7046467162384321,62.252858031490156,43.887256702294636,13.41254468286603,2.0075334238711258,1.9228452456060063,0.8477793074951591,6.061244887370429,6.256540420466826
2023-01-21 17:59:43,DEV-014,质检部,散热系统故障,0.840224063230869,5.643192434566373,46.7093800978613,106.68533603219568,181.08733240970528,143.13599088255796,0.685799661533656,57.49898366170727,46.826104197394216,12.13061083971806,1.9014094540274626,2.5309603380021333,0.7521202869992473,3.570806535929448,8.854280844673546
2023-11-12 20:45:13,DEV-089,维修部,传动系统异常,0.694087952078706,5.436992532609497,41.16729687106479,105.40377944238541,190.2725355587331,148.69902152115725,0.76479579910546,52.12323975943841,45.70086414271306,12.000116700590372,1.793894589231511,1.7099849638665818,0.7724570187365755,5.234438234745507,5.3958165322407545
2023-11-08 12:16:18,DEV-072,生产部,传动系统异常,0.7015661038206475,5.445931164553679,41.14202527128507,105.35885562493068,194.4347199156337,148.62235754855197,0.6609889333938423,56.32674228749554,51.39307197780257,11.461867064479707,2.2839852589011618,2.2987428864496438,0.8082941213505619,6.043909233880064,3.9273059695674575
2023-09-13 02:16:52,DEV-027,生产部,散热系统故障,0.8397930774351046,5.915490277958692,49.09913401492109,107.56746274604693,183.60903703006852,140.94667115495932,0.7657926701859623,58.97134213847191,48.66864104244318,11.466642120972836,1.648206443266476,1.8806906168501472,0.6600542231164196,5.391110305602788,7.220607103878609
2023-12-26 20:48:51,DEV-085,生产部,润滑系统异常,0.8029248992376056,5.658220254026101,50.87896909183632,108.72416713343493,193.47085812891967,144.59405018315573,0.7765284575579811,54.069460392518444,58.195837564916125,11.206842131605468,2.8424748629415215,1.94726449499474,0.7846254434828425,5.721969431736223,4.314180705621722
2023-11-03 16:45:53,DEV-024,质检部,散热系统故障,0.8571647560920602,5.943912668003316,47.58667908781207,107.53143334955926,183.66522947427535,142.22765400809408,0.7283874597243011,56.331410992694906,51.46365261211221,10.34768626881909,2.7639259928227484,2.3024141828304012,0.8258739547000991,3.4580884107377585,5.499688108183077
2023-03-05 11:27:39,DEV-087,研发部,传动系统异常,0.6837465515183707,5.4871702218444405,38.80461802451936,106.64277728206018,192.8464308796726,148.46101302951917,0.8319790050971136,59.243382527073386,55.744645483564774,13.53477438793305,1.3441523108757096,2.3364934565089563,0.892972887557626,5.966755077616547,5.990867551973099
2023-12-29 02:15:33,DEV-091,维修部,散热系统故障,0.8511190939261,5.711285237856644,49.35722273075962,105.03061522066318,181.38528298247672,142.2264136096181,0.6937769312655022,62.028728361306726,49.83342428795551,12.18879107987448,2.23548025296931,2.050519322828405,0.7271852716623015,6.318202946794683,4.932240770838135
2023-11-01 14:53:53,DEV-086,维修部,传动系统异常,0.7057969608079587,5.592979242482116,38.91891622846184,105.40147195995023,189.4675363848751,151.51666940408487,0.8792008996666243,51.00854398126624,55.920749959031816,11.404370105714973,1.6506342649199508,1.9866124198014212,0.8490041519242718,3.654016100269963,4.400290943688744
2023-08-26 12:17:08,DEV-048,质检部,电力供应故障,0.4234968671808439,4.95458123246567,34.27099435585309,118.02922992171946,175.05559049648832,133.00898756879192,0.7427468420534075,55.129482588429624,54.35399899398331,8.540797279855356,2.0557375554453095,2.3577588698831153,0.8856993096881032,4.899060166555056,6.8612110936551876
2023-08-10 07:30:10,DEV-020,研发部,散热系统故障,0.8295549875764809,5.891965051103218,47.10967129310092,106.36293979087893,189.6385762872152,139.76116838164413,0.7168235128052421,57.96554807306998,42.44801584095146,13.707101890375856,1.8028440074550505,1.7445641741159112,0.7595981130664573,5.4369323770680476,5.965391148390209
2023-03-02 13:49:06,DEV-038,维修部,润滑系统异常,0.7579184191248594,5.527189094787406,51.20851257312906,106.7438563170413,192.25010717180913,145.38717541490925,0.7903673299022328,60.28837187128717,53.01091895952088,11.266715336604872,2.7742880596692596,2.224798046815727,0.8158205954606244,4.734353311840557,6.9352656048975065
2023-12-01 00:07:55,DEV-036,维修部,润滑系统异常,0.7868543613811518,5.640709511006926,53.30852097278442,107.74750077884883,184.28063828843491,144.26111789889288,0.7898853958163791,61.33332486043041,46.54103112759445,12.860409907032913,2.7871260642845685,1.6310393065842987,0.8732256066573908,4.862160238861439,4.689453670954459
2023-12-19 04:48:32,DEV-066,维修部,电力供应故障,0.42481212597827495,5.006879411532173,34.35965622325211,112.09699389798917,170.27624119859485,133.58830199849683,0.7280124806411095,51.52652968144735,47.719370974009955,8.58419718414971,1.5997808822716124,2.179946207606211,0.8340251708978327,6.296550798568511,4.945119789067188
2023-02-06 02:31:39,DEV-098,维修部,润滑系统异常,0.7748081059098629,5.714786849347188,50.55704757040817,110.9185960475261,186.9088199858177,144.3944262098279,0.7145690629369698,56.06807529285066,49.113194194596545,12.142775571128283,2.818716017699177,1.5627139590975296,0.9227569634238916,5.157013392573462,6.498117287778301
2023-02-08 14:50:20,DEV-097,质检部,正常运行,0.6419402416656126,4.841493318833136,37.31660464724994,117.90721223976891,172.53753376862463,149.59931181106708,0.7495760537573262,55.94813469890989,47.15108393159486,13.673586321578698,2.400502885057784,1.468830553880944,0.7096868708545564,6.049748972830404,5.586757713275098
2023-04-09 20:39:58,DEV-082,维修部,正常运行,0.5025657798917065,5.300190986374333,42.746785071124194,110.52134236001592,183.39830637980884,147.5841017586496,0.6717551711067385,59.99294586326468,48.07633102687338,9.959736976813895,2.2379978007760464,1.646593935091236,0.7657947118334392,6.47129991424594,7.483349024706459
2023-08-18 15:45:58,DEV-081,生产部,正常运行,0.5479936509189094,4.359494307543468,33.04585560525376,122.82604219705901,168.3639627736788,154.76299158373226,0.6889048537809317,57.366350383913684,55.813849202933994,12.59565357420334,2.2565794890861985,1.274414779161256,0.7092992368606191,5.457707672310089,6.1854594536094964
2023-07-02 16:17:36,DEV-002,生产部,润滑系统异常,0.7992087700320135,5.6132183848388495,53.021280514245724,111.13613414869268,187.40282576924878,145.56861388687003,0.7328784425342512,58.83975213232176,47.0089099737125,14.401949454262581,2.735662181119272,2.5735183667159482,0.8395123718600965,5.082400899515914,6.201961128095049
2023-01-03 06:23:59,DEV-083,研发部,正常运行,0.5413786973605134,4.30104635609107,33.035784969466796,122.69963829402586,172.21581686184427,154.96728568823795,0.7863612943672296,55.578048425860956,51.47974392294579,10.878364747721282,1.8413483208185175,1.844680727030589,0.8339848814740504,5.883683490115657,6.266067968831617
2023-06-26 08:20:43,DEV-072,研发部,正常运行,0.5489807366332762,4.336406754441537,33.57704196835001,126.97046886778193,166.99162443549898,152.94824517585195,0.7153807950606903,57.95339490616383,46.05871954475511,12.392829977099966,2.3725305964824965,2.4545944151012726,0.7002448804967567,5.255281261043465,4.16689849562125
2023-08-30 10:31:20,DEV-018,质检部,正常运行,0.6471816489039605,4.71836982172251,37.96222371383846,117.63033737314566,174.6106951864664,147.27198781228796,0.8032197923027291,62.05867175879653,46.43279884805392,12.587430570344074,2.0099592647406817,2.1440429367559295,0.8211265544120102,6.719859951170797,5.5322106261121
2023-05-11 20:40:30,DEV-036,质检部,正常运行,0.6380533129320479,4.828380011219289,38.20368221484022,115.9771403117775,172.696170284668,149.85693479332693,0.8161499915486368,62.56407199373486,45.82024591321756,13.31108465876538,2.12671582591964,1.7021372498400267,0.8380985673591762,5.206150177935527,5.41935898856851
2023-06-20 00:30:19,DEV-056,生产部,散热系统故障,0.8393445084391227,5.9145496163887445,48.43436317095566,111.16035900449558,181.43198306110065,136.22985111958843,0.7348608851493337,54.05928871233004,48.425032560987596,11.784939931301187,2.3129175567751945,1.7020365077515611,0.879230726851545,4.680006216533115,4.697096403592083
2023-08-05 21:46:34,DEV-055,质检部,电力供应故障,0.4112073487953711,5.020660664384965,34.985624212929665,117.68686545852502,174.39499947700745,138.0359035347285,0.8516375930514002,58.79952195122255,52.227719562650414,8.57890869720915,2.1520172432270495,2.2899810853036797,0.8447217124988085,2.6714473448677634,5.672111228429289
2023-03-18 23:21:02,DEV-087,维修部,正常运行,0.5056364484959759,5.2626513767270415,41.58998568724135,109.77850324734047,179.4481235549784,146.08539816155977,0.685274596296952,56.51623988048528,40.75458781209266,11.976941484622635,1.6397618572762698,2.3191388865320137,0.8441612453098847,5.3938599759778665,5.8357313543470415
2023-03-30 20:57:29,DEV-046,生产部,正常运行,0.5454168224914244,4.2926546160560575,32.884259203069725,123.678443319623,172.26108274598218,155.75692393600104,0.8059052078485163,50.71583113248,55.33119163354526,13.128324639442845,1.945413180264755,1.8116582231833362,0.6515570562633023,4.183669691625657,4.747456646321003
2023-12-10 07:34:00,DEV-021,研发部,正常运行,0.5413369459534134,4.270664189908425,32.589950301663094,122.61575090596635,167.7766765916041,153.14978323812912,0.7372270988504885,50.64743396604924,52.02447677593294,12.6829695158895,2.027583351290864,2.2300588535455526,0.7964158961693517,5.484050254942841,7.608118181807432
2023-04-12 20:20:35,DEV-075,维修部,正常运行,0.499213979754922,5.109072941077629,42.68130999073345,112.20077517578483,183.0563593814181,145.41965616976023,0.8270707411310012,60.5470649774986,58.69603093547133,11.054405804005459,1.9155204478401056,1.4849489953476083,0.6584995215010341,4.228509664700716,9.034252090120798
2023-06-18 10:20:39,DEV-057,质检部,正常运行,0.6624883588050803,4.8306669962542275,37.78022420887429,116.32958059861896,178.24710823952032,147.0839181712389,0.6974195855286438,63.38204264236195,52.17598634153647,13.381034391213761,1.9755906083616976,1.9076893309597376,0.8513710573439787,6.238474612732273,8.160554015476675
2023-12-14 02:00:58,DEV-020,质检部,电力供应故障,0.4213193326307473,4.766940164190884,35.70947096577534,117.59578382223918,170.9453976223469,138.81849125109414,0.8471806604797743,53.963197593441166,53.631029532774946,8.410371207551124,2.315873571949772,1.789780135284574,0.6955284122230617,5.2004971964900655,5.652154386922323
2023-06-30 11:42:42,DEV-041,维修部,正常运行,0.4998556586903924,5.145459991591207,41.3225113565923,113.35027589422731,180.28671410283613,143.0097511837377,0.7548743541463884,54.666203976325136,46.40219184803531,11.203001066302297,1.959644167593846,1.7101869339936906,0.6782938801926677,4.175062852461485,6.010753389406262
2023-04-11 21:30:46,DEV-004,生产部,润滑系统异常,0.7864080638502444,5.491878492273527,51.9220213462106,110.34350229460884,192.40913397938746,147.23507351147248,0.744715463662502,54.07969745692734,51.091387925315615,11.217048513220137,2.7381630910771975,1.9799134207571298,0.8718663481262218,5.695761659145637,6.201780163746737
2023-10-27 12:11:22,DEV-001,生产部,传动系统异常,0.6918064803014564,5.430564760859832,40.17566343182716,107.18120613622473,194.95476383032263,145.94808975094932,0.7074651939338532,59.51597079478251,52.37451964100567,12.602692492152476,2.408381508161198,1.6515600168533064,0.8811992876544089,4.9378720266867395,5.871361250686433
2023-07-20 09:25:26,DEV-043,研发部,正常运行,0.547587478108263,4.370462375116768,32.637731275516785,123.44604502652888,170.7949276774702,156.7321502854806,0.7037884050841537,58.05848279363343,53.56542815437433,11.680730124344173,2.017512129375717,1.5645074396694627,0.8648872404388238,5.331035292448793,6.987103980437434
2023-10-04 14:21:18,DEV-003,生产部,电力供应故障,0.42712717256277644,4.789597804453028,35.00419842390095,116.12272028478385,167.40689122678225,137.46283180802223,0.7697348662632825,55.06814404167622,55.148782965805225,8.400118638452941,2.2899324983278033,2.1084246458804152,0.88057847564243,4.577635417353578,5.239358819197248
2023-04-22 08:21:46,DEV-025,质检部,正常运行,0.6440574030184892,4.728068443352138,37.75218638309053,120.35784729635412,174.34025818030543,148.32293060813464,0.7297572918229219,56.48745451699781,45.7688967193891,10.30366164815057,2.0451680450403336,2.1418327919683287,0.7874416355571622,6.119737007914253,6.338133148072139
2023-02-13 12:37:43,DEV-076,质检部,正常运行,0.6594754692731962,4.764124612634844,37.65793203350176,117.06426304792981,176.92054689989808,149.97175038810428,0.7681299688277481,58.152142034258304,51.04176767836423,12.289145065743453,1.500433990670282,1.5332001922868164,0.8832294792694555,4.967689696150094,5.153749629511063
2023-08-08 05:44:02,DEV-006,生产部,正常运行,0.5457323353067203,4.247820711304152,32.69395368487483,124.15223848809323,169.82691569984758,152.3299803603153,0.7449477945115576,55.04062949713683,48.390873536163326,11.676487857630121,2.060146029279471,2.132362375747204,0.80824019703201,4.913942329377255,6.9250902760723765
2023-12-04 00:19:39,DEV-010,生产部,散热系统故障,0.8715820221266442,5.918748073272306,47.131287185971445,106.81344149152274,185.18737548110784,140.60146767998296,0.763181725340088,56.43690188668538,50.91425066016198,12.873689558220471,2.3150499159191624,1.75971410611225,0.7502952615865134,6.315882499575263,6.999045911657357
2023-10-14 16:16:52,DEV-049,研发部,正常运行,0.5433789773438259,4.252434055695692,32.66615600794024,125.69835337779978,167.11713571730238,155.44968521646746,0.7305491587477526,59.789703324652365,50.44660909139014,13.476473020491003,1.7724866672795818,2.285598876784971,0.6047789201362834,5.9340780901293,5.324538280021379
2023-10-19 06:51:43,DEV-075,研发部,正常运行,0.5520592738247886,4.311047828811502,32.85552289367629,125.65848796411554,173.04210121347379,152.9555802728773,0.8017752663929051,52.24672797879775,45.11198143250695,11.412709290148625,2.4057187054163003,1.8944438166852238,0.8503731655210338,4.875092177432194,5.422763670845459
2023-08-26 07:32:55,DEV-029,维修部,传动系统异常,0.6908406925189836,5.631529015584484,39.20747107977851,105.83419566968996,187.892731422751,144.28714134123936,0.8333962995397218,53.855678445395135,51.010622424340674,9.95905664435717,2.172949731511377,2.3544272283466308,0.6826569094205065,5.078830440257982,5.36629677878544
2023-10-20 19:58:36,DEV-014,维修部,电力供应故障,0.4196952105504338,4.969166208655396,34.68425595408223,115.86519534786548,167.0789331148515,137.62693174207968,0.7882926685397413,50.4183677348822,56.1037931676562,8.753996460361991,1.8782681293121595,1.5594785087145506,0.8147152210167655,6.1134789984118525,7.306377236536017
2023-06-17 00:34:44,DEV-069,质检部,传动系统异常,0.705801652891128,5.590310035202773,40.626955204975935,107.92063593530382,184.96588974094124,146.63052079753953,0.6936823862923946,53.45792875519842,48.82115127121597,11.437798133493311,2.0833067808059953,1.7887363583552682,0.8120668670540072,4.16294953065994,6.771292641487473
2023-03-03 18:07:43,DEV-081,维修部,正常运行,0.49432873941264677,5.199903362730761,42.2091374142608,110.37830543253098,176.71335903808782,142.17806772700254,0.7463102621409711,55.23689072018452,45.47662878040983,10.70905428887346,1.569639884799969,1.4943525949948722,0.765699393596318,5.39183367688348,5.210600123949419
2023-09-12 09:06:21,DEV-013,维修部,传动系统异常,0.7204824909110589,5.498579910201344,39.26951115688814,104.75364074801735,194.03428759763392,150.98462691218822,0.8005244801302959,47.09193561055377,53.925061702473805,13.05320554455453,1.5731673784253353,1.8232923621827644,0.9497460525189568,4.548798286921808,6.286486094029946
2023-06-19 18:55:27,DEV-021,质检部,正常运行,0.6599875870454962,4.718095121966283,38.50113649869794,116.43145184922118,172.1200436195097,148.21393714873804,0.7590480860566479,57.003127388889915,43.667107842360444,10.844857689359825,1.8150238229519642,1.5757610382775875,0.8853341764235072,4.521063219088181,6.671083766176899
2023-06-04 06:19:44,DEV-096,质检部,正常运行,0.6555537915228503,4.743842207113897,38.10459535937949,119.73565328124003,174.5248136576135,152.7995446213399,0.7333610420955559,54.90211211231664,47.206426517507104,11.817124036855244,1.9044567724168886,2.4351089103010026,0.7030411624752445,3.3230328093052783,7.358893147885079
2023-10-31 11:15:40,DEV-086,生产部,正常运行,0.539434106104705,4.234219160999575,33.45456244840129,126.72457042509127,168.8388556555923,152.4453086518861,0.7345813135717145,56.323439431156906,52.744325745894734,12.340022838118873,2.5677642459988497,1.6270436122490513,0.8693926810847329,5.273833617271752,4.098530773940589
2023-05-06 06:19:52,DEV-047,研发部,正常运行,0.550484153824319,4.338821744551122,32.68509469678662,127.17386325398952,169.3919635950751,153.67146156485208,0.6893352189087247,56.76313157448976,48.42312662115835,12.825657630156595,2.5925092254956805,2.0481254658079853,0.7521749599807512,5.068165782103606,5.768921984674715
2023-08-23 06:45:30,DEV-075,质检部,正常运行,0.6438599179256195,4.786668449696614,38.522534161010896,117.17666051191148,177.59855500966876,149.17869040733004,0.7709476150776952,51.486696829409475,49.904028773707694,11.218199686529996,1.5750121974081266,2.69203149406644,0.6021031660031055,5.2452019219800174,7.145104496338075
2023-12-07 11:44:00,DEV-001,维修部,正常运行,0.509083113388874,5.2568414543146975,42.726441233526316,112.92779042120178,182.8481989679365,143.4715475607246,0.7883624473914677,62.29306164142818,50.41769515537653,11.47204705225532,2.067952185543691,2.128329962304588,0.6600190540100703,5.301967505716393,7.10000589193367
2023-09-03 14:37:07,DEV-060,维修部,正常运行,0.5084101557897317,5.1121793216416975,41.3632090397476,114.18492202752857,179.9107259140707,143.48164150640906,0.812314589948864,56.16468353278668,48.38970472198243,10.385044352290894,1.9451317321330812,1.6269300690536752,0.8092676436029141,5.935284418332036,5.444703868098951
2023-06-22 09:43:48,DEV-039,维修部,润滑系统异常,0.8015006555420806,5.698929846880616,51.20019339329188,110.84975983775007,183.9772876935389,150.2917153003901,0.7758399345227674,62.315732792162116,43.66117942302221,11.49957664255463,2.7325213453863957,1.7369601341464895,0.6226801286362669,5.353312200477343,6.198091763079512
2023-05-16 07:35:59,DEV-010,生产部,散热系统故障,0.8352993500103066,5.941832839496864,49.02050971507287,107.77262567390093,181.56629738012242,139.97063463794316,0.6358964850617447,54.96824869985935,51.26756547016459,13.109926800028772,1.9991534599348502,2.3034566160110037,0.9243408458549068,6.161725520574662,8.007727981196265
2023-02-26 12:48:56,DEV-067,质检部,正常运行,0.6603502618076257,4.816519285906596,38.612962570393435,117.57899481851996,178.35236019573063,149.16011432098915,0.7214714368662808,56.922013015843994,48.009649864607994,12.949389062142552,2.095497663096964,2.000608717554697,0.8330663892644768,6.8975484894633095,5.73179243110439
2023-11-10 17:11:16,DEV-062,生产部,电力供应故障,0.4189582169641529,4.766425359395079,34.59472768990023,114.56698403224803,167.8886911192806,131.47913683576314,0.771752715920357,54.98948946688535,50.39404144856778,8.253303004797456,1.829835630302143,2.000374727320783,0.757375131556061,5.133834137932136,7.017774836753795
2023-11-24 01:12:50,DEV-076,质检部,正常运行,0.6412697378739488,4.717610017115352,37.726268725413256,117.87496053413783,178.48528496927952,149.585960052409,0.7038350192409825,58.912382823747855,53.17734777930383,11.693330686889936,1.8326701889028452,2.0211110010167097,0.9268092824098714,4.40020995311725,6.931367981483488
2023-11-10 18:11:16,DEV-042,质检部,润滑系统异常,0.785554556501412,5.449958996842821,52.1807974767989,110.33362605512647,192.00275145262017,149.29387992105234,0.7907328077186891,63.80004092633214,49.2384702238165,11.124177492875564,2.7212460800161735,1.9549183568764756,0.8189453091476367,4.764300111988128,5.062884234085187
2023-10-29 17:29:30,DEV-047,研发部,正常运行,0.5607948467279662,4.223271594020538,32.701727580557815,126.20632128257236,172.87129796850255,152.0783790661406,0.7666004215534289,56.763357446532744,52.80729726536821,11.136692305985926,2.050129352603812,2.3351818704905516,0.8609072776205967,4.670367857709168,6.505704684743521
2023-12-13 11:02:46,DEV-008,研发部,电力供应故障,0.4197662899404443,4.93848646162986,34.83933775286108,118.19146865061296,168.23672850958025,134.8028970646456,0.716914374109086,58.46025154891057,43.08617181928296,8.456870859634495,1.4342822354012816,2.419483758292133,0.7958938780113158,6.158490957658705,6.27687834424759
2023-04-30 19:26:58,DEV-017,质检部,正常运行,0.6599398465767342,4.831505750976659,38.69407641509155,115.71130618052047,171.91366895997808,150.00536756361944,0.7941961991815367,61.195656483370385,52.09807031725667,9.891161561704019,2.1555629486899064,2.051584780095959,0.6059201467493838,3.6306884859356576,4.0283121676114915
2023-01-08 12:24:53,DEV-084,维修部,传动系统异常,0.7116747487916334,5.646607506001447,40.95511958146736,103.39329473285403,187.99351607288293,147.99654895624266,0.703877027971553,61.277843682618105,48.054946595117734,10.671244298564801,2.26806122164064,2.1555290095768793,0.8360588876971563,6.34404048236976,6.4621310633418725
2023-06-13 04:04:44,DEV-009,生产部,正常运行,0.5601697566330338,4.300116456866542,32.86517258407318,126.69970408573457,167.19391481597484,154.48504050088056,0.7372974005842451,54.16158604096345,46.717590289886196,12.085177519735831,2.233159112813389,1.5821143880526294,0.7076091724783985,6.793648581564143,5.308586210403815
2023-11-25 18:56:33,DEV-034,生产部,正常运行,0.5398380396549697,4.364921139187968,32.73177090543382,127.48537438456572,173.08849696627655,157.73129044342818,0.7822613355191482,52.338160016584766,50.23370220835811,11.848468531083874,2.216141432324739,2.103249571956957,0.8639361894745597,5.415710132209201,5.840556940209392
2023-11-27 04:35:23,DEV-053,生产部,正常运行,0.5526684338790915,4.271456594095028,33.30716274677917,124.52263692786934,167.06480176210772,156.75931102340147,0.8334629596441949,55.155570533993476,51.239012393500545,11.913678071676548,1.6556402409127886,2.149246613316532,0.7783082152978974,4.5366138005769745,4.658981602153345
2023-07-17 18:25:11,DEV-044,质检部,正常运行,0.6586851548217586,4.796096099109136,38.13127100687949,119.76411789821064,173.66173239512193,151.20419592661233,0.7272262101617952,54.53779972390699,47.74870245126437,10.470972901968178,1.9163263901811347,2.2231883392283014,0.7940135590382548,4.487063610281616,5.733189050624385
2023-08-03 23:49:06,DEV-051,质检部,电力供应故障,0.4244829370999686,5.025662948108095,35.17165585466438,112.9025973610165,167.03325074383443,133.5186226455279,0.7282417825056772,53.53332032983688,46.234107221866175,8.276995372914687,2.617081588823862,2.3801483060526487,0.7543609334372092,4.65999062057891,4.982664699048691
2023-12-15 10:49:43,DEV-045,质检部,传动系统异常,0.6804352408327209,5.579299695820948,40.199001999821775,107.5669922780587,194.97466178479223,145.70301491366507,0.8009697458865745,60.6530283047325,48.337419900395055,12.142714276230686,2.0330134216014213,1.9911373246984527,0.7288207348849948,4.519220453814602,6.407511232589205
2023-11-17 13:48:11,DEV-001,生产部,正常运行,0.5583336210778904,4.331282146281444,33.054209573427,127.30368919449735,167.4157022126877,156.47504233272292,0.8029487466498602,52.59821361910115,50.05866545753583,10.33319044949816,2.127776599023824,1.4201444782091552,0.9644129609889762,5.498583228779062,4.28148290470789
2023-08-04 15:55:26,DEV-089,维修部,正常运行,0.4971060720200246,5.1663476612778645,41.72627988831218,109.90009577230776,177.49523810166366,142.922933924012,0.7829290114399291,58.04119613720722,45.00750934093284,12.57066675573317,1.6163756514865455,2.070114441510003,0.6252017154813583,7.223635042936189,6.9450092834890516
2023-06-22 04:06:12,DEV-007,质检部,正常运行,0.6525513525274027,4.775827500946801,37.928157243485835,120.16876632499687,175.38462937969777,147.89788295327367,0.7166778811758874,58.42595536874797,47.27009380512614,10.211229436311998,1.7537843422212402,2.127308887971677,0.8620990620817558,3.5734154069124733,6.417863687517893
2023-03-03 07:10:11,DEV-004,研发部,正常运行,0.5602611191154342,4.265256897260614,32.89301535780747,124.51818811174707,172.8542585267033,154.4336257554135,0.7648715786152948,55.99981189642807,42.19844238875471,11.858745045600813,1.6310042640048081,2.408224422011445,0.7187094896002193,4.840312636486008,5.426598124791612
2023-08-10 23:04:54,DEV-047,生产部,正常运行,0.5495083083027625,4.224643396334346,32.939854023878716,123.9377978254535,168.46703980512532,153.27876579711037,0.7807412401282451,57.526978064822174,53.85811549043904,11.449085369986257,1.4172241162558297,2.211687459814067,0.6896591191792592,4.3802551127378155,5.106996201980682
2023-09-29 17:52:04,DEV-043,生产部,正常运行,0.5442517012206722,4.35778263243466,33.29283242967691,123.67048959512,173.2298270256998,156.02174134438883,0.6976469719143927,53.011523405956254,50.35337884023354,11.099502186538006,2.2125500874797432,2.433168994450482,0.7729934378112563,3.737822264829001,5.116057036943902
2023-04-13 21:53:36,DEV-084,质检部,正常运行,0.6557919855762807,4.885498951728314,38.633956704794116,118.39377173548012,174.73827212279886,151.9098030566363,0.7757785921480471,56.06270607372334,45.80068600850738,11.086141817174312,2.458890775928427,2.159704683371776,0.4906132421355992,4.6178692382540305,4.594236728887799
2023-09-03 11:14:29,DEV-037,质检部,正常运行,0.6401721927529992,4.8386655908274605,37.41243004199795,120.34541151174176,172.7841668080516,150.56485117653875,0.8083257252030044,59.337737956214326,52.73937982683796,13.165422241486135,2.3497185061293813,2.1484640653397076,0.6874311655257477,5.207263417310775,7.196503782433464
2023-07-20 11:23:46,DEV-081,研发部,正常运行,0.5512012405631322,4.331326382959439,33.411168283294245,125.72253752204868,172.02123667290357,153.08088401964898,0.6554225022846262,55.466519958147884,54.14800186414504,12.720683444013886,1.5041662916953242,1.9038816114774513,0.9032837305865055,4.900613262844251,5.203375429868155
2023-07-14 12:20:13,DEV-027,质检部,正常运行,0.6409275051863035,4.78700828180018,38.67429619865475,117.6211129358913,175.9696816336486,149.38556638777678,0.7443442198469337,58.68898642519119,44.75083470569318,13.541731534921182,2.101690910316922,2.148605306079979,0.8702320076924873,6.01860440301294,6.138586941200197
2023-09-08 07:20:51,DEV-090,生产部,正常运行,0.5431572426440953,4.273921178418251,33.58841547029588,123.92501616043745,167.6578628132045,158.0538841437258,0.7065541039685349,58.777219486251106,43.68432412372335,14.193995056193287,1.563529220662132,2.4583678420261568,0.6264699930038071,5.17971314178467,4.835319798265059
2023-04-21 22:25:58,DEV-015,质检部,正常运行,0.6432723527369888,4.743980507252777,37.62073407905964,119.44387557675785,173.4577169958251,148.1491279323009,0.7309015762425319,58.626830254997195,51.177476929218,13.704475551163908,2.158083539171563,2.389964144204524,0.7898121708086723,5.0595057168532485,6.669496069982307
2023-09-16 22:59:14,DEV-071,质检部,传动系统异常,0.6831327408751129,5.376749201838742,39.382614641856456,106.32176383948901,194.47501521199015,149.6941822319705,0.7921093078334168,59.94790468282475,56.10174957926096,11.687549347308963,2.018548795601274,1.7282602936300744,0.7286317657639805,4.54823379982943,6.734912806826388
2023-12-23 08:26:03,DEV-094,研发部,电力供应故障,0.4094343867569894,4.996959638667365,35.81948095219477,116.71573840579448,169.74331987525477,131.4549826758283,0.6259728985679748,58.65125404209332,51.72223226568946,8.460018882434916,2.066171519928173,2.1432652374433583,0.7095075446747636,6.438938381995096,6.281554021524027
2023-09-04 15:38:26,DEV-038,生产部,正常运行,0.5477325009724557,4.243946790575716,32.83916012954605,126.51971765388026,172.03994337337764,157.7019404135518,0.7503223179764191,63.87010800138716,44.58332830948484,10.721534861525402,1.8182051232234568,2.3278721072618445,0.8616524112205372,6.723706573791825,5.034209708115484
2023-11-05 01:03:30,DEV-035,生产部,正常运行,0.553699974563074,4.368079681440555,32.41628042006622,123.20326669616833,171.4730971695738,154.61114621911662,0.7481570271676978,53.298540792737974,46.82675179504699,12.84328696415097,2.3082400412082453,2.1368792868646747,0.7651477219994545,4.013866302872173,7.2550971367446895
2023-05-25 03:35:41,DEV-100,维修部,正常运行,0.507491529534364,5.140376087508506,41.706655911582885,110.43530172877963,180.86802620701678,144.53524362704778,0.7706040113079453,62.835658527556284,47.73217616994545,10.803160774876654,1.8849815713830123,1.6540148573652433,0.7835485605519917,6.369751149600725,5.777859172666665
2023-03-18 16:22:01,DEV-068,质检部,电力供应故障,0.4303900740176725,4.958725004964334,34.296376899249154,116.73600156222551,168.71068434154117,135.47466717614446,0.6893591179917778,56.79694234851675,46.84843291365288,8.28430988683755,2.343365725668297,2.1983709425869935,0.753520163616924,3.4129388103840568,5.147738934284366
2023-08-10 04:49:33,DEV-025,维修部,正常运行,0.504746305476262,5.1896917270485945,41.703530255819274,113.59780551081228,180.67401515929956,145.10441355110018,0.7403839436022002,57.12247507758595,56.82416916226338,14.182078575534954,2.113432819413722,1.806039834322474,0.7260135122228436,4.2003088868710226,5.382451222713488
2023-05-23 06:02:27,DEV-022,质检部,正常运行,0.6595896702902418,4.8707892278205795,37.33685945656685,119.6329404167249,175.75234876152183,149.28266671059578,0.685515852451079,61.081307303360546,41.469534286372706,10.987117570672957,1.6865934130406666,2.055316996608565,0.7474864101060614,5.075496842855327,4.911069965792246
2023-10-13 19:28:06,DEV-037,维修部,传动系统异常,0.7161534806220159,5.6214478279379145,40.20403745860231,108.12288610265628,185.49841043518165,147.80992677363787,0.6906456416170909,52.97744830908849,42.903223987446374,13.677983189984635,2.0148555154511283,1.4571150312328889,0.8534060819499834,3.524463545169999,5.697472251242346
2023-10-19 06:18:00,DEV-094,生产部,正常运行,0.5435502947834332,4.356073952285935,33.152370405274134,125.72861107323986,169.9846558391914,157.5394841464933,0.6873694913930158,54.70279742244392,51.38161564763822,11.720893238891122,2.044240367934065,2.047954891774689,0.6229482402628267,5.16251783542329,6.725186868314848
2023-07-20 07:42:17,DEV-002,维修部,正常运行,0.49792083831849726,5.145495714899133,42.734355461185054,111.57614277251976,181.10926388464185,146.34549333378692,0.7202985015978933,61.42762288398996,50.972585700009105,11.691752575753641,1.8950876182003598,1.8725465830345382,0.7794296289952244,5.383851564045829,6.740818837115703
2023-03-15 04:22:25,DEV-006,质检部,传动系统异常,0.6846531215374271,5.458173764324857,40.703164456889695,103.72318723775598,186.6316977707945,143.7588863283704,0.720615630734133,57.768390898304226,43.55555834328838,10.435113554152014,2.241210840099126,1.6643421116271002,0.8395457378957716,5.75004414002516,6.677753583952018
2023-03-28 20:59:53,DEV-098,研发部,正常运行,0.5546010138143074,4.381010649546096,33.17917254729696,127.31775069081527,167.6755552547841,152.2253616211423,0.6409996803522721,54.402752183257476,48.46629114421991,13.220672699744645,1.7374609559421026,1.72682506934859,0.6761624528195437,5.164695265400084,5.613779180983869
2023-10-06 19:04:56,DEV-079,质检部,正常运行,0.6397098262409051,4.757018282433433,37.670746895244726,119.76139711272594,175.37380889749411,150.6499417250724,0.6860891102149993,56.13260606149763,48.81912852066686,12.121731449381183,1.7374953516584446,1.6922314722264666,0.7373090492810257,5.790200449370328,8.11000852953776
2023-09-03 20:26:19,DEV-057,生产部,散热系统故障,0.8565766149687345,5.678801191631986,48.32387545707301,106.69411051160692,183.58014730440192,142.59441999771693,0.8190142382610339,58.01098606176456,44.23099310505992,12.452082089211034,2.1784762432572733,1.9920170643221324,0.8713647422417584,3.8313649709748803,5.077973757294684
2023-08-07 10:02:38,DEV-093,质检部,正常运行,0.6503075217772264,4.8833024716514535,37.296774484920036,118.00124847529362,177.48096072229333,150.5278454902221,0.8278964886603387,55.14847915096461,48.70793647246273,11.42379465598516,1.7975715467432407,1.8088236873961532,0.7709875471859121,4.63310719487599,6.81972476524245
2023-04-10 11:05:23,DEV-014,维修部,润滑系统异常,0.7733436037780346,5.516495980327309,52.60840820755479,113.07058253783727,192.16655498092226,143.35588816202394,0.8500208392012627,61.68855204968096,48.19082424134409,12.623070817926846,2.792341516415534,2.4643263775351536,0.8221295154342716,3.764442924850163,5.749992312275571
2023-03-19 15:56:58,DEV-047,研发部,正常运行,0.5552797005070835,4.377453793504062,32.60787600519887,125.3277498246072,173.2615976622304,152.92482348801508,0.841032597184865,63.01616431256856,49.18526940914902,12.467064385139922,1.1839527699409913,1.7909428048314735,0.757515782610854,5.196084051437077,5.819534633037536
2023-02-04 21:52:07,DEV-047,生产部,润滑系统异常,0.7735822267434532,5.623301776173086,51.06438675665275,110.75037932635107,184.70616594215625,144.06185446468436,0.76770964563374,54.960776953248136,50.169782759045006,11.411591359271211,2.7809368000598984,2.2725850999644748,0.807751811122646,4.649277814935623,4.77260832182159
2023-04-19 05:59:05,DEV-039,维修部,正常运行,0.5094849641706882,5.303153698342308,41.253863539857946,113.06191929442372,180.33059354518792,146.19382260649644,0.8242348282230076,60.7194664504262,45.44016304911701,11.52046863740154,2.0764258129672784,1.6120084352562662,0.8343803801997378,4.885874483082118,5.766203017070494
2023-09-19 09:52:37,DEV-057,质检部,正常运行,0.6401719972869439,4.864401402754535,38.63299858330709,116.65414836834462,176.54966384464265,150.54551677831424,0.7401490930742533,61.6677449684283,47.47554430506444,12.74752383286114,2.1007047963040453,1.9026234481833288,0.8338593879856848,5.998296074580814,4.770416421159937
2023-01-10 16:24:55,DEV-044,生产部,正常运行,0.5538046735507463,4.308844920389242,33.59505703550627,123.79349254961107,172.44046316509935,153.81571135167636,0.7695962885619199,55.78237809848522,55.751699226570324,11.72416797732633,2.1187878690539437,2.8593070422904363,0.8289892386108939,4.3223890739171,5.826042140994601
2023-09-22 08:58:44,DEV-069,质检部,正常运行,0.6616355974943322,4.711923791495927,38.63665634094232,118.51486541169919,177.15120010538337,149.30324972060566,0.7377187149193529,60.625873225354084,51.18946227717302,11.032376182144745,1.9513743846348268,1.6564661081678567,0.8336179844875112,5.317208038028107,7.735553722730765
2023-07-27 03:27:00,DEV-050,生产部,正常运行,0.5597911121746814,4.30829104892025,33.59819435050734,123.4014506530782,171.5241246560619,156.93588513937422,0.7497101834403102,61.04833898223474,51.44074841388423,11.547362784859226,2.3122668019483,2.432683093048795,0.7635172601095702,4.159181974057732,6.05019837685242
2023-02-18 03:16:41,DEV-007,研发部,正常运行,0.5433266791125868,4.376935599900252,32.61142036376313,125.56841593864372,168.11698707479704,155.28314572280553,0.657014910082107,48.87604636394695,56.22840865750254,12.997905495460481,1.4492966263803464,1.9468846217430866,0.7060033565314313,5.176764197619694,7.097997448182421
2023-06-03 16:25:26,DEV-099,研发部,正常运行,0.5414585660818326,4.349907170937945,32.444962683572506,122.59996343108597,171.83367573696077,155.2998160315012,0.7667188476870896,53.19269093511561,52.52395000848245,13.201202298693358,1.9895897728420282,1.6425294723440997,0.9043467460932695,5.592247275759895,5.183561220815355
2023-10-02 13:10:56,DEV-088,生产部,正常运行,0.5590771856030107,4.364292686752219,33.00240289571347,124.68823151328802,168.9099098056612,156.35792054760992,0.7069698461673279,52.9495388985287,48.976384311983814,14.318054270855432,1.9957919778979032,2.2768535270850823,0.824762946771546,3.812262525926673,5.314849304413721
2023-09-10 14:27:36,DEV-053,生产部,正常运行,0.5399359566684578,4.236197182479618,32.4800697673368,125.4262507652573,168.25147962361262,152.93080845546865,0.7476822369413707,60.65298760060026,42.08513651057843,12.244143278935208,1.8540949099712627,2.1816423880139393,1.041442394549069,6.733106738511137,5.585291121796469
2023-09-29 11:16:19,DEV-021,质检部,正常运行,0.6540163236919061,4.725220848999513,38.61622830510365,117.29189466575363,175.08052115671464,148.07256950618407,0.742221712004494,55.42078204364305,52.049687712358995,12.683047044329104,1.6665543824878495,2.14902487093264,0.7622376518126114,4.3505499107217,6.09781083326053
2023-07-17 18:49:45,DEV-005,生产部,正常运行,0.5517909354508445,4.249109720962069,33.39323164174024,122.6863436138177,172.0823458040674,152.06520080521597,0.747145730942518,57.24045630624286,52.97368522193837,11.806569810263932,2.407209532264991,2.167965354055988,0.9352125656766338,4.764394058913094,5.658132206701853
2023-01-28 14:26:33,DEV-027,维修部,正常运行,0.50168536404129,5.106101863836334,42.17426088545902,113.34584066397167,180.6119405906538,147.88272646645785,0.6486598514488225,56.17553259317562,53.94523552241406,12.33661129223499,1.9115144840299305,2.337148738485436,0.7680227540667482,4.6420372274856465,5.452635302652088
2023-11-11 00:37:21,DEV-042,生产部,电力供应故障,0.4218621839762926,4.906887666127765,35.43310534529466,118.36961654342973,168.61748881667185,132.02815874199845,0.8301619247917825,55.619114797782224,49.04511785061149,8.395343341104082,1.6815828977769633,2.2985020549288566,0.723877980764869,6.330855334510833,7.303649625783591
2023-06-06 00:35:27,DEV-013,维修部,正常运行,0.4900009624778862,5.289813912128928,42.08464383531807,112.53911811099776,181.1855477774815,145.35594029986652,0.7532036135418924,58.51841244346602,51.9592768353446,13.597058764886954,2.407693665333808,1.493850978977088,0.7665337479658008,5.082210855281908,6.656658746298592
2023-02-11 06:06:55,DEV-085,研发部,电力供应故障,0.42881212189507534,4.783925447184496,35.049546617792345,112.905401525494,169.0318771567165,133.02955521751537,0.6691083977765364,60.177513495215045,53.04576572640161,8.479294863290802,2.1402072490962714,2.031224127456116,0.9659769344441954,4.652814841187302,5.915762001915804
2023-11-28 16:28:36,DEV-063,质检部,正常运行,0.6412996310633429,4.891720860062496,37.40404532354679,120.03877633916863,177.89504607981885,150.152162890917,0.8084142168143024,53.05055693551284,54.547252030982634,14.733810744888485,1.9724244338932218,1.9288485350274127,0.7810206717494291,5.113923194596193,5.676265402197202
2023-08-06 05:52:49,DEV-043,研发部,电力供应故障,0.4311283688723919,4.967739976838212,34.65858376408881,118.00948662205292,175.63261548993344,138.68172320740834,0.8642148940288619,58.29665212138863,48.71493700953767,8.294074208079763,1.7471747054050242,2.464893930095229,0.816017766838545,6.072014508454167,6.986669565824082
2023-05-12 02:54:47,DEV-061,生产部,正常运行,0.5578166730740355,4.221734239367624,32.809837799228845,125.65687039984554,172.80899961075318,157.28155922070215,0.7735846190067435,57.54485909427676,57.73868051649265,10.732556099908429,1.3721409762252632,2.227734644486294,0.6980477868835168,5.701485830377924,6.668073552177301
2023-07-14 14:06:52,DEV-024,生产部,散热系统故障,0.8320877665116376,5.777116700450469,49.16295412656735,111.21061474554864,183.4654456097415,137.09352058904042,0.7176463864814842,56.332014745394865,60.49001374227137,13.05487553456184,1.8529675081173975,2.2706242867044,0.8276790275903693,5.683573237242325,5.47036705155763
2023-01-09 22:48:23,DEV-066,维修部,电力供应故障,0.42994917881586986,4.860669159712891,35.6898219148804,111.75041176971337,175.6394746811964,131.8140861003075,0.7708742263397839,57.459514762706185,41.05760989501014,8.408934769174829,1.8427414524975352,2.3424141948342987,0.9758648365160888,5.70634917299108,5.863271167930865
2023-03-12 02:35:18,DEV-034,维修部,传动系统异常,0.6903337730945187,5.539832813944029,41.09695031727473,105.6373039890685,191.4776617190495,151.8605860495858,0.7136881864312683,59.04908277320567,44.58729655335118,11.48089801769629,1.8016726698729788,2.065804151616229,0.759609967734813,4.7458200727454125,7.0430746625333605
2023-09-15 02:10:32,DEV-067,质检部,正常运行,0.6379425602553846,4.868377002307785,37.59084303348543,119.64603546699873,172.4743762939182,150.48131378214325,0.7644440805530592,59.7697933595674,52.73160723908529,10.82424369350831,1.920645967790243,2.0443653273075384,0.6832272729497373,3.565411446997642,7.185040462560449
2023-03-25 21:05:20,DEV-073,维修部,润滑系统异常,0.7905327838759413,5.710853054118819,52.600818113068485,110.44462041046577,190.66079569088893,144.61387819992026,0.7881480463367786,57.03476888371272,55.16780169682645,12.878973205295388,2.7983786479761927,2.0703578635041326,0.8111302145007122,4.334487533270972,7.9673128582129245
2023-07-30 08:14:04,DEV-088,质检部,正常运行,0.6526943291010868,4.750407864430851,37.877864976298056,117.32456863285621,176.40405766100474,150.64459905616496,0.7757355904399549,49.05281997347485,45.655902535579585,11.014982827453615,2.4615582691936373,2.1566082258759276,0.8117979742629033,5.205226932337031,5.675977320826206
2023-12-18 09:45:05,DEV-049,生产部,润滑系统异常,0.7598346294082352,5.593423553375192,53.474868778113674,107.28166806242139,188.07583577465581,147.9023416673136,0.750580430146958,59.05284693433501,51.89151979465447,13.427621020149903,2.8725333039915797,1.8351414776603587,0.7650729777441094,5.864319365342021,4.841681300917142
2023-06-14 11:43:55,DEV-080,维修部,正常运行,0.5046320868103894,5.17233561463179,41.33829070318904,112.84512983414447,183.44630938563336,146.31430573652483,0.7709757350493097,57.367199236112945,46.721679828647545,12.044651568960035,2.0614535958799443,1.3882488256917271,0.8047672171506686,5.267334447521939,5.5960950597547585
2023-05-28 23:01:06,DEV-012,研发部,正常运行,0.550570611250309,4.2949427041129935,33.288467954274424,123.56909205679953,171.9685821624268,154.56268812471046,0.7258967947122784,53.783275100896795,47.76766471094003,12.080862342489414,2.204026212025234,2.289575544173652,0.9640526403514258,6.499770069967859,7.31885904547364
2023-10-14 12:22:07,DEV-011,生产部,正常运行,0.552262620368704,4.339136265483584,32.49200563937179,125.44063032733928,171.13536678371284,153.1444196260655,0.7682274634997106,59.69669886674361,44.190650173999394,10.024879492424892,2.7580003508835547,2.116570182186814,0.7399688913937604,5.312895181609232,4.956910301415051
2023-01-17 14:14:32,DEV-082,研发部,正常运行,0.558585205679507,4.233763891058248,32.345065032070295,125.0100409886959,170.5652691994795,155.489584985834,0.744382868108792,52.58530629060139,50.72796190059235,13.72285568392099,1.9426875387885776,1.8788585789473429,0.8603693897130025,4.527541295787498,4.218083985395066
2023-09-29 08:37:08,DEV-059,研发部,传动系统异常,0.6812937743006205,5.389780171814564,39.85411226735653,107.07315472510777,185.6828699248424,144.48822972269477,0.7764120930358097,55.703580309745696,41.27338654212082,12.108508752258974,1.9151414803931788,1.9310789977504654,0.7084276086504843,5.4777469128967065,6.546621925671978
2023-11-19 05:33:48,DEV-017,质检部,正常运行,0.6381268070658644,4.821987586497571,38.293949041975274,116.14666977431253,171.83608305926435,151.70947292670436,0.8394528578814255,58.79494881615771,51.85642474444154,13.936811703481801,2.2164755585806013,2.6562576495300703,0.8940186114957143,3.645955786507946,6.682599238641689
2023-04-25 19:56:19,DEV-089,研发部,正常运行,0.5460967246790734,4.225619095872136,32.383437930334885,125.52571098401434,170.8102005251345,155.1834468563574,0.7161678663941832,54.00936321166483,52.3509482432744,12.208229272487799,1.747072730385291,1.6687066819895895,0.8567351366724684,4.051589825451894,7.2043115337352175
2023-07-05 21:27:53,DEV-029,生产部,正常运行,0.5422948988015073,4.377627346660836,32.592814168919254,126.80884855085196,167.38062770061293,157.29197342027555,0.7913640155507963,58.22756818341157,53.670493015795365,11.990434932963078,2.241577455432017,2.076391638097453,0.7503143566622941,3.9742640547541326,6.7430776943702195
2023-08-18 20:49:48,DEV-044,质检部,传动系统异常,0.7095073661703681,5.509215232108069,39.72600621941937,105.71181423339621,193.10485938124978,151.9173198118415,0.7514738179476252,58.37081692516384,55.183571850406615,12.692634901374161,2.2039832297727617,2.263775299664216,0.7087191471781566,5.556052622916931,6.427635295432377
2023-05-21 00:44:55,DEV-096,生产部,润滑系统异常,0.788382812372749,5.758020697873554,51.33809346171772,112.08012433102458,190.01285553744887,144.91135194645682,0.7677182420522886,59.15595649961026,54.77059230253091,11.239222078210789,2.769492423081104,1.9499698713545164,0.8900983975610618,4.666979559947576,5.859078256609159
2023-03-14 23:09:29,DEV-063,维修部,电力供应故障,0.43141141511822145,5.018425569479972,34.088906331541786,115.1471880953548,172.29761901144963,131.41148475788862,0.6084561198073797,63.858540431480826,52.21716034447113,8.265160891654814,2.0635477136054585,1.5416093750835667,0.9059390742112164,5.99043930952528,4.952629371493028
2023-07-13 10:44:00,DEV-049,研发部,正常运行,0.559062452109635,4.313442344567533,32.860959635544226,124.90339584292751,171.88523678255666,156.6661258915859,0.8136721528762091,58.32945086871202,53.7105998389224,11.507102077735444,1.8802732392717303,1.9022791324665935,0.8433511272242219,4.333053421059547,5.817008892774554
2023-04-04 07:52:50,DEV-099,生产部,正常运行,0.5543694860276919,4.298540033109633,33.508781920034245,123.66457280444517,169.66582544179974,152.49932155642716,0.7217003360183896,55.04025638284697,51.951222204120405,11.700295753615592,1.3064484721037815,2.390998904698738,0.9380624648073023,4.875381065903142,5.585350827616805
2023-01-10 11:21:48,DEV-044,生产部,传动系统异常,0.7179113901213239,5.530242293838156,39.58740400567267,103.15509930864617,187.16947674012604,152.32719762055774,0.7329976811640301,59.56131182775014,46.893501391939985,11.281319479344663,1.8168996005932356,2.338033864877129,0.6084532527902661,5.7846989342425115,7.49820386536991
2023-09-02 06:51:41,DEV-005,研发部,正常运行,0.5585404627330407,4.361088058243591,32.56195176495019,127.05616726296171,171.33485496442864,156.34122091681922,0.7537956151060595,60.189522901974875,56.101001741654414,11.813350969473767,1.5194197298700933,1.8716550499379065,0.8712019994285344,4.571154927659345,4.666270818954836
2023-03-03 01:26:07,DEV-057,质检部,正常运行,0.6569550808142518,4.829533471893839,37.35975729781872,115.87903902050142,174.2191171703459,147.1601245588753,0.705606590016729,59.07062799587611,58.921238503451605,11.502812955647407,1.993053060280953,1.831491151967742,0.93049064792902,5.2579476988417655,5.328681645865999
2023-02-06 14:23:56,DEV-087,质检部,传动系统异常,0.7124976790384494,5.503481600065245,38.94202457406273,107.63725907659615,193.05196737595057,148.7530697114222,0.748466927098265,59.15004627684173,56.43803062718473,11.27264838376724,1.732798504783692,2.1333862828296226,0.7518087520604355,5.077505051324358,4.060066093767226
2023-11-03 05:37:53,DEV-039,生产部,润滑系统异常,0.7885968661900387,5.4893451094685535,51.3153025573277,109.03266278211481,187.48840341454968,144.27049067315,0.7893498202155078,61.700620858797556,51.00784810393945,10.84209010214864,2.7424151439630906,2.177918913301186,0.8780862656619176,6.262687078875988,6.8524771956288495
2023-08-10 12:47:57,DEV-054,生产部,传动系统异常,0.7183767760765303,5.576245026999585,40.100598294462635,106.99209147028141,187.61151736375388,145.89981557294172,0.7015727113526609,57.71772677239171,51.60569355983289,11.770063375795443,1.5774413657850674,1.9763277670398836,0.862313470561638,5.088957580428399,7.012985276505719
2023-12-01 14:05:07,DEV-019,生产部,正常运行,0.5395489414582898,4.2321699386895855,33.11446610371843,123.11929303233173,167.61604088299663,156.68712600624912,0.7819576895943554,56.680822765823,42.69972134477283,12.24535074495322,2.3590415558769564,1.7605099922332261,0.8087145582708226,4.654899477685274,4.685901117090287
2023-02-08 16:18:23,DEV-025,质检部,正常运行,0.6455214278732994,4.72619627723741,37.830719037322794,115.81568644556724,177.9232048738333,151.03866808874716,0.7757640865257115,63.797413982911586,39.12247802212316,11.60581201960008,2.2823522162698873,2.3801414488262447,0.92359791235609,6.159886452818604,7.649947201607178
2023-10-28 21:55:45,DEV-060,质检部,正常运行,0.6600099572696053,4.805810905465901,37.9103688858572,117.54917132249834,175.50699431603425,151.82386187640537,0.8121313280564146,60.03238818610781,49.05567838197813,12.985965822881116,2.2137703771679127,1.9316706827648455,0.7897478556676996,4.56317910798684,5.1702526613315944
2023-02-22 21:07:02,DEV-025,生产部,正常运行,0.556425854524627,4.30482828281873,32.8707949490553,122.64721257372416,171.72302088330613,157.9275288833939,0.7735785759460544,53.535947733319006,49.41675059693924,13.5951450477282,2.004405935860762,1.2005367654989914,0.8316660058224806,3.653249136907787,6.897836618512878
2023-08-05 21:44:14,DEV-074,质检部,正常运行,0.6490593646879592,4.820951159464953,37.24986407250824,120.31149204300097,174.0475721838283,152.08856798280672,0.7648925855350056,56.66689570901899,46.52500316613457,12.068373162927932,1.9414780836922785,1.887165473233016,0.8437223949526138,6.688636095168649,5.785762722290816
2023-10-21 12:35:01,DEV-051,维修部,传动系统异常,0.6971147187445731,5.406620134995135,39.83803309853755,103.58145692381622,186.29366215578173,144.9671964578187,0.7088606682145867,53.31670778983986,52.25713973643255,11.82997254686631,1.8588593196841108,1.6270038952960961,0.8169537584320629,4.911842676938577,7.439227580309016
2023-07-05 00:29:34,DEV-033,生产部,传动系统异常,0.6981596364885985,5.502112240767248,40.27856061678415,102.25344704243152,184.67011261926422,147.28862466769613,0.7781008640367466,60.562532117914756,51.309644466148946,11.28125781571688,2.0895692641674692,2.0480068845246873,0.8675671659179708,4.976586124390496,5.0696872417280945
2023-06-01 16:08:04,DEV-067,生产部,润滑系统异常,0.7775205480602342,5.576417952428357,52.05482488725291,107.51621434834152,192.91189475617114,148.80547260673632,0.6863902124550045,55.223722424596914,51.996965554195256,12.808813966624795,2.7302546799300567,1.7272449242161492,0.6738196622276952,4.743532982871889,5.480020342246093
2023-10-22 17:52:13,DEV-082,生产部,散热系统故障,0.8722294656272883,5.9333071373870965,48.27092675982737,109.48879459389035,190.03827104346095,142.94496937667938,0.6816058736433976,67.10836058812494,50.974878952891224,10.784757155034187,1.5145980617114196,2.2905071673266315,0.8626901962372242,5.013222717962566,6.587821567245555
2023-09-29 03:34:27,DEV-041,研发部,正常运行,0.5599314558279603,4.3851089185621435,33.27947410358478,127.4057186589591,170.4728705010563,153.50915905569175,0.7573336864642182,58.28643854458104,48.26346197797218,12.271859710599056,2.0263882728183567,2.5069125977808273,0.7730174457003879,4.258670272001639,6.489256621277058
2023-01-21 11:05:11,DEV-047,研发部,散热系统故障,0.835045100297974,5.689510354348155,48.17068097707822,105.43699681527605,188.57025455086998,137.70926414734993,0.7709428002037035,56.575464001318565,51.626556032645816,12.328324338722643,1.96685614790317,1.5217063197555385,0.8377525804209643,5.423921379866749,6.355483734466246
2023-01-11 16:32:52,DEV-076,维修部,正常运行,0.5049885045594221,5.276118813967879,41.85953871432457,113.6367963932191,181.0502019976741,142.88652513989976,0.6586242206728067,59.50737145999566,49.3725411757585,14.092953664839984,2.0764661136353846,2.2694112836098825,0.8492622940986431,5.588913472112941,5.32016127217364
2023-02-20 03:46:10,DEV-007,生产部,正常运行,0.5390441550084575,4.364058365496045,32.925801266807994,123.69429939816612,168.38697181201684,153.3913349384913,0.7251226179860678,58.63268019385028,49.655041866264305,12.756117659032636,2.102087348764391,2.1142794268490914,0.8216295084732933,4.532239699491306,5.3484151913576525
2023-08-10 07:53:41,DEV-015,生产部,散热系统故障,0.8491647568777696,5.700040749568512,46.64223915120921,106.48148131958793,184.52459254212104,142.41864800611694,0.8390580134308796,59.934799565393085,55.94211223325357,13.2763251342599,2.047068565318149,2.586846572250133,0.9832003240383179,4.016970528989421,6.023888600340303
2023-10-15 14:37:32,DEV-060,生产部,正常运行,0.5476828975216034,4.340215098798065,32.99722364740939,124.19216862115464,170.85319385395618,157.0894698151187,0.8765240971791072,58.30684785597903,46.145692653873986,12.008672927183593,1.993150126532164,2.136618040000914,0.857122961815588,6.268882559723411,4.903803332194575
2023-04-23 21:47:47,DEV-046,质检部,正常运行,0.6412164389055669,4.893103635075246,37.35551012960006,118.84388040906836,172.732578431222,151.30031151460585,0.805396997787464,59.74795753234777,44.80633304642783,11.219732069657455,2.158189136773345,2.0957920226512536,0.7358242215634333,3.6170694739761977,5.317721491732772
2023-04-06 16:23:51,DEV-036,维修部,正常运行,0.5073423321441944,5.212868271965905,41.560842724447774,112.8057046139531,181.72734307522109,143.48176968394307,0.7075046478196961,50.26788806823555,48.88936841974781,11.217856697178139,2.379083272816561,1.6198946045136982,0.44813561805500995,5.706155887466433,7.95605993246276
2023-12-01 20:08:17,DEV-061,质检部,正常运行,0.6375877154233399,4.750817804153492,37.471912820939615,119.6953722627658,174.77280694785637,149.4253202633593,0.7937060493578765,59.44125889683946,52.9127281263293,11.779399859560776,2.2221731253951322,1.9394165496178866,0.8744211666374426,3.834295978327285,5.648953128046997
2023-09-01 02:38:53,DEV-097,研发部,正常运行,0.5609767451635714,4.3335273917876975,32.55155191073357,123.68583840649298,171.30862927244252,156.73451854273057,0.6996771193536812,54.46623926712406,50.56402954476859,11.442284347209581,1.7078454417281126,1.4081634342321878,0.7424106050844752,5.496085445407781,5.35681614742252
2023-10-13 01:47:52,DEV-064,维修部,正常运行,0.5063642400274093,5.097175637806966,42.82655497514495,110.57936410003481,179.78579269675183,147.15777246208862,0.7517344701518037,56.54047583527158,44.82251606637206,11.425071743297176,1.839181420063132,1.5682927116385414,0.8533582891044444,5.10129132347951,6.5731211485759475
2023-09-20 07:03:29,DEV-048,质检部,散热系统故障,0.8665847138017666,5.772683852324224,46.57502280482916,109.18452052120762,188.4184828895091,143.3769771908865,0.7824236673494853,58.923695397394845,47.69091713221065,11.053306319115793,2.275451958260994,2.162744307487314,0.7175292505588381,5.044089264729177,7.07868058418764
2023-12-08 05:35:16,DEV-085,质检部,正常运行,0.6405579743312453,4.717386129760076,38.59797518821374,117.47057775237556,173.51515774648777,151.34817752557095,0.7343149541154222,60.35627751381271,50.0890473738956,11.395330383219491,1.6390973221847185,2.3617738785870013,0.6442355600168238,2.9075900568017943,7.229025821221946
2023-03-17 01:33:54,DEV-076,生产部,正常运行,0.5562686656666606,4.230020167555718,33.50489092819328,125.85431677273807,172.5517789320744,158.06576098178726,0.7161149183846192,57.295404907122894,49.21602538505072,10.688109394169855,1.8510975872566988,2.02628176940471,0.8570512867976935,5.365894486265442,4.2780349761265235
2023-11-22 04:41:47,DEV-022,生产部,正常运行,0.5435393418049275,4.276654416100269,33.00451079752841,125.95197414314683,166.86732255091948,156.85634447323608,0.7966225019988271,56.19142476359392,47.207547538945796,10.765277278177674,1.8206140532268762,1.355648796399754,0.8687361961684092,4.276198642853644,5.03007989399621
2023-05-04 20:50:43,DEV-077,生产部,正常运行,0.5395344394747952,4.355809707954054,33.54944842033308,123.53837324179554,170.26722819407297,153.6233405742121,0.6670893314860782,56.587847480716405,49.179469700513366,14.082228531793398,1.3895543932082912,1.6411416915644483,0.9118920830730592,5.777348999084639,6.619341724945429
2023-04-28 03:16:53,DEV-071,生产部,润滑系统异常,0.7607496130749521,5.624305691714816,50.92478858903664,112.0872850713079,192.90253402388356,146.80690950921257,0.740508193575985,59.51659119389339,49.39356962938385,12.966659958144572,2.7900085658283276,1.9312719431708785,0.8407524468075891,6.050961197233627,8.462877668540441
2023-08-26 19:11:31,DEV-025,质检部,传动系统异常,0.6902016654950678,5.562299599802851,40.26866319020615,106.3604974737117,184.52457771245332,144.67324670243516,0.8156093652683007,55.352740446024335,50.2780924791271,11.348006615450442,2.04504320583266,1.3689216105569841,0.8558862388151689,5.650215413919199,6.554138048165307
2023-02-05 12:27:25,DEV-070,质检部,正常运行,0.662857315826845,4.7212668280106245,38.47324637839811,120.04814100702902,177.88480942345973,150.36343622530688,0.6780021531529228,60.40870120024025,45.83515881506171,10.606327588574784,1.6054948971538647,1.9791640726748458,0.764310651700252,5.262774977543991,4.7136014589102295
2023-05-29 17:37:48,DEV-003,研发部,传动系统异常,0.7124078000435075,5.645010054939939,39.836543588944544,107.63055482227921,194.36258411770288,145.03449939103473,0.8618265252583042,50.71442106594147,56.72838274388676,11.166611853573109,2.1993309406195416,2.0216620021719818,0.8461449200016875,4.467183352335649,6.421914471492934
2023-11-08 23:46:27,DEV-031,维修部,正常运行,0.5018098269130961,5.1075786097033005,42.81608957778569,113.34408279688891,182.65542531574644,146.12690681322908,0.6650256940310624,54.51190710480138,53.02742950842865,13.904840023991346,1.7104198722896107,1.9267568311696612,0.8284627467358082,4.887721300139715,6.3144132313047034
2023-04-11 19:53:00,DEV-093,研发部,散热系统故障,0.8423991523235858,5.744786280745675,49.413362110577765,109.41791940326634,185.15386500153556,140.66675546837968,0.7340517963669843,55.41675913047861,46.79526475774851,10.773997179428111,1.9592249051980601,2.04336571545788,0.7018191409506651,4.014183184125481,3.6202916802114387
2023-02-18 03:34:24,DEV-044,生产部,传动系统异常,0.6869879041706359,5.356344144489779,40.13027149236079,107.02918212233416,194.54244304996442,148.4102968793917,0.7596050894443498,54.79263450201575,54.88258824889596,12.33580298953216,2.030238168780579,1.40704805236037,0.9656635361190834,5.218129347230108,7.3769879479578435
2023-10-08 20:24:37,DEV-001,生产部,润滑系统异常,0.7970140620943501,5.7572272374979505,51.4559210197939,113.22649356117167,190.84602927941037,142.60088299294745,0.8994266751313122,62.06971997765926,49.782568516970386,12.010536426434555,2.7975256583318115,1.5955019831545585,0.8738453759416581,6.807924838564804,4.500549601567889
2023-06-26 21:54:05,DEV-003,生产部,正常运行,0.5422406296056617,4.300991656081586,32.94156016889792,127.48581407139729,170.7562188391457,156.77595790380542,0.7644005381551212,61.351942639329785,57.94302305327846,12.809647041764054,1.8732007926050975,2.2218897403961435,0.6163761652955461,4.483525905995909,6.13138764666069
2023-06-30 06:51:51,DEV-018,生产部,润滑系统异常,0.7785224781608335,5.691616745826804,53.3496731205197,111.08108244290818,183.20228610820854,147.9722859447297,0.7776728077074724,53.55244418874666,49.67879426316311,12.188588647250116,2.8329809930028556,1.6946143127035977,0.8558841314446559,4.558265935715468,5.679688000994847
2023-02-02 09:08:30,DEV-071,维修部,正常运行,0.4960336838734891,5.234719829760902,42.747111495859365,113.85471182865793,181.18363258662492,145.03992758363665,0.7872352753073247,56.95143142796036,48.66859633595366,12.279375387101414,2.433115288193894,1.4897455938728528,0.962598804386363,5.096101522912657,6.037142740775123
2023-12-22 01:44:02,DEV-016,质检部,正常运行,0.6488249738797491,4.760904423317193,38.75344133557342,119.26319480915446,176.34718490867866,152.12920190742088,0.6949279497958293,57.86849162175067,39.08020296932343,13.326128483735886,1.561846458554834,1.7862197243119506,0.74205037174377,4.292410099752059,6.979492625110417
2023-12-03 17:22:12,DEV-043,生产部,正常运行,0.5582443602924445,4.340838207925465,32.673745368911185,122.83642306460757,168.42238141481377,157.55569106804546,0.7149543420536729,60.65005179999421,45.26456149176593,10.939567951329972,2.1352855529651116,1.6611478422579646,0.9756378677043845,5.545030552926204,5.537805663101935
2023-11-04 12:41:07,DEV-028,维修部,润滑系统异常,0.8020813787295068,5.550198240882346,53.00003604330798,108.17460918654783,187.06705746039754,148.99728897969686,0.7662790360596369,59.17561045617889,49.407696793048935,13.145243487936966,2.8084912008560416,1.7337119229229623,0.7022395349185581,4.208825258947786,5.243047428944034
2023-06-30 10:06:44,DEV-013,质检部,正常运行,0.6383372435449743,4.884570885707796,37.933164541469985,118.82530339747532,176.3120850922399,152.24701255369607,0.8127353000234981,60.56698388655057,53.0080114634088,11.710984262622652,1.80055601937074,1.972545248964735,0.8332039474765929,5.435091962558101,4.733897512675658
2023-09-19 14:39:32,DEV-093,生产部,正常运行,0.5534969186341199,4.332005065853093,32.36946619222499,122.77019796173951,170.2222085408205,153.08441996211246,0.7768289195368653,52.55830013124997,53.21987966512708,10.790041864671121,2.091044689561,1.8259250238668003,0.7090193492537011,4.519553247717177,5.948249981432278
2023-04-03 10:05:28,DEV-020,研发部,传动系统异常,0.6830836943706099,5.527980481568349,40.38407871707815,105.89195702228447,190.45405428069932,147.91982512295021,0.7273166759991284,54.92331037172155,49.426491013210054,12.205793810705684,1.9636943095365982,2.2828701326943546,0.8564691961853194,4.282990698309653,7.804849766383223
2023-06-16 14:52:12,DEV-079,维修部,电力供应故障,0.42601022554372775,4.969067316758068,34.40894217700463,112.32640724008532,170.0469838275781,135.61057200685423,0.7223713542968128,58.32406130095547,52.194834138002385,8.448756918726843,1.5357175773447913,1.8709292845770347,0.7385315591732964,5.877415228445445,5.476098958566514
2023-06-11 03:30:31,DEV-013,维修部,正常运行,0.5015115425139685,5.1923724115216245,42.26909003796689,113.31992802379997,181.80941252869567,147.56511480721966,0.7560863035189369,51.58893732805914,47.339623350913996,10.363322719900475,2.250368412302368,2.521946173791578,0.7753590504389405,4.357891014475718,5.364676996599686
2023-10-10 12:12:01,DEV-034,生产部,正常运行,0.541640586482859,4.326436812192789,33.597321567092024,124.90013544814039,171.57884049355187,155.41374397965598,0.7267445194700561,53.43569558320572,51.16036409876791,9.809142931545015,2.2200189148859337,2.24850213554694,0.7191119437355598,4.311936670333915,4.939775941177506
2023-01-18 05:13:56,DEV-071,质检部,正常运行,0.6382939471113029,4.804629415915575,37.289909852207494,117.85089305251498,177.6969798036783,149.16954159852185,0.7867064439968064,58.33931145539264,47.45060676388137,10.551730396901009,2.1790070851041636,1.9861167913552777,0.8025558685757891,3.8126533866322405,7.063318821838035
2023-03-19 19:32:21,DEV-023,生产部,传动系统异常,0.7124150605113362,5.343224199650346,40.34381424502144,103.96519346223087,192.55147744868486,144.62784817037212,0.6792948329477214,57.52257374521738,50.30720983525955,12.102638508629601,2.4513674155742384,2.021122858423716,0.8768090122560476,4.220228651985621,6.646482958736554
2023-12-03 09:40:46,DEV-075,质检部,正常运行,0.6596909925855691,4.758016462234831,37.3847314801855,116.8361799805994,172.22805942341245,148.93453299668073,0.7468526628886666,58.222093768653714,47.87722962861515,11.581381331667702,1.9841907449198384,2.040505970354972,0.7688037462570335,6.523989977008475,5.769860740393945
2023-09-28 15:32:38,DEV-076,生产部,正常运行,0.5431323911702606,4.374784691850411,33.14610093723044,126.96079066594908,169.61593725385708,155.60538874931297,0.890460895576622,56.48266353528963,50.74853865188782,13.638883283443736,1.3249298651531243,2.379106213467086,1.0335444366771946,4.566592216926711,5.619037686650703
2023-03-08 14:25:39,DEV-003,生产部,正常运行,0.5525278663204727,4.296976859474293,32.46362783744187,126.34044689209334,171.6811275866024,153.83256059325544,0.7272539499531848,59.32346028857359,47.47606445263609,13.841087767558664,2.2077820982118372,2.370299534485171,0.7909781408975228,4.667293718078364,4.710198174564659
2023-07-11 20:28:08,DEV-015,生产部,正常运行,0.555222914534064,4.245352827097864,33.084433921464864,126.70354992938965,167.206589435242,155.21908049689625,0.7459282057099416,50.649715400577065,48.72419850914699,13.551736600315273,2.1716964602839717,1.4025677191079526,0.9008498423853777,3.929668839707527,6.594938850286535
2023-11-30 19:54:24,DEV-020,生产部,散热系统故障,0.8641199474249041,5.786147258229472,49.102137036521434,107.36326134613212,190.49403513520292,135.9568682617067,0.7829116266402849,60.78468373478156,51.126115390455425,12.96594476989289,2.1050382326738233,1.6919778182587877,0.7200653993667941,5.831976830319047,5.701966160470523
2023-06-19 10:28:13,DEV-083,生产部,正常运行,0.5443858362813399,4.31279159256911,33.35424179035423,123.94414714959804,169.38125260980667,155.14864005665143,0.6996430960510002,57.51999041494865,45.08781249301237,11.266577170023035,1.907978688628879,2.5078047206715994,0.6981984796251446,4.922533554042941,7.299983964069498
2023-09-08 22:19:08,DEV-090,质检部,正常运行,0.6440270814005963,4.745373194983653,37.78037323529485,118.6580476583241,178.14324322982804,151.22268442075824,0.7220061712950221,56.321979383421095,51.434290972892754,12.241063817705049,1.8892333110332216,2.3544419010444515,0.9515153739637205,5.276453709869996,5.133938414392155
2023-02-20 05:04:58,DEV-040,研发部,正常运行,0.5606888856890406,4.267084815546119,32.51202760964707,123.49541156413979,170.59638195272203,152.2970698479617,0.7407294010263171,57.698517922490915,46.425624391124316,11.400369814293267,2.158613042563112,1.7234968266084005,0.837571926321645,4.7572088678528655,5.370909499724072
2023-01-12 09:10:40,DEV-014,质检部,正常运行,0.64456826888985,4.882167203019222,37.37335765410461,117.80799258073347,178.13227719264154,152.40621150191086,0.6982076395676711,55.05520443072261,44.04772310384688,13.246299049306861,1.6265955680607436,2.4107740381630514,0.8202882284369221,4.00748876042542,6.357795609584395
2023-05-29 22:34:40,DEV-090,生产部,散热系统故障,0.873985615875928,5.65505866535621,47.27049004048612,109.13810582807871,188.39749159001857,138.70635037017666,0.7348165755714873,57.493880718557854,51.63423423178602,11.507715854981805,1.7607258321604582,2.4526971207604173,0.7339277296415553,5.357011905021865,6.013214051676855
2023-07-23 21:33:13,DEV-037,生产部,正常运行,0.5555717098491081,4.344856655574384,32.4191031756642,122.59392163043591,173.22276076071972,153.0989724888927,0.6945801577235615,55.80603976693594,48.43904450174077,12.533075541211792,2.1110426299699894,1.9600067668004997,0.8860604494632385,5.290817675616015,6.487442986382457
2023-02-21 02:29:29,DEV-063,质检部,正常运行,0.6587061907539555,4.7826179420817825,38.17828661621629,119.88811138094447,177.0278615891589,148.16325839635692,0.7731192352167303,57.3895378407492,56.313113165274984,15.318105238628226,1.5777790048772655,1.4180933554845438,0.5927063912745028,5.117213430535452,6.405504557982502
2023-02-27 15:32:06,DEV-058,生产部,传动系统异常,0.6826485889889042,5.517283618331502,39.63038163078722,102.0286149588915,189.5551062351675,148.62679922103945,0.7188278496652775,62.20290416538241,47.35709652475627,10.826205123817477,2.086194666969628,1.950757456532355,1.0667041978920007,6.682808169784615,6.299397141450642
2023-03-14 03:23:40,DEV-099,维修部,传动系统异常,0.6907510923274521,5.438772137540173,40.078382711000394,104.27523315845096,195.35698569145362,146.57503631850946,0.8409345076436001,54.79117004608215,48.19061769583653,12.733331975477373,2.204773079962067,1.3323584945210492,0.7977951905649725,3.6531382505252803,6.37738637408993
2023-11-24 19:06:14,DEV-073,质检部,正常运行,0.6505255299076775,4.837638668587993,38.672056573066214,116.48544302122083,172.22281166605256,147.3125274415629,0.729074859314402,59.08454874265591,53.26592334652604,11.72654597404994,2.1878635227600736,2.2899977872128656,0.8806248813686193,5.1435570283080745,5.211727452633358
2023-03-07 05:38:23,DEV-046,质检部,正常运行,0.6432840491389112,4.802695459048808,38.052221352408395,119.72831348765854,173.62735695467276,151.7882546601205,0.7733358216090277,58.69182046821607,52.502324869261315,12.917353027902392,2.2732245179334045,1.8275456865943773,0.8123809810728287,6.893824269104633,7.9557788556618405
2023-04-22 23:53:12,DEV-044,研发部,散热系统故障,0.8614762965859476,5.637042379841535,46.89894731883569,106.80191553092277,183.0367254281042,143.36433384962078,0.8236952414555054,55.06622617569514,55.083198971712214,12.2717000600579,1.4670180567171414,1.7261664925572258,0.9928363630894281,5.32595616842169,6.839164025621762
2023-03-09 18:29:03,DEV-042,维修部,电力供应故障,0.40835023156378647,4.828159521768548,35.817337821187635,112.71661405412458,177.12943171398618,137.47610978517807,0.8943041470575488,60.011639543930265,50.935277593158055,8.477629642095899,1.8365026876147894,2.0637660877482045,0.8673133675676633,4.692040761169518,7.070310363822456
2023-11-11 01:18:06,DEV-002,质检部,正常运行,0.6440587920661105,4.877614711950252,37.80957739517121,118.23537961630369,171.8540117267696,149.55672742771338,0.7252482320958966,59.13934701300034,42.32506144422452,11.47441968230498,2.184856232905607,1.7516280727803972,0.6066926956233529,4.450211720564606,6.255911221676762
2023-04-03 18:45:41,DEV-095,生产部,电力供应故障,0.41876559680717274,5.00901229153578,34.83975806057762,115.57582355777882,169.01927889953964,135.1027594353654,0.7285545251300637,53.13917400913882,48.98401940132291,8.358657228065692,2.129906632906534,2.73663430973083,0.8301979051306173,5.158717448166738,6.192864689656927
2023-04-17 05:57:42,DEV-023,质检部,正常运行,0.6561594523013651,4.843939011718005,37.25292477544625,116.6813448472244,174.94335960265408,149.5202082399797,0.8341003359593511,57.138951459805746,53.36780281133005,10.97318387692763,2.0696054172867666,2.760899252966015,0.9113467056132978,4.859998755767969,6.1154707138459505
2023-08-16 22:55:34,DEV-050,生产部,正常运行,0.5476573313782755,4.280305044248791,32.717525038231784,127.49248162401226,167.10066706116118,155.88629706357156,0.6737556923516022,57.71666978143096,53.8077577722284,11.46430881846511,1.7426706991798564,1.6211896884959203,0.6278819124687435,4.942532346225355,5.6005163233597015
2023-11-10 09:04:39,DEV-035,生产部,散热系统故障,0.8517112239586551,5.6349886032361995,49.31701584983762,108.45520292826943,189.15685888762212,141.9708934364363,0.7437004069732659,57.56778351340343,55.412662237163225,10.383166316178054,1.8510878362789993,2.0389655219192506,0.6736299879823514,6.041613143423456,4.538474653461606
2023-06-22 23:14:52,DEV-087,维修部,正常运行,0.49590602955143664,5.124412987959444,42.25475479760183,113.06891661243284,178.6725168750961,145.8400291033294,0.8480156621212894,59.06747016229696,48.56683031913052,10.147671324112522,2.0903406376564746,1.4825211536483827,0.660215359495582,4.6805603316658155,3.3354554607029074
2023-12-06 06:48:55,DEV-080,生产部,传动系统异常,0.6802483857333957,5.4508792535585044,40.51895732817595,103.93562643040532,184.38812111922448,151.0953107402562,0.7341898451983828,56.392424220918016,41.60207049400165,12.724579218058082,1.8547841550474158,1.385466223793283,0.7887631481782863,5.743211514648395,5.690027149250081
2023-08-07 01:54:22,DEV-072,生产部,正常运行,0.5489608988492508,4.25584297052896,33.49813436711464,126.21454359976862,172.71902951657452,156.9740964144865,0.721915970711925,56.4457508449466,43.956493294968794,12.714789129889326,2.3451328148757966,1.747144003702413,0.8007953262696321,4.800313934178991,4.5907844539639875
2023-08-20 01:28:24,DEV-046,质检部,散热系统故障,0.8511835226754002,5.628950942916877,48.539816831357165,106.02609781070417,184.78911391622285,137.56572381675585,0.5871410736980168,55.29512792094552,49.7403901255835,12.098944143543273,1.9581951647034315,1.6749346810380255,0.7068196644319972,4.365501268197175,5.840861867767579
2023-07-23 22:49:22,DEV-093,维修部,正常运行,0.4959938353174913,5.156110113843924,42.50331973430263,111.00337465792498,182.38943426452707,142.65410653429754,0.7312177455886455,61.32081697550124,50.211325389260395,11.53437823671251,1.9688120565477816,1.9415146882902794,0.930323758795861,5.888321065313834,5.155288987792984
2023-03-04 09:37:22,DEV-066,生产部,正常运行,0.5530160834181378,4.316734296300797,33.202466217991855,123.46154948016813,168.6104508829649,155.7416187470585,0.6705991388042482,59.54651469648479,48.70462703067583,12.448335650497313,2.5685170574982275,1.7960972842670515,0.8754505915117278,4.977842049436286,6.350518502905973
2023-04-28 03:15:30,DEV-027,研发部,电力供应故障,0.41728379299899154,4.8323900521245875,34.056372361033866,116.81902730462667,169.85027858069603,138.6055637562578,0.6961848719595305,54.62011670691149,52.6390892352672,8.69794377062747,2.4773685129480754,2.1187427866829083,0.7975123377576566,4.4396697750645675,3.571443375601735
2023-12-06 11:21:05,DEV-027,生产部,正常运行,0.5602154034946683,4.367738970983845,33.19775188124721,122.81854485419157,168.80887975308804,154.20468258701746,0.7635685481103076,53.73425787538924,51.322601568470134,12.773660533911732,2.050146833704263,1.9600573994980197,0.8595333337986676,5.05935299798205,5.865022380187468
2023-10-24 00:18:50,DEV-003,质检部,电力供应故障,0.4285309149917599,4.7945949552378515,35.48314517898855,114.66078795053156,175.80298651330818,133.16931110133464,0.7552702352756469,56.591498489549934,54.37988930132915,8.28993951617866,1.9432839916293,1.8151954061664357,0.845399355498866,4.523873471230993,4.970515486683976
2023-09-24 17:17:28,DEV-022,研发部,正常运行,0.5438026726259669,4.327098519621243,32.73802293378953,126.79905205939907,170.29542819083494,152.77455808708672,0.7546078616593871,57.94171068059837,52.34234777252267,11.426290564671785,2.0973060285329574,1.7693552568440567,0.7878522680528726,4.51857699203408,4.6539068974477615
2023-09-25 23:37:24,DEV-084,研发部,正常运行,0.5582224141649873,4.226891975201498,33.076458720471756,123.07499763329912,166.78357274393537,156.11373919443318,0.807944979216817,57.39744174292894,49.25030054076692,13.004992986972466,2.114860954956179,2.223075315413659,0.864181171824259,4.688398173756257,7.879920625711665
2023-03-27 10:03:45,DEV-021,研发部,散热系统故障,0.8443470645090934,5.888986151232427,47.52386845295758,106.91041738933342,189.73605472531332,141.66884064555026,0.816050901629945,57.05389919993347,49.172945318621856,10.965148334776769,1.488055983047462,1.6624471868413238,0.687079332416481,4.022563823264818,5.147405853365652
2023-09-09 05:40:10,DEV-023,生产部,正常运行,0.5538625184229208,4.2787948966221805,33.10693256580623,125.0759640540573,170.1663320861267,157.042024949834,0.7784886413677394,55.89079724731416,47.366069352032355,12.184129121337197,1.6529917403755505,2.0114777555758683,0.9574216298322996,4.19200426155403,6.650769769699453
2023-06-12 02:48:35,DEV-022,维修部,传动系统异常,0.6929275785924895,5.608097693960359,38.96229139524789,103.67357434901302,191.04292251981863,151.1615154704917,0.7980134863888673,53.856846833894835,45.466459964884635,10.944158448783735,1.7161990158991436,2.3204648179729106,0.6502872307728574,5.074288511816183,6.021409956892786
2023-08-05 05:59:07,DEV-096,研发部,正常运行,0.546554941806455,4.358877073123302,33.375655476281224,127.41638044258862,169.12912947630488,157.52236215011402,0.691467182095345,50.181491910443846,50.959752023852154,11.865669828816,2.0791133173482135,1.2215017823993992,0.8560211781314455,4.242300243780572,3.060269373033716
