department,设备型号,设备名称,time,液压压力,流量,油温,振动频率,油液清洁度,status
维修部C,HP-30,HP-30-004,2023-01-03 00:00:00,193.75475823044204,77.77630748073497,52.39915022254405,12.039582587841089,100.61376447052852,正常
维修部C,HP-30,HP-30-004,2023-01-03 01:00:00,146.650396003471,107.94357924150368,58.54285501286331,8.333854608142293,95.2611242742607,正常
维修部C,HP-30,HP-30-004,2023-01-03 02:00:00,161.23214199659404,135.56839889019056,70.6857992238252,24.48937033814717,91.56390118282307,正常
维修部C,HP-30,HP-30-004,2023-01-03 03:00:00,121.60546268258179,83.48996116189824,64.3566017222578,5.135094890931792,86.31235095360651,正常
维修部C,HP-30,HP-30-004,2023-01-03 04:00:00,192.2529366511617,74.82446264876103,36.51472062152215,12.72679557942364,98.54860461737853,正常
维修部C,HP-30,HP-30-004,2023-01-03 05:00:00,169.64569303138214,77.39647160415004,40.90610063201716,9.973346795709556,91.20811378807,正常
维修部C,HP-30,HP-30-004,2023-01-03 06:00:00,169.96465781451207,113.84409372588448,67.9132508299541,6.567907859170371,85.20127811578384,正常
维修部C,HP-30,HP-30-004,2023-01-03 07:00:00,183.91953155324993,151.36043244044114,57.35607755451613,23.744569271132633,82.08408026354559,正常
维修部C,HP-30,HP-30-004,2023-01-03 08:00:00,130.39956427735166,124.52612320204423,46.66860155504969,23.68840204007498,83.63611057362988,正常
维修部C,HP-30,HP-30-004,2023-01-03 09:00:00,116.32156060326287,107.67052153908726,32.5142946694975,16.016357287400037,98.14889143660004,正常
维修部C,HP-30,HP-30-004,2023-01-03 10:00:00,115.03371515056206,108.26425571655285,38.808343281390314,15.706056665379649,97.6672352845051,正常
维修部C,HP-30,HP-30-004,2023-01-03 11:00:00,190.02858754293652,102.2942779642825,64.40811960520409,24.057529140147587,80.46978814401525,正常
维修部C,HP-30,HP-30-004,2023-01-03 12:00:00,130.35160505407208,108.60323252646205,51.565346995025536,9.163026319727576,94.05796492020069,正常
维修部C,HP-30,HP-30-004,2023-01-03 13:00:00,194.88669141647605,134.7515888396994,46.140526295801365,13.385275555780355,92.48766018151223,正常
维修部C,HP-30,HP-30-004,2023-01-03 14:00:00,2.1917486486944893,232.10566415278873,48.839793407675,21.693395767916545,84.17897820501652,液压泄漏
维修部C,HP-30,HP-30-004,2023-01-03 15:00:00,,244.9447179948843,31.91200524563885,23.536052186255628,82.94337680413274,液压泄漏
维修部C,HP-30,HP-30-004,2023-01-03 16:00:00,13.714015405040438,,68.25781050260768,22.933429677831985,100.40265032804155,液压泄漏
维修部C,HP-30,HP-30-004,2023-01-03 17:00:00,128.13716377203482,117.3348675223576,59.09481809987756,23.483982890527752,98.55817396322287,正常
维修部C,HP-30,HP-30-004,2023-01-03 18:00:00,137.213041070056,139.77861491389842,37.10423795394041,7.005429484053078,88.22487489549538,正常
维修部C,HP-30,HP-30-004,2023-01-03 19:00:00,139.44931517818418,54.16467601372089,45.19669175528605,16.748271026069208,96.45522155851717,正常
维修部C,HP-30,HP-30-004,2023-01-03 20:00:00,140.3692121043919,113.76781182690314,,13.333486019287074,98.92225818002856,正常
维修部C,HP-30,HP-30-004,2023-01-03 21:00:00,115.5744737386894,113.0166020177942,44.8860245077188,21.716808368636958,87.23573998507136,正常
维修部C,HP-30,HP-30-004,2023-01-03 22:00:00,135.51091543560852,69.14567340654952,56.46168186813932,8.449958096586208,87.50733766583754,正常
维修部C,HP-30,HP-30-004,2023-01-03 23:00:00,108.48383117399898,104.55670672781538,35.15098198445249,5.954046528551757,87.6170664162814,正常
维修部C,HP-30,HP-30-004,2023-01-04 00:00:00,151.2402345681543,63.67299112841078,60.49331295955368,5.501721759134027,81.8075262015762,正常
维修部C,HP-30,HP-30-004,2023-01-04 01:00:00,180.1010915922291,69.08477475835416,67.5216657065986,19.837499195387934,84.56566406633483,正常
维修部C,HP-30,HP-30-004,2023-01-04 02:00:00,159.9597433515595,80.86729534943362,48.354951692957066,18.285365401253653,91.37442362124045,正常
维修部C,HP-30,HP-30-004,2023-01-04 03:00:00,179.8740060876372,54.490581705832405,80.18208366085574,17.97318340849293,35.07627448122578,污染故障
维修部C,HP-30,HP-30-004,2023-01-04 04:00:00,156.89738127213457,111.8375931281204,76.58613730699079,17.501116224393417,17.156825671348724,污染故障
维修部C,HP-30,HP-30-004,2023-01-04 05:00:00,127.75355815881474,82.08703852092802,75.74001337203964,22.68149224170916,22.786175189849168,污染故障
维修部C,HP-30,HP-30-004,2023-01-04 06:00:00,154.70819460016332,76.87060451977698,77.61649572958004,12.067255697828813,38.69780409731177,污染故障
维修部C,HP-30,HP-30-004,2023-01-04 07:00:00,162.17176201695528,92.11301582837064,78.65863365136363,17.447906800003064,18.984815122495444,污染故障
维修部C,HP-30,HP-30-004,2023-01-04 08:00:00,149.83425382158825,65.76727763808314,32.53748706685431,9.89630544546184,91.08662931427972,正常
维修部C,HP-30,HP-30-004,2023-01-04 09:00:00,167.39193601112592,71.32376754437263,44.02911062003806,22.86980260678401,99.4582034596763,正常
维修部C,HP-30,HP-30-004,2023-01-04 10:00:00,148.15536416754676,54.79963046065522,70.22293669382309,24.908707241810628,80.7187067904725,正常
维修部C,HP-30,HP-30-004,2023-01-04 11:00:00,141.32221529064958,127.63739010582233,42.890702394150644,22.78362915337812,84.69794441352623,正常
维修部C,HP-30,HP-30-004,2023-01-04 12:00:00,197.33912337175735,114.41853179997413,56.69126746840595,10.391474264515377,97.45019221121603,正常
维修部C,HP-30,HP-30-004,2023-01-04 13:00:00,142.44373517762602,145.39105257003587,35.06882268395187,18.458761817794553,92.61321912513016,正常
维修部C,HP-30,HP-30-004,2023-01-04 14:00:00,103.5661687782225,118.56024098166041,65.42189260698598,24.518275696505953,89.09223330832315,正常
维修部C,HP-30,HP-30-004,2023-01-04 15:00:00,159.21248526117972,139.04210021504144,35.85421940987503,17.33776793903832,98.52496513401714,正常
维修部C,HP-30,HP-30-004,2023-01-04 16:00:00,162.12735529505366,138.11060355431087,49.04960277412832,21.00716816033505,92.97365712047703,正常
维修部C,HP-30,HP-30-004,2023-01-04 17:00:00,147.3060396253905,71.33289873961726,68.88758492709451,4.687869070122561,83.17463708880956,正常
维修部C,HP-30,HP-30-004,2023-01-04 18:00:00,26.662181110761562,192.32830155936352,56.257984507870496,11.175865780927769,89.87643531257004,液压泄漏
维修部C,HP-30,HP-30-004,2023-01-04 19:00:00,31.808861499574625,230.9006085082903,48.128534729204866,10.600758876345116,90.21562725210426,液压泄漏
维修部C,HP-30,HP-30-004,2023-01-04 20:00:00,28.009934331772072,226.69257335192353,43.55480739496323,21.50949203126927,99.9811928563856,液压泄漏
维修部C,HP-30,HP-30-004,2023-01-04 21:00:00,9.605250915958266,195.4350185479744,44.6912360841379,16.321806205330024,92.58722111873945,液压泄漏
维修部C,HP-30,HP-30-004,2023-01-04 22:00:00,30.565570265141858,188.8307415001099,69.46310372434908,6.977635538143054,95.40634667582401,液压泄漏
维修部C,HP-30,HP-30-004,2023-01-04 23:00:00,29.72535192841973,220.81342852022465,43.36710034893302,19.647623820811454,87.42755986650586,液压泄漏
维修部C,HP-30,HP-30-004,2023-01-05 00:00:00,56.22735492063921,208.91565223764428,71.21720286087728,10.01892941714139,99.2101395191168,液压泄漏
维修部C,HP-30,HP-30-004,2023-01-05 01:00:00,22.583980699871674,235.7997391980846,53.455171941129414,23.068902472357507,90.63845248775695,液压泄漏
维修部C,HP-30,HP-30-004,2023-01-05 02:00:00,141.46440329460876,61.89848787023632,56.327569578014646,18.887620328858908,90.52506632192103,正常
维修部C,HP-30,HP-30-004,2023-01-05 03:00:00,188.55609457934216,111.61750170483528,54.633100570502585,23.08166802236832,93.56017380969082,正常
维修部C,HP-30,HP-30-004,2023-01-05 04:00:00,114.0328301423839,62.215390795977385,100.40277044772033,23.73822108439373,19.56995770483359,油温过高
维修部C,HP-30,HP-30-004,2023-01-05 05:00:00,175.00265480000843,140.76576938156543,111.60340601272883,17.529060005579588,10.241247983261038,油温过高
维修部C,HP-30,HP-30-004,2023-01-05 06:00:00,164.02910218549306,108.6503540699481,88.73835839171511,14.312808655719438,16.31298454765882,油温过高
维修部C,HP-30,HP-30-004,2023-01-05 07:00:00,114.84886988591462,70.17675693033644,107.71019714542304,22.975994982865863,21.911758520369034,油温过高
维修部C,HP-30,HP-30-004,2023-01-05 08:00:00,179.73227864082443,148.4839776268264,34.57463389526628,24.367583506444,84.81787681380534,正常
维修部C,HP-30,HP-30-004,2023-01-05 09:00:00,121.5289286127401,114.3255175999732,44.615464115044155,14.273746705720185,94.52274784905927,正常
维修部C,HP-30,HP-30-004,2023-01-05 10:00:00,161.6598511325769,95.3904384450427,77.28994334901529,18.927843562819554,18.99981485434872,污染故障
维修部C,HP-30,HP-30-004,2023-01-05 11:00:00,130.84298518597294,144.03787067080611,76.05522440528709,7.428930584090435,26.075687798229193,污染故障
维修部C,HP-30,HP-30-004,2023-01-05 12:00:00,143.17098722764442,92.84489981777247,79.38153478155269,23.03369249768238,35.0615496287972,污染故障
维修部C,HP-30,HP-30-004,2023-01-05 13:00:00,156.5830065247018,79.73272282849868,77.45353236772966,18.55118435547346,28.078235214587895,污染故障
维修部C,HP-30,HP-30-004,2023-01-05 14:00:00,187.8255171428741,91.7729980842722,79.14334513057055,22.152632198346296,34.83682174561815,污染故障
维修部C,HP-30,HP-30-004,2023-01-05 15:00:00,162.60152885600567,91.8523938846121,74.38962144193123,16.60453199263791,34.22177676435393,污染故障
维修部C,HP-30,HP-30-004,2023-01-05 16:00:00,121.54818943596266,119.15452691809328,68.90425582148693,7.719234516870985,88.13536662320945,正常
维修部C,HP-30,HP-30-004,2023-01-05 17:00:00,119.786696613357,87.85001663783433,43.513734478490115,14.37586734932647,97.79756511982228,正常
维修部C,HP-30,HP-30-004,2023-01-05 18:00:00,148.24665699082666,138.9052019923708,33.11442703600372,11.413838305574364,80.17331239002885,正常
维修部C,HP-30,HP-30-004,2023-01-05 19:00:00,177.62905283232715,94.45357986218062,38.31016274470233,12.347820326405227,99.8063319594038,正常
维修部C,HP-30,HP-30-004,2023-01-05 20:00:00,102.61897325078365,131.94189763465147,32.56254825425882,21.791252046955893,82.15355730014068,正常
维修部C,HP-30,HP-30-004,2023-01-05 21:00:00,159.46510321267147,60.06000105431373,64.18470126151466,12.191732665040384,86.99708157795143,正常
维修部C,HP-30,HP-30-004,2023-01-05 22:00:00,133.80098951635404,121.96170224253771,43.17567578891057,12.567117507485271,83.61403377584607,正常
维修部C,HP-30,HP-30-004,2023-01-05 23:00:00,50.45082599681314,248.1274109827606,44.17424085354112,23.214243423934132,91.07984465870456,液压泄漏
维修部C,HP-30,HP-30-004,2023-01-06 00:00:00,50.61532172272576,243.74620060454396,48.68692654335074,6.37247762257807,97.59356837168896,液压泄漏
维修部C,HP-30,HP-30-004,2023-01-06 01:00:00,29.668380421005182,221.46766852527242,43.086196033338815,9.221207394303455,94.54734501085612,液压泄漏
维修部C,HP-30,HP-30-004,2023-01-06 02:00:00,31.677124349545995,234.0444352842072,40.875096951080714,13.75924408315415,94.21679879557631,液压泄漏
维修部C,HP-30,HP-30-004,2023-01-06 03:00:00,28.96354165820503,225.5932540802522,35.97822455293176,19.18858202656527,91.64824912585294,液压泄漏
维修部C,HP-30,HP-30-004,2023-01-06 04:00:00,47.98785998894545,262.1679955547962,58.649439130142085,12.099978499945925,82.60026482360985,液压泄漏
维修部C,HP-30,HP-30-004,2023-01-06 05:00:00,156.4057100409057,99.65774725066828,36.19748994320912,17.12586311708764,92.80483540483323,正常
维修部C,HP-30,HP-30-004,2023-01-06 06:00:00,131.180639274777,124.60177012596414,36.198828111091316,22.00262117194358,88.34062921017549,正常
维修部C,HP-30,HP-30-004,2023-01-06 07:00:00,100.3373297502442,126.62964736418637,35.68757567365932,19.549049246247325,93.04145399202423,正常
维修部C,HP-30,HP-30-004,2023-01-06 08:00:00,170.02550712257724,142.3567626814045,39.675951483367726,23.082039401880195,82.81630992570277,正常
维修部C,HP-30,HP-30-004,2023-01-06 09:00:00,181.55667025473846,60.970092727818795,60.41359056448853,17.962553320995845,82.25227254376111,正常
维修部C,HP-30,HP-30-004,2023-01-06 10:00:00,169.94684704108175,130.5157554313922,36.61709426832789,6.400853518744031,81.70166015027038,正常
维修部C,HP-30,HP-30-004,2023-01-06 11:00:00,122.66041100367873,99.84970568782794,39.90318114394783,14.913319476165691,81.31061246243576,正常
维修部C,HP-30,HP-30-004,2023-01-06 12:00:00,180.85541465037286,68.2762641995626,58.59699530301944,7.998051992112205,93.91710606333055,正常
维修部C,HP-30,HP-30-004,2023-01-06 13:00:00,186.69629135055177,147.5529359706913,66.41141002119187,13.141097110662686,81.1765778642507,正常
维修部C,HP-30,HP-30-004,2023-01-06 14:00:00,164.15880774534926,79.67960829697878,59.3815494547846,12.142905701220899,96.85570638271363,正常
维修部C,HP-30,HP-30-004,2023-01-06 15:00:00,98.65673678746417,60.69744426756724,61.96331978835076,21.282694123809936,93.52786549400574,正常
维修部C,HP-30,HP-30-004,2023-01-06 16:00:00,115.56807859616919,145.31773125152995,64.18697691852066,15.865501337188126,90.93126910302342,正常
维修部C,HP-30,HP-30-004,2023-01-06 17:00:00,189.0697882033023,90.87534507374107,61.45001299731498,33.654488713132764,90.8447598036367,泵磨损
维修部C,HP-30,HP-30-004,2023-01-06 18:00:00,176.0128881637967,58.19620611015471,59.837558562777474,35.44438985676255,81.66583473550956,泵磨损
维修部C,HP-30,HP-30-004,2023-01-06 19:00:00,109.87236384369068,99.69267477992102,55.90417096037891,32.37363910960675,94.81203501349621,泵磨损
维修部C,HP-30,HP-30-004,2023-01-06 20:00:00,125.24066823737267,89.19219577288493,56.8906489478292,30.61474880685079,89.81966152413574,泵磨损
维修部C,HP-30,HP-30-004,2023-01-06 21:00:00,128.11998978299331,58.9861964517169,57.38700424910139,32.1344816491439,89.39041800699769,泵磨损
维修部C,HP-30,HP-30-004,2023-01-06 22:00:00,103.06645703618065,75.83985580544423,51.661802157817505,17.575213442113917,85.40177666107915,正常
维修部C,HP-30,HP-30-004,2023-01-06 23:00:00,135.86002129185488,106.6177998991648,46.81902473939106,7.699205158972175,97.31113610366779,正常
维修部C,HP-30,HP-30-004,2023-01-07 00:00:00,172.12640535601773,55.06643126873568,50.44871184643386,23.425479984886483,92.58242599849618,正常
维修部C,HP-30,HP-30-004,2023-01-07 01:00:00,193.90849449920455,147.1509670786591,67.64412893453591,18.92582839406661,83.62030827712402,正常
维修部C,HP-30,HP-30-004,2023-01-07 02:00:00,160.66900816919508,122.16591467423436,57.19488811416751,22.11737515104347,83.26680392810182,正常
维修部C,HP-30,HP-30-004,2023-01-07 03:00:00,146.8532953599701,152.42346385238562,69.86906925643812,22.132274287814255,87.48265083552087,正常
维修部C,HP-30,HP-30-004,2023-01-07 04:00:00,107.755388383883,72.58932833287076,29.37227489964286,22.576166949457726,90.13016965159288,正常
维修部C,HP-30,HP-30-004,2023-01-07 05:00:00,153.23857039008618,85.72905863788708,68.51422083943305,12.130314169975918,96.63802402017413,正常
维修部C,HP-30,HP-30-004,2023-01-07 06:00:00,172.08857727060698,135.61961642894755,59.00236065716075,16.55399741724846,91.33267155992483,正常
维修部C,HP-30,HP-30-004,2023-01-07 07:00:00,145.1445872744286,131.23803216039778,43.99496173129343,22.82690648269641,86.31283687441824,正常
维修部C,HP-30,HP-30-004,2023-01-07 08:00:00,134.9225031318303,54.305688451567526,53.664916093794695,11.247296762665348,88.8003348521489,正常
维修部C,HP-30,HP-30-004,2023-01-07 09:00:00,141.1380723343678,123.6665533776948,37.10093399284654,4.857421486225123,90.84637008483922,正常
维修部C,HP-30,HP-30-004,2023-01-07 10:00:00,150.78131127306068,83.45631258957236,48.43814984355728,25.100733796947143,95.92289852932244,正常
维修部C,HP-30,HP-30-004,2023-01-07 11:00:00,176.27107174246078,55.12073796585383,32.07022967351977,23.384979314714876,85.12258635139224,正常
维修部C,HP-30,HP-30-004,2023-01-07 12:00:00,172.68513870914137,137.81843018875935,59.77619307181403,7.1127827727216975,84.19671413262768,正常
维修部C,HP-30,HP-30-004,2023-01-07 13:00:00,171.85126866964256,82.27398856913858,52.67337896558253,16.85253936419169,87.12851383374381,正常
维修部C,HP-30,HP-30-004,2023-01-07 14:00:00,143.7477562521727,104.62961130277505,38.72556629491484,14.570626361622589,98.13451562937657,正常
维修部C,HP-30,HP-30-004,2023-01-07 15:00:00,34.08186250635055,184.57103011953174,58.679467346394624,23.524069433985588,99.6988150129933,液压泄漏
维修部C,HP-30,HP-30-004,2023-01-07 16:00:00,24.628698967933172,221.91516602955753,34.594153287957894,11.820408903272114,98.28659077000678,液压泄漏
维修部C,HP-30,HP-30-004,2023-01-07 17:00:00,59.416937933185366,236.3893041542368,41.31913276564273,19.241540440662835,81.78100182317614,液压泄漏
维修部C,HP-30,HP-30-004,2023-01-07 18:00:00,5.014445065188471,211.1885446351335,29.91247681551197,14.71854704566095,91.22203566439258,液压泄漏
维修部C,HP-30,HP-30-004,2023-01-07 19:00:00,47.30463598803329,226.70852695764827,63.93290402752604,8.581209523916257,94.0155810286803,液压泄漏
维修部C,HP-30,HP-30-004,2023-01-07 20:00:00,47.85897866806357,202.80398489394892,33.130468554557595,18.79511464761903,84.19559086018387,液压泄漏
维修部C,HP-30,HP-30-004,2023-01-07 21:00:00,37.19675837101272,261.8497843521144,42.31749142656086,21.550183356974134,81.18263199181573,液压泄漏
维修部C,HP-30,HP-30-004,2023-01-07 22:00:00,39.30427313034869,198.00902891508088,54.61853237388625,20.21015665815534,97.54381674861826,液压泄漏
维修部C,HP-30,HP-30-004,2023-01-07 23:00:00,73.04661265485308,31.12639243085362,52.18250227016581,20.711056746325387,94.39036848864998,阀门故障
维修部C,HP-30,HP-30-004,2023-01-08 00:00:00,55.584094955361024,29.414477036310306,37.11703074052554,8.28699097577418,86.39115939488286,阀门故障
维修部C,HP-30,HP-30-004,2023-01-08 01:00:00,75.39811981308434,33.914701640057416,60.424955593429,9.068678473349408,88.93974665920602,阀门故障
维修部C,HP-30,HP-30-004,2023-01-08 02:00:00,56.20160409157527,30.992425126409096,65.17441858416308,10.738451710242288,88.42530390074133,阀门故障
维修部C,HP-30,HP-30-004,2023-01-08 03:00:00,66.68727464044413,37.869002497249134,59.01892735641991,13.51509300254071,91.53591781399439,阀门故障
维修部C,HP-30,HP-30-004,2023-01-08 04:00:00,192.25941621870766,145.41342488350702,58.88990839017235,19.226644757715288,93.68911149967713,正常
维修部C,HP-30,HP-30-004,2023-01-08 05:00:00,182.39273078431862,128.32045985440845,46.32459361033643,9.771624733676235,93.52305955359404,正常
维修部C,HP-30,HP-30-004,2023-01-08 06:00:00,199.07294516483495,81.71236488240619,65.99993910831712,24.370931376180007,83.43792949232862,正常
维修部C,HP-30,HP-30-004,2023-01-08 07:00:00,110.13460773301786,121.40086626544145,63.173683983774666,14.757915955483494,96.06695142445365,正常
维修部C,HP-30,HP-30-004,2023-01-08 08:00:00,145.20546962433966,135.5443771356066,51.495661939752694,40.3521789171101,80.27508011778511,泵磨损
维修部C,HP-30,HP-30-004,2023-01-08 09:00:00,142.79577123507656,70.07115659105172,36.452154466693464,32.84518011573541,91.69166840575012,泵磨损
维修部C,HP-30,HP-30-004,2023-01-08 10:00:00,159.65993948109107,116.70766811229132,60.523952268227596,31.975363566961846,87.85916962704786,泵磨损
维修部C,HP-30,HP-30-004,2023-01-08 11:00:00,187.63156547397384,94.10401080987202,57.277971272080904,34.825738962299255,98.74520898964985,泵磨损
维修部C,HP-30,HP-30-004,2023-01-08 12:00:00,98.6267702519426,107.69142083215712,48.20050593904954,14.398467168969272,80.72338544085845,正常
维修部C,HP-30,HP-30-004,2023-01-08 13:00:00,136.47804909183415,58.62461145124652,50.618858117665184,21.772963621638844,87.53398287016614,正常
维修部C,HP-30,HP-30-004,2023-01-08 14:00:00,132.71374012348244,67.11104299979883,44.426905520477284,6.566683650216416,96.6862936118742,正常
维修部C,HP-30,HP-30-004,2023-01-08 15:00:00,134.66705363702053,58.950572135584096,57.6547043665331,12.608043730137869,86.15160453494696,正常
维修部C,HP-30,HP-30-004,2023-01-08 16:00:00,176.35005472049951,152.73806904371344,77.10636059369948,15.728023382422107,20.42451579349587,污染故障
维修部C,HP-30,HP-30-004,2023-01-08 17:00:00,120.90947627250509,70.90367116325291,73.93714176901241,7.710970618851492,36.028335910560344,污染故障
维修部C,HP-30,HP-30-004,2023-01-08 18:00:00,142.71090317357456,56.936469984412625,80.14306725586982,18.34075392660931,19.017045481088335,污染故障
维修部C,HP-30,HP-30-004,2023-01-08 19:00:00,198.84255469951154,123.61389280357503,75.55801771955218,6.380458331845881,30.372636661835354,污染故障
维修部C,HP-30,HP-30-004,2023-01-08 20:00:00,196.59969988941043,111.58299384288914,74.32934134980394,16.312019193866092,30.916545308077794,污染故障
维修部C,HP-30,HP-30-004,2023-01-08 21:00:00,101.61006431565306,71.29886321061487,78.42356030362745,10.573464739889735,20.7325900411298,污染故障
维修部C,HP-30,HP-30-004,2023-01-08 22:00:00,178.77465824419855,66.221963525502,74.55791363302428,24.384311330435434,17.947274873682453,污染故障
维修部C,HP-30,HP-30-004,2023-01-08 23:00:00,179.3705144532532,71.40995211655593,77.24715205596307,12.154947156321388,36.538615071431494,污染故障
维修部C,HP-30,HP-30-004,2023-01-09 00:00:00,141.56815795487208,133.36788384775372,76.60917189348818,12.66358215783074,29.927612835139826,污染故障
维修部C,HP-30,HP-30-004,2023-01-09 01:00:00,179.7793955977036,132.85246694060146,75.87672419762828,9.642906843286129,21.924294883642524,污染故障
维修部C,HP-30,HP-30-004,2023-01-09 02:00:00,111.02865635810112,122.10947900936962,68.39207078153304,18.093551306713678,85.55056039603488,正常
维修部C,HP-30,HP-30-004,2023-01-09 03:00:00,139.5036101231657,99.46537412365085,36.129414991128435,14.851046300085015,83.24297880255783,正常
维修部C,HP-30,HP-30-004,2023-01-09 04:00:00,162.9756007719476,103.50112080304288,34.713012220541785,22.428274393834297,91.20551136318295,正常
维修部C,HP-30,HP-30-004,2023-01-09 05:00:00,115.0280858951388,93.9801273501677,32.93398935455653,15.294751791282783,82.2097664789883,正常
维修部C,HP-30,HP-30-004,2023-01-09 06:00:00,105.93736780098804,120.23520449244471,37.706438781134764,9.362441321665681,86.83540812187265,正常
维修部C,HP-30,HP-30-004,2023-01-09 07:00:00,175.30956697808332,119.90211164299853,45.60918119494247,17.979998495033144,96.05815068155947,正常
维修部C,HP-30,HP-30-004,2023-01-09 08:00:00,111.21650663594622,91.56576348334745,53.69905902697945,23.25938155158853,86.74194265845593,正常
维修部C,HP-30,HP-30-004,2023-01-09 09:00:00,171.4251528586358,103.43646208429084,71.40993999662597,5.76470230660267,83.07694439040907,正常
维修部C,HP-30,HP-30-004,2023-01-09 10:00:00,64.6652320046304,24.047175912038803,30.44468657405916,7.909239248540517,91.7895470956883,阀门故障
维修部C,HP-30,HP-30-004,2023-01-09 11:00:00,66.37846219765096,39.015542310567696,62.308753920184785,9.65226630982919,83.60088154394954,阀门故障
维修部C,HP-30,HP-30-004,2023-01-09 12:00:00,62.77504934352472,31.655653282516106,36.04813202405029,19.215080898410445,91.34882675436926,阀门故障
维修部C,HP-30,HP-30-004,2023-01-09 13:00:00,50.98833275846651,26.119108329471132,56.490711646942074,14.010238243467816,86.85078839552651,阀门故障
维修部C,HP-30,HP-30-004,2023-01-09 14:00:00,75.64277156995992,20.12995631630607,56.47407589617836,9.467184419911952,80.5114567063799,阀门故障
维修部C,HP-30,HP-30-004,2023-01-09 15:00:00,147.43704584612985,102.97426524006903,69.27799514194666,24.0716497399861,89.04111032906289,正常
维修部C,HP-30,HP-30-004,2023-01-09 16:00:00,131.85593984909005,138.0356828799584,60.361103807736,24.24016744023354,80.5912167769665,正常
维修部C,HP-30,HP-30-004,2023-01-09 17:00:00,115.49428204147851,56.91751453155366,69.4018104540459,8.160237915101861,94.28304776143587,正常
维修部C,HP-30,HP-30-004,2023-01-09 18:00:00,182.7926657017216,118.29053634959755,44.565732520484744,21.72445711268537,93.09038675714264,正常
维修部C,HP-30,HP-30-004,2023-01-09 19:00:00,150.77277687753076,93.60332418536827,58.58061384297787,16.21848487136917,82.41716197687032,正常
维修部C,HP-30,HP-30-004,2023-01-09 20:00:00,176.1479648030282,132.89230211908563,43.35066152822841,12.129246864226465,89.57931025144072,正常
维修部C,HP-30,HP-30-004,2023-01-09 21:00:00,164.9591326117243,140.86346398563893,35.70125932461698,16.488491421619905,83.89360983532625,正常
维修部C,HP-30,HP-30-004,2023-01-09 22:00:00,127.14908647975321,147.200212128611,46.43454079660318,7.817499057941227,93.7250786178378,正常
维修部C,HP-30,HP-30-004,2023-01-09 23:00:00,187.67138185258005,76.94314776482213,57.562907390677516,11.478120494778466,96.03282266111225,正常
维修部C,HP-30,HP-30-004,2023-01-10 00:00:00,26.086064317189553,235.66711732217996,38.558320662406274,21.472771922836543,87.67001490762262,液压泄漏
维修部C,HP-30,HP-30-004,2023-01-10 01:00:00,31.034560266751665,223.1920754439164,67.83543621856018,18.86856763978787,80.87447183153675,液压泄漏
维修部C,HP-30,HP-30-004,2023-01-10 02:00:00,17.641800768820413,181.8115935152541,50.264379569280955,24.902978604421577,95.22236092725485,液压泄漏
维修部C,HP-30,HP-30-004,2023-01-10 03:00:00,51.218604225527116,263.95885859481194,42.63921700656294,6.001418499014339,96.5720775741307,液压泄漏
维修部C,HP-30,HP-30-004,2023-01-10 04:00:00,19.847466043631286,233.75731112510184,53.173254989175625,21.14399383411236,96.39062060695899,液压泄漏
维修部C,HP-30,HP-30-004,2023-01-10 05:00:00,45.769388997160696,224.3835518528282,65.13206389840268,4.480288059774107,84.35400639629005,液压泄漏
维修部C,HP-30,HP-30-004,2023-01-10 06:00:00,55.50822439134563,182.52391243438436,59.66640688514854,5.26965675134395,84.70116423996163,液压泄漏
维修部C,HP-30,HP-30-004,2023-01-10 07:00:00,3.903641741378141,248.87808221299719,39.745209871120366,13.504390603055814,87.41123584379595,液压泄漏
维修部C,HP-30,HP-30-004,2023-01-10 08:00:00,111.6420435406367,83.97205014056118,37.680228594232915,18.50665993526095,98.35597107282732,正常
维修部C,HP-30,HP-30-004,2023-01-10 09:00:00,27.29575837262519,221.3918231056285,31.905629422870714,5.441433493635561,96.12554445231568,液压泄漏
维修部C,HP-30,HP-30-004,2023-01-10 10:00:00,17.166088284250225,200.2300975797049,42.71977793211262,22.951202379567246,99.72943151878908,液压泄漏
维修部C,HP-30,HP-30-004,2023-01-10 11:00:00,52.29118999941838,204.2135160767952,42.09339435069536,5.6543446373558,84.71232587263545,液压泄漏
维修部C,HP-30,HP-30-004,2023-01-10 12:00:00,54.65595355649188,251.93839739847974,62.0946161620104,12.64572311520656,90.0049194037831,液压泄漏
维修部C,HP-30,HP-30-004,2023-01-10 13:00:00,171.77787796767848,139.28010009735178,45.291701019969054,11.822199567059533,89.39854863688437,正常
维修部C,HP-30,HP-30-004,2023-01-10 14:00:00,139.07952652948015,112.29022226968351,58.64355338326588,10.059056179637416,97.14103118619043,正常
维修部C,HP-30,HP-30-004,2023-01-10 15:00:00,150.46223852772715,116.90346811138853,52.9541422604641,17.95583034142532,85.46709755660665,正常
维修部C,HP-30,HP-30-004,2023-01-10 16:00:00,198.65502651143152,141.86677609856923,46.94942676785276,13.770528449602477,90.86655362929322,正常
维修部C,HP-30,HP-30-004,2023-01-10 17:00:00,169.75977593925424,113.95774473395298,54.452600065089854,10.778295393787893,89.26849406876869,正常
维修部C,HP-30,HP-30-004,2023-01-10 18:00:00,140.38004455531996,92.13434194909777,123.50661243004626,24.006032839191818,15.903158167939882,油温过高
维修部C,HP-30,HP-30-004,2023-01-10 19:00:00,151.2977506608598,126.95603124880192,114.66238300747203,7.460113542396689,11.611575119308485,油温过高
维修部C,HP-30,HP-30-004,2023-01-10 20:00:00,202.11633313097678,95.17883108968246,123.9769244283868,17.067632613096556,31.004678681985236,油温过高
维修部C,HP-30,HP-30-004,2023-01-10 21:00:00,171.70599561818352,145.48740526945275,99.00082688588813,9.701558520505099,11.65573172786381,油温过高
维修部C,HP-30,HP-30-004,2023-01-10 22:00:00,107.19153867693464,130.0142543996887,121.22464382684524,7.931020497382478,25.36613445807264,油温过高
维修部C,HP-30,HP-30-004,2023-01-10 23:00:00,129.01726970233312,85.40813435773335,94.91776367457288,12.102246218336143,25.229796838028115,油温过高
液压部B,HP-30,HP-30-003,2023-01-11 00:00:00,126.05654441203788,105.97300079527366,66.49241346493284,13.292577602397168,80.70189804457846,正常
维修部C,HP-30,HP-30-004,2023-01-11 00:00:00,176.67300454634955,129.34500159670534,32.20667776454307,8.132680786755262,99.77756487729137,正常
维修部C,HP-30,HP-30-004,2023-01-11 01:00:00,196.97079277297416,93.45109033070918,66.7919385982963,8.799671977912443,100.03527380811549,正常
液压部B,HP-30,HP-30-003,2023-01-11 01:00:00,140.54082999191633,99.74991427649628,41.07997699683171,11.11844667960415,79.76559299182207,正常
维修部C,HP-30,HP-30-004,2023-01-11 02:00:00,136.6146100316272,127.75575364659096,55.91708423302324,18.12551249821255,83.89226533030032,正常
液压部B,HP-30,HP-30-003,2023-01-11 02:00:00,190.9000062417574,49.1227451421293,47.671641988241014,8.79913408545569,97.59299330927325,正常
液压部B,HP-30,HP-30-003,2023-01-11 03:00:00,113.64583150336736,136.576370221769,44.24617954860653,11.883636713920616,84.70791356249738,正常
维修部C,HP-30,HP-30-004,2023-01-11 03:00:00,114.84293372487373,101.61108020820805,39.207811054583715,15.358312362571851,87.44095475474187,正常
液压部B,HP-30,HP-30-003,2023-01-11 04:00:00,97.28360396368024,56.07725341735072,49.19406639452261,21.620726552971128,86.44867369043604,正常
维修部C,HP-30,HP-30-004,2023-01-11 04:00:00,106.35620786513601,126.513953561354,43.798833539548816,6.547911644736593,96.56885231452192,正常
维修部C,HP-30,HP-30-004,2023-01-11 05:00:00,46.774955237541946,255.42468674598217,66.11770434122406,15.411716609609567,80.90726381721305,液压泄漏
液压部B,HP-30,HP-30-003,2023-01-11 05:00:00,198.13509832173688,133.94740640502604,34.45030017469668,21.459751290193545,84.61737405558101,正常
维修部C,HP-30,HP-30-004,2023-01-11 06:00:00,12.599599191022996,254.07365546625084,56.86160105263936,23.00935591319687,92.24158506267344,液压泄漏
液压部B,HP-30,HP-30-003,2023-01-11 06:00:00,134.9455903777922,94.11707231368258,47.840296753192874,24.69119786881112,82.52347418508738,正常
维修部C,HP-30,HP-30-004,2023-01-11 07:00:00,44.96017723151374,182.7301636763771,58.14056558990128,18.09771557381168,80.76717438280843,液压泄漏
液压部B,HP-30,HP-30-003,2023-01-11 07:00:00,185.02248616854595,72.3229786098092,53.398321984604124,21.41189745255413,79.34622326501194,正常
维修部C,HP-30,HP-30-004,2023-01-11 08:00:00,128.58923231328762,82.98643290095866,42.97010397310233,14.182730796728293,83.86466907925728,正常
液压部B,HP-30,HP-30-003,2023-01-11 08:00:00,117.9476670889639,61.71908691793115,36.41362385824117,16.37668474995452,81.90396679333082,正常
维修部C,HP-30,HP-30-004,2023-01-11 09:00:00,160.35140782349114,118.63428430812046,31.51588881436027,22.152188890676495,95.65747006049176,正常
液压部B,HP-30,HP-30-003,2023-01-11 09:00:00,137.1630765361172,73.5720555291614,60.043910011363536,7.9085026332494675,86.60646887595374,正常
维修部C,HP-30,HP-30-004,2023-01-11 10:00:00,107.21870782650363,142.34071455172824,29.55704372262884,8.346205232363117,80.67731688493141,正常
液压部B,HP-30,HP-30-003,2023-01-11 10:00:00,184.8826675075553,111.26751981425016,64.87902606645723,8.403500629034738,81.16125185930161,正常
维修部C,HP-30,HP-30-004,2023-01-11 11:00:00,125.68293375162341,145.222030373422,60.187357665149996,23.99852325415056,81.44575961256587,正常
液压部B,HP-30,HP-30-003,2023-01-11 11:00:00,128.17555045147674,70.3118263071658,65.81360292802329,20.028823056460883,81.06238323647445,正常
液压部B,HP-30,HP-30-003,2023-01-11 12:00:00,202.57465682532478,100.5879780901945,45.571290956382526,12.94743671531353,82.53173829579906,正常
维修部C,HP-30,HP-30-004,2023-01-11 12:00:00,196.11040874731873,122.25823779635856,42.41282983351115,25.202975179230382,99.4455807398834,正常
液压部B,HP-30,HP-30-003,2023-01-11 13:00:00,163.1530557419674,70.41038790647478,49.19120284252463,24.825359067686374,95.72307208557815,正常
维修部C,HP-30,HP-30-004,2023-01-11 13:00:00,175.3045730245136,103.35581005136153,63.93543022674758,12.031720674588456,96.17775794688002,正常
液压部B,HP-30,HP-30-003,2023-01-11 14:00:00,168.2810488472207,85.40544364548218,32.07647097123372,22.492202515082596,84.86686325707146,正常
维修部C,HP-30,HP-30-004,2023-01-11 14:00:00,134.75898084866216,71.87129475541035,61.04783985949209,9.36454367466141,88.37848011645964,正常
液压部B,HP-30,HP-30-003,2023-01-11 15:00:00,109.85973309862655,138.76504406243444,35.702025085657176,17.015117945845375,86.02141678850889,正常
维修部C,HP-30,HP-30-004,2023-01-11 15:00:00,126.27783954688108,71.50617130880778,40.76427998200422,5.452280691311595,95.63839924426213,正常
液压部B,HP-30,HP-30-003,2023-01-11 16:00:00,166.4050292514977,67.87906462922585,50.06999020862735,15.80344557858822,82.07765434417388,正常
维修部C,HP-30,HP-30-004,2023-01-11 16:00:00,120.35850149079897,76.08533073002566,55.62165952244015,16.958616853690994,97.0655869021089,正常
维修部C,HP-30,HP-30-004,2023-01-11 17:00:00,116.86341890146205,51.2416913786396,55.56326900722045,16.05559692319911,93.9744192540549,正常
液压部B,HP-30,HP-30-003,2023-01-11 17:00:00,178.2729080078607,120.12858525900464,54.203510882912234,20.69697175944951,100.51374029852732,正常
维修部C,HP-30,HP-30-004,2023-01-11 18:00:00,109.53860033170186,125.98510263960998,63.80891331235563,20.646295637745002,95.83617610093994,正常
液压部B,HP-30,HP-30-003,2023-01-11 18:00:00,108.50769883498438,136.23889535637304,43.1555867902456,5.884763736136975,81.97473842998492,正常
液压部B,HP-30,HP-30-003,2023-01-11 19:00:00,167.5085062338817,113.88252185235936,65.197539239134,25.017179893843405,80.2703331118287,正常
维修部C,HP-30,HP-30-004,2023-01-11 19:00:00,160.45482800420749,113.27972784225173,36.24321526955597,21.61103400424122,82.92447632027346,正常
维修部C,HP-30,HP-30-004,2023-01-11 20:00:00,143.15172079324253,60.886969867251345,52.88805519651409,23.55281232345162,93.96150763188434,正常
液压部B,HP-30,HP-30-003,2023-01-11 20:00:00,124.590424724423,105.03124134451666,33.519006475466554,11.394026011132718,85.81742989434915,正常
维修部C,HP-30,HP-30-004,2023-01-11 21:00:00,139.52397172816748,131.78849226230903,66.36908963474154,22.76370039711016,94.89880388226247,正常
液压部B,HP-30,HP-30-003,2023-01-11 21:00:00,171.23520810080188,108.87777409747233,40.94525257992974,10.682707205951598,84.59133833980695,正常
维修部C,HP-30,HP-30-004,2023-01-11 22:00:00,132.53278450994185,68.47191942249526,61.481248845874234,15.714806956576409,88.63010083005612,正常
液压部B,HP-30,HP-30-003,2023-01-11 22:00:00,154.4644548505972,59.95416670387103,34.225274953611496,11.438517729881656,96.19374632854077,正常
液压部B,HP-30,HP-30-003,2023-01-11 23:00:00,123.3756328888196,150.05891698685505,41.46467398803768,13.556142457660831,98.66032308108228,正常
维修部C,HP-30,HP-30-004,2023-01-11 23:00:00,190.33759618025908,95.49670913399463,68.18724620097629,17.1482718517475,80.2092581594806,正常
液压部B,HP-30,HP-30-003,2023-01-12 00:00:00,56.81370786176575,20.13627344958279,58.95918230792867,9.851880123700447,81.60237951486327,阀门故障
维修部C,HP-30,HP-30-004,2023-01-12 00:00:00,200.05068045478032,127.50957222277556,67.38221563772426,18.702867268987717,95.79911457143302,正常
液压部B,HP-30,HP-30-003,2023-01-12 01:00:00,78.8018237974552,30.55780165435455,54.33374184474066,18.047253438602226,88.4393979628948,阀门故障
维修部C,HP-30,HP-30-004,2023-01-12 01:00:00,176.26933856090176,79.5608193713067,52.025156549762826,21.802714679044154,83.27703244198626,正常
液压部B,HP-30,HP-30-003,2023-01-12 02:00:00,55.92745486088723,26.26541613899551,37.73266073118108,8.546666595127174,81.6639009479663,阀门故障
维修部C,HP-30,HP-30-004,2023-01-12 02:00:00,97.32965518845644,102.95774345390382,57.560780784834854,5.620482079285856,97.78048431031334,正常
液压部B,HP-30,HP-30-003,2023-01-12 03:00:00,115.94740999763258,71.12406844709442,70.07544739624666,31.630379290048282,93.66911734247192,泵磨损
维修部C,HP-30,HP-30-004,2023-01-12 03:00:00,2.2033706683399057,191.58738501093657,71.3285691248453,19.339617904790472,83.89833480179432,液压泄漏
维修部C,HP-30,HP-30-004,2023-01-12 04:00:00,52.095450932296444,216.9513446301128,42.464721954532834,18.722896085065138,94.10767370384305,液压泄漏
液压部B,HP-30,HP-30-003,2023-01-12 04:00:00,155.38878080212234,97.46869866234786,33.12377089081008,32.439285132541656,88.15158787690602,泵磨损
维修部C,HP-30,HP-30-004,2023-01-12 05:00:00,56.55089036661619,223.80963228671158,50.42573058881156,16.157846624798548,98.7179280801801,液压泄漏
液压部B,HP-30,HP-30-003,2023-01-12 05:00:00,184.85242969168658,61.66323379566651,41.645295840053315,35.82374671659654,89.84785405460546,泵磨损
液压部B,HP-30,HP-30-003,2023-01-12 06:00:00,191.62491079524213,100.57725073258108,54.461600433199415,33.41074103357602,96.11501916244923,泵磨损
维修部C,HP-30,HP-30-004,2023-01-12 06:00:00,36.46256737281916,241.67611950933514,57.35453964117426,25.00297068551863,80.90784514699276,液压泄漏
液压部B,HP-30,HP-30-003,2023-01-12 07:00:00,170.1608002298505,132.8983541921892,35.45643386839137,42.57124952758092,83.58153853707508,泵磨损
维修部C,HP-30,HP-30-004,2023-01-12 07:00:00,141.77448753095578,61.09503907773424,59.36892138050286,8.746088976551935,87.82148421652226,正常
维修部C,HP-30,HP-30-004,2023-01-12 08:00:00,119.69731702224307,91.12520090088456,29.538878229771434,17.34672195199176,86.42963688739802,正常
液压部B,HP-30,HP-30-003,2023-01-12 08:00:00,111.24156506882555,56.25004586742126,56.01297106445817,37.37088189255335,95.50149228188457,泵磨损
维修部C,HP-30,HP-30-004,2023-01-12 09:00:00,10.616370978009309,199.29694556137778,56.352014845959225,5.460628256276065,89.3410734263884,液压泄漏
液压部B,HP-30,HP-30-003,2023-01-12 09:00:00,113.23864360887504,77.50287427385041,52.39065998147229,38.18086774279811,95.5572661251046,泵磨损
维修部C,HP-30,HP-30-004,2023-01-12 10:00:00,1.7989990878008455,180.10454402688782,66.54074394620369,17.06604736557952,90.73518830176629,液压泄漏
液压部B,HP-30,HP-30-003,2023-01-12 10:00:00,181.5981297330453,124.67495811739816,35.4373043064869,34.104186697937585,86.64146050857191,泵磨损
液压部B,HP-30,HP-30-003,2023-01-12 11:00:00,147.67815477384767,94.76814348440026,50.10982231235244,18.20427960054644,82.46291436496242,正常
维修部C,HP-30,HP-30-004,2023-01-12 11:00:00,50.021730778084184,235.65835295319732,33.425496532472195,6.0839114906095055,88.5542236756264,液压泄漏
维修部C,HP-30,HP-30-004,2023-01-12 12:00:00,52.36164307745243,184.93272852136562,55.6165610303645,7.682382079379333,92.09026446140722,液压泄漏
液压部B,HP-30,HP-30-003,2023-01-12 12:00:00,181.00445502386336,55.19139594224643,97.94295102284663,5.912898319473997,40.30930729661962,油温过高
液压部B,HP-30,HP-30-003,2023-01-12 13:00:00,176.93096400399872,108.53762239957666,93.26701760546237,6.439438684331989,1.3607648717957286,油温过高
维修部C,HP-30,HP-30-004,2023-01-12 13:00:00,38.08574269822557,199.70862379662347,30.240142833727205,18.15751187280435,90.68056662648254,液压泄漏
液压部B,HP-30,HP-30-003,2023-01-12 14:00:00,190.32949684123653,138.69372378951783,107.26127120068767,20.15406740298838,11.810395365711548,油温过高
维修部C,HP-30,HP-30-004,2023-01-12 14:00:00,22.01347985043626,188.89268781646618,59.266733158512956,18.39042769490804,92.20910375344725,液压泄漏
液压部B,HP-30,HP-30-003,2023-01-12 15:00:00,174.97225462651053,98.94041088419489,109.09712794790538,7.727797172035728,37.262196728409535,油温过高
维修部C,HP-30,HP-30-004,2023-01-12 15:00:00,145.0690686087557,103.52985857370722,67.06645653689267,14.74818641931437,90.12201321444044,正常
维修部C,HP-30,HP-30-004,2023-01-12 16:00:00,191.31270741267156,110.45949530031135,34.42217382764371,21.804213013162446,84.8775223128273,正常
液压部B,HP-30,HP-30-003,2023-01-12 16:00:00,169.26211389674,76.42656368620462,112.01474708520776,25.226694382272033,6.557774779657192,油温过高
维修部C,HP-30,HP-30-004,2023-01-12 17:00:00,99.9880518945864,58.26562633237201,47.517109882690505,13.266491927628136,80.48054737333112,正常
液压部B,HP-30,HP-30-003,2023-01-12 17:00:00,123.37511905007969,142.94369494557233,111.29932104962288,13.606619991219588,2.262672461303712,油温过高
维修部C,HP-30,HP-30-004,2023-01-12 18:00:00,113.68688707710541,84.72615585410668,63.89611392894359,21.00370819097366,90.349202896267,正常
液压部B,HP-30,HP-30-003,2023-01-12 18:00:00,153.1270808490861,129.16848921475872,96.99055420469087,19.213565140608598,9.703487079619135,油温过高
维修部C,HP-30,HP-30-004,2023-01-12 19:00:00,118.10992256416598,98.41844507774823,56.448351377163306,10.12974532315089,80.67163254584892,正常
液压部B,HP-30,HP-30-003,2023-01-12 19:00:00,153.0482727256781,75.8085243266559,124.9286735871618,21.34424273076323,32.96438337326134,油温过高
维修部C,HP-30,HP-30-004,2023-01-12 20:00:00,163.32501776054974,123.56177624719263,69.19522523908915,21.331566602704427,84.80354248902852,正常
液压部B,HP-30,HP-30-003,2023-01-12 20:00:00,137.5859016223573,102.76383766900311,53.10152066484758,5.554692447030658,83.46064763942708,正常
液压部B,HP-30,HP-30-003,2023-01-12 21:00:00,155.1270174569871,118.65712634069948,38.252455603094035,6.401637178412134,99.56016075119541,正常
维修部C,HP-30,HP-30-004,2023-01-12 21:00:00,128.05044259993625,95.3968046889503,36.69846689391268,5.208113744191133,94.049572080684,正常
液压部B,HP-30,HP-30-003,2023-01-12 22:00:00,187.66137869570093,96.29674738408646,52.65175468501009,10.595087333830989,94.21430773095611,正常
维修部C,HP-30,HP-30-004,2023-01-12 22:00:00,160.7474332801988,58.14474273461889,47.748139996895546,16.933902648634337,83.40296245644473,正常
维修部C,HP-30,HP-30-004,2023-01-12 23:00:00,170.54534873210307,99.27371934649227,33.33736393192392,14.203005240620472,88.40979667622278,正常
液压部B,HP-30,HP-30-003,2023-01-12 23:00:00,55.91707268798217,26.312487225057495,50.97537464941081,10.560880497184911,80.60324332198935,阀门故障
液压部B,HP-30,HP-30-003,2023-01-13 00:00:00,70.25125211849992,26.962837750109262,59.770904855491516,11.816364984292704,100.03644530681545,阀门故障
维修部C,HP-30,HP-30-004,2023-01-13 00:00:00,120.42934301794116,105.09934017569257,50.89802753218016,19.297170668989253,84.35556839988031,正常
液压部B,HP-30,HP-30-003,2023-01-13 01:00:00,53.32052983473573,26.760153155376436,42.536521570101165,22.84281372519815,83.72460339726219,阀门故障
维修部C,HP-30,HP-30-004,2023-01-13 01:00:00,168.7893126395922,104.6076492333032,68.52077933855578,10.668055411357324,85.32377277417841,正常
液压部B,HP-30,HP-30-003,2023-01-13 02:00:00,75.7625501010777,21.417886212383923,42.64290109071003,10.054749821729922,86.28237631745255,阀门故障
维修部C,HP-30,HP-30-004,2023-01-13 02:00:00,161.34492051224515,109.87537821985487,66.74182875761534,17.784628614535954,98.18851489915224,正常
维修部C,HP-30,HP-30-004,2023-01-13 03:00:00,103.08137628819381,112.86016840485419,57.56766221905671,21.476399684313616,85.06089464808542,正常
液压部B,HP-30,HP-30-003,2023-01-13 03:00:00,70.94558079801291,26.56956352144555,39.7671518578609,15.05612188393467,81.05379500235831,阀门故障
维修部C,HP-30,HP-30-004,2023-01-13 04:00:00,198.53424340586736,116.70675159396416,56.07737169043002,13.297555717266013,95.080348196407,正常
液压部B,HP-30,HP-30-003,2023-01-13 04:00:00,79.72928893639637,26.196564756856738,44.45685393116008,11.474350339769918,86.32497653888804,阀门故障
维修部C,HP-30,HP-30-004,2023-01-13 05:00:00,195.65843953011398,119.92652734288532,42.11054338771981,12.159551159184142,86.31071030970232,正常
液压部B,HP-30,HP-30-003,2023-01-13 05:00:00,113.18250302269279,135.3896016600911,86.92538173023945,22.085341347884,26.27292563946907,油温过高
维修部C,HP-30,HP-30-004,2023-01-13 06:00:00,195.10654502191414,122.50881268549675,33.681742413713465,22.803213387316795,86.79827500512152,正常
液压部B,HP-30,HP-30-003,2023-01-13 06:00:00,177.06865269425222,140.44380894510493,85.92148467015664,18.503771875963196,20.22556180363587,油温过高
维修部C,HP-30,HP-30-004,2023-01-13 07:00:00,178.54621636918415,135.29708001223207,37.448467092980486,18.535610982043984,82.32164325718992,正常
液压部B,HP-30,HP-30-003,2023-01-13 07:00:00,143.1054034159548,110.85779282843554,96.48692346573712,19.392435669338337,28.60940675446072,油温过高
维修部C,HP-30,HP-30-004,2023-01-13 08:00:00,168.1320859782463,123.22043095664826,32.23701127897545,14.591295460623808,87.41276144128572,正常
液压部B,HP-30,HP-30-003,2023-01-13 08:00:00,170.27396032871619,55.98324382596398,116.10407104375406,9.858132310570358,29.25473427520727,油温过高
维修部C,HP-30,HP-30-004,2023-01-13 09:00:00,144.3435038132478,72.20447884717622,68.66345078899053,16.103484739452945,93.99439607478357,正常
液压部B,HP-30,HP-30-003,2023-01-13 09:00:00,182.89600682344047,68.92821053670043,43.47672677453868,5.873007499119828,86.54141865756995,正常
液压部B,HP-30,HP-30-003,2023-01-13 10:00:00,116.49614043555067,141.4343081872385,46.90126197393366,24.482608090774395,97.9007706831658,正常
维修部C,HP-30,HP-30-004,2023-01-13 10:00:00,190.47157684262447,121.72680076695328,53.44035926698672,17.38852629930997,89.39461308099264,正常
维修部C,HP-30,HP-30-004,2023-01-13 11:00:00,177.39694356199706,74.40651105293195,32.62099780734931,11.05351155128228,97.82372640098853,正常
液压部B,HP-30,HP-30-003,2023-01-13 11:00:00,151.33767195415314,130.37682296287127,66.55118944967495,11.969799787564092,91.79147630649769,正常
维修部C,HP-30,HP-30-004,2023-01-13 12:00:00,0.5607902068539894,253.2634349347076,48.33232052499015,17.761424972955076,93.92179282361894,液压泄漏
液压部B,HP-30,HP-30-003,2023-01-13 12:00:00,109.69491120094014,78.51353270883753,41.623275846122105,23.936515158296714,95.36545918373812,正常
液压部B,HP-30,HP-30-003,2023-01-13 13:00:00,182.49817387220392,110.19016244397547,40.68393170034441,7.702798377676339,94.33474241332603,正常
维修部C,HP-30,HP-30-004,2023-01-13 13:00:00,32.93118192416312,269.66305416354885,45.28068913979674,23.91287359031536,94.88539603988418,液压泄漏
液压部B,HP-30,HP-30-003,2023-01-13 14:00:00,145.77430895493328,50.104167419707444,44.45149816306128,18.87034270427552,89.30301401111765,正常
维修部C,HP-30,HP-30-004,2023-01-13 14:00:00,43.528928220752455,209.92374962605257,48.01795772063759,6.81321873117602,95.65144319724324,液压泄漏
液压部B,HP-30,HP-30-003,2023-01-13 15:00:00,167.83431560905942,94.16488630435941,61.27151260270143,11.44240390950495,88.52753209962749,正常
维修部C,HP-30,HP-30-004,2023-01-13 15:00:00,14.105773671193521,228.99780962061092,39.19245841216291,16.83143244016215,94.73949049859016,液压泄漏
维修部C,HP-30,HP-30-004,2023-01-13 16:00:00,55.312689816350314,216.44331730089527,45.98789270574873,16.232665005059655,97.26085045817382,液压泄漏
液压部B,HP-30,HP-30-003,2023-01-13 16:00:00,116.87495720431448,123.79542125864782,33.37820318622832,18.287083907011763,81.51068846293799,正常
液压部B,HP-30,HP-30-003,2023-01-13 17:00:00,105.01712816344958,101.57365461897159,54.18812753187871,17.632918423133752,89.13775298538017,正常
维修部C,HP-30,HP-30-004,2023-01-13 17:00:00,0.018709047659131173,238.4125694020581,61.047434684375034,6.953082670266395,92.3508005725041,液压泄漏
液压部B,HP-30,HP-30-003,2023-01-13 18:00:00,180.59205128041128,67.58112894415699,44.82487470132569,13.427586382276282,99.57616023963466,正常
维修部C,HP-30,HP-30-004,2023-01-13 18:00:00,15.576512143032646,180.22278603256225,54.47293027165734,10.13898890112242,88.67130505076246,液压泄漏
维修部C,HP-30,HP-30-004,2023-01-13 19:00:00,120.10478669925261,75.55820389237007,58.47042098552016,20.512639405716904,100.65025624917638,正常
液压部B,HP-30,HP-30-003,2023-01-13 19:00:00,139.76899312328638,86.52257028480288,73.70813305186503,10.814833813380318,25.547775503835204,污染故障
液压部B,HP-30,HP-30-003,2023-01-13 20:00:00,117.83664006154619,86.34332889574478,76.4514561392378,8.888600654195404,30.53337284122648,污染故障
维修部C,HP-30,HP-30-004,2023-01-13 20:00:00,105.87931320708296,60.33990027870193,61.68041145823792,4.442754772047655,89.42480589085945,正常
液压部B,HP-30,HP-30-003,2023-01-13 21:00:00,142.2486012806298,129.45954155370123,79.47267257288095,22.8781702309097,12.311674278550406,污染故障
维修部C,HP-30,HP-30-004,2023-01-13 21:00:00,115.31057104194177,140.77779836098898,37.54715395510935,19.381333503968516,95.82573721122256,正常
液压部B,HP-30,HP-30-003,2023-01-13 22:00:00,180.25752752144032,84.90820962912147,77.5847812029082,5.8379152005352575,19.335394133369668,污染故障
维修部C,HP-30,HP-30-004,2023-01-13 22:00:00,197.23798818252902,147.39315140812573,63.62737285190256,11.462975336488238,100.30322082075715,正常
液压部B,HP-30,HP-30-003,2023-01-13 23:00:00,189.8150745533891,95.65037343270363,45.254314669797886,18.738493446906975,86.9722469430693,正常
维修部C,HP-30,HP-30-004,2023-01-13 23:00:00,151.00525132509995,85.13808813185788,87.5050261631299,6.88676228093903,35.90666460591411,油温过高
液压部B,HP-30,HP-30-003,2023-01-14 00:00:00,183.7194634682587,102.74080735667319,31.9660807446821,24.43369115782173,90.27698466409835,正常
维修部C,HP-30,HP-30-004,2023-01-14 00:00:00,153.204163522758,67.78315175233487,117.04968358935508,20.230236779157558,42.62344002643135,油温过高
液压部B,HP-30,HP-30-003,2023-01-14 01:00:00,148.31120941805133,57.77368258166588,35.45118962069768,8.483960844080867,98.08524233177795,正常
维修部C,HP-30,HP-30-004,2023-01-14 01:00:00,159.49894580733832,108.0851803919995,99.67249627390851,23.04170138186569,4.950157529478215,油温过高
维修部C,HP-30,HP-30-004,2023-01-14 02:00:00,101.99416491048869,136.0325755434091,121.3955106653493,21.98657725689581,18.370079909133516,油温过高
液压部B,HP-30,HP-30-003,2023-01-14 02:00:00,129.0123764983748,53.23609850682351,67.65026295825888,21.369424387920944,81.4177848214831,正常
维修部C,HP-30,HP-30-004,2023-01-14 03:00:00,111.84189030573854,125.19972278997524,111.84593424282204,15.000516506769653,31.53742713219899,油温过高
液压部B,HP-30,HP-30-003,2023-01-14 03:00:00,158.00817973275295,75.95695678283255,48.202461690247446,9.058563525038538,91.1650954568309,正常
维修部C,HP-30,HP-30-004,2023-01-14 04:00:00,200.34736259873318,120.43242979701749,110.69998185958643,19.843629082245457,27.370746648223346,油温过高
液压部B,HP-30,HP-30-003,2023-01-14 04:00:00,131.07207481217318,95.64656454600072,47.764383256767516,10.621851297886119,93.06404880205767,正常
液压部B,HP-30,HP-30-003,2023-01-14 05:00:00,162.8747074088049,65.9607168943308,37.35182564112096,14.858840239254395,85.94568283565962,正常
维修部C,HP-30,HP-30-004,2023-01-14 05:00:00,100.55616586216955,141.1154317490884,118.3979805992767,8.474137027298209,8.37961496452044,油温过高
维修部C,HP-30,HP-30-004,2023-01-14 06:00:00,164.97697017669188,100.34579819031786,123.25309871323236,12.143235534311613,8.819537834762675,油温过高
液压部B,HP-30,HP-30-003,2023-01-14 06:00:00,192.46364757519254,90.76754862721877,62.80853634261621,21.46020740986908,89.73655640375337,正常
维修部C,HP-30,HP-30-004,2023-01-14 07:00:00,112.79712917680196,130.21738853357203,87.02901126980998,23.381519503069157,38.25560553830133,油温过高
液压部B,HP-30,HP-30-003,2023-01-14 07:00:00,172.40145497597896,85.5393087761242,65.8124276029868,15.007325778532413,82.09527763970449,正常
液压部B,HP-30,HP-30-003,2023-01-14 08:00:00,56.723648719663636,35.73760285177863,59.864473335387515,14.367104088673326,85.6906698278229,阀门故障
维修部C,HP-30,HP-30-004,2023-01-14 08:00:00,96.75895492304201,105.67979078249776,117.2511128065837,11.519440839956998,22.9671638599174,油温过高
液压部B,HP-30,HP-30-003,2023-01-14 09:00:00,76.33685123582379,32.42980347285881,37.71909607542352,9.664792154645262,86.52384947883752,阀门故障
维修部C,HP-30,HP-30-004,2023-01-14 09:00:00,114.43946227859868,65.46425609824679,104.03249107438721,20.577601787161576,17.36407949818532,油温过高
维修部C,HP-30,HP-30-004,2023-01-14 10:00:00,145.22755387793728,113.5067567132945,107.07086413677663,20.509430115919177,29.435684294516605,油温过高
液压部B,HP-30,HP-30-003,2023-01-14 10:00:00,55.02211054372067,38.94028364679054,59.98396497186092,23.350855314198594,88.18479418814137,阀门故障
维修部C,HP-30,HP-30-004,2023-01-14 11:00:00,177.76345337992035,115.29373703344513,63.48769123453881,22.46078785298063,100.16519833124302,正常
液压部B,HP-30,HP-30-003,2023-01-14 11:00:00,75.8890826265716,37.27440867534301,67.0113144208844,19.10593848644993,91.68947633618528,阀门故障
液压部B,HP-30,HP-30-003,2023-01-14 12:00:00,73.98909090395736,36.39416132081156,52.70141441461034,18.949637037300448,82.73682558140443,阀门故障
维修部C,HP-30,HP-30-004,2023-01-14 12:00:00,197.62063335570912,79.33147517033701,44.37798314869948,21.010907831301154,98.62458619683426,正常
维修部C,HP-30,HP-30-004,2023-01-14 13:00:00,187.00303141990906,106.98213991779853,58.18376854048112,16.796735355939724,85.68671948391403,正常
液压部B,HP-30,HP-30-003,2023-01-14 13:00:00,74.94217250130973,27.81206906248815,49.1141564740426,20.09627224841382,86.9022282976746,阀门故障
维修部C,HP-30,HP-30-004,2023-01-14 14:00:00,186.5987464615053,70.75458649473414,40.29141155307977,5.413371173584839,88.90272205829349,正常
液压部B,HP-30,HP-30-003,2023-01-14 14:00:00,72.17518842267961,27.334340750567954,64.57804859940549,4.138271847852831,95.01393343872319,阀门故障
维修部C,HP-30,HP-30-004,2023-01-14 15:00:00,181.99700258239946,61.9647226786779,108.48705667889249,9.59510019258276,4.549392224945025,油温过高
液压部B,HP-30,HP-30-003,2023-01-14 15:00:00,175.10901336851478,141.97876055878945,47.52927678549301,15.356712812189567,92.55997615249214,正常
维修部C,HP-30,HP-30-004,2023-01-14 16:00:00,191.00578784163415,115.26597215751985,93.71033691822778,21.408899173850543,28.93568367529193,油温过高
液压部B,HP-30,HP-30-003,2023-01-14 16:00:00,177.037358498889,131.8689569561336,39.81366958049842,9.624935378162704,80.73616941302885,正常
维修部C,HP-30,HP-30-004,2023-01-14 17:00:00,125.6758008402147,80.86836147244463,102.41790492056396,7.016163753170011,26.228604514227502,油温过高
液压部B,HP-30,HP-30-003,2023-01-14 17:00:00,155.03159393018686,101.43923698812823,49.938198577358996,23.008751215596533,82.38059298356639,正常
维修部C,HP-30,HP-30-004,2023-01-14 18:00:00,158.82987004033671,48.73912257938415,54.96048997163544,8.309621696750245,89.80098908609695,正常
液压部B,HP-30,HP-30-003,2023-01-14 18:00:00,59.76435808514353,188.2983085434108,46.868042725820295,20.430535847029283,96.13747851444293,液压泄漏
液压部B,HP-30,HP-30-003,2023-01-14 19:00:00,19.66319876807228,198.19359122529013,46.98571097302309,21.649253022950184,80.80218209865554,液压泄漏
维修部C,HP-30,HP-30-004,2023-01-14 19:00:00,159.81808156763682,81.65903054888604,54.090574753676414,17.77875171923597,88.972389954036,正常
液压部B,HP-30,HP-30-003,2023-01-14 20:00:00,40.13360772182854,186.5985473814514,31.062485000189444,18.46019975308122,82.1265539470134,液压泄漏
维修部C,HP-30,HP-30-004,2023-01-14 20:00:00,115.31807379514235,57.23260161846218,45.62761913494051,14.15514477936578,81.92727359327554,正常
维修部C,HP-30,HP-30-004,2023-01-14 21:00:00,192.38821779462938,64.12798604381454,67.75506301858849,4.95833199386067,84.28099238358679,正常
液压部B,HP-30,HP-30-003,2023-01-14 21:00:00,10.539863496615482,240.29820872151473,34.49802330921931,7.285973287637908,80.63629002271297,液压泄漏
液压部B,HP-30,HP-30-003,2023-01-14 22:00:00,163.16572514769288,115.49374946961449,48.42524434807987,14.941405809915523,93.27090160612022,正常
维修部C,HP-30,HP-30-004,2023-01-14 22:00:00,5.409106852301118,192.1905232916728,45.44784039818985,23.356727924012308,84.72145359534103,液压泄漏
维修部C,HP-30,HP-30-004,2023-01-14 23:00:00,31.45793688381231,187.97775567368262,58.1117608149008,15.189344483166389,97.37431300095587,液压泄漏
液压部B,HP-30,HP-30-003,2023-01-14 23:00:00,136.39147164062632,82.16039912887499,35.703464451963825,9.423904242641608,84.26888374453141,正常
维修部C,HP-30,HP-30-004,2023-01-15 00:00:00,0.13843898651347164,219.55189614067066,40.548216621944576,15.53143154673157,85.9382201603437,液压泄漏
液压部B,HP-30,HP-30-003,2023-01-15 00:00:00,163.63544527699128,114.03002673369633,61.587125615187254,7.26134006619279,81.32320298740892,正常
液压部B,HP-30,HP-30-003,2023-01-15 01:00:00,50.208174030681725,32.36331472731109,56.14333292308739,17.780471828370814,92.2736276570372,阀门故障
维修部C,HP-30,HP-30-004,2023-01-15 01:00:00,25.441739850315535,237.9071132417323,49.33010707776266,5.556549352353954,85.82181155650913,液压泄漏
液压部B,HP-30,HP-30-003,2023-01-15 02:00:00,68.421084113576,31.329760232197025,68.33751185186404,6.979112410064562,88.9647431907353,阀门故障
维修部C,HP-30,HP-30-004,2023-01-15 02:00:00,168.93779306517249,90.80023652367728,63.47929000649234,12.968190798662873,88.74641788378493,正常
液压部B,HP-30,HP-30-003,2023-01-15 03:00:00,62.475987103520225,33.135558940975095,56.707813648078194,13.877078969913475,85.2831134486336,阀门故障
维修部C,HP-30,HP-30-004,2023-01-15 03:00:00,123.4905609670813,69.13600937858229,33.85407700035212,6.01419798564749,90.8444953402358,正常
液压部B,HP-30,HP-30-003,2023-01-15 04:00:00,68.52286477995277,29.809311622492434,64.78619611898978,21.738327711147853,86.02893649463903,阀门故障
维修部C,HP-30,HP-30-004,2023-01-15 04:00:00,174.24596906156222,58.57954580652599,47.23534313383945,7.855022763613931,91.58868766086279,正常
维修部C,HP-30,HP-30-004,2023-01-15 05:00:00,144.44397315259172,50.8472675000767,60.111367811688005,6.6455680520310345,100.01997625706554,正常
液压部B,HP-30,HP-30-003,2023-01-15 05:00:00,59.29191921351366,39.4039400145422,55.242034752116105,19.426558770850875,80.72746166349334,阀门故障
维修部C,HP-30,HP-30-004,2023-01-15 06:00:00,160.2284587076634,64.14351172860792,67.72862857956534,14.71999307673345,97.89454116548316,正常
液压部B,HP-30,HP-30-003,2023-01-15 06:00:00,117.68884946573228,132.5257043811554,41.432912923596916,10.185650189178165,91.76898207812424,正常
液压部B,HP-30,HP-30-003,2023-01-15 07:00:00,123.80861093104852,121.57583098232266,39.15943899258698,23.70102635632808,84.48372032875972,正常
维修部C,HP-30,HP-30-004,2023-01-15 07:00:00,200.04245822491367,118.42128061797311,33.23765565057775,22.7145126000364,93.71593247255053,正常
维修部C,HP-30,HP-30-004,2023-01-15 08:00:00,152.61074423157172,114.2436582336094,61.550784717726025,18.4125407944677,95.6811981354786,正常
液压部B,HP-30,HP-30-003,2023-01-15 08:00:00,148.95290590010734,105.23973530259121,59.699478952065554,21.02286368189567,80.90244531403805,正常
液压部B,HP-30,HP-30-003,2023-01-15 09:00:00,109.32910730995408,57.03051026575177,70.85084894824185,14.830761303067836,96.66148019089641,正常
维修部C,HP-30,HP-30-004,2023-01-15 09:00:00,106.98697578865715,74.78835323400926,40.25516129644779,22.99735522618721,86.7406905775116,正常
液压部B,HP-30,HP-30-003,2023-01-15 10:00:00,115.46552978177581,106.99625760430371,68.83317373416176,21.374463843160306,86.9624749436817,正常
维修部C,HP-30,HP-30-004,2023-01-15 10:00:00,192.9592466676536,88.06907673844533,50.17151375931425,8.410784072312802,88.88004175055963,正常
液压部B,HP-30,HP-30-003,2023-01-15 11:00:00,133.5925425458864,115.87784897649685,34.37538389998507,15.682257026864166,99.62269341385372,正常
维修部C,HP-30,HP-30-004,2023-01-15 11:00:00,182.5632624046153,107.52833307584947,122.33360412242513,8.488481046766353,36.60875961538938,油温过高
液压部B,HP-30,HP-30-003,2023-01-15 12:00:00,139.50638537933747,81.91271070587271,38.855343802794074,14.271891374581273,96.69014373398365,正常
维修部C,HP-30,HP-30-004,2023-01-15 12:00:00,164.23460416173342,111.2673314983129,95.10263765298315,9.321760119415384,39.87969922600175,油温过高
液压部B,HP-30,HP-30-003,2023-01-15 13:00:00,102.31365677600704,80.7777664208176,56.66433252973546,11.374156043631682,89.77850221174708,正常
维修部C,HP-30,HP-30-004,2023-01-15 13:00:00,111.33498426364572,70.46779256605987,122.76446236230869,17.14263542330381,8.104621474672713,油温过高
液压部B,HP-30,HP-30-003,2023-01-15 14:00:00,135.939057286549,72.64280954655597,42.14658934761929,23.36877046233369,89.1563283155642,正常
维修部C,HP-30,HP-30-004,2023-01-15 14:00:00,101.71833949316873,136.33370982478513,118.64816786948566,5.195438885011504,22.99743911668623,油温过高
液压部B,HP-30,HP-30-003,2023-01-15 15:00:00,143.0765280737406,111.80563667125065,36.17723919457688,24.261880439971844,80.01218871440724,正常
维修部C,HP-30,HP-30-004,2023-01-15 15:00:00,129.73388961571524,114.47345955445975,93.8316053192836,17.074852989406423,2.0352475164490578,油温过高
维修部C,HP-30,HP-30-004,2023-01-15 16:00:00,106.15661751180441,71.5976905012778,103.88257181177347,23.522460718776493,36.36344639861023,油温过高
液压部B,HP-30,HP-30-003,2023-01-15 16:00:00,194.33520523027107,105.07363293109371,62.88291452210967,16.054564635086763,88.86669811352628,正常
液压部B,HP-30,HP-30-003,2023-01-15 17:00:00,178.10115502284873,126.97715189827015,64.9318290483741,12.822916766412378,85.4927474575036,正常
维修部C,HP-30,HP-30-004,2023-01-15 17:00:00,104.85497229479084,125.30918374969156,116.22006455723735,14.194288901956966,18.218460918954523,油温过高
维修部C,HP-30,HP-30-004,2023-01-15 18:00:00,116.71607182160909,81.0569820304996,119.00989346601568,13.18275433970961,45.11037666946248,油温过高
液压部B,HP-30,HP-30-003,2023-01-15 18:00:00,109.13422314410826,145.82471063099658,31.569950375895097,6.7680203409511295,94.37286925527133,正常
液压部B,HP-30,HP-30-003,2023-01-15 19:00:00,193.69535761533677,77.18594532375123,63.196918450222896,23.11292398806245,91.47062740004228,正常
维修部C,HP-30,HP-30-004,2023-01-15 19:00:00,148.22320301657126,75.7151277277208,65.69830054266986,14.856033180636501,83.58597962067044,正常
液压部B,HP-30,HP-30-003,2023-01-15 20:00:00,181.0236686725847,101.65700400793939,46.17996771718465,11.308496074056048,94.85202365389604,正常
维修部C,HP-30,HP-30-004,2023-01-15 20:00:00,101.26577966336345,140.68233271517238,53.267044426669244,16.93523789537305,83.83786879496216,正常
维修部C,HP-30,HP-30-004,2023-01-15 21:00:00,195.7892414316563,58.62445593804893,63.55567026785597,7.269017513291263,89.51630420607631,正常
液压部B,HP-30,HP-30-003,2023-01-15 21:00:00,142.05234163595756,97.62565786812348,39.25789062787931,17.634945796361222,97.2388100965843,正常
维修部C,HP-30,HP-30-004,2023-01-15 22:00:00,159.20656319174182,114.55449066396312,30.628869899949308,16.311664693229485,95.1111844968668,正常
液压部B,HP-30,HP-30-003,2023-01-15 22:00:00,185.24255064197789,74.47810286163212,46.430389857439444,17.783690794725445,84.1417679208531,正常
维修部C,HP-30,HP-30-004,2023-01-15 23:00:00,130.56882260125144,53.85503893344186,48.605180254692996,14.564229070415042,84.28416880703878,正常
液压部B,HP-30,HP-30-003,2023-01-15 23:00:00,125.60732334970328,135.5526727556678,33.05007745595021,17.70612269977924,79.57554330973633,正常
维修部C,HP-30,HP-30-004,2023-01-16 00:00:00,37.790514102776356,236.19122708625574,59.752133208182535,5.877781636594128,87.10884396045607,液压泄漏
液压部B,HP-30,HP-30-003,2023-01-16 00:00:00,34.845279373699896,236.29573735362703,34.49979872691822,22.62111384914492,91.18578753205956,液压泄漏
液压部B,HP-30,HP-30-003,2023-01-16 01:00:00,36.351681952350035,225.74540764708854,41.81500268486099,5.135123846468542,86.96632916015919,液压泄漏
维修部C,HP-30,HP-30-004,2023-01-16 01:00:00,15.839152395587984,191.17636046435,65.99793972010856,15.421273698667832,97.11570607186941,液压泄漏
维修部C,HP-30,HP-30-004,2023-01-16 02:00:00,44.06409959912713,224.09417528813202,60.07669852337766,24.263668335905795,82.36436834260438,液压泄漏
液压部B,HP-30,HP-30-003,2023-01-16 02:00:00,34.62356257949163,225.78484230580668,40.17267253013585,22.621641348731043,94.98633106732332,液压泄漏
维修部C,HP-30,HP-30-004,2023-01-16 03:00:00,121.55858505266183,110.14575169536951,67.93046157977207,22.148225231217864,98.08232163688403,正常
液压部B,HP-30,HP-30-003,2023-01-16 03:00:00,31.54953158595577,226.66140319930935,59.23970609629201,6.048043225487355,99.17934837134894,液压泄漏
维修部C,HP-30,HP-30-004,2023-01-16 04:00:00,134.60075517802835,84.58397705503256,53.8763216625209,22.663487292109643,87.32989205519333,正常
液压部B,HP-30,HP-30-003,2023-01-16 04:00:00,151.68886314340463,130.4656620073967,74.5602402941027,12.274549564630176,27.61385355753868,污染故障
维修部C,HP-30,HP-30-004,2023-01-16 05:00:00,158.60254871719255,110.53955809593808,57.577849226473575,24.018403612532477,83.65604290264284,正常
液压部B,HP-30,HP-30-003,2023-01-16 05:00:00,122.3424394599439,139.8916141195092,79.4035662127495,18.039527685652676,15.031510370586622,污染故障
液压部B,HP-30,HP-30-003,2023-01-16 06:00:00,112.1286218253694,71.73267139455388,76.17487618283272,24.25668240758563,21.911654339073948,污染故障
维修部C,HP-30,HP-30-004,2023-01-16 06:00:00,134.62850741634483,89.99223146910411,41.307351525502696,18.189104289501056,87.20063876883123,正常
液压部B,HP-30,HP-30-003,2023-01-16 07:00:00,114.54706761571,49.94539447455554,73.99580721633977,21.27184262169414,15.318755292922356,污染故障
维修部C,HP-30,HP-30-004,2023-01-16 07:00:00,56.906534339509044,33.721737865443025,63.41507075439759,22.11914968048059,90.9902423646071,阀门故障
维修部C,HP-30,HP-30-004,2023-01-16 08:00:00,53.88962076850388,29.568794677249528,46.32069922626731,21.906804655224764,98.9917968893168,阀门故障
液压部B,HP-30,HP-30-003,2023-01-16 08:00:00,125.55286487644796,141.569895673332,39.86493489059427,4.762190334872968,96.71050059680059,正常
维修部C,HP-30,HP-30-004,2023-01-16 09:00:00,50.26609340875846,28.787730256982528,46.31631427400315,21.86233892610596,83.37257803001624,阀门故障
液压部B,HP-30,HP-30-003,2023-01-16 09:00:00,191.91943112793604,64.58632092168486,37.22064399128342,9.673037187069179,89.18321517303944,正常
液压部B,HP-30,HP-30-003,2023-01-16 10:00:00,167.10921359351872,125.74226133759467,42.15385514891035,12.357249971613802,91.61816975367192,正常
维修部C,HP-30,HP-30-004,2023-01-16 10:00:00,69.40834655404524,30.443968156883216,48.067590688316415,7.777374387882029,83.35129703388172,阀门故障
维修部C,HP-30,HP-30-004,2023-01-16 11:00:00,137.34877017152192,140.92600181829263,39.264878543236634,20.915410463237873,96.7080894268049,正常
液压部B,HP-30,HP-30-003,2023-01-16 11:00:00,171.21861368929817,127.28840511129846,53.59476883864733,18.426327789973072,99.08736409090845,正常
液压部B,HP-30,HP-30-003,2023-01-16 12:00:00,141.9503546803112,101.06587400782865,38.32363736250604,4.694888527639548,85.2789315496639,正常
维修部C,HP-30,HP-30-004,2023-01-16 12:00:00,102.49642059879045,64.702163621773,49.16921377591301,14.093167931161737,97.6839515350338,正常
液压部B,HP-30,HP-30-003,2023-01-16 13:00:00,154.73093958455868,86.20459888437992,107.63588554882111,11.189689158125432,3.3918680953098317,油温过高
维修部C,HP-30,HP-30-004,2023-01-16 13:00:00,141.65596980661087,137.47066089887304,53.582788679803535,15.715082429882692,97.2192776702473,正常
液压部B,HP-30,HP-30-003,2023-01-16 14:00:00,120.09751003668227,129.03354291221848,101.91330110012258,14.802228569389301,8.05797622249144,油温过高
维修部C,HP-30,HP-30-004,2023-01-16 14:00:00,195.5140260866539,56.029428163294774,58.10487242684181,23.89050673495969,95.44440920880011,正常
液压部B,HP-30,HP-30-003,2023-01-16 15:00:00,163.29462473858658,103.88368121845738,124.72037341794476,5.313219362449129,36.360438410679244,油温过高
维修部C,HP-30,HP-30-004,2023-01-16 15:00:00,135.6324789171553,108.55321956060506,53.68536257178204,16.79674707778062,82.69193000196579,正常
液压部B,HP-30,HP-30-003,2023-01-16 16:00:00,106.21707214010615,111.6220870114685,94.51396940006678,15.3298156625548,26.620620313905825,油温过高
维修部C,HP-30,HP-30-004,2023-01-16 16:00:00,182.0962451472815,126.7696540207972,35.757558379372824,11.46375832183954,86.33591521474958,正常
液压部B,HP-30,HP-30-003,2023-01-16 17:00:00,153.2132808135642,133.30962917350087,94.13629928670038,8.858274043806652,7.9223149436222045,油温过高
维修部C,HP-30,HP-30-004,2023-01-16 17:00:00,100.316780709654,98.59771154087261,49.394105406601604,23.72682975272621,88.0581460382078,正常
维修部C,HP-30,HP-30-004,2023-01-16 18:00:00,100.62933570363371,48.758760909831686,38.8088408413359,21.309748475131766,87.05814699625766,正常
液压部B,HP-30,HP-30-003,2023-01-16 18:00:00,187.81192005150152,76.68604810397561,125.65164637986021,9.38401237460855,16.357157487068235,油温过高
维修部C,HP-30,HP-30-004,2023-01-16 19:00:00,129.92133438363285,133.52492501713542,67.37847898607123,18.367338622685182,97.48251075046822,正常
液压部B,HP-30,HP-30-003,2023-01-16 19:00:00,195.1933865996811,142.27581898699896,100.79343126816032,20.37298017481006,26.730137449828142,油温过高
维修部C,HP-30,HP-30-004,2023-01-16 20:00:00,60.07933713107548,21.94711451784141,45.526561753729865,18.52721832050414,80.21583824042162,阀门故障
液压部B,HP-30,HP-30-003,2023-01-16 20:00:00,175.19943340884186,58.77780773028252,51.42347649510631,21.221750160701163,85.58908534438629,正常
液压部B,HP-30,HP-30-003,2023-01-16 21:00:00,118.52394338384003,84.85952560377189,35.80640019770025,8.9007246450897,81.9186616665778,正常
维修部C,HP-30,HP-30-004,2023-01-16 21:00:00,58.721282521951224,37.25142528235293,40.206434305257204,12.271828008776867,92.03031262274112,阀门故障
液压部B,HP-30,HP-30-003,2023-01-16 22:00:00,120.72546965044705,52.34373971044275,56.23836819166825,14.298882086099287,90.20911379055418,正常
维修部C,HP-30,HP-30-004,2023-01-16 22:00:00,71.45163950573023,32.347309751632494,36.03083440447256,20.295898163701946,95.5009384118225,阀门故障
液压部B,HP-30,HP-30-003,2023-01-16 23:00:00,164.6747494590839,53.879299132578375,35.99559560475802,33.4015717384242,94.7407894246507,泵磨损
维修部C,HP-30,HP-30-004,2023-01-16 23:00:00,151.71827346716915,137.56850419839517,46.24205882245187,17.048460607243683,87.79492058944552,正常
维修部C,HP-30,HP-30-004,2023-01-17 00:00:00,170.79344488317577,92.96010849923857,56.19393081545223,5.9535066821456235,82.20528660180562,正常
液压部B,HP-30,HP-30-003,2023-01-17 00:00:00,136.8394600049124,115.27553357970831,44.59281614472379,31.65054170443283,98.86012435044054,泵磨损
液压部B,HP-30,HP-30-003,2023-01-17 01:00:00,185.6712417748944,102.19253611816565,29.761240817292162,43.098155986062416,98.88327687341476,泵磨损
维修部C,HP-30,HP-30-004,2023-01-17 01:00:00,142.2737990039314,106.94250617212055,30.63399561828594,44.99113512845959,82.5023172894566,泵磨损
维修部C,HP-30,HP-30-004,2023-01-17 02:00:00,125.38713662803907,125.14339783510904,46.6286323397461,37.282931031376435,95.42346420177303,泵磨损
液压部B,HP-30,HP-30-003,2023-01-17 02:00:00,135.5555692587698,105.88117431676181,48.537054516771605,30.44425910106119,98.11205975874078,泵磨损
液压部B,HP-30,HP-30-003,2023-01-17 03:00:00,111.33916176105987,114.22831178855004,70.68462694543354,44.03976942766342,89.38213112638822,泵磨损
维修部C,HP-30,HP-30-004,2023-01-17 03:00:00,136.22009697130952,74.69743791958803,41.50513051732712,36.47998965644421,89.35422789126969,泵磨损
维修部C,HP-30,HP-30-004,2023-01-17 04:00:00,173.08006218172014,86.59546119697197,68.32876633362204,13.135162362558939,91.16998927506037,正常
液压部B,HP-30,HP-30-003,2023-01-17 04:00:00,180.83640589193055,74.96066484036575,48.993385825959024,14.109207241438162,96.80099327730402,正常
维修部C,HP-30,HP-30-004,2023-01-17 05:00:00,125.0437790253361,144.51821390865635,29.10989124076429,20.832011408086217,83.7917145852034,正常
液压部B,HP-30,HP-30-003,2023-01-17 05:00:00,195.5007414556094,132.76164210642438,53.66126931275524,14.2185245408098,98.92516207826812,正常
维修部C,HP-30,HP-30-004,2023-01-17 06:00:00,68.11768824678387,34.42225616111941,36.904432581699666,22.010556202297746,89.66109899073345,阀门故障
液压部B,HP-30,HP-30-003,2023-01-17 06:00:00,99.4309101664254,56.86167700256135,52.973607980567884,10.249977516176715,99.25221397615422,正常
液压部B,HP-30,HP-30-003,2023-01-17 07:00:00,116.88472096677378,103.37086779509585,38.22112908819803,22.88828215402462,86.28204885337999,正常
维修部C,HP-30,HP-30-004,2023-01-17 07:00:00,61.24152026093118,23.45603690142237,31.818171205489637,15.572504845651071,93.12329952828765,阀门故障
液压部B,HP-30,HP-30-003,2023-01-17 08:00:00,189.3918069272572,86.213090735304,49.26120775190805,11.553638264533422,86.83304926514042,正常
维修部C,HP-30,HP-30-004,2023-01-17 08:00:00,77.70952171965564,24.291578606651242,38.26551711272362,10.378532861055763,84.16500909144148,阀门故障
维修部C,HP-30,HP-30-004,2023-01-17 09:00:00,53.084452992275246,23.59229161994015,32.90478040164784,5.2038495814390515,95.50819632972696,阀门故障
液压部B,HP-30,HP-30-003,2023-01-17 09:00:00,97.88393249793567,143.92963874651923,60.51634695578748,23.112094648936864,84.64102159937327,正常
维修部C,HP-30,HP-30-004,2023-01-17 10:00:00,67.59168231885093,32.25866756117567,57.40441536445962,22.056399456936,97.16632056483186,阀门故障
液压部B,HP-30,HP-30-003,2023-01-17 10:00:00,106.16133068228898,80.77102469069818,48.41286310331519,11.209653734869265,94.8018712976026,正常
维修部C,HP-30,HP-30-004,2023-01-17 11:00:00,62.86460049953597,20.36168999635944,42.644128417278196,25.179728416039325,86.80126862167214,阀门故障
液压部B,HP-30,HP-30-003,2023-01-17 11:00:00,109.84350343562517,101.22096737866492,90.53384302743535,5.793509636757587,22.521190997280204,油温过高
维修部C,HP-30,HP-30-004,2023-01-17 12:00:00,76.71637712507592,32.76050745470103,36.18711731045747,12.872505959886908,88.15388418825324,阀门故障
液压部B,HP-30,HP-30-003,2023-01-17 12:00:00,161.60164825312404,88.65497787556961,87.03981087655274,13.603949102308524,40.36398096304825,油温过高
维修部C,HP-30,HP-30-004,2023-01-17 13:00:00,153.87148770000695,89.77308332551698,62.82180009583706,24.798341702237916,88.1786793819527,正常
液压部B,HP-30,HP-30-003,2023-01-17 13:00:00,181.90534872148675,131.012191140357,107.8582184965792,9.194624742654407,41.73853116498057,油温过高
维修部C,HP-30,HP-30-004,2023-01-17 14:00:00,142.1813666143707,73.32064970433925,41.62434280452682,11.59843799513156,97.19666382088532,正常
液压部B,HP-30,HP-30-003,2023-01-17 14:00:00,171.39975414971525,70.74261618706579,121.29247367110321,12.99616277184674,40.659415819537344,油温过高
维修部C,HP-30,HP-30-004,2023-01-17 15:00:00,106.74915860608246,100.16665571021571,30.89509456841138,14.609921729691896,86.41115476825917,正常
液压部B,HP-30,HP-30-003,2023-01-17 15:00:00,174.28484396433976,70.3286976413744,85.23635856223204,8.208410122003315,8.860635240177798,油温过高
液压部B,HP-30,HP-30-003,2023-01-17 16:00:00,139.80519797399097,145.47792050292125,67.20473449844587,25.270651621515235,90.36676963690547,正常
维修部C,HP-30,HP-30-004,2023-01-17 16:00:00,124.45445571317879,79.7683645053924,39.14904952296602,36.72770200340175,86.36455005862375,泵磨损
液压部B,HP-30,HP-30-003,2023-01-17 17:00:00,140.82261319586814,82.8142446887284,47.63993127610311,8.925696976347261,87.21712495350832,正常
维修部C,HP-30,HP-30-004,2023-01-17 17:00:00,182.1184808047275,106.81496903116148,30.30549140745924,35.59802479658462,82.89850920347752,泵磨损
液压部B,HP-30,HP-30-003,2023-01-17 18:00:00,124.68979288359532,95.02912899610578,63.41181601433286,12.48053276242145,94.4314225207159,正常
维修部C,HP-30,HP-30-004,2023-01-17 18:00:00,150.0701481088199,90.71989192762605,62.00624861013202,30.24867376093554,80.42747592609538,泵磨损
液压部B,HP-30,HP-30-003,2023-01-17 19:00:00,126.99943910985083,99.25240161513491,40.00593999150803,17.907670882699456,86.18958396744735,正常
维修部C,HP-30,HP-30-004,2023-01-17 19:00:00,156.9743841816083,98.7210893757568,58.35614245297426,34.47122381992546,96.01510463330588,泵磨损
维修部C,HP-30,HP-30-004,2023-01-17 20:00:00,126.74778225407186,124.47229789861889,34.59428486069188,35.934339483791234,93.04081604977182,泵磨损
液压部B,HP-30,HP-30-003,2023-01-17 20:00:00,193.91924363914174,118.46517714851797,46.285091789012924,6.577571756034805,81.58114236880722,正常
维修部C,HP-30,HP-30-004,2023-01-17 21:00:00,171.26163173365495,102.66984540596061,48.457995811357286,15.338703325162134,97.24586594285068,正常
液压部B,HP-30,HP-30-003,2023-01-17 21:00:00,127.75538875707335,78.93853790237375,39.387237304894946,6.175229203006544,86.26936959818616,正常
维修部C,HP-30,HP-30-004,2023-01-17 22:00:00,126.34566007970028,95.78061152393636,55.38284935817679,20.326741174557636,100.41375791360096,正常
液压部B,HP-30,HP-30-003,2023-01-17 22:00:00,128.67755317048278,149.93304612750975,32.78817061783749,8.546330004736562,88.1054233927122,正常
维修部C,HP-30,HP-30-004,2023-01-17 23:00:00,107.19902308962826,78.1255076605355,58.57634220179642,10.200322787650661,95.03235372442768,正常
液压部B,HP-30,HP-30-003,2023-01-17 23:00:00,114.61513019541475,149.84037556845712,59.55849695500563,22.77943300411165,89.23232666308138,正常
液压部B,HP-30,HP-30-003,2023-01-18 00:00:00,151.3147577463639,126.64962284871835,52.722292080548144,18.837307858836517,89.60007943975145,正常
维修部C,HP-30,HP-30-004,2023-01-18 00:00:00,104.90148536396441,84.72319611688324,50.324068786376266,22.465454000810176,97.53529001546654,正常
液压部B,HP-30,HP-30-003,2023-01-18 01:00:00,134.76087202736468,126.22349211687691,37.304878237608776,17.25205894381646,80.96544772729224,正常
维修部C,HP-30,HP-30-004,2023-01-18 01:00:00,197.30340964594293,57.752421418595944,65.21480523479272,19.194407159126197,80.31991926550003,正常
维修部C,HP-30,HP-30-004,2023-01-18 02:00:00,186.6276076553907,141.26340354937201,35.222003726802434,19.195248577129707,89.96777264871814,正常
液压部B,HP-30,HP-30-003,2023-01-18 02:00:00,137.409307750349,114.59781821438303,67.52897744097703,21.473624983396675,91.30164443266537,正常
液压部B,HP-30,HP-30-003,2023-01-18 03:00:00,39.95761208589986,181.4826469718571,58.235760906459994,21.66254474790539,83.8517949833414,液压泄漏
维修部C,HP-30,HP-30-004,2023-01-18 03:00:00,186.38990563124133,97.09539592936402,35.94002482974877,8.989436900509759,97.88054182667824,正常
液压部B,HP-30,HP-30-003,2023-01-18 04:00:00,56.69618999635879,247.9230697778542,46.21241191431128,21.978905786168802,83.00830086774285,液压泄漏
维修部C,HP-30,HP-30-004,2023-01-18 04:00:00,199.99787998562215,107.35121286175142,30.160323204142976,15.655209354431898,95.64137084974598,正常
维修部C,HP-30,HP-30-004,2023-01-18 05:00:00,156.6486840714662,97.73968638753038,51.57350356452597,14.73194064451453,81.81585554789909,正常
液压部B,HP-30,HP-30-003,2023-01-18 05:00:00,42.37565021496964,199.85366783154856,33.474086758474265,7.951339665289104,84.63819799827935,液压泄漏
液压部B,HP-30,HP-30-003,2023-01-18 06:00:00,13.4248796443849,258.0071024090469,66.89285233615504,9.841896972413599,83.4400752485735,液压泄漏
维修部C,HP-30,HP-30-004,2023-01-18 06:00:00,198.80545547536596,81.19109766771379,63.69716894385602,7.569631525602548,98.59231259807567,正常
液压部B,HP-30,HP-30-003,2023-01-18 07:00:00,106.65663202864255,63.34193058935215,58.62798061258221,13.794329189855842,99.98412697285751,正常
维修部C,HP-30,HP-30-004,2023-01-18 07:00:00,154.15676287480943,82.68845293255958,51.73631460368527,16.161224775017384,84.07867738498916,正常
维修部C,HP-30,HP-30-004,2023-01-18 08:00:00,100.27277118318625,141.70413452185912,39.01037538950871,14.691375578984868,86.81835102838382,正常
液压部B,HP-30,HP-30-003,2023-01-18 08:00:00,187.55102688942426,48.00534189336957,62.7937231388422,18.674321262124916,98.36965778269543,正常
维修部C,HP-30,HP-30-004,2023-01-18 09:00:00,163.28117678893824,86.71243580986226,42.106235057917864,10.680947657170648,100.44911379710221,正常
液压部B,HP-30,HP-30-003,2023-01-18 09:00:00,114.04195087000251,103.26816104026784,61.44763242185307,21.0577418931612,80.00572820579342,正常
液压部B,HP-30,HP-30-003,2023-01-18 10:00:00,134.48712975053195,82.07300635157931,53.93062446165515,5.915085447674882,93.94730844540432,正常
维修部C,HP-30,HP-30-004,2023-01-18 10:00:00,72.53139835280243,37.74658728049047,64.94515367660323,5.548516771369383,93.48395525394214,阀门故障
维修部C,HP-30,HP-30-004,2023-01-18 11:00:00,50.70142741608616,33.20649989715751,49.26314940831865,9.908257670293592,92.41354832331352,阀门故障
液压部B,HP-30,HP-30-003,2023-01-18 11:00:00,115.45754180574848,133.9851617440869,65.84804953763008,17.706112473791006,96.51862831289823,正常
维修部C,HP-30,HP-30-004,2023-01-18 12:00:00,76.12588295724753,22.787235270448132,35.817362993401325,20.12678295771514,87.26545815070449,阀门故障
液压部B,HP-30,HP-30-003,2023-01-18 12:00:00,185.8483847606286,144.38547238205467,33.67403686360732,17.382028401627945,87.92570811871069,正常
液压部B,HP-30,HP-30-003,2023-01-18 13:00:00,168.9167575287852,77.73660761697185,51.670191858972295,18.290503557300138,83.41611028596701,正常
维修部C,HP-30,HP-30-004,2023-01-18 13:00:00,74.16666514405765,34.778782863966015,59.865853298441024,19.901830726473744,94.91983116467009,阀门故障
液压部B,HP-30,HP-30-003,2023-01-18 14:00:00,152.31699105747478,75.81239470403422,67.54046692406536,6.453377928508644,89.39489621895967,正常
维修部C,HP-30,HP-30-004,2023-01-18 14:00:00,130.50634641076354,63.78717757567516,66.3660963567068,8.725862880688203,89.44453380488753,正常
维修部C,HP-30,HP-30-004,2023-01-18 15:00:00,110.51292807458967,111.41107644122135,64.08131439350959,7.576285852353009,90.10310420080621,正常
液压部B,HP-30,HP-30-003,2023-01-18 15:00:00,123.42190752200119,118.70995939952861,46.37996640421008,23.97322714957085,83.72871613428254,正常
液压部B,HP-30,HP-30-003,2023-01-18 16:00:00,156.91138828943454,125.60627145149782,38.48514091894604,21.123314222875944,84.56551095194011,正常
维修部C,HP-30,HP-30-004,2023-01-18 16:00:00,161.52087045507915,86.55119265851044,45.435785430759246,19.359059116067517,81.98058805164447,正常
液压部B,HP-30,HP-30-003,2023-01-18 17:00:00,146.74320121513833,66.2839758971614,32.35753157662968,5.374352525581003,96.79542905310494,正常
维修部C,HP-30,HP-30-004,2023-01-18 17:00:00,185.21063874661462,57.46554178887802,41.40291738025608,17.75424117287614,85.55481404667471,正常
维修部C,HP-30,HP-30-004,2023-01-18 18:00:00,169.56897253471135,111.27383405527496,63.26936839088214,9.9256045705849,88.24664021872096,正常
液压部B,HP-30,HP-30-003,2023-01-18 18:00:00,111.48211003262031,131.04938176164706,38.00636527897459,23.06090594214784,98.53864860492519,正常
维修部C,HP-30,HP-30-004,2023-01-18 19:00:00,139.43041827351126,92.20431091955587,39.505593140331925,17.49264328378625,82.93744610083382,正常
液压部B,HP-30,HP-30-003,2023-01-18 19:00:00,126.19928057108282,57.05438760578873,56.956759494762686,5.5714316276034594,86.66101056408615,正常
液压部B,HP-30,HP-30-003,2023-01-18 20:00:00,166.2444997051028,107.74831923988208,65.7332644411294,18.895152691075932,93.26986217304405,正常
维修部C,HP-30,HP-30-004,2023-01-18 20:00:00,176.6413283307825,146.11381961190813,33.60775035352777,19.934900919224813,87.86202618516973,正常
维修部C,HP-30,HP-30-004,2023-01-18 21:00:00,14.29977482088056,253.77921992810207,42.33539776701726,13.92671304097004,93.33710483010331,液压泄漏
液压部B,HP-30,HP-30-003,2023-01-18 21:00:00,154.95646791026797,134.08217571293687,33.65217961807578,11.788106140104237,91.7229345642082,正常
液压部B,HP-30,HP-30-003,2023-01-18 22:00:00,102.3793177301957,84.08979329007175,49.04796973054369,20.355951993503382,83.64880617902743,正常
维修部C,HP-30,HP-30-004,2023-01-18 22:00:00,21.002525273217326,254.77716339407806,39.673672744721486,20.37202446096139,82.14622622484818,液压泄漏
维修部C,HP-30,HP-30-004,2023-01-18 23:00:00,21.06797805886702,206.48463816612224,32.77028983032167,11.960603568160206,88.79620522523392,液压泄漏
液压部B,HP-30,HP-30-003,2023-01-18 23:00:00,165.81102150901648,98.88837127186575,44.02733887769488,8.000054434204785,84.43776760465147,正常
维修部C,HP-30,HP-30-004,2023-01-19 00:00:00,13.608983536157018,235.80170554121915,52.902878360035906,6.646217020076926,82.12990361436813,液压泄漏
液压部B,HP-30,HP-30-003,2023-01-19 00:00:00,167.85172388124607,122.46433390993008,38.870292476401545,5.737940710230228,81.66185415860232,正常
维修部C,HP-30,HP-30-004,2023-01-19 01:00:00,55.47456047213684,225.1977913508613,53.778064128473986,12.591912803870127,96.88572624340523,液压泄漏
液压部B,HP-30,HP-30-003,2023-01-19 01:00:00,125.74988047519228,136.5821604866187,67.244643907874,22.766893559148524,91.23695614115088,正常
维修部C,HP-30,HP-30-004,2023-01-19 02:00:00,59.74450820996678,216.5241620944647,35.04433321172477,24.014813932071707,98.16092769239512,液压泄漏
液压部B,HP-30,HP-30-003,2023-01-19 02:00:00,148.94732932938686,54.90309499469336,60.86089907384367,13.023227869106222,83.15679078168186,正常
液压部B,HP-30,HP-30-003,2023-01-19 03:00:00,168.14430205205701,55.31589342304116,47.75089928177884,22.24868788392342,88.35704002534337,正常
维修部C,HP-30,HP-30-004,2023-01-19 03:00:00,138.89074223248363,74.97421473759094,46.86060084837058,11.043118414099641,83.46424276984936,正常
维修部C,HP-30,HP-30-004,2023-01-19 04:00:00,180.44867335660823,59.980182833857526,41.09131124630125,21.258129591672443,82.09573146827039,正常
液压部B,HP-30,HP-30-003,2023-01-19 04:00:00,186.41165250212134,73.75065324318787,39.10089537110827,16.452106991898148,86.80917009686112,正常
维修部C,HP-30,HP-30-004,2023-01-19 05:00:00,103.26680578230474,144.44305585300572,65.8737807673231,11.675796895795107,80.5362467160024,正常
液压部B,HP-30,HP-30-003,2023-01-19 05:00:00,188.75943668904657,92.39721275309557,39.24671002075205,19.475106508491514,91.32844946927852,正常
维修部C,HP-30,HP-30-004,2023-01-19 06:00:00,129.54609132044408,140.76702803245698,62.16392087799476,5.926576258227749,99.25622778254551,正常
液压部B,HP-30,HP-30-003,2023-01-19 06:00:00,155.8077432075699,130.54085513518515,64.83498081237649,6.228659601465668,83.59310237543603,正常
维修部C,HP-30,HP-30-004,2023-01-19 07:00:00,109.42717302286192,139.53730427025258,40.907331469378484,6.426484262313026,86.5969532349772,正常
液压部B,HP-30,HP-30-003,2023-01-19 07:00:00,114.52336347568622,57.557030177205675,77.40473412210599,8.313489359263608,10.395273174811601,污染故障
液压部B,HP-30,HP-30-003,2023-01-19 08:00:00,162.1698835596749,105.31278391122757,74.62275963023193,19.234496563234593,28.846662986536096,污染故障
维修部C,HP-30,HP-30-004,2023-01-19 08:00:00,111.13949415039018,143.9759300242405,55.17048994985953,16.529088007726635,80.73992090469895,正常
维修部C,HP-30,HP-30-004,2023-01-19 09:00:00,130.1311579364162,75.92168455406951,56.99187104600871,7.907566062287707,82.08193911423541,正常
液压部B,HP-30,HP-30-003,2023-01-19 09:00:00,183.69234090891976,57.43791534345025,80.09305854910644,10.585719351924395,36.64642815125583,污染故障
维修部C,HP-30,HP-30-004,2023-01-19 10:00:00,191.600227222802,122.76242720388295,43.00075613899677,25.189618999736577,83.95753103165522,正常
液压部B,HP-30,HP-30-003,2023-01-19 10:00:00,122.06527449558251,122.76069244451854,77.57531392817025,9.11618452979746,24.87268748258601,污染故障
维修部C,HP-30,HP-30-004,2023-01-19 11:00:00,152.8953121505977,132.87186836220604,43.10564835003888,6.006950243725944,87.85907985080412,正常
液压部B,HP-30,HP-30-003,2023-01-19 11:00:00,184.7760473003541,78.37595310558302,73.63335738478477,11.117736676540778,14.438802995527722,污染故障
维修部C,HP-30,HP-30-004,2023-01-19 12:00:00,121.17736377327294,83.64675858363135,66.07834553121994,16.299484771212597,80.56012994118728,正常
液压部B,HP-30,HP-30-003,2023-01-19 12:00:00,154.47082784088786,104.40881808834271,74.83519855636727,7.977079840877429,11.79149168454028,污染故障
维修部C,HP-30,HP-30-004,2023-01-19 13:00:00,139.81558814483458,69.12267669443669,30.483945805187847,8.80199824306634,85.03952754298614,正常
液压部B,HP-30,HP-30-003,2023-01-19 13:00:00,100.81139583154102,121.82077331088685,74.83920854746884,20.196626620086093,15.751226974167004,污染故障
液压部B,HP-30,HP-30-003,2023-01-19 14:00:00,192.20290491811926,124.97283713289329,75.01264974348325,15.643664297344566,15.814069492134426,污染故障
维修部C,HP-30,HP-30-004,2023-01-19 14:00:00,128.77341674676288,110.593658369758,69.61817281695538,12.081997263097929,89.0770988107338,正常
液压部B,HP-30,HP-30-003,2023-01-19 15:00:00,119.3240027444581,47.44643706045507,73.85221595412608,11.39196469797629,34.89549767047657,污染故障
维修部C,HP-30,HP-30-004,2023-01-19 15:00:00,186.34944790870537,145.9720874218229,31.364375273286413,12.557322035945218,98.17738754159578,正常
液压部B,HP-30,HP-30-003,2023-01-19 16:00:00,132.3273336560619,116.60826415428329,43.71669503151883,16.25394214540596,97.77637312086118,正常
维修部C,HP-30,HP-30-004,2023-01-19 16:00:00,104.63298551623572,92.374723552894,59.273354061419525,9.506275613792678,98.20499822207837,正常
维修部C,HP-30,HP-30-004,2023-01-19 17:00:00,117.79661220376592,86.81167740046314,49.06768546448524,9.161965345929165,85.46162468614004,正常
液压部B,HP-30,HP-30-003,2023-01-19 17:00:00,141.53021158778557,127.96054936606595,50.843863180854555,16.608327216205744,98.93495513765032,正常
液压部B,HP-30,HP-30-003,2023-01-19 18:00:00,148.82310861975867,110.02281266204831,65.41097909248734,8.493900081170606,100.42527064902322,正常
维修部C,HP-30,HP-30-004,2023-01-19 18:00:00,185.33115699622974,87.98948771078906,48.582053541150344,18.42569697178363,83.10750577640843,正常
液压部B,HP-30,HP-30-003,2023-01-19 19:00:00,179.96199649691573,60.208304444910986,76.6711159772926,10.545544535342463,10.12170613360732,污染故障
维修部C,HP-30,HP-30-004,2023-01-19 19:00:00,196.48473237532247,87.6135045240929,37.415551598252094,9.769294151984191,84.71984546581166,正常
维修部C,HP-30,HP-30-004,2023-01-19 20:00:00,179.3808279929021,140.09737522820987,43.20931720272883,12.00141317425096,91.80508990704979,正常
液压部B,HP-30,HP-30-003,2023-01-19 20:00:00,109.57297233306666,85.47955255707465,80.05515544964935,25.514819502661094,34.21576161048212,污染故障
液压部B,HP-30,HP-30-003,2023-01-19 21:00:00,131.92468212238512,97.40082245211258,80.37694972779639,15.642091304713594,10.627499734665623,污染故障
维修部C,HP-30,HP-30-004,2023-01-19 21:00:00,101.1969167532946,83.23929914500731,66.97333399524312,15.582385039203032,88.0687609512295,正常
液压部B,HP-30,HP-30-003,2023-01-19 22:00:00,170.2942874205453,73.7423508810972,76.27539142343365,13.896759701832972,24.891617585618725,污染故障
维修部C,HP-30,HP-30-004,2023-01-19 22:00:00,184.32179023000745,117.51354981267372,34.262484340398075,21.287175288571646,85.20136317318244,正常
液压部B,HP-30,HP-30-003,2023-01-19 23:00:00,197.8648296606616,117.95824102222588,29.70398002002773,8.110735830788878,100.09821902678463,正常
维修部C,HP-30,HP-30-004,2023-01-19 23:00:00,161.25360511733598,56.54463591809495,59.74064894165215,15.604956569335227,82.03354952621265,正常
液压部B,HP-30,HP-30-003,2023-01-20 00:00:00,185.5189555357126,122.15739674345558,35.290954530008804,25.028059502437344,86.76752176113837,正常
维修部C,HP-30,HP-30-004,2023-01-20 00:00:00,201.65550108088394,81.46235752964148,45.62469619758661,20.32599723083198,98.98774880035499,正常
液压部B,HP-30,HP-30-003,2023-01-20 01:00:00,128.87529142549462,62.67881351471906,34.77041462441286,19.1277919386037,82.36344102529992,正常
维修部C,HP-30,HP-30-004,2023-01-20 01:00:00,153.95060878199524,117.85041035853307,67.6573096312113,17.243310168543772,95.82116666789595,正常
液压部B,HP-30,HP-30-003,2023-01-20 02:00:00,110.2858134185422,123.0661774047543,38.16433545133895,18.751954076024944,82.87386709259069,正常
维修部C,HP-30,HP-30-004,2023-01-20 02:00:00,181.4551683886022,62.64107805156132,32.0473364812855,14.420254716195105,88.86763602088455,正常
液压部B,HP-30,HP-30-003,2023-01-20 03:00:00,103.7353375363441,64.92824515667529,69.7609281097927,12.444392987058036,85.35153032384412,正常
维修部C,HP-30,HP-30-004,2023-01-20 03:00:00,199.41775840291686,103.19004026992715,47.695627632870554,6.130981164404021,90.8768693926814,正常
液压部B,HP-30,HP-30-003,2023-01-20 04:00:00,196.79499444885494,128.17358092465437,62.639006081984824,12.904782728210922,82.66714068071387,正常
维修部C,HP-30,HP-30-004,2023-01-20 04:00:00,149.68234353218548,88.76312530589642,47.654923818333145,10.817314047216872,87.6787216201668,正常
液压部B,HP-30,HP-30-003,2023-01-20 05:00:00,113.27379617214811,79.80539809838962,65.98777345928144,9.42244634994147,87.6810466672415,正常
维修部C,HP-30,HP-30-004,2023-01-20 05:00:00,184.88959193202572,102.33163472979447,44.82907578436819,5.8913128027516155,83.56318241062105,正常
维修部C,HP-30,HP-30-004,2023-01-20 06:00:00,192.52900445461896,114.85918110262891,59.35041435366457,24.506592806168573,89.83526621450484,正常
液压部B,HP-30,HP-30-003,2023-01-20 06:00:00,133.4443721744051,64.69356289084467,58.24155581675835,15.694860210381751,80.5649448023465,正常
液压部B,HP-30,HP-30-003,2023-01-20 07:00:00,21.89558359719785,255.6205349859303,44.838396475368576,22.756268449013483,89.8540717991365,液压泄漏
维修部C,HP-30,HP-30-004,2023-01-20 07:00:00,53.23292480149417,20.69215056911785,34.09943922434185,14.191779369698626,84.7560271780517,阀门故障
液压部B,HP-30,HP-30-003,2023-01-20 08:00:00,12.338925053208634,209.94981164480677,63.47762402418507,21.883935017315256,92.63690171832076,液压泄漏
维修部C,HP-30,HP-30-004,2023-01-20 08:00:00,50.53613685184734,33.81139640794597,36.733046485076585,11.923822215629293,93.23341605184275,阀门故障
液压部B,HP-30,HP-30-003,2023-01-20 09:00:00,39.09582051894935,194.9462512655948,68.09873497759581,6.785686729273448,90.70463712348287,液压泄漏
维修部C,HP-30,HP-30-004,2023-01-20 09:00:00,73.73175984112606,36.64234281969532,44.33450766917559,20.417754046944257,98.97792926933602,阀门故障
维修部C,HP-30,HP-30-004,2023-01-20 10:00:00,52.52782853644335,21.108294354848226,53.92270463898919,15.488942322588398,83.39959799902248,阀门故障
液压部B,HP-30,HP-30-003,2023-01-20 10:00:00,45.31364742226155,247.62929395449044,63.71752352706442,13.240135808268688,88.58285774094267,液压泄漏
液压部B,HP-30,HP-30-003,2023-01-20 11:00:00,20.650875027937744,184.43795142116485,67.53608236545705,4.893122242904084,96.4243963436852,液压泄漏
维修部C,HP-30,HP-30-004,2023-01-20 11:00:00,60.54602567201313,21.533930067507804,45.432130334420116,9.387604379622445,81.46007197560306,阀门故障
维修部C,HP-30,HP-30-004,2023-01-20 12:00:00,161.99940108414162,56.43378614831648,44.08331869264324,21.08375802617004,89.79084684872564,正常
液压部B,HP-30,HP-30-003,2023-01-20 12:00:00,170.27895900492365,98.79996218745204,65.52987687037673,15.211902572580797,96.37549424276528,正常
维修部C,HP-30,HP-30-004,2023-01-20 13:00:00,200.9388615943726,140.42562918695305,59.69088217273063,21.033457708149946,83.97936509919842,正常
液压部B,HP-30,HP-30-003,2023-01-20 13:00:00,24.47313564119787,249.2632725367435,68.64055306264099,14.486099522043313,93.03616259155811,液压泄漏
液压部B,HP-30,HP-30-003,2023-01-20 14:00:00,2.8322672513368485,236.6107248209396,37.78728585911354,11.184926613223595,87.79706376432841,液压泄漏
维修部C,HP-30,HP-30-004,2023-01-20 14:00:00,187.30055881448357,126.3999518941878,60.27748607194389,11.332387720984126,87.82016061288155,正常
维修部C,HP-30,HP-30-004,2023-01-20 15:00:00,157.01928042049963,146.51668071328118,50.305321102495746,16.59752083759604,83.83689789376304,正常
液压部B,HP-30,HP-30-003,2023-01-20 15:00:00,20.521515450148144,228.59403018806583,38.384256598245905,7.475430748775897,89.91711958122966,液压泄漏
液压部B,HP-30,HP-30-003,2023-01-20 16:00:00,6.031169565743322,215.677340567889,39.52201206847495,17.01394700365424,83.53860699888993,液压泄漏
维修部C,HP-30,HP-30-004,2023-01-20 16:00:00,166.38350628190787,52.98946073713414,62.2682116572284,13.077143985008913,80.44132820635674,正常
液压部B,HP-30,HP-30-003,2023-01-20 17:00:00,59.58160104796685,238.62722606251606,47.895890298708295,12.53394361138066,93.33419119166409,液压泄漏
维修部C,HP-30,HP-30-004,2023-01-20 17:00:00,103.03400884926413,148.46781876693638,53.30548566683549,17.665632749731042,97.41454084451127,正常
液压部B,HP-30,HP-30-003,2023-01-20 18:00:00,167.693695636162,98.29145707698355,53.167038754035175,19.923474060969664,79.87110419667934,正常
维修部C,HP-30,HP-30-004,2023-01-20 18:00:00,187.68783219969583,84.97109648058482,65.63652594856123,17.41441725719697,92.7886485624769,正常
液压部B,HP-30,HP-30-003,2023-01-20 19:00:00,191.41092833153408,95.21049179617026,32.83444388742462,16.119639058967643,93.42709185767167,正常
维修部C,HP-30,HP-30-004,2023-01-20 19:00:00,114.2320508204576,104.40401235789523,43.83668117771258,10.060893397856752,99.46248270510813,正常
液压部B,HP-30,HP-30-003,2023-01-20 20:00:00,143.0724069838034,60.955610782399376,59.8325129458258,23.387862702627032,95.31188366769204,正常
维修部C,HP-30,HP-30-004,2023-01-20 20:00:00,118.24045140445172,128.56451867240304,66.2322106454923,9.32511218638838,96.32675151155631,正常
维修部C,HP-30,HP-30-004,2023-01-20 21:00:00,160.44283636562974,141.25800138463524,34.48326576356899,44.55538979557541,93.46833223966297,泵磨损
液压部B,HP-30,HP-30-003,2023-01-20 21:00:00,183.88120983905998,80.6252599319261,52.759847208281776,13.789286012276541,92.1642891213764,正常
液压部B,HP-30,HP-30-003,2023-01-20 22:00:00,145.71483689970472,145.370117972591,122.43812289741733,21.839384317230287,7.801730569505798,油温过高
维修部C,HP-30,HP-30-004,2023-01-20 22:00:00,170.5990084490938,87.42456293595657,36.197043942973,35.28281914590165,81.32789270533125,泵磨损
维修部C,HP-30,HP-30-004,2023-01-20 23:00:00,157.13488438742263,152.41543703492945,50.87662940638194,42.60285893659367,92.66909928303822,泵磨损
液压部B,HP-30,HP-30-003,2023-01-20 23:00:00,120.26037454542177,116.44222657519126,116.8460894361862,17.724223588800452,2.6422401833198457,油温过高
维修部C,HP-30,HP-30-004,2023-01-21 00:00:00,159.80972430366305,72.11502156985604,43.94432056905032,42.064374458056555,87.4737594226118,泵磨损
液压部B,HP-30,HP-30-003,2023-01-21 00:00:00,124.15055579346485,53.32973625729478,106.64187193076079,7.576555531128202,5.8896429938635535,油温过高
维修部C,HP-30,HP-30-004,2023-01-21 01:00:00,189.9607585150193,113.93992636506769,44.09770443275378,31.265978858086143,85.65511585908543,泵磨损
液压部B,HP-30,HP-30-003,2023-01-21 01:00:00,127.93152344921509,79.88551331999379,108.63551964023975,13.757920124068052,20.13442254193268,油温过高
维修部C,HP-30,HP-30-004,2023-01-21 02:00:00,147.68356117304359,104.32579776776726,37.211760347033454,40.676257144349364,90.50763572009024,泵磨损
液压部B,HP-30,HP-30-003,2023-01-21 02:00:00,111.16482152354527,130.52388393587958,93.50429478814819,6.291911596660681,18.438214105176996,油温过高
液压部B,HP-30,HP-30-003,2023-01-21 03:00:00,164.76057575040593,103.52762636180792,118.51583019109489,9.98200069148874,2.03571371263814,油温过高
维修部C,HP-30,HP-30-004,2023-01-21 03:00:00,182.12102495293774,95.98904745065757,59.316280166659304,20.685893156640656,91.56979568571568,正常
液压部B,HP-30,HP-30-003,2023-01-21 04:00:00,134.99580072185725,117.76805375077393,70.13217132704509,10.875525549232025,89.48350127791625,正常
维修部C,HP-30,HP-30-004,2023-01-21 04:00:00,159.66347651392056,117.04760991043909,58.653721752009474,16.92452339578125,91.37341070411935,正常
维修部C,HP-30,HP-30-004,2023-01-21 05:00:00,195.2779975683319,49.002567638668516,48.86582259944263,7.381588320931152,84.5978179545355,正常
液压部B,HP-30,HP-30-003,2023-01-21 05:00:00,122.89528272697818,125.40853273655631,47.18277004169998,7.680507292823605,93.45325737139987,正常
液压部B,HP-30,HP-30-003,2023-01-21 06:00:00,161.8419456479081,57.994302762839695,29.9825164424021,22.113502951965227,93.17386508710419,正常
维修部C,HP-30,HP-30-004,2023-01-21 06:00:00,183.6068094301121,93.69233823352165,42.26514149210282,8.536669488393175,89.48058502124165,正常
液压部B,HP-30,HP-30-003,2023-01-21 07:00:00,169.06789570140643,90.73545244511921,40.48840806215013,10.914699813944667,91.8232038843159,正常
维修部C,HP-30,HP-30-004,2023-01-21 07:00:00,179.28522499266168,70.79960963417709,49.99471773678081,18.305697097894125,83.40324416239237,正常
维修部C,HP-30,HP-30-004,2023-01-21 08:00:00,114.86734454961936,100.62447260589116,45.574376964220875,14.448860584072476,93.20503597558996,正常
液压部B,HP-30,HP-30-003,2023-01-21 08:00:00,162.1446968904161,119.25170618500206,41.440517569079425,18.921474624185237,98.84999875004979,正常
维修部C,HP-30,HP-30-004,2023-01-21 09:00:00,167.79207992564213,127.92058904492299,57.64388811025156,12.963791994486723,80.89967074664176,正常
液压部B,HP-30,HP-30-003,2023-01-21 09:00:00,114.72907320690737,139.33807538719597,30.88661638227369,19.458117040072747,83.81669293785784,正常
液压部B,HP-30,HP-30-003,2023-01-21 10:00:00,155.6585646331086,106.8494914110158,35.65431588369202,7.381810166966208,91.64475132461013,正常
维修部C,HP-30,HP-30-004,2023-01-21 10:00:00,145.9998323705892,46.582823755716674,42.85635246765755,15.10305293449701,96.67806418761148,正常
液压部B,HP-30,HP-30-003,2023-01-21 11:00:00,187.76701958084968,113.91801667221127,43.729611063116444,9.662616040045247,89.15995895355276,正常
维修部C,HP-30,HP-30-004,2023-01-21 11:00:00,130.36163443667817,131.81022981117476,52.5220854534318,21.3589072875633,88.96060477488679,正常
维修部C,HP-30,HP-30-004,2023-01-21 12:00:00,162.43127662988562,105.5731781107483,58.95089052291813,18.604914803875765,87.80975442313195,正常
液压部B,HP-30,HP-30-003,2023-01-21 12:00:00,120.4781869878905,102.53211446967329,31.787353957815508,15.403859574999277,84.54818582702195,正常
维修部C,HP-30,HP-30-004,2023-01-21 13:00:00,193.26575034352732,124.45582696338128,66.34278679032816,5.7138564294811,93.98284182817243,正常
液压部B,HP-30,HP-30-003,2023-01-21 13:00:00,199.76996266223165,97.92695307322585,62.812377657140395,17.366164909952627,94.00192722367527,正常
维修部C,HP-30,HP-30-004,2023-01-21 14:00:00,185.0451003754541,81.36575972805164,52.7661703124016,11.1917885237765,95.4476499707392,正常
液压部B,HP-30,HP-30-003,2023-01-21 14:00:00,100.22199691598249,135.52589187873525,59.083757170079075,17.748140765810522,88.56078253381558,正常
维修部C,HP-30,HP-30-004,2023-01-21 15:00:00,75.38710947653894,27.44328046375526,30.875573621411107,20.088818714513753,94.41997110549654,阀门故障
液压部B,HP-30,HP-30-003,2023-01-21 15:00:00,138.22290870724066,56.04092718246488,36.130640602242,15.241384475522725,81.23571568690465,正常
液压部B,HP-30,HP-30-003,2023-01-21 16:00:00,60.648100468598145,28.376659475742215,59.09293577900526,10.219013400085855,81.12762183731078,阀门故障
维修部C,HP-30,HP-30-004,2023-01-21 16:00:00,75.33464526825402,27.844774890358828,35.07975450929254,12.243654612681716,83.44865994647034,阀门故障
维修部C,HP-30,HP-30-004,2023-01-21 17:00:00,73.76365968456051,39.41631745620425,65.7595636360535,7.43028423201073,93.14977003318313,阀门故障
液压部B,HP-30,HP-30-003,2023-01-21 17:00:00,63.86543494533559,33.28006842742536,66.53906071562744,12.130949174891343,97.69616675361738,阀门故障
维修部C,HP-30,HP-30-004,2023-01-21 18:00:00,69.77511459272586,21.327218498917862,51.772617418025725,5.262825151756659,92.10388450005352,阀门故障
液压部B,HP-30,HP-30-003,2023-01-21 18:00:00,55.334123607334455,28.6505510999498,58.652505454018055,5.781303600313988,84.49473322689393,阀门故障
液压部B,HP-30,HP-30-003,2023-01-21 19:00:00,69.55642448400174,33.806319191450235,62.34352961103077,13.867250798220574,90.19608408980824,阀门故障
维修部C,HP-30,HP-30-004,2023-01-21 19:00:00,167.91632821044507,138.37937254207282,45.68130101329252,11.043252651122007,91.76561218178813,正常
液压部B,HP-30,HP-30-003,2023-01-21 20:00:00,65.15877053686366,25.857687527895102,65.20255293556056,7.358848429867811,94.14570268072868,阀门故障
维修部C,HP-30,HP-30-004,2023-01-21 20:00:00,147.77630702211212,115.77211768287118,47.36588176270603,10.543931546096777,85.60963299387066,正常
液压部B,HP-30,HP-30-003,2023-01-21 21:00:00,67.81928228001857,37.77941953884241,70.20415502977718,6.6252442979136035,90.66877705728021,阀门故障
维修部C,HP-30,HP-30-004,2023-01-21 21:00:00,180.95999237954805,97.34262871779222,54.133092540204416,11.541388948428933,88.60478470916414,正常
液压部B,HP-30,HP-30-003,2023-01-21 22:00:00,50.229328080766905,34.843746519234315,29.59270050116807,22.175986570671693,85.1209949676222,阀门故障
维修部C,HP-30,HP-30-004,2023-01-21 22:00:00,195.1859017809684,120.31392235022601,40.98333930899165,17.47904673293956,97.08031769911209,正常
液压部B,HP-30,HP-30-003,2023-01-21 23:00:00,107.7978012483833,109.06101462326401,58.24991648148078,23.237270318959936,85.41568628865798,正常
维修部C,HP-30,HP-30-004,2023-01-21 23:00:00,156.61996516864406,65.04225505654375,35.83296661644904,23.04474969689934,98.20391449067937,正常
液压部B,HP-30,HP-30-003,2023-01-22 00:00:00,180.65536189962208,118.92902278752483,43.10137082967517,8.63622227600309,80.5266739355806,正常
维修部C,HP-30,HP-30-004,2023-01-22 00:00:00,186.28084271163314,102.54650921356537,40.14082590595368,14.261320872669046,83.5724298024019,正常
维修部C,HP-30,HP-30-004,2023-01-22 01:00:00,121.58318828292721,81.44669044963044,47.47506878798476,15.230271061873555,82.3312303189108,正常
液压部B,HP-30,HP-30-003,2023-01-22 01:00:00,161.7436923337274,113.6666329025893,70.2353067944579,13.104028344515159,96.29260032328868,正常
维修部C,HP-30,HP-30-004,2023-01-22 02:00:00,114.17812890030197,117.69787078406262,33.55843149000995,8.011061512494363,86.9481415019249,正常
液压部B,HP-30,HP-30-003,2023-01-22 02:00:00,101.99194941996511,55.045318700041435,40.08564755700919,7.298088340943176,84.14171210691177,正常
液压部B,HP-30,HP-30-003,2023-01-22 03:00:00,30.773144515520105,252.8241081844197,38.562326128259585,15.861274558413836,88.8823577124631,液压泄漏
维修部C,HP-30,HP-30-004,2023-01-22 03:00:00,194.2933325547718,135.26539169215556,41.41089791766254,10.155272088970609,96.85790484356981,正常
维修部C,HP-30,HP-30-004,2023-01-22 04:00:00,203.54499788557268,138.7454432992484,51.06397778842641,17.652599472073945,94.23171898857711,正常
液压部B,HP-30,HP-30-003,2023-01-22 04:00:00,40.2689801909925,204.35790529519264,67.10145658873942,20.34058887609172,83.95522076574687,液压泄漏
维修部C,HP-30,HP-30-004,2023-01-22 05:00:00,186.68494266860301,139.001467666933,112.52654397337076,23.505938618953838,20.711583515725344,油温过高
液压部B,HP-30,HP-30-003,2023-01-22 05:00:00,30.235816559217742,221.40776443548515,56.342171020270165,18.432712794193943,94.43093756736633,液压泄漏
维修部C,HP-30,HP-30-004,2023-01-22 06:00:00,112.87499372751759,92.37961505950284,111.39366394908896,11.264963926925788,39.71091335182243,油温过高
液压部B,HP-30,HP-30-003,2023-01-22 06:00:00,31.071237825880264,260.81380409073904,52.21368196248743,14.406798244498997,97.14297915271673,液压泄漏
维修部C,HP-30,HP-30-004,2023-01-22 07:00:00,195.8808056868247,81.91183148631787,121.49689889356836,24.016552333452342,44.348001458102814,油温过高
液压部B,HP-30,HP-30-003,2023-01-22 07:00:00,139.28964679905437,78.68601586649878,64.98669798103754,23.64886653839994,86.14949876580276,正常
液压部B,HP-30,HP-30-003,2023-01-22 08:00:00,118.07976335155644,60.47515077385535,34.74647445157177,5.854019379427057,90.82075624220542,正常
维修部C,HP-30,HP-30-004,2023-01-22 08:00:00,96.38376466750812,91.11760374083777,101.53350375661601,7.155877759120877,9.512351328470041,油温过高
液压部B,HP-30,HP-30-003,2023-01-22 09:00:00,151.031117986648,84.20323113731817,61.40473480475862,7.704622782042983,90.58438073290992,正常
维修部C,HP-30,HP-30-004,2023-01-22 09:00:00,124.86844686023262,57.576681088218514,98.72124629365224,25.13150191692204,12.6114239564091,油温过高
维修部C,HP-30,HP-30-004,2023-01-22 10:00:00,153.93524703604209,108.61326495720746,48.87386721182408,38.39320935436421,89.22516315284776,泵磨损
液压部B,HP-30,HP-30-003,2023-01-22 10:00:00,199.11167262679703,93.59627937013215,68.41008262628982,18.231317219224767,91.82399565852006,正常
维修部C,HP-30,HP-30-004,2023-01-22 11:00:00,167.70934347196635,81.87756424516779,52.14514746710844,34.10669095111161,90.0761223404393,泵磨损
液压部B,HP-30,HP-30-003,2023-01-22 11:00:00,108.97062791061997,84.85166134276717,47.41991563755263,6.6380401990817255,93.39501813947366,正常
维修部C,HP-30,HP-30-004,2023-01-22 12:00:00,127.28492043742644,73.11595097254782,66.3136883237456,34.115497339035144,91.07042662313037,泵磨损
液压部B,HP-30,HP-30-003,2023-01-22 12:00:00,186.21286669307625,101.62100252453709,47.18648173025221,14.402605556954418,100.43799652772182,正常
维修部C,HP-30,HP-30-004,2023-01-22 13:00:00,139.08602942511888,120.59228513835721,65.13030465335162,43.978124374832824,90.76888865973467,泵磨损
液压部B,HP-30,HP-30-003,2023-01-22 13:00:00,116.62831341486404,119.38494753151672,62.30063458973626,23.386742088737744,80.44124997628695,正常
液压部B,HP-30,HP-30-003,2023-01-22 14:00:00,199.4158110333124,57.75799488486886,45.85037169728966,21.150037368282508,91.61665329865644,正常
维修部C,HP-30,HP-30-004,2023-01-22 14:00:00,182.03535677043487,54.805137349040834,29.166108928264045,41.48218998667264,94.99562998450496,泵磨损
液压部B,HP-30,HP-30-003,2023-01-22 15:00:00,177.10587775802773,141.53554434261304,40.59492887986789,13.056267372589206,87.16521515993591,正常
维修部C,HP-30,HP-30-004,2023-01-22 15:00:00,159.2522525412762,121.9712776248907,63.759704349539476,37.26139400404718,86.3116478964632,泵磨损
液压部B,HP-30,HP-30-003,2023-01-22 16:00:00,95.9795974983639,77.46511324999761,39.14839707788772,15.294637414298075,86.91358120768173,正常
维修部C,HP-30,HP-30-004,2023-01-22 16:00:00,160.74692341520904,125.42264860441597,68.50021962733251,32.430664692712476,99.68479720235315,泵磨损
液压部B,HP-30,HP-30-003,2023-01-22 17:00:00,105.59876088779197,57.40335147625821,67.61734098581975,32.607443494718474,97.28796811786131,泵磨损
维修部C,HP-30,HP-30-004,2023-01-22 17:00:00,199.17624738822536,82.330283950288,37.3325227268454,6.314989209997961,85.7709698295878,正常
液压部B,HP-30,HP-30-003,2023-01-22 18:00:00,173.68361782487221,119.54604747911415,44.99385300806701,40.13547767001582,96.71421275992085,泵磨损
维修部C,HP-30,HP-30-004,2023-01-22 18:00:00,123.078903638027,104.83010395466556,51.48141480312075,9.31527061337033,91.10009315917348,正常
液压部B,HP-30,HP-30-003,2023-01-22 19:00:00,136.65582098435863,147.17643937793844,62.97669736146526,42.6999557255964,83.65997302844723,泵磨损
维修部C,HP-30,HP-30-004,2023-01-22 19:00:00,134.99023839739777,135.85681834507264,50.26916971672728,8.520365973865669,95.63152987259367,正常
维修部C,HP-30,HP-30-004,2023-01-22 20:00:00,106.71048838838725,95.4627395161242,55.29346486822375,8.168799835076006,83.27279945836837,正常
液压部B,HP-30,HP-30-003,2023-01-22 20:00:00,109.65469683713127,145.1666564397073,36.881905634158215,10.52775058139672,99.46440572746775,正常
维修部C,HP-30,HP-30-004,2023-01-22 21:00:00,172.80514472978396,83.85311054496074,60.95857460123307,23.775002555944678,96.57646693611424,正常
液压部B,HP-30,HP-30-003,2023-01-22 21:00:00,189.1551668878304,105.76980873906034,52.5019072311982,6.3419896031377405,85.156159248675,正常
维修部C,HP-30,HP-30-004,2023-01-22 22:00:00,184.8653933586438,104.68666090695977,47.881644981011,18.016276142119413,98.11326553255347,正常
液压部B,HP-30,HP-30-003,2023-01-22 22:00:00,201.20824840257987,96.06085953942276,32.569344634273286,17.708105453347493,92.42139464198915,正常
维修部C,HP-30,HP-30-004,2023-01-22 23:00:00,183.18723986889637,65.27934744869252,63.90491474077317,15.62125017689577,96.52688226338097,正常
液压部B,HP-30,HP-30-003,2023-01-22 23:00:00,56.08167750234215,23.10609478944196,54.223915067071914,8.52611038941449,91.215641084427,阀门故障
维修部C,HP-30,HP-30-004,2023-01-23 00:00:00,126.6821293945188,53.58935596109619,52.92342354333574,42.475866681599754,89.39979643988346,泵磨损
液压部B,HP-30,HP-30-003,2023-01-23 00:00:00,77.89162566836242,38.84156800965149,51.80305649305292,6.284451560469546,80.34672263131293,阀门故障
液压部B,HP-30,HP-30-003,2023-01-23 01:00:00,60.613625286942636,23.459025201863135,50.92482413445149,20.468214914077635,90.7992229919696,阀门故障
维修部C,HP-30,HP-30-004,2023-01-23 01:00:00,190.3681498580087,116.04814854753666,63.159258481937655,43.302097739399905,84.72347428205838,泵磨损
维修部C,HP-30,HP-30-004,2023-01-23 02:00:00,171.0192726876584,101.05373295091597,42.72370987180301,34.70995484112633,85.7469829289698,泵磨损
液压部B,HP-30,HP-30-003,2023-01-23 02:00:00,66.32240095796323,24.646038934674955,38.04686841973943,12.894056383613215,90.70523652936875,阀门故障
维修部C,HP-30,HP-30-004,2023-01-23 03:00:00,119.48972598077157,129.08659508570818,31.572459452048644,41.211861579794274,86.18385243093246,泵磨损
液压部B,HP-30,HP-30-003,2023-01-23 03:00:00,64.62234733337813,26.698003223788866,42.940719138223116,14.254796475321136,82.53920146094185,阀门故障
维修部C,HP-30,HP-30-004,2023-01-23 04:00:00,177.63839274211125,69.40328771318383,37.03289312820236,8.97651642269386,86.81838335738415,正常
液压部B,HP-30,HP-30-003,2023-01-23 04:00:00,171.7547525722942,96.56032602059172,52.2512388094812,19.732643664409274,83.55723883875262,正常
维修部C,HP-30,HP-30-004,2023-01-23 05:00:00,176.5617987287169,69.89314652190215,59.51237545955618,21.897802564525875,88.61807189610626,正常
液压部B,HP-30,HP-30-003,2023-01-23 05:00:00,195.38280060320682,72.48614664496631,68.27150392030788,14.884295494965908,79.14229835169017,正常
维修部C,HP-30,HP-30-004,2023-01-23 06:00:00,162.28844840545318,108.32326918219822,59.14778053371124,9.681377619998749,90.09072722615055,正常
液压部B,HP-30,HP-30-003,2023-01-23 06:00:00,200.20705010511284,91.16242220199548,36.07569539342461,23.957904715785325,92.25451538826505,正常
维修部C,HP-30,HP-30-004,2023-01-23 07:00:00,173.14231663904775,56.77740036473937,32.5170064266672,9.392173254783485,87.16008021578006,正常
液压部B,HP-30,HP-30-003,2023-01-23 07:00:00,177.4374732290528,76.65443114054514,67.11472731979855,21.632673148471113,94.18925093416017,正常
液压部B,HP-30,HP-30-003,2023-01-23 08:00:00,133.64492490203472,124.14630739147762,53.86511566432695,5.865761756666486,82.68849178406606,正常
维修部C,HP-30,HP-30-004,2023-01-23 08:00:00,185.47255258946737,94.34236775887896,58.74080076979815,18.563803411626974,87.84717117912825,正常
液压部B,HP-30,HP-30-003,2023-01-23 09:00:00,107.62266027121844,56.84229401614267,64.22533366893258,18.26798079777953,92.88948613630264,正常
维修部C,HP-30,HP-30-004,2023-01-23 09:00:00,163.05029856847366,101.90481483650379,33.174025678401264,6.9257431928205815,82.79415762407801,正常
维修部C,HP-30,HP-30-004,2023-01-23 10:00:00,121.97070413071856,87.52732329626788,49.59150841176733,14.82380529871829,97.37888890834165,正常
液压部B,HP-30,HP-30-003,2023-01-23 10:00:00,145.73654104012235,82.04413936870982,61.06668892656407,19.686155471360763,80.18831258382056,正常
维修部C,HP-30,HP-30-004,2023-01-23 11:00:00,140.35376899103963,128.05032075084893,32.19359937814899,23.2123430272912,96.99884767966974,正常
液压部B,HP-30,HP-30-003,2023-01-23 11:00:00,171.47307105170336,90.3822085949679,49.99667717072914,12.110029732421937,95.09656641394474,正常
液压部B,HP-30,HP-30-003,2023-01-23 12:00:00,133.49402850915538,60.9796756577557,68.7811053851525,14.091371079802792,96.47431248532536,正常
维修部C,HP-30,HP-30-004,2023-01-23 12:00:00,128.09021612762507,62.586886867577945,66.4223990437635,7.090164184251564,98.29458457762539,正常
维修部C,HP-30,HP-30-004,2023-01-23 13:00:00,112.38086982212175,151.606249986137,52.27610530740235,12.806897790901804,80.62268110607044,正常
液压部B,HP-30,HP-30-003,2023-01-23 13:00:00,153.67191458911498,74.18612233764742,56.43029025390729,8.938111875613206,83.80786374726289,正常
液压部B,HP-30,HP-30-003,2023-01-23 14:00:00,104.89600114682791,62.99062119448156,34.06829830102628,9.981415066958203,98.96739509433695,正常
维修部C,HP-30,HP-30-004,2023-01-23 14:00:00,98.44992391822342,150.25614045475635,57.40071900632465,17.95111948427969,97.27289942462468,正常
液压部B,HP-30,HP-30-003,2023-01-23 15:00:00,171.68941443364167,124.47288278057876,68.3455126401347,13.047902602445788,91.68070799749064,正常
维修部C,HP-30,HP-30-004,2023-01-23 15:00:00,194.456916904641,124.1018200464001,44.03382816287461,13.77601272486126,97.98716808799475,正常
维修部C,HP-30,HP-30-004,2023-01-23 16:00:00,189.46748271292162,80.24275558862193,39.23609109137559,18.346017323888166,92.51785566006555,正常
液压部B,HP-30,HP-30-003,2023-01-23 16:00:00,121.82336164623044,75.47174414032962,54.05246166921451,25.33357039659637,98.79440929817075,正常
液压部B,HP-30,HP-30-003,2023-01-23 17:00:00,117.46921848667614,74.67011273551049,49.30410243627517,8.311852615760257,86.22957761870079,正常
维修部C,HP-30,HP-30-004,2023-01-23 17:00:00,179.22403750782289,52.226041838729834,55.2808773487467,12.090156600576684,89.64923028685723,正常
维修部C,HP-30,HP-30-004,2023-01-23 18:00:00,162.5401752577245,83.073372044127,50.338227282292095,7.919989374191557,83.24330160787797,正常
液压部B,HP-30,HP-30-003,2023-01-23 18:00:00,155.05798424549778,104.5975389971695,62.4161693818225,19.94700759880128,95.70925562686594,正常
液压部B,HP-30,HP-30-003,2023-01-23 19:00:00,167.00350260746114,92.81404665606884,55.21029049784443,15.083749534035048,83.44181538062941,正常
维修部C,HP-30,HP-30-004,2023-01-23 19:00:00,124.54151649870957,122.29642500229915,56.35210825285681,14.109710972502267,88.80460918596573,正常
液压部B,HP-30,HP-30-003,2023-01-23 20:00:00,186.62237856040093,90.3308897423979,43.877782720270986,6.078931986727163,83.29040812592993,正常
液压部B,HP-30,HP-30-003,2023-01-23 21:00:00,156.01725265330126,141.94308870396566,46.21595673729694,18.259247665918537,89.73288143671697,正常
液压部B,HP-30,HP-30-003,2023-01-23 22:00:00,178.74075659656734,109.46562216759737,36.09379101854457,13.882873642374134,89.86668217667324,正常
液压部B,HP-30,HP-30-003,2023-01-23 23:00:00,139.19817784578893,89.1154232372304,53.46366240694846,14.900304312920849,94.08505246255051,正常
液压部B,HP-30,HP-30-003,2023-01-24 00:00:00,144.92538905389807,114.56036065035846,42.59443991476396,18.98378123113211,86.06636168798597,正常
液压部B,HP-30,HP-30-003,2023-01-24 01:00:00,158.94172756966958,49.649657717790454,67.66494060681916,9.36756133187868,93.32663405324888,正常
液压部B,HP-30,HP-30-003,2023-01-24 02:00:00,198.54383125944048,119.85722076900385,65.01381003708536,14.338285187511628,98.94478089252813,正常
液压部B,HP-30,HP-30-003,2023-01-24 03:00:00,127.50632766824617,86.85272664212167,33.047093734215565,19.52873846995293,82.73249534186859,正常
液压部B,HP-30,HP-30-003,2023-01-24 04:00:00,174.37044057149626,129.76715188959574,40.06238743722286,22.94598539619381,98.306618486077,正常
液压部B,HP-30,HP-30-003,2023-01-24 05:00:00,140.547750945202,93.14095395483074,31.262529010637255,7.826429781062335,80.95104393827222,正常
液压部B,HP-30,HP-30-003,2023-01-24 06:00:00,101.4123659602983,115.83292275190288,55.0324406130908,7.587242847443101,84.3365695506981,正常
液压部B,HP-30,HP-30-003,2023-01-24 07:00:00,146.70554562076924,73.6941221270729,56.864798660095204,22.33666605205339,89.30765725028678,正常
液压部B,HP-30,HP-30-003,2023-01-24 08:00:00,191.55372536726134,137.53560262681262,60.69781922305455,11.8846616184044,92.5030484297583,正常
液压部B,HP-30,HP-30-003,2023-01-24 09:00:00,186.95060025312154,48.73644948559054,34.45824166868091,37.255187271393396,100.09414147811611,泵磨损
液压部B,HP-30,HP-30-003,2023-01-24 10:00:00,108.9561009754521,142.1992101955947,48.5296169740806,43.11634162442601,81.53061729372028,泵磨损
液压部B,HP-30,HP-30-003,2023-01-24 11:00:00,132.4733056581706,85.88052202312048,40.33035569191826,44.65226122482151,84.31549413241218,泵磨损
液压部B,HP-30,HP-30-003,2023-01-24 12:00:00,169.7350239170965,94.64424619586678,61.93403431651094,30.405988302652244,88.34121131914333,泵磨损
液压部B,HP-30,HP-30-003,2023-01-24 13:00:00,129.42582290936016,136.13517973255944,36.37869202519776,43.87667642298291,94.55103092344608,泵磨损
液压部B,HP-30,HP-30-003,2023-01-24 14:00:00,137.35231725538418,140.89841980828183,69.77950110882983,41.1758873870966,98.50647787915864,泵磨损
液压部B,HP-30,HP-30-003,2023-01-24 15:00:00,181.35173270001548,57.98696170961554,64.02415934561957,8.793378775621006,97.5415226909756,正常
液压部B,HP-30,HP-30-003,2023-01-24 16:00:00,175.56808873975467,105.1223541359402,65.12381328220674,6.146622318760987,83.20189591906065,正常
液压部B,HP-30,HP-30-003,2023-01-24 17:00:00,58.95195168819864,29.992521994194906,40.83810440980124,10.934737070180292,91.40745350595304,阀门故障
液压部B,HP-30,HP-30-003,2023-01-24 18:00:00,70.12439252331774,20.149460574381493,63.824059592800175,13.156211275685264,87.1402298119858,阀门故障
液压部B,HP-30,HP-30-003,2023-01-24 19:00:00,50.031000769787425,36.278996238131,32.8125164377182,19.27205918937334,88.2781367672459,阀门故障
液压部B,HP-30,HP-30-003,2023-01-24 20:00:00,59.10644543321107,33.60784453943403,32.53951000078271,10.556149732282098,94.92956942410886,阀门故障
液压部B,HP-30,HP-30-003,2023-01-24 21:00:00,109.12182107463575,99.17056190044568,50.851453963855796,20.410349406318236,96.01176102719033,正常
液压部B,HP-30,HP-30-003,2023-01-24 22:00:00,109.669646820591,79.77213670424652,60.113273419621535,22.3621336600153,85.13451684261408,正常
液压部B,HP-30,HP-30-003,2023-01-24 23:00:00,183.08635801738123,91.44350710735378,68.34883769109548,19.817610369551346,92.82503780821766,正常
液压部B,HP-30,HP-30-003,2023-01-25 00:00:00,138.59192041007478,91.46409524219429,51.55739653500047,10.810522019435403,87.13173795917584,正常
液压部B,HP-30,HP-30-003,2023-01-25 01:00:00,133.79038509991946,83.71420895520704,36.732331260678514,8.913719810950818,89.09652735207678,正常
液压部B,HP-30,HP-30-003,2023-01-25 02:00:00,69.00341671834286,34.92922536988073,62.33684408392842,17.107632919035765,90.8380638992379,阀门故障
液压部B,HP-30,HP-30-003,2023-01-25 03:00:00,75.10963396836388,23.30340719539108,55.9702440339251,21.187448060783325,81.78877653993278,阀门故障
液压部B,HP-30,HP-30-003,2023-01-25 04:00:00,63.566287566459565,24.519589857961527,59.77762625614865,14.304280626757178,98.13782056021205,阀门故障
液压部B,HP-30,HP-30-003,2023-01-25 05:00:00,75.33485912967897,39.139269399166466,32.43555308715816,21.02319377660388,82.42666044628224,阀门故障
液压部B,HP-30,HP-30-003,2023-01-25 06:00:00,146.4734142221252,147.08447540580673,63.706687206066626,23.12307855482057,95.88256632438379,正常
液压部B,HP-30,HP-30-003,2023-01-25 07:00:00,157.71362021709857,63.800737266849204,36.868909232345324,14.220403482850607,88.42931269026855,正常
液压部B,HP-30,HP-30-003,2023-01-25 08:00:00,105.53445312079785,132.45061211027766,57.03214710621817,11.961039179174017,80.80695144473802,正常
液压部B,HP-30,HP-30-003,2023-01-25 09:00:00,141.40851837683482,108.31503169321674,66.25318951582385,17.37764113018359,85.46699936719453,正常
液压部B,HP-30,HP-30-003,2023-01-25 10:00:00,108.35996630999479,88.85116202609026,44.92066360750379,18.04830446525625,95.9683555876828,正常
液压部B,HP-30,HP-30-003,2023-01-25 11:00:00,116.59557244918676,82.02676066550974,53.079461085914915,5.760850698903344,93.62129476444436,正常
液压部B,HP-30,HP-30-003,2023-01-25 12:00:00,195.06747858745442,129.5514957998184,50.67614790991508,16.979900162823363,84.7392269544676,正常
液压部B,HP-30,HP-30-003,2023-01-25 13:00:00,160.0861206767865,137.28869169802624,51.495904589001036,23.83007513598885,91.77890263652141,正常
液压部B,HP-30,HP-30-003,2023-01-25 14:00:00,155.89191597990384,120.63384535543945,52.42488989364708,18.535675625959644,85.51332586939688,正常
液压部B,HP-30,HP-30-003,2023-01-25 15:00:00,137.8545690484466,56.97959637194616,61.86961218483473,21.16964070797007,81.67484999274632,正常
液压部B,HP-30,HP-30-003,2023-01-25 16:00:00,110.8903073762942,120.45415601756804,29.080700804253812,13.928776101923246,98.77271098993165,正常
液压部B,HP-30,HP-30-003,2023-01-25 17:00:00,138.25220676419525,68.20065885366738,51.39051023891528,6.085388688398323,84.95633514493761,正常
液压部B,HP-30,HP-30-003,2023-01-25 18:00:00,148.31511015891707,66.54693542926007,67.03367315708186,21.783972464543126,81.6733016522996,正常
液压部B,HP-30,HP-30-003,2023-01-25 19:00:00,130.0379119625357,135.70106864569928,117.88486535879656,21.938894878824122,34.7386466091922,油温过高
液压部B,HP-30,HP-30-003,2023-01-25 20:00:00,167.17749893995463,73.40238550327001,112.78878214401786,18.57576122335534,20.004990800487192,油温过高
液压部B,HP-30,HP-30-003,2023-01-25 21:00:00,195.35213231129512,96.59066411461235,88.24064747978905,12.492272014724254,12.771414645340675,油温过高
液压部B,HP-30,HP-30-003,2023-01-25 22:00:00,107.41575281407309,143.8419792242247,110.75607134998043,9.621317477024707,22.414716553620423,油温过高
液压部B,HP-30,HP-30-003,2023-01-25 23:00:00,131.13890493470123,130.09922344635004,84.04130323372067,15.318861123355578,24.003396755438317,油温过高
液压部B,HP-30,HP-30-003,2023-01-26 00:00:00,131.5518373587958,96.81718387077746,85.19159752522911,11.671925241872055,5.942152529975944,油温过高
液压部B,HP-30,HP-30-003,2023-01-26 01:00:00,138.41909305555845,88.75178170669126,111.1101838347823,7.3900559887057256,18.05625716245737,油温过高
液压部B,HP-30,HP-30-003,2023-01-26 02:00:00,163.51122559391902,122.35384467240699,94.35991104907261,8.630056862697053,23.765343371624432,油温过高
液压部B,HP-30,HP-30-003,2023-01-26 03:00:00,174.94789989380413,125.73492679311367,51.472984782724495,18.586625282360675,99.27096818144528,正常
液压部B,HP-30,HP-30-003,2023-01-26 04:00:00,116.99967971542281,67.24381608752165,43.75497754127679,15.856503440540633,99.28227454761382,正常
液压部B,HP-30,HP-30-003,2023-01-26 05:00:00,194.51318924972767,130.98000495763117,56.89919449518487,14.711950670261706,88.80652522245201,正常
液压部B,HP-30,HP-30-003,2023-01-26 06:00:00,153.37462992690584,143.75115872579164,45.589500429731416,17.424100933371168,89.91489922485097,正常
液压部B,HP-30,HP-30-003,2023-01-26 07:00:00,154.48306330494464,75.2825538544291,89.03646773462613,21.28722473359829,5.226113459702654,油温过高
液压部B,HP-30,HP-30-003,2023-01-26 08:00:00,102.5126823972862,63.91252014854988,119.95296313865391,4.976814008982748,11.268162541321123,油温过高
液压部B,HP-30,HP-30-003,2023-01-26 09:00:00,163.77680512868622,77.78328393794352,108.22325978057853,12.615137348497324,40.140075045936776,油温过高
液压部B,HP-30,HP-30-003,2023-01-26 10:00:00,195.55080211071592,122.29853957730921,33.538869045497975,22.671932858274133,88.07169271422116,正常
液压部B,HP-30,HP-30-003,2023-01-26 11:00:00,104.64717119781324,111.62761022628405,41.5601461342528,6.00515050277502,85.76996549161358,正常
液压部B,HP-30,HP-30-003,2023-01-26 12:00:00,144.8331841684668,67.75630919028698,69.07272453882405,20.655773861108305,88.65065768266903,正常
液压部B,HP-30,HP-30-003,2023-01-26 13:00:00,198.70104575270838,147.29171779653856,41.27470644870476,5.755850269350109,94.9605167783943,正常
液压部B,HP-30,HP-30-003,2023-01-26 14:00:00,129.1017962635147,63.063965450444435,33.54893422205557,15.669381511623078,86.74395375613177,正常
液压部B,HP-30,HP-30-003,2023-01-26 15:00:00,184.49259796102558,101.52671161862536,42.705692617469175,13.245747482603402,96.25134509766717,正常
液压部B,HP-30,HP-30-003,2023-01-26 16:00:00,169.2529786060572,56.69317577668431,58.45755169752442,10.724966104857797,88.66539613310647,正常
液压部B,HP-30,HP-30-003,2023-01-26 17:00:00,199.17854093820011,51.27609438398376,36.33975082904591,20.472037434596533,87.50027551345607,正常
液压部B,HP-30,HP-30-003,2023-01-26 18:00:00,178.6291788978134,127.00410821823911,30.23829862197091,13.572187408307451,93.00299690015947,正常
液压部B,HP-30,HP-30-003,2023-01-26 19:00:00,191.01487646724357,146.65084943671454,62.199110051386896,18.20538772486073,84.91411406321757,正常
液压部B,HP-30,HP-30-003,2023-01-26 20:00:00,187.87091183525976,142.0386906663115,44.274983964083255,16.62133217889838,83.5222041242904,正常
液压部B,HP-30,HP-30-003,2023-01-26 21:00:00,196.7897056776955,134.65589472743002,52.404218295267704,22.728220883360073,92.85523881327389,正常
液压部B,HP-30,HP-30-003,2023-01-26 22:00:00,160.5041736441032,67.85050317507766,68.61591142810572,8.077649516586069,90.09049184128969,正常
液压部B,HP-30,HP-30-003,2023-01-26 23:00:00,177.16289032013353,131.1348747855452,29.608998660075418,17.663529783211025,98.37242794135832,正常
液压部B,HP-30,HP-30-003,2023-01-27 00:00:00,137.58807139402185,66.86231276309755,49.50954590492249,22.975586950889102,98.62914409281349,正常
生产部A,HP-30,HP-30-001,2023-01-27 00:00:00,65.77894371748106,27.237084283487768,35.77565659709305,24.19322431397046,81.71459318764109,阀门故障
生产部A,HP-30,HP-30-001,2023-01-27 01:00:00,66.7504276056389,36.530678083961725,68.25858132441947,18.303705492797878,95.88633100596063,阀门故障
液压部B,HP-30,HP-30-003,2023-01-27 01:00:00,157.07539072861417,53.57047807295628,62.58888180743259,15.20016201234844,92.35341894554634,正常
生产部A,HP-30,HP-30-001,2023-01-27 02:00:00,51.41547119572868,26.888742238381397,66.27750328756274,17.611281916569997,85.75628529317717,阀门故障
液压部B,HP-30,HP-30-003,2023-01-27 02:00:00,108.77739240668728,54.50081837706861,52.51286099294971,8.302759864747285,95.91337572255418,正常
液压部B,HP-30,HP-30-003,2023-01-27 03:00:00,181.0152188364634,142.68885781399536,62.63333800632778,21.812909706002213,89.86772592367224,正常
生产部A,HP-30,HP-30-001,2023-01-27 03:00:00,72.12701312985811,29.15705542673007,33.62357689124301,22.97370247131333,97.68697953539855,阀门故障
生产部A,HP-30,HP-30-001,2023-01-27 04:00:00,79.22904932212063,32.94394495311404,53.7976039028539,19.896040956314394,82.61579404493126,阀门故障
液压部B,HP-30,HP-30-003,2023-01-27 04:00:00,171.29968224902544,116.09025242742202,48.278255371043905,15.431032539105223,95.1813456872988,正常
生产部A,HP-30,HP-30-001,2023-01-27 05:00:00,79.83858308714774,24.087925367061843,40.35673745386233,13.251682095177488,83.65008223116297,阀门故障
液压部B,HP-30,HP-30-003,2023-01-27 05:00:00,145.07416829662913,81.47898241590357,67.61961486494967,10.27401677753431,83.34598996407206,正常
液压部B,HP-30,HP-30-003,2023-01-27 06:00:00,112.29858348067559,132.6248319243721,32.09086364803442,6.011518846304813,97.70914460555487,正常
生产部A,HP-30,HP-30-001,2023-01-27 06:00:00,71.17722660092802,22.08428453766592,55.266550464553184,17.952140104830672,89.17998555171643,阀门故障
液压部B,HP-30,HP-30-003,2023-01-27 07:00:00,119.6903216801913,81.87883447915151,57.3023658940496,5.159815425025561,93.67587147099425,正常
生产部A,HP-30,HP-30-001,2023-01-27 07:00:00,126.11688518177685,84.69344267677361,78.83773106663051,22.911260923640114,23.0478470746166,污染故障
液压部B,HP-30,HP-30-003,2023-01-27 08:00:00,104.93970009286933,87.14553445867821,32.29194752969258,13.45610498057749,91.74573519773475,正常
生产部A,HP-30,HP-30-001,2023-01-27 08:00:00,138.8583719940451,110.98139368649782,75.03271518290155,19.297414717093897,13.00221243699859,污染故障
生产部A,HP-30,HP-30-001,2023-01-27 09:00:00,103.13664821666828,101.24589630902017,78.75029301471899,14.965440766907422,33.12226410518862,污染故障
液压部B,HP-30,HP-30-003,2023-01-27 09:00:00,124.83264925832954,86.73175654535532,42.229478281160965,15.22243751128498,86.17911334578655,正常
生产部A,HP-30,HP-30-001,2023-01-27 10:00:00,154.12454719313268,144.32150904995504,36.80687586420914,4.97614789981018,91.81190912290347,正常
液压部B,HP-30,HP-30-003,2023-01-27 10:00:00,110.86753764467043,60.52317007083895,69.83313162781246,10.418999475522842,81.5125512272564,正常
液压部B,HP-30,HP-30-003,2023-01-27 11:00:00,171.79886993859796,99.34194930031853,120.82649596571606,16.62980259982708,23.01328767111159,油温过高
生产部A,HP-30,HP-30-001,2023-01-27 11:00:00,102.44625249212201,138.94714894274193,63.75484003105516,22.968910043044197,88.7174353013344,正常
液压部B,HP-30,HP-30-003,2023-01-27 12:00:00,162.09767819211262,131.4296241917377,84.83871150752975,14.056010263107384,40.78850704907908,油温过高
生产部A,HP-30,HP-30-001,2023-01-27 12:00:00,185.4473328752623,60.364776420355966,30.23651675287806,19.639837866048726,82.88210381480853,正常
生产部A,HP-30,HP-30-001,2023-01-27 13:00:00,186.1679603455114,66.02688510584525,36.875227573063725,15.318928987868572,88.89032495575184,正常
液压部B,HP-30,HP-30-003,2023-01-27 13:00:00,144.1008931503372,146.17020620944686,103.1817451242024,17.168430342219562,1.5363324654709576,油温过高
生产部A,HP-30,HP-30-001,2023-01-27 14:00:00,160.47246705964113,136.65361567753118,58.80644843558801,5.6256683932985325,98.91128453865765,正常
液压部B,HP-30,HP-30-003,2023-01-27 14:00:00,129.83778952136132,80.23532955514767,107.36508588655977,17.705592836851768,6.919820831041019,油温过高
液压部B,HP-30,HP-30-003,2023-01-27 15:00:00,168.5126021292911,78.7786193992184,46.29381390717024,21.220354424974154,80.56154924937957,正常
生产部A,HP-30,HP-30-001,2023-01-27 15:00:00,171.0665675430887,141.46194805932174,56.58441412630125,9.064656980548078,98.90422927653714,正常
生产部A,HP-30,HP-30-001,2023-01-27 16:00:00,118.42269603726166,57.22752108514244,122.69987401935992,6.3249301421494994,41.62109264786959,油温过高
液压部B,HP-30,HP-30-003,2023-01-27 16:00:00,129.01228983357979,57.53931880293323,54.12235903880755,21.370175050949012,93.12021424277053,正常
生产部A,HP-30,HP-30-001,2023-01-27 17:00:00,124.76834496363348,64.8787637046902,112.81022163594983,7.889759115217104,39.02794170290869,油温过高
液压部B,HP-30,HP-30-003,2023-01-27 17:00:00,131.42744527130702,73.17573553760579,55.56827793448519,9.98185653718534,91.93523850082923,正常
生产部A,HP-30,HP-30-001,2023-01-27 18:00:00,145.49779529628196,128.4492498973399,103.74609899521714,22.534983893199822,8.460399302306842,油温过高
液压部B,HP-30,HP-30-003,2023-01-27 18:00:00,125.30859400311591,128.28977642320206,41.27688765024074,19.247120917355122,94.82896800423478,正常
液压部B,HP-30,HP-30-003,2023-01-27 19:00:00,188.97811355482506,142.28747376487598,63.27859886961416,8.625981079092972,81.45529624376836,正常
生产部A,HP-30,HP-30-001,2023-01-27 19:00:00,166.35426502082754,96.62288100704468,90.23348929281879,17.81364635203132,27.990371819021142,油温过高
生产部A,HP-30,HP-30-001,2023-01-27 20:00:00,115.64403827542483,74.49832305439533,98.10084860539746,22.99007982481684,18.989415357662434,油温过高
液压部B,HP-30,HP-30-003,2023-01-27 20:00:00,193.9992803424475,60.388926772761096,55.83054837304152,6.882782793095928,96.47575680586624,正常
液压部B,HP-30,HP-30-003,2023-01-27 21:00:00,155.97855915862436,152.91033904320406,58.28867155013369,5.258370854572587,94.4271930156536,正常
生产部A,HP-30,HP-30-001,2023-01-27 21:00:00,17.240285227711123,228.3653145262905,61.802849749897646,7.949486212243873,95.8133978887897,液压泄漏
液压部B,HP-30,HP-30-003,2023-01-27 22:00:00,167.79943561423912,135.98294036688793,57.649228844788375,17.992600518463234,81.52043511208907,正常
生产部A,HP-30,HP-30-001,2023-01-27 22:00:00,43.659719361198654,197.62320403220144,60.44293909864754,15.974888740943548,93.3863336429919,液压泄漏
液压部B,HP-30,HP-30-003,2023-01-27 23:00:00,122.91308569224458,151.1139446286549,59.90375715485593,6.909721271737529,99.4559752813356,正常
生产部A,HP-30,HP-30-001,2023-01-27 23:00:00,14.575962980527912,203.90329789248062,52.419977424355146,11.0316513270007,97.26943005550557,液压泄漏
液压部B,HP-30,HP-30-003,2023-01-28 00:00:00,158.1190375599106,66.71880096621507,36.990740968417875,17.455481483699213,96.40983342256197,正常
生产部A,HP-30,HP-30-001,2023-01-28 00:00:00,4.905690927296089,214.58809774049107,54.315536007435085,13.612224254929455,82.05617067354298,液压泄漏
液压部B,HP-30,HP-30-003,2023-01-28 01:00:00,139.87939566923515,132.51135422272384,43.1225648177837,13.324193414779721,98.24301967622158,正常
生产部A,HP-30,HP-30-001,2023-01-28 01:00:00,15.690619403208855,246.91272513624827,48.24912746264757,9.712331555472847,87.7812457247316,液压泄漏
生产部A,HP-30,HP-30-001,2023-01-28 02:00:00,171.61459069442796,107.09142459545325,37.694792273188355,21.40688914058763,90.4172136154276,正常
液压部B,HP-30,HP-30-003,2023-01-28 02:00:00,167.5906334037706,73.92447972190269,33.986807975771754,14.530322587163885,91.82214323818744,正常
液压部B,HP-30,HP-30-003,2023-01-28 03:00:00,117.60477366210395,52.552190997412175,65.49225362160657,17.143215717723027,97.71175422680567,正常
生产部A,HP-30,HP-30-001,2023-01-28 03:00:00,203.33949665828052,121.19389437540849,44.98532735910722,22.967030768796324,89.62125011180241,正常
生产部A,HP-30,HP-30-001,2023-01-28 04:00:00,178.70961657982662,131.97552957158098,65.90704616185444,23.472501681698848,90.43592974202055,正常
液压部B,HP-30,HP-30-003,2023-01-28 04:00:00,191.59436388818196,148.56569560631382,59.81750390094356,19.594707702099445,90.85475497755371,正常
液压部B,HP-30,HP-30-003,2023-01-28 05:00:00,182.37362002259448,66.38540635778661,37.89275869977134,4.585866209905053,84.03972680472299,正常
生产部A,HP-30,HP-30-001,2023-01-28 05:00:00,188.80514218605904,112.15664920107481,61.91512002425149,9.220486806623864,94.16294163515485,正常
液压部B,HP-30,HP-30-003,2023-01-28 06:00:00,197.0889854625986,49.929131085956655,52.420493239352666,21.397074296514617,88.99966306282697,正常
生产部A,HP-30,HP-30-001,2023-01-28 06:00:00,167.2857777462707,59.21109926000112,67.19405000108407,20.39470331138362,84.96493472085585,正常
液压部B,HP-30,HP-30-003,2023-01-28 07:00:00,142.86868865657948,71.07490486962482,52.59172840716615,7.473450523752666,95.33546581357713,正常
生产部A,HP-30,HP-30-001,2023-01-28 07:00:00,183.19954787176292,71.98721017465223,39.35387051968273,24.53140735040636,82.51345667505935,正常
生产部A,HP-30,HP-30-001,2023-01-28 08:00:00,132.75966000413152,107.53782693517427,57.025321714279684,20.7601983970278,98.2141389064038,正常
液压部B,HP-30,HP-30-003,2023-01-28 08:00:00,153.48246268827106,50.71144664876396,44.65395139164077,4.746043690198027,95.59912503238796,正常
液压部B,HP-30,HP-30-003,2023-01-28 09:00:00,106.08879521190354,119.57817508553717,32.03298554922114,9.545076309521807,80.3719270239575,正常
生产部A,HP-30,HP-30-001,2023-01-28 09:00:00,159.63718464347286,86.94628798395414,56.679242547047394,19.311774849917906,87.61600432225426,正常
液压部B,HP-30,HP-30-003,2023-01-28 10:00:00,111.08810326546023,67.24579768933822,70.12873394959743,6.045631345481391,90.42183917915257,正常
生产部A,HP-30,HP-30-001,2023-01-28 10:00:00,105.55900336608457,101.9820811826746,40.7711171287706,13.954244380970959,82.61498732330693,正常
液压部B,HP-30,HP-30-003,2023-01-28 11:00:00,159.31767018721274,68.12181397682774,31.665463608646544,11.779985822462034,85.58545938079224,正常
生产部A,HP-30,HP-30-001,2023-01-28 11:00:00,157.1183801090094,63.10252733203097,47.08668350376429,14.194753680030603,89.27732212983588,正常
生产部A,HP-30,HP-30-001,2023-01-28 12:00:00,131.22909422317815,102.71642501264402,66.13103328722923,12.737924571074652,89.61184494843923,正常
液压部B,HP-30,HP-30-003,2023-01-28 12:00:00,159.48696882989907,121.98629142626679,66.43956885675325,15.069507771269484,86.78484097638231,正常
生产部A,HP-30,HP-30-001,2023-01-28 13:00:00,126.26482192657159,143.08432125189805,58.60423940452823,10.113908807587082,98.95499589500244,正常
液压部B,HP-30,HP-30-003,2023-01-28 13:00:00,107.45939279498876,94.33889997812695,75.7257045494637,17.503595608227858,36.432190908624406,污染故障
液压部B,HP-30,HP-30-003,2023-01-28 14:00:00,118.50230171255623,91.095638215337,76.2472315171836,15.638412759458644,13.966877187428913,污染故障
生产部A,HP-30,HP-30-001,2023-01-28 14:00:00,103.3748430127288,148.99721150618052,57.853856152265536,13.924600020373743,80.3525970424461,正常
液压部B,HP-30,HP-30-003,2023-01-28 15:00:00,118.75984923929057,145.12207092465297,74.18914424878635,22.99792968345586,35.80472765397968,污染故障
生产部A,HP-30,HP-30-001,2023-01-28 15:00:00,197.94011726196433,93.03918217845201,43.18615935485192,20.248441859123723,84.44022121308477,正常
液压部B,HP-30,HP-30-003,2023-01-28 16:00:00,146.68189300042357,69.86299439136901,79.58456228450694,5.8510567285609465,30.964033456184968,污染故障
生产部A,HP-30,HP-30-001,2023-01-28 16:00:00,137.07454946387472,105.79459903315869,67.35115468471456,24.66702637926627,96.5408431202423,正常
生产部A,HP-30,HP-30-001,2023-01-28 17:00:00,20.346394330191956,214.11639449680263,61.44432076087155,22.74735383692562,81.98434872981676,液压泄漏
液压部B,HP-30,HP-30-003,2023-01-28 17:00:00,79.11344503098087,32.306419984859204,41.30511146971486,10.82681733699061,99.06136087958234,阀门故障
液压部B,HP-30,HP-30-003,2023-01-28 18:00:00,77.7582268921462,22.469442693154903,57.2140745804688,6.596141581340658,99.85602056934177,阀门故障
生产部A,HP-30,HP-30-001,2023-01-28 18:00:00,35.63118740478441,262.890176282216,42.51817236683454,6.650707950300829,83.35778417154872,液压泄漏
液压部B,HP-30,HP-30-003,2023-01-28 19:00:00,63.29135720987937,32.12334096549846,42.91418945659397,25.63977310235766,81.027580444187,阀门故障
生产部A,HP-30,HP-30-001,2023-01-28 19:00:00,36.398904883061725,249.56285796044196,67.75463656711824,15.213358262906977,83.50879049311976,液压泄漏
液压部B,HP-30,HP-30-003,2023-01-28 20:00:00,152.75935677486603,147.666803542859,44.1405194872219,5.687338012302787,92.07969395311459,正常
生产部A,HP-30,HP-30-001,2023-01-28 20:00:00,38.41564734306109,268.80051939646114,32.49882629456626,6.161393924190523,99.92182928082102,液压泄漏
液压部B,HP-30,HP-30-003,2023-01-28 21:00:00,151.9852065228637,109.1649010515837,40.78201703295166,18.268268225733827,96.38877133756428,正常
生产部A,HP-30,HP-30-001,2023-01-28 21:00:00,31.51463515790426,187.2172161117455,45.67555524046782,18.69534606746612,93.68244391368404,液压泄漏
液压部B,HP-30,HP-30-003,2023-01-28 22:00:00,182.2113238375064,66.44201479129907,64.84173610802257,13.2977435899123,90.58028656395857,正常
生产部A,HP-30,HP-30-001,2023-01-28 22:00:00,18.143490039813955,246.6154882132857,40.94393927020557,15.949188790528837,97.44686940673415,液压泄漏
液压部B,HP-30,HP-30-003,2023-01-28 23:00:00,119.5498620732316,113.8300532369761,32.429118908771926,11.57085830758789,87.11044137169844,正常
生产部A,HP-30,HP-30-001,2023-01-28 23:00:00,15.62449318167507,195.69655677055795,40.42641315476534,12.500032849965857,81.02229232781515,液压泄漏
生产部A,HP-30,HP-30-001,2023-01-29 00:00:00,146.11479718674332,131.46340141340505,47.174598159978245,13.652562949219728,85.12418656981941,正常
液压部B,HP-30,HP-30-003,2023-01-29 00:00:00,133.03166526409294,64.10699507305341,78.60461829619871,10.659762617140148,18.156677338196655,污染故障
液压部B,HP-30,HP-30-003,2023-01-29 01:00:00,117.97982633131157,77.47174172080992,77.96600862421971,14.622915455692889,31.017528825135237,污染故障
生产部A,HP-30,HP-30-001,2023-01-29 01:00:00,122.80431704773154,119.15617784758953,31.25528154860253,14.942097706760542,96.09792256720115,正常
液压部B,HP-30,HP-30-003,2023-01-29 02:00:00,165.5720529025457,110.45952034999272,80.19158550375307,8.312478763244458,21.80560791478798,污染故障
生产部A,HP-30,HP-30-001,2023-01-29 02:00:00,197.0582596102184,79.07128746990611,46.80998035302146,10.495710569712978,96.14624549112504,正常
液压部B,HP-30,HP-30-003,2023-01-29 03:00:00,119.71854105537088,67.27769562552123,79.559484279557,9.295128250245613,12.068360139275168,污染故障
生产部A,HP-30,HP-30-001,2023-01-29 03:00:00,192.69692059136372,129.09917390418445,64.07041781480228,13.697332285568399,80.22508091369016,正常
液压部B,HP-30,HP-30-003,2023-01-29 04:00:00,154.23910875458972,130.7094461635519,77.70285664437287,9.217703079031516,18.48382761814701,污染故障
生产部A,HP-30,HP-30-001,2023-01-29 04:00:00,124.82153236381939,134.66996427575873,41.64738939110575,12.856608152510471,97.6795290821702,正常
液压部B,HP-30,HP-30-003,2023-01-29 05:00:00,157.8539733636023,64.80507739694265,40.117205844191176,6.52550960608322,83.00712353259567,正常
生产部A,HP-30,HP-30-001,2023-01-29 05:00:00,111.1496307831892,64.42284795247606,43.865379001409806,21.730033892071805,81.09968891456074,正常
液压部B,HP-30,HP-30-003,2023-01-29 06:00:00,137.85664200709934,71.15771011505707,49.925973836760264,21.468884192463204,94.10661519512188,正常
生产部A,HP-30,HP-30-001,2023-01-29 06:00:00,152.6952706078181,141.21708457263685,61.52465406801818,18.072698726405704,92.025704090327,正常
液压部B,HP-30,HP-30-003,2023-01-29 07:00:00,167.20534306462815,127.38184534730627,54.45494449871721,9.870321207808445,92.25319664310159,正常
生产部A,HP-30,HP-30-001,2023-01-29 07:00:00,130.6195171409809,74.03796912689127,55.30720591604339,4.327381235459297,82.62464495966442,正常
生产部A,HP-30,HP-30-001,2023-01-29 08:00:00,119.14509320700736,66.63588988196557,42.257098953205215,20.635271229813085,86.72624207413337,正常
液压部B,HP-30,HP-30-003,2023-01-29 08:00:00,144.85764508796484,67.09636779911922,38.79214761458873,21.967348506202235,86.18988128264927,正常
生产部A,HP-30,HP-30-001,2023-01-29 09:00:00,136.8116956007943,135.08981153141872,56.72655790788759,6.943291307689995,96.61150598291636,正常
液压部B,HP-30,HP-30-003,2023-01-29 09:00:00,145.5909545152492,144.88237919954312,30.742212734248728,16.568575359916665,95.71391429740379,正常
液压部B,HP-30,HP-30-003,2023-01-29 10:00:00,157.6579094228598,56.185663187455695,41.45100554378238,12.213794149463267,92.01560130606468,正常
生产部A,HP-30,HP-30-001,2023-01-29 10:00:00,122.93520555139922,130.04686782202975,56.39314645112319,17.711795779332,93.26556270275898,正常
生产部A,HP-30,HP-30-001,2023-01-29 11:00:00,109.65471094904169,110.97314588663512,67.19857568639378,18.30373326187468,92.57445506588557,正常
液压部B,HP-30,HP-30-003,2023-01-29 11:00:00,162.25931330339068,143.1527930236852,31.796264446249097,16.66091457648658,95.1961740724253,正常
液压部B,HP-30,HP-30-003,2023-01-29 12:00:00,165.12008503969687,79.78062118198882,54.74534174618503,14.544563208666027,86.22432691778452,正常
生产部A,HP-30,HP-30-001,2023-01-29 12:00:00,104.2486673222131,95.17923118141934,46.312076002186295,9.49663700396232,91.54859708939246,正常
液压部B,HP-30,HP-30-003,2023-01-29 13:00:00,137.5501979514299,106.95519305550337,51.0099599291873,8.513593697227103,82.4136875044755,正常
生产部A,HP-30,HP-30-001,2023-01-29 13:00:00,0.4532770090121452,237.8524878023026,39.680683334297726,17.567476815041694,85.4742671977732,液压泄漏
液压部B,HP-30,HP-30-003,2023-01-29 14:00:00,160.18410072276242,86.79964030210775,65.24225813910135,23.947275718080093,89.5688292516724,正常
生产部A,HP-30,HP-30-001,2023-01-29 14:00:00,59.592749901835134,235.99309070692715,34.36259976039166,16.811888270208026,98.71763320826535,液压泄漏
液压部B,HP-30,HP-30-003,2023-01-29 15:00:00,105.47315107787944,115.65040905024105,56.520528536710984,39.94241104086599,84.05652340868606,泵磨损
生产部A,HP-30,HP-30-001,2023-01-29 15:00:00,58.40144219400264,181.10993024313257,68.95298917742244,6.428533705845253,82.62434679505895,液压泄漏
液压部B,HP-30,HP-30-003,2023-01-29 16:00:00,154.66450631670395,107.24646216148896,59.483752526142524,37.90050431618095,85.55482838692521,泵磨损
生产部A,HP-30,HP-30-001,2023-01-29 16:00:00,19.76652474104194,227.13756258920753,44.721607500570094,15.759844998925274,97.3140496540904,液压泄漏
生产部A,HP-30,HP-30-001,2023-01-29 17:00:00,112.21734570718439,119.59639300567243,34.751813474653325,12.298319812306291,99.10046060173633,正常
液压部B,HP-30,HP-30-003,2023-01-29 17:00:00,150.36183945139507,75.69717208032343,56.28701416832426,37.4133731737908,100.20912919249291,泵磨损
液压部B,HP-30,HP-30-003,2023-01-29 18:00:00,132.09554087406465,90.46543003707936,41.90522398730021,30.214959984631246,96.97954393066115,泵磨损
生产部A,HP-30,HP-30-001,2023-01-29 18:00:00,117.9368251574513,107.00885381579336,51.046482468392156,5.544463846874815,93.1177510803776,正常
液压部B,HP-30,HP-30-003,2023-01-29 19:00:00,107.40656354806428,102.03043242267665,51.78271884697155,43.30857545803943,85.09360157122954,泵磨损
生产部A,HP-30,HP-30-001,2023-01-29 19:00:00,172.24879916413508,142.0527808816082,63.41166166873987,6.641610793156737,81.62650862424891,正常
生产部A,HP-30,HP-30-001,2023-01-29 20:00:00,195.6762488469297,138.65725003387348,46.80420548800219,16.009859580106905,91.55110596220064,正常
液压部B,HP-30,HP-30-003,2023-01-29 20:00:00,168.99345393262712,105.10668221287655,65.8583411376419,6.641603773279256,95.73498494239968,正常
生产部A,HP-30,HP-30-001,2023-01-29 21:00:00,108.86675886001079,61.29312143428663,58.6437334069299,12.001850265006208,87.33614732269132,正常
液压部B,HP-30,HP-30-003,2023-01-29 21:00:00,170.2646179676493,132.43349639689185,57.258669171265346,14.759492422659445,85.3636687141784,正常
生产部A,HP-30,HP-30-001,2023-01-29 22:00:00,185.38871705170615,87.7193494503358,85.10859951110957,23.816596904915617,29.298667475527942,油温过高
液压部B,HP-30,HP-30-003,2023-01-29 22:00:00,104.77172760351853,80.15718834197936,30.64276368800751,19.007925440677273,79.87832365334936,正常
生产部A,HP-30,HP-30-001,2023-01-29 23:00:00,118.70372968894095,139.76303868809464,114.60375818423842,15.250980704152521,36.936980605386104,油温过高
液压部B,HP-30,HP-30-003,2023-01-29 23:00:00,101.46324407512496,127.13273809046693,31.609921858093937,13.331702045311653,93.02467402926686,正常
液压部B,HP-30,HP-30-003,2023-01-30 00:00:00,184.26377693746804,59.47176393762863,35.666988916078864,21.5071219200933,82.86077222267434,正常
生产部A,HP-30,HP-30-001,2023-01-30 00:00:00,148.9336133867305,144.14252794488684,117.33413573436826,12.649076948514216,37.447045956157986,油温过高
生产部A,HP-30,HP-30-002,2023-01-30 00:00:00,160.9645491146193,54.99345383352898,64.72049877269048,22.947139632597345,94.93487306465886,正常
液压部B,HP-30,HP-30-003,2023-01-30 01:00:00,108.20790391393847,118.25689712247134,53.89672957185512,20.185943045465077,91.95236565381163,正常
生产部A,HP-30,HP-30-002,2023-01-30 01:00:00,122.29232925559273,132.94794150317048,59.97704156348771,21.49388858273591,99.02824067571368,正常
生产部A,HP-30,HP-30-001,2023-01-30 01:00:00,105.28306326772429,110.14074135685422,87.46292877509339,5.07678876293425,18.734084476412853,油温过高
液压部B,HP-30,HP-30-003,2023-01-30 02:00:00,127.75243748988113,106.05868727007976,79.08410059052633,24.121015010929458,22.545301397852143,污染故障
生产部A,HP-30,HP-30-002,2023-01-30 02:00:00,107.03237127357157,98.85096360616201,44.675914595597966,24.09847647858703,85.01567360282168,正常
生产部A,HP-30,HP-30-001,2023-01-30 02:00:00,152.03351244419372,140.687346431341,100.39671167920929,13.690863044138972,6.045492048688095,油温过高
液压部B,HP-30,HP-30-003,2023-01-30 03:00:00,165.40302525034525,140.5190564343036,79.8706729141841,18.328954490378035,39.96224258158627,污染故障
生产部A,HP-30,HP-30-002,2023-01-30 03:00:00,155.03991966295516,92.44809002248394,66.37903602931965,20.425111336308937,95.24570369931541,正常
生产部A,HP-30,HP-30-001,2023-01-30 03:00:00,183.7847845893277,149.33299201444746,115.08405725842792,10.613842243842294,5.33597463620454,油温过高
液压部B,HP-30,HP-30-003,2023-01-30 04:00:00,111.9607952097107,64.01292211513478,76.87158006923589,6.011647885230579,10.681158908153751,污染故障
生产部A,HP-30,HP-30-002,2023-01-30 04:00:00,183.32205319741493,107.56393873102486,59.90462458608978,24.113768580594478,81.92085370525784,正常
生产部A,HP-30,HP-30-001,2023-01-30 04:00:00,184.19177781815122,69.79859046209779,45.87970315079274,24.124858192411654,97.8198175971885,正常
液压部B,HP-30,HP-30-003,2023-01-30 05:00:00,119.83849050230623,103.16377413779139,78.72749803575809,14.524424670876455,39.19740678310252,污染故障
生产部A,HP-30,HP-30-002,2023-01-30 05:00:00,53.92196701287553,24.106623022632874,70.94062019077184,14.40140159830247,88.15697164139564,阀门故障
生产部A,HP-30,HP-30-001,2023-01-30 05:00:00,197.22387038706867,89.45150448568748,34.32505644180782,10.375422480523651,90.51295497251607,正常
生产部A,HP-30,HP-30-002,2023-01-30 06:00:00,72.20261421117854,27.030303306018148,31.172608170190827,15.266808520660343,84.59007619784268,阀门故障
液压部B,HP-30,HP-30-003,2023-01-30 06:00:00,149.22344526787703,58.1799192448173,80.3416866729505,12.46770609286814,25.303565059804036,污染故障
生产部A,HP-30,HP-30-001,2023-01-30 06:00:00,163.57497464497703,112.12608457760106,55.287250622523956,25.8187223054282,99.64485876170626,正常
生产部A,HP-30,HP-30-002,2023-01-30 07:00:00,60.1868518306369,36.445557337844676,29.160950188521674,5.484961304453361,88.248388048664,阀门故障
液压部B,HP-30,HP-30-003,2023-01-30 07:00:00,190.89870938609724,123.38103812548623,78.68518391323626,14.901370168252832,13.718196685719729,污染故障
生产部A,HP-30,HP-30-001,2023-01-30 07:00:00,149.4168944887564,127.66785977962843,45.27442146310207,22.34612866941481,92.97331296963144,正常
生产部A,HP-30,HP-30-001,2023-01-30 08:00:00,142.2048641398423,82.49707003928184,50.3292088203166,8.947076487478098,81.2835425867971,正常
液压部B,HP-30,HP-30-003,2023-01-30 08:00:00,110.87000710248356,84.45918726190443,79.31031407139967,7.191414087238307,23.901066463318383,污染故障
生产部A,HP-30,HP-30-002,2023-01-30 08:00:00,66.49877581876635,32.648930294898584,43.554321757306845,10.638927922748003,93.54759107397257,阀门故障
生产部A,HP-30,HP-30-001,2023-01-30 09:00:00,175.37710602060574,73.71173170960229,80.18808867080102,4.706326471520454,29.061391118774868,污染故障
生产部A,HP-30,HP-30-002,2023-01-30 09:00:00,54.87848617030532,35.97379808586783,69.07249593071002,17.491716573857655,82.30589489423662,阀门故障
液压部B,HP-30,HP-30-003,2023-01-30 09:00:00,197.89503528330886,132.27408791382047,73.74753935195538,20.624453764049896,26.922542012388305,污染故障
生产部A,HP-30,HP-30-001,2023-01-30 10:00:00,143.62002205910278,70.77483784865944,79.04725843860932,7.18082691839249,38.238240696865155,污染故障
生产部A,HP-30,HP-30-002,2023-01-30 10:00:00,60.18693875767578,28.12887844615586,49.6689687342078,5.927522499942085,89.50672088047749,阀门故障
液压部B,HP-30,HP-30-003,2023-01-30 10:00:00,188.6095425309501,46.931666136619874,53.98937404744716,17.81988907630667,89.67838194158125,正常
生产部A,HP-30,HP-30-002,2023-01-30 11:00:00,77.98342080256887,20.80803757404833,58.69289556375286,13.097992535871057,91.74558835979514,阀门故障
液压部B,HP-30,HP-30-003,2023-01-30 11:00:00,191.0440996280476,62.31164228064419,46.52599215980474,6.536537234372301,82.12487083786606,正常
生产部A,HP-30,HP-30-001,2023-01-30 11:00:00,157.00100803084146,45.983548998295845,78.23759546378088,18.516074265898094,32.17920706666692,污染故障
液压部B,HP-30,HP-30-003,2023-01-30 12:00:00,124.42293521579523,86.15348330729609,62.22944327741229,19.417550067300095,82.7893746341431,正常
生产部A,HP-30,HP-30-002,2023-01-30 12:00:00,58.186133800458535,37.9174516272556,45.07349884688234,12.60539542564883,83.39996562560158,阀门故障
生产部A,HP-30,HP-30-001,2023-01-30 12:00:00,181.72156455345922,107.6596679098595,74.35677311470396,8.976023925579518,36.56074776499169,污染故障
液压部B,HP-30,HP-30-003,2023-01-30 13:00:00,166.8352599319312,64.81501921029793,67.43813446037639,12.701152366724822,84.31562995580411,正常
生产部A,HP-30,HP-30-002,2023-01-30 13:00:00,177.9076547002761,134.70465620781204,55.974961385483454,22.061927361941915,82.55497291653062,正常
生产部A,HP-30,HP-30-001,2023-01-30 13:00:00,162.6372906855665,63.36513164498657,79.5712661612385,9.878151606093509,10.975300871875502,污染故障
液压部B,HP-30,HP-30-003,2023-01-30 14:00:00,162.38910297886557,76.38092454513662,42.79972579628337,22.000099903871394,79.41530760763733,正常
生产部A,HP-30,HP-30-002,2023-01-30 14:00:00,153.56003282429808,48.34844356787371,37.65570899416224,15.392589522721831,86.46744086279595,正常
生产部A,HP-30,HP-30-001,2023-01-30 14:00:00,182.2081368533702,100.86573933501492,80.42428181706511,19.993567278968964,37.57311846803813,污染故障
生产部A,HP-30,HP-30-002,2023-01-30 15:00:00,193.87979281605894,146.07211107777326,36.71968345407093,20.362712001238375,80.9232190708328,正常
生产部A,HP-30,HP-30-001,2023-01-30 15:00:00,145.1670969114321,76.99856136222877,105.80434025212436,7.951672675445375,17.555575402914343,油温过高
液压部B,HP-30,HP-30-003,2023-01-30 15:00:00,145.29018888729428,118.72134423229173,34.54270407787718,7.128863528480397,81.27193388516751,正常
生产部A,HP-30,HP-30-001,2023-01-30 16:00:00,198.4328164018855,47.895818881086356,116.64061221816557,19.721588605996978,11.642058832063007,油温过高
液压部B,HP-30,HP-30-003,2023-01-30 16:00:00,187.28603800825022,117.14108697203942,55.84973762016706,17.11163163071522,87.2366044496077,正常
生产部A,HP-30,HP-30-002,2023-01-30 16:00:00,174.93793560041752,136.08443846307011,62.4608002872355,11.90705460947096,99.86236952079649,正常
生产部A,HP-30,HP-30-001,2023-01-30 17:00:00,121.8906833167389,90.29987077298595,88.70068025055862,7.506800726172749,44.39254267161661,油温过高
液压部B,HP-30,HP-30-003,2023-01-30 17:00:00,20.393224696846563,254.32468025482768,38.245844443290615,24.717282996447455,83.38820283933242,液压泄漏
生产部A,HP-30,HP-30-002,2023-01-30 17:00:00,135.8147249520628,136.81319610890876,34.745868336653785,16.240810283957227,86.89395460520691,正常
生产部A,HP-30,HP-30-001,2023-01-30 18:00:00,122.60378207337175,143.14986703812164,107.68564943198325,5.551843510832565,33.63101375273489,油温过高
液压部B,HP-30,HP-30-003,2023-01-30 18:00:00,33.127209893195555,192.2670771324633,44.69460852594743,18.97827848760755,95.88477069651186,液压泄漏
生产部A,HP-30,HP-30-002,2023-01-30 18:00:00,155.77240836169915,79.28689353295589,60.05374092502497,11.497321701499745,91.8015224281265,正常
液压部B,HP-30,HP-30-003,2023-01-30 19:00:00,22.226089401709007,266.99639273592777,50.234518517224025,17.598907549731024,83.5497107109978,液压泄漏
生产部A,HP-30,HP-30-002,2023-01-30 19:00:00,135.9818613034281,145.4469764131692,33.31929138668765,17.426215174639612,92.67992067757626,正常
生产部A,HP-30,HP-30-001,2023-01-30 19:00:00,157.63250704451045,111.59641914965079,63.35914108944881,21.671074163517293,80.88583412926188,正常
液压部B,HP-30,HP-30-003,2023-01-30 20:00:00,7.067849488527496,202.23322660464703,29.377774199760825,9.291716238289593,95.86431159917335,液压泄漏
生产部A,HP-30,HP-30-001,2023-01-30 20:00:00,179.63283347495042,96.52410772671506,59.556363325988606,15.654227603745388,92.3089469273187,正常
生产部A,HP-30,HP-30-002,2023-01-30 20:00:00,109.32837608002873,95.6721876219401,61.45690428469494,11.556294611939725,97.96408764209049,正常
液压部B,HP-30,HP-30-003,2023-01-30 21:00:00,58.090677586712076,185.4841629791442,43.05224592741663,16.3899554301443,83.95471310620357,液压泄漏
生产部A,HP-30,HP-30-001,2023-01-30 21:00:00,14.57240439283077,211.24795137903575,44.36792895775143,22.50317645928813,84.78177355396312,液压泄漏
生产部A,HP-30,HP-30-002,2023-01-30 21:00:00,155.5210611864839,77.69355081960613,60.31642949811365,23.24661890719987,80.77082369652284,正常
液压部B,HP-30,HP-30-003,2023-01-30 22:00:00,52.81315504572738,253.81558498847915,69.30704008791743,10.760517346188466,82.55690567077146,液压泄漏
生产部A,HP-30,HP-30-002,2023-01-30 22:00:00,140.08018027686765,88.29866494277147,44.504375437921475,16.962741795279584,91.72821893414435,正常
生产部A,HP-30,HP-30-001,2023-01-30 22:00:00,37.39081119848293,191.69246435753587,35.30020971773286,6.34546572075629,98.62898017715872,液压泄漏
生产部A,HP-30,HP-30-002,2023-01-30 23:00:00,128.05317049275106,96.895423741648,39.071785429843764,21.861424634115984,87.11277601698177,正常
液压部B,HP-30,HP-30-003,2023-01-30 23:00:00,27.578959845521645,237.09265020021138,66.0441634552897,24.32511842837804,98.11189277353918,液压泄漏
生产部A,HP-30,HP-30-001,2023-01-30 23:00:00,57.216919986575725,236.72021792671336,44.22382054259763,24.791706402871636,96.98077879786209,液压泄漏
生产部A,HP-30,HP-30-001,2023-01-31 00:00:00,23.185806921697406,234.99309764377375,63.97647931108225,11.914152492799994,100.0774356356375,液压泄漏
液压部B,HP-30,HP-30-003,2023-01-31 00:00:00,51.850438316449704,185.1418659201038,33.26802294737418,23.38144445754484,81.89688032778687,液压泄漏
生产部A,HP-30,HP-30-002,2023-01-31 00:00:00,190.62635029560033,117.4842598579554,46.78373446603537,15.740111071842483,94.92838748760441,正常
生产部A,HP-30,HP-30-001,2023-01-31 01:00:00,1.4057666544014547,186.6908858466429,59.06038530257046,24.016118865719363,98.14800964097384,液压泄漏
生产部A,HP-30,HP-30-002,2023-01-31 01:00:00,112.90056501576518,104.54016446159122,59.226658334775706,21.226408606567638,83.49164227013416,正常
液压部B,HP-30,HP-30-003,2023-01-31 01:00:00,116.34987835854349,87.56241570963998,38.76746649665513,8.086095608396333,82.32663698298414,正常
生产部A,HP-30,HP-30-002,2023-01-31 02:00:00,138.01911725564497,137.43095305083062,37.380107087845786,6.1363418835329755,81.26906900448024,正常
液压部B,HP-30,HP-30-003,2023-01-31 02:00:00,118.64482311126905,103.49557306288646,40.860529006809024,5.229816153647688,82.7096523148703,正常
生产部A,HP-30,HP-30-001,2023-01-31 02:00:00,170.36952734927834,102.87876193942627,63.59720798123615,19.36743192367021,82.84297118532218,正常
生产部A,HP-30,HP-30-001,2023-01-31 03:00:00,2.94700308572603,187.20570721984495,53.24354426980788,21.268020393684267,92.48607408710802,液压泄漏
生产部A,HP-30,HP-30-002,2023-01-31 03:00:00,169.77794415624754,74.28350215848118,37.294100296583096,23.595385659076577,85.86972060898817,正常
液压部B,HP-30,HP-30-003,2023-01-31 03:00:00,162.76063930379928,129.13520769747697,55.15370553627542,16.03917493489582,96.06210183053983,正常
生产部A,HP-30,HP-30-001,2023-01-31 04:00:00,16.692544258835287,225.9071401313962,64.65416106389672,8.2991024966215,95.15266347576434,液压泄漏
生产部A,HP-30,HP-30-002,2023-01-31 04:00:00,155.43125609334513,83.17364790727285,43.208852471357396,22.72281190806829,99.17512322118003,正常
液压部B,HP-30,HP-30-003,2023-01-31 04:00:00,123.37439460159858,70.2227944861088,52.484728987543384,5.419734324100763,98.05691251333737,正常
生产部A,HP-30,HP-30-002,2023-01-31 05:00:00,185.446444417503,119.81290951597373,53.55106624836218,10.362861332083078,95.82866626400698,正常
液压部B,HP-30,HP-30-003,2023-01-31 05:00:00,143.59923105484017,93.30171290539141,41.39306036459185,15.321182003217508,85.28288459482836,正常
生产部A,HP-30,HP-30-001,2023-01-31 05:00:00,48.44990196297691,194.34359203934767,32.56563746264197,20.708324320758617,80.57742222597321,液压泄漏
生产部A,HP-30,HP-30-002,2023-01-31 06:00:00,4.243532565368911,189.89130606041726,41.987764053435235,14.94965268641009,86.2927788116186,液压泄漏
生产部A,HP-30,HP-30-001,2023-01-31 06:00:00,184.69516163163505,81.09570855122551,33.73225574501982,23.517267369749675,87.59824869155374,正常
液压部B,HP-30,HP-30-003,2023-01-31 06:00:00,130.0968756756833,135.48416777632738,55.19435057671104,15.748014872301017,90.6397649172591,正常
生产部A,HP-30,HP-30-001,2023-01-31 07:00:00,118.73749046594276,110.45513199054194,34.47019575382955,22.723414900462295,97.80959490740034,正常
液压部B,HP-30,HP-30-003,2023-01-31 07:00:00,172.68154804409562,48.007333984851975,69.42971086066409,16.97516391692598,92.3571605001296,正常
生产部A,HP-30,HP-30-002,2023-01-31 07:00:00,39.70484432711081,230.46912687292814,36.16265668252255,22.35614280307561,94.97062336625875,液压泄漏
生产部A,HP-30,HP-30-001,2023-01-31 08:00:00,104.37606254428424,118.6831902207492,65.59323485063149,14.144367472656501,93.18646528433669,正常
生产部A,HP-30,HP-30-002,2023-01-31 08:00:00,29.64716850347228,215.1456996674587,56.66801444129098,6.603980545680805,97.70881425177025,液压泄漏
液压部B,HP-30,HP-30-003,2023-01-31 08:00:00,146.75574434533993,119.0889142226716,70.27226184543059,21.652988632615955,93.88470490623979,正常
生产部A,HP-30,HP-30-001,2023-01-31 09:00:00,106.49594010517157,61.11851629495764,42.6310868133782,13.414434322987502,91.95204201036927,正常
生产部A,HP-30,HP-30-002,2023-01-31 09:00:00,160.65626016192084,152.25367291114605,68.5849399212633,23.991743031790598,96.29989319759,正常
液压部B,HP-30,HP-30-003,2023-01-31 09:00:00,167.75211572769737,78.01705456465918,55.62343992172717,15.30011486291048,90.22896052824483,正常
生产部A,HP-30,HP-30-001,2023-01-31 10:00:00,160.09249297130773,85.27052540459326,56.30676142688119,10.622187986415303,99.56850620243196,正常
生产部A,HP-30,HP-30-002,2023-01-31 10:00:00,157.7900716712995,64.38732938264997,34.25757856448524,15.56600563081907,92.6873289199328,正常
液压部B,HP-30,HP-30-003,2023-01-31 10:00:00,184.2498464418531,140.85560017138144,59.35209981809669,16.599582806995773,94.3385723490735,正常
生产部A,HP-30,HP-30-002,2023-01-31 11:00:00,107.54124849231589,77.40305302049946,41.945938970098936,11.78186386234753,88.97390622821106,正常
生产部A,HP-30,HP-30-001,2023-01-31 11:00:00,148.99025713454697,103.83906125209874,32.35827993271278,13.56944583495552,88.02573976710042,正常
液压部B,HP-30,HP-30-003,2023-01-31 11:00:00,141.44633564600375,125.72150809903478,51.90570378565034,36.11339023393815,85.22153586236836,泵磨损
生产部A,HP-30,HP-30-001,2023-01-31 12:00:00,181.79949589090467,119.09270321438325,62.9071728958032,6.658503486228996,88.16538075831699,正常
液压部B,HP-30,HP-30-003,2023-01-31 12:00:00,194.2469182478244,112.96644544147686,56.860494618077546,38.088054353420766,91.79212001528265,泵磨损
生产部A,HP-30,HP-30-002,2023-01-31 12:00:00,154.79082553316957,75.02670358482929,39.871677334436754,11.594876971672194,95.37782084053867,正常
液压部B,HP-30,HP-30-003,2023-01-31 13:00:00,185.94978021041635,70.22123317215787,68.99212071243957,34.25045596835885,94.17870465325822,泵磨损
生产部A,HP-30,HP-30-002,2023-01-31 13:00:00,188.23373579184124,90.63954523634477,66.49492994487682,23.983842950504982,84.39082664957873,正常
生产部A,HP-30,HP-30-001,2023-01-31 13:00:00,199.59731315875038,103.05524671672838,41.95162592820519,13.287149279077035,89.32986654934142,正常
生产部A,HP-30,HP-30-002,2023-01-31 14:00:00,188.69420713682103,120.58738989562735,53.28160178770516,4.871642880703877,89.0644392199062,正常
生产部A,HP-30,HP-30-001,2023-01-31 14:00:00,129.92010653980364,121.79085776921517,43.73280384907318,17.955368825648243,90.58371771700628,正常
液压部B,HP-30,HP-30-003,2023-01-31 14:00:00,151.10161188601967,133.0940473446586,47.65199625047498,43.44055720513477,97.1174238060697,泵磨损
生产部A,HP-30,HP-30-001,2023-01-31 15:00:00,173.67605485451588,124.96706886184866,29.451139689303353,17.20450756571229,98.95239034977416,正常
液压部B,HP-30,HP-30-003,2023-01-31 15:00:00,185.68403849057012,92.4448283360459,58.94661210165448,31.938457931532962,92.94369380766771,泵磨损
生产部A,HP-30,HP-30-002,2023-01-31 15:00:00,78.80287230373571,38.74471247550093,46.46788492877345,13.144720596807387,83.78497572914713,阀门故障
生产部A,HP-30,HP-30-002,2023-01-31 16:00:00,76.3039979688521,26.232264501116475,39.66974151728124,21.702767879780325,89.92755681518935,阀门故障
生产部A,HP-30,HP-30-001,2023-01-31 16:00:00,134.2909095944987,56.93624732754567,54.71829520448678,22.175590744087746,85.74889611996593,正常
液压部B,HP-30,HP-30-003,2023-01-31 16:00:00,171.90191788854415,123.989188802076,54.54947136227337,35.24724997397835,98.96940835153151,泵磨损
生产部A,HP-30,HP-30-001,2023-01-31 17:00:00,199.2951563216656,57.602683524325286,54.324192330466566,16.155771921879868,89.93507952478744,正常
液压部B,HP-30,HP-30-003,2023-01-31 17:00:00,157.67633878324253,69.96976239880539,59.01926991017456,23.53811809232185,87.74113928724137,正常
生产部A,HP-30,HP-30-002,2023-01-31 17:00:00,61.87197022309081,26.470820525381164,48.8145313026328,10.386233229558625,99.49715798575764,阀门故障
生产部A,HP-30,HP-30-001,2023-01-31 18:00:00,114.3136144637124,149.85466033487646,30.03290655866718,20.447660145793368,86.8973775296648,正常
液压部B,HP-30,HP-30-003,2023-01-31 18:00:00,146.3235739614779,147.460881068648,47.55882193541313,24.19366875866727,86.20191729371783,正常
生产部A,HP-30,HP-30-002,2023-01-31 18:00:00,56.17424995717418,21.065015031782053,31.556036251812024,19.486637000467578,99.18470387200408,阀门故障
生产部A,HP-30,HP-30-002,2023-01-31 19:00:00,53.61345064535811,39.75354656868075,47.87021925239214,7.082353319008139,99.44577546679844,阀门故障
液压部B,HP-30,HP-30-003,2023-01-31 19:00:00,196.4402591731236,83.00891700213836,35.63204614675909,16.87239261424495,97.60471813502363,正常
生产部A,HP-30,HP-30-001,2023-01-31 19:00:00,125.69220645082072,135.29478930661884,52.19739073838548,8.69347411693893,82.27424013588143,正常
生产部A,HP-30,HP-30-002,2023-01-31 20:00:00,51.72812257980388,37.12649889990881,44.03609303958162,20.334076127132974,96.70723139813543,阀门故障
生产部A,HP-30,HP-30-001,2023-01-31 20:00:00,201.53465199988094,81.70449642315205,55.153779216633424,22.234557402522743,87.48291901061083,正常
生产部A,HP-30,HP-30-002,2023-01-31 21:00:00,74.1901696578867,25.458971588391766,35.62835079868964,13.746094816406606,86.32144850506855,阀门故障
生产部A,HP-30,HP-30-001,2023-01-31 21:00:00,116.05951970779893,131.9155391043061,68.6200760792187,5.432111093673104,93.71766108821095,正常
生产部A,HP-30,HP-30-002,2023-01-31 22:00:00,55.41680295794839,26.30451791056398,59.027347672132606,18.534039186107314,90.2223833558758,阀门故障
生产部A,HP-30,HP-30-001,2023-01-31 22:00:00,22.54487798585688,207.65169441727207,60.3818814825826,8.33578600802491,80.59993482882662,液压泄漏
生产部A,HP-30,HP-30-002,2023-01-31 23:00:00,141.0654225279943,70.84667651476622,32.25965698416071,18.031630141304337,91.30054131569639,正常
生产部A,HP-30,HP-30-001,2023-01-31 23:00:00,31.63911686593157,260.7029675926123,61.923146633629706,18.978412638482148,82.70328203266509,液压泄漏
生产部A,HP-30,HP-30-002,2023-02-01 00:00:00,159.2539440689487,94.64256602278708,61.18434566704431,9.482168407582073,91.20202644187714,正常
生产部A,HP-30,HP-30-001,2023-02-01 00:00:00,57.307232197942994,225.77165636013103,58.06901518454454,13.168630007849826,89.67199297995356,液压泄漏
生产部A,HP-30,HP-30-001,2023-02-01 01:00:00,49.12912108521225,261.63623314606855,45.87109723861574,21.269515072216546,93.57130740530616,液压泄漏
生产部A,HP-30,HP-30-002,2023-02-01 01:00:00,119.78636374713867,139.39064036958342,41.570607266235825,31.677395618157455,89.0512072122108,泵磨损
生产部A,HP-30,HP-30-001,2023-02-01 02:00:00,45.06716565821869,195.4895071933603,56.851424589911865,7.118230770989765,86.7036672867405,液压泄漏
生产部A,HP-30,HP-30-002,2023-02-01 02:00:00,136.34821460062759,96.63958510876604,53.53820261088682,30.349565927726005,87.0153347749973,泵磨损
生产部A,HP-30,HP-30-001,2023-02-01 03:00:00,9.580021361047642,257.5877675348761,31.328020267009443,22.036733644163277,91.1207244229944,液压泄漏
生产部A,HP-30,HP-30-002,2023-02-01 03:00:00,110.31263662248182,87.46044586055362,49.93963304971119,38.97064580901874,97.44107872834252,泵磨损
生产部A,HP-30,HP-30-002,2023-02-01 04:00:00,146.89496619507017,99.83689515873431,33.845328681694106,34.56310906257034,86.82038887643589,泵磨损
生产部A,HP-30,HP-30-001,2023-02-01 04:00:00,47.641050938829935,180.7306039243756,37.92797932252383,12.056891190734024,90.04716679518259,液压泄漏
生产部A,HP-30,HP-30-001,2023-02-01 05:00:00,178.1341496835031,78.85327885334857,45.26449270293899,23.574722682932027,84.84165596697069,正常
生产部A,HP-30,HP-30-002,2023-02-01 05:00:00,163.7592449077772,97.34157254016401,57.72865442315127,37.96215795560928,96.56179506605253,泵磨损
生产部A,HP-30,HP-30-002,2023-02-01 06:00:00,56.89918288150099,26.065883384132377,59.22900379363493,19.75549940992227,95.14262648880339,阀门故障
生产部A,HP-30,HP-30-001,2023-02-01 06:00:00,65.86406607453516,32.835253508530826,40.778496113598955,9.966962522991672,94.94718827353809,阀门故障
生产部A,HP-30,HP-30-002,2023-02-01 07:00:00,74.83568396321758,20.902533989941357,45.44162164235288,9.907647638183953,94.78052359701641,阀门故障
生产部A,HP-30,HP-30-001,2023-02-01 07:00:00,73.75344467414519,29.521573798241825,34.01673721068274,6.209980894895079,96.47526220067873,阀门故障
生产部A,HP-30,HP-30-002,2023-02-01 08:00:00,56.96431906108022,34.65185733194074,38.52087644893241,24.310392401340923,98.9125717654479,阀门故障
生产部A,HP-30,HP-30-001,2023-02-01 08:00:00,50.91460057539731,21.053962440759516,56.33285604412749,8.330113967696926,94.77208782036669,阀门故障
生产部A,HP-30,HP-30-002,2023-02-01 09:00:00,155.48266403747394,81.01057620027176,65.42505701515924,21.22070910173615,89.72411363858981,正常
生产部A,HP-30,HP-30-001,2023-02-01 09:00:00,60.449624697618475,31.32341749871745,42.15719580486881,9.041417332415532,82.64983726582041,阀门故障
生产部A,HP-30,HP-30-002,2023-02-01 10:00:00,145.6935770525515,135.62230371057268,48.627516860566935,18.717341484416735,92.23007062599167,正常
生产部A,HP-30,HP-30-001,2023-02-01 10:00:00,147.18827353460793,115.18488443390252,39.01578067870314,20.43624353965328,99.70293978923057,正常
生产部A,HP-30,HP-30-002,2023-02-01 11:00:00,165.05061501395681,75.76345233915433,61.13766427828711,24.27913827724559,79.94383864495775,正常
生产部A,HP-30,HP-30-001,2023-02-01 11:00:00,144.84576459117807,50.65359980103466,54.63231671397711,19.56270022842671,81.53766990851159,正常
生产部A,HP-30,HP-30-002,2023-02-01 12:00:00,128.5866552040738,92.76467777060599,64.09054352395407,13.859855537757449,94.66120917071719,正常
生产部A,HP-30,HP-30-001,2023-02-01 12:00:00,173.4163746027641,122.16275971542221,37.86768343442351,7.548500517212473,88.84964369996112,正常
生产部A,HP-30,HP-30-001,2023-02-01 13:00:00,78.91735648972238,21.6232853964694,66.99595761865795,8.241643060518225,84.1156442335256,阀门故障
生产部A,HP-30,HP-30-002,2023-02-01 13:00:00,105.79281867984777,127.93930381078212,68.59796004634109,41.219586056936066,95.11119553254518,泵磨损
生产部A,HP-30,HP-30-001,2023-02-01 14:00:00,62.54582470772904,27.497591604105736,62.7369015810477,21.415926522842803,82.17267983076064,阀门故障
生产部A,HP-30,HP-30-002,2023-02-01 14:00:00,187.84019201766074,58.077342501791506,30.830668133615717,42.871970534447115,95.00174330782707,泵磨损
生产部A,HP-30,HP-30-001,2023-02-01 15:00:00,66.6437992860366,36.441879320535534,62.48095397633289,20.06578322211118,91.62676750287548,阀门故障
生产部A,HP-30,HP-30-002,2023-02-01 15:00:00,163.00215652084725,63.08082955815268,55.536903930992935,39.01444472335854,96.87048199185476,泵磨损
生产部A,HP-30,HP-30-001,2023-02-01 16:00:00,77.51823844885541,22.717813963455736,65.45031762393175,20.69205544114368,81.26459583263582,阀门故障
生产部A,HP-30,HP-30-002,2023-02-01 16:00:00,192.17134873870393,65.44027214432039,35.545021224848824,38.10062372341425,82.99520331265664,泵磨损
生产部A,HP-30,HP-30-001,2023-02-01 17:00:00,145.38217149351087,54.24480419456283,48.90098449617087,20.064859848865538,96.59273695044298,正常
生产部A,HP-30,HP-30-002,2023-02-01 17:00:00,149.81940075536642,125.93837433261999,54.5081439728271,32.41130297284194,97.69620497853164,泵磨损
生产部A,HP-30,HP-30-001,2023-02-01 18:00:00,187.0552281810285,63.83556386154715,58.420962534873816,5.501753559723621,86.03282650076204,正常
生产部A,HP-30,HP-30-002,2023-02-01 18:00:00,179.7939668855365,115.79799567134103,48.529656617671755,43.18270341985754,92.07048400303265,泵磨损
生产部A,HP-30,HP-30-001,2023-02-01 19:00:00,128.47222677264094,58.517420281733244,53.37350408694425,22.114936454596357,88.09488125063584,正常
生产部A,HP-30,HP-30-002,2023-02-01 19:00:00,144.57123010848824,129.88246973894024,68.76628354488814,40.11211873590424,82.47519115322729,泵磨损
生产部A,HP-30,HP-30-002,2023-02-01 20:00:00,144.39392826797726,58.20639178070933,56.665545571519175,18.410087219537793,90.72032017028762,正常
生产部A,HP-30,HP-30-001,2023-02-01 20:00:00,186.02765856246188,66.25074302327901,65.73083976576649,11.921931612568068,81.21402416855662,正常
生产部A,HP-30,HP-30-002,2023-02-01 21:00:00,108.18985392554502,123.19403133039678,56.27957211072695,14.602829176861952,96.73035627834021,正常
生产部A,HP-30,HP-30-001,2023-02-01 21:00:00,172.13608106250535,92.77749947143487,40.51680889007739,15.580436408781253,99.20652554781665,正常
生产部A,HP-30,HP-30-001,2023-02-01 22:00:00,129.64015010768455,63.72759688188115,46.439031977711004,21.679536664347268,91.88087943804794,正常
生产部A,HP-30,HP-30-002,2023-02-01 22:00:00,106.09035593677521,70.4339020621631,44.69153921001993,9.146316124752637,95.68928454223425,正常
生产部A,HP-30,HP-30-002,2023-02-01 23:00:00,110.55119046216156,64.74361555232709,40.043112498184776,23.04198249364297,100.0759088821291,正常
生产部A,HP-30,HP-30-001,2023-02-01 23:00:00,102.90309707314775,123.44990725563888,60.41700378234524,9.936280394498464,98.05320410914665,正常
生产部A,HP-30,HP-30-002,2023-02-02 00:00:00,183.9292414417534,83.3121909915712,54.02417198133604,6.905090569427818,81.728738603022,正常
生产部A,HP-30,HP-30-001,2023-02-02 00:00:00,148.46984906968473,63.294969601768166,58.09024905907025,10.320051405162378,92.62077779119754,正常
生产部A,HP-30,HP-30-002,2023-02-02 01:00:00,192.73390080779583,74.17265181466253,68.01027812878883,10.068089824402454,87.03117100802048,正常
生产部A,HP-30,HP-30-001,2023-02-02 01:00:00,100.96465047369816,123.18693067012553,42.590401508999086,10.747680861302879,81.3034730215476,正常
生产部A,HP-30,HP-30-002,2023-02-02 02:00:00,127.22845434541017,97.93970684370466,54.27515280948289,17.45557975669933,94.16598582004558,正常
生产部A,HP-30,HP-30-001,2023-02-02 02:00:00,188.93440176456554,133.22880987004328,38.77295089199234,16.820438150999685,88.64457634433633,正常
生产部A,HP-30,HP-30-002,2023-02-02 03:00:00,115.0657961848433,60.47640843708804,54.03966072228995,22.762459434211756,90.86702617767956,正常
生产部A,HP-30,HP-30-001,2023-02-02 03:00:00,182.68331382134608,137.39887994579257,66.04299591798558,15.566032756693392,92.43388886879825,正常
生产部A,HP-30,HP-30-002,2023-02-02 04:00:00,104.69434604625208,83.7471523463974,32.85752916207827,6.05885418355394,89.66756136029726,正常
生产部A,HP-30,HP-30-001,2023-02-02 04:00:00,166.15362607701616,119.2099224542729,49.01637966904119,8.78049894944809,81.91442520025055,正常
生产部A,HP-30,HP-30-001,2023-02-02 05:00:00,45.87357754876548,214.47549300047274,33.38507816017392,10.516198901815551,88.98287860705017,液压泄漏
生产部A,HP-30,HP-30-002,2023-02-02 05:00:00,187.43050717289074,109.07493269389776,106.30151291740526,18.068697733852773,18.962364493112034,油温过高
生产部A,HP-30,HP-30-001,2023-02-02 06:00:00,28.383014773913544,237.38425900856095,38.04442188357704,21.445152166403748,81.09970696576977,液压泄漏
生产部A,HP-30,HP-30-002,2023-02-02 06:00:00,183.21141184827636,135.46687150632016,98.55043915407735,12.399203078722465,29.72200109733124,油温过高
生产部A,HP-30,HP-30-001,2023-02-02 07:00:00,38.17103159058098,201.45306093380827,49.413821564150346,21.18694335991761,97.28100283088112,液压泄漏
生产部A,HP-30,HP-30-002,2023-02-02 07:00:00,164.16256854393765,90.19427585877443,111.92062577665762,14.96106658779504,40.46778568892968,油温过高
生产部A,HP-30,HP-30-001,2023-02-02 08:00:00,54.340264279626915,237.678651956474,45.60440153599834,20.391840932043735,92.82844721617143,液压泄漏
生产部A,HP-30,HP-30-002,2023-02-02 08:00:00,172.05335907930916,100.47299170406234,36.68894928687905,16.634643896763396,84.85181651436014,正常
生产部A,HP-30,HP-30-001,2023-02-02 09:00:00,8.645669054382237,189.10785023184573,58.144963390682044,20.989690451763384,90.45890194734898,液压泄漏
生产部A,HP-30,HP-30-002,2023-02-02 09:00:00,166.32841349158775,104.2315302600445,52.03105807399927,13.078306656611076,85.76958525407305,正常
生产部A,HP-30,HP-30-002,2023-02-02 10:00:00,158.74281588780522,124.56291832232128,68.71152666441054,24.293949800197613,85.5026786434942,正常
生产部A,HP-30,HP-30-001,2023-02-02 10:00:00,22.9067997800285,256.83674858649727,52.669958487260814,12.343750388321205,93.3091083490425,液压泄漏
生产部A,HP-30,HP-30-002,2023-02-02 11:00:00,175.56995910669173,103.56581926754696,101.7129007154841,16.582417653909854,35.34297418752814,油温过高
生产部A,HP-30,HP-30-001,2023-02-02 11:00:00,44.60482120257702,249.83820625370146,39.27950249485,24.6899470226523,81.93261233790572,液压泄漏
生产部A,HP-30,HP-30-001,2023-02-02 12:00:00,160.42459935569573,125.98042897242024,68.80783151596539,9.932563902312378,98.71233130923693,正常
生产部A,HP-30,HP-30-002,2023-02-02 12:00:00,112.48386078523163,73.56023804270447,100.32252432528865,14.73501282772122,43.42210673111746,油温过高
生产部A,HP-30,HP-30-002,2023-02-02 13:00:00,149.89782800608387,145.5269450104497,123.45156654196731,21.937351219756568,19.396432758777195,油温过高
生产部A,HP-30,HP-30-001,2023-02-02 13:00:00,110.07238961083287,135.4080979003555,56.23462847653534,6.8198180207216055,97.94940093597725,正常
生产部A,HP-30,HP-30-001,2023-02-02 14:00:00,146.28606053338135,135.7656289275062,40.812917085020295,17.882950695218966,87.81556007132563,正常
生产部A,HP-30,HP-30-002,2023-02-02 14:00:00,147.58995106357116,61.3767809977607,108.49421524429879,8.754032484922964,22.431194381593457,油温过高
生产部A,HP-30,HP-30-001,2023-02-02 15:00:00,139.87699299598748,130.7101591610029,37.052190395295995,14.941659002325888,83.38079189349318,正常
生产部A,HP-30,HP-30-002,2023-02-02 15:00:00,174.54673990442348,62.1239744331288,48.182769367881384,5.977411520869748,94.24771876232269,正常
生产部A,HP-30,HP-30-002,2023-02-02 16:00:00,145.57322458075433,55.05643328815771,32.87708551471191,12.893402508632633,96.90967013476627,正常
生产部A,HP-30,HP-30-001,2023-02-02 16:00:00,168.76966413905228,83.22021496237807,42.72338403475829,38.6475518633619,91.8372570943203,泵磨损
生产部A,HP-30,HP-30-001,2023-02-02 17:00:00,184.32781274300623,134.45845955326823,57.63586054374649,32.943961844018546,91.84435139282823,泵磨损
生产部A,HP-30,HP-30-002,2023-02-02 17:00:00,118.19976059901336,137.17811070438913,60.37713376834499,14.932051351507885,92.86568913972938,正常
生产部A,HP-30,HP-30-001,2023-02-02 18:00:00,155.55840058711289,129.53234523612318,48.64749996055378,42.69208514280533,88.64758444434997,泵磨损
生产部A,HP-30,HP-30-002,2023-02-02 18:00:00,115.86468580025131,112.21992766847947,60.163187549641066,11.7632142686648,88.85154272977191,正常
生产部A,HP-30,HP-30-002,2023-02-02 19:00:00,170.81676951405194,128.1481090326798,57.80751523627626,24.235802940463735,85.41966323393218,正常
生产部A,HP-30,HP-30-001,2023-02-02 19:00:00,134.42545027347853,57.66211335259782,51.0189465843466,35.341333946965435,100.2304802918078,泵磨损
生产部A,HP-30,HP-30-002,2023-02-02 20:00:00,174.66167701263615,119.69347493005799,57.77390138699094,21.382479606937128,93.89708025909009,正常
生产部A,HP-30,HP-30-001,2023-02-02 20:00:00,190.18157801337526,130.71467146547434,69.15232485479861,43.59917425669252,83.4802037129036,泵磨损
生产部A,HP-30,HP-30-001,2023-02-02 21:00:00,190.80590270676737,138.93276476252558,43.123869351683496,24.82052480871806,85.09186601956718,正常
生产部A,HP-30,HP-30-002,2023-02-02 21:00:00,141.29463807152058,148.66404203063615,64.50072806403747,12.002682123440787,95.62276839137847,正常
生产部A,HP-30,HP-30-002,2023-02-02 22:00:00,175.6646615463522,54.23816735230461,31.475113138491977,15.023144753342503,83.38347789510449,正常
生产部A,HP-30,HP-30-001,2023-02-02 22:00:00,134.4183457537623,124.4381422002691,70.03930720282288,24.064622260704645,95.45420390423526,正常
生产部A,HP-30,HP-30-002,2023-02-02 23:00:00,133.1882305718366,56.08005584147003,39.59102582273706,17.371307852176333,86.91850127593922,正常
生产部A,HP-30,HP-30-001,2023-02-02 23:00:00,131.35021161978915,115.87188002420282,52.1224730840837,24.706647471816797,91.39152636249054,正常
生产部A,HP-30,HP-30-002,2023-02-03 00:00:00,192.11436420592372,137.55198506137074,51.02506214861915,8.12674775092728,90.13030852738916,正常
生产部A,HP-30,HP-30-001,2023-02-03 00:00:00,122.61533822547717,123.47743582570612,62.4662959385351,34.185057129876114,86.2062304333225,泵磨损
生产部A,HP-30,HP-30-002,2023-02-03 01:00:00,174.0463892563999,126.19076547586091,102.78958661680089,23.93165071056803,31.902015757565266,油温过高
生产部A,HP-30,HP-30-001,2023-02-03 01:00:00,192.63687975720268,86.25354503683151,38.21267278470566,36.524927224523125,97.623656179185,泵磨损
生产部A,HP-30,HP-30-001,2023-02-03 02:00:00,160.38363730864552,138.11829651248783,33.08745915153609,39.010595241877056,92.62075623561539,泵磨损
生产部A,HP-30,HP-30-002,2023-02-03 02:00:00,184.39512530998044,128.77148536973036,106.33195617836665,11.258505700144545,24.223496911388757,油温过高
生产部A,HP-30,HP-30-001,2023-02-03 03:00:00,190.92139009482344,102.97324870521759,44.41423877639955,14.637466604591298,80.81062811548429,正常
生产部A,HP-30,HP-30-002,2023-02-03 03:00:00,131.84626910718004,110.67448843244318,115.40536834777637,22.580882570544908,11.307402256478138,油温过高
生产部A,HP-30,HP-30-001,2023-02-03 04:00:00,143.7717917911399,66.6129479550725,65.92836293056429,20.51410450869644,80.71991028758,正常
生产部A,HP-30,HP-30-002,2023-02-03 04:00:00,138.51099567185693,84.75328770180003,121.15484407942387,8.183844130442234,5.670428649776358,油温过高
生产部A,HP-30,HP-30-002,2023-02-03 05:00:00,130.1637089705546,142.7332515703532,114.3809929340011,19.735018575085725,25.400278346573668,油温过高
生产部A,HP-30,HP-30-001,2023-02-03 05:00:00,126.49594145055384,90.26686901643556,75.62091652877719,9.557909776842719,24.12958264535416,污染故障
生产部A,HP-30,HP-30-001,2023-02-03 06:00:00,194.92334893635453,98.46711745598189,77.47222657104382,25.37527485580475,17.91348748788173,污染故障
生产部A,HP-30,HP-30-002,2023-02-03 06:00:00,165.34473352431718,53.47107354262114,113.95756741580011,19.524231772518124,22.470203202479333,油温过高
生产部A,HP-30,HP-30-001,2023-02-03 07:00:00,163.75246746505775,137.3916491479356,79.77346109714422,14.932549518437497,32.66247491225913,污染故障
生产部A,HP-30,HP-30-002,2023-02-03 07:00:00,112.4516645038019,120.8583769688566,98.65628075337368,23.61460872854286,9.04426267540807,油温过高
生产部A,HP-30,HP-30-001,2023-02-03 08:00:00,134.87801861720067,137.461165199733,79.38040120630734,18.607315874268128,33.667069215508704,污染故障
生产部A,HP-30,HP-30-002,2023-02-03 08:00:00,118.54318765964993,114.96271401026233,102.39603472123063,16.750566199904547,27.91392861284057,油温过高
生产部A,HP-30,HP-30-001,2023-02-03 09:00:00,190.70137492369838,96.76181310025625,73.8856255111362,5.068596377194808,28.670215849017737,污染故障
生产部A,HP-30,HP-30-002,2023-02-03 09:00:00,133.1855200145585,61.91206508751185,55.59113999612479,5.316120265823016,83.07595264882733,正常
生产部A,HP-30,HP-30-001,2023-02-03 10:00:00,109.84384373681027,83.80597359324257,75.76677998755228,7.082736339988045,24.571923945671294,污染故障
生产部A,HP-30,HP-30-002,2023-02-03 10:00:00,145.61577974659366,73.47075805946741,52.914500960217474,16.17590265333939,94.34262725137543,正常
生产部A,HP-30,HP-30-001,2023-02-03 11:00:00,190.69974000248257,94.62061668376104,77.38276664735797,16.454397273659477,18.848986506615798,污染故障
生产部A,HP-30,HP-30-002,2023-02-03 11:00:00,175.10614116611129,141.65102190833608,45.03889073990018,6.22184290773478,82.86599539113463,正常
生产部A,HP-30,HP-30-001,2023-02-03 12:00:00,196.16128067836962,148.7597437632306,75.27344289200921,6.113328004775727,15.428260801945902,污染故障
生产部A,HP-30,HP-30-002,2023-02-03 12:00:00,156.18378771969265,80.26378680514455,36.73862505770919,18.08334063493588,88.33725390041386,正常
生产部A,HP-30,HP-30-002,2023-02-03 13:00:00,112.6246309248193,119.26104339952457,60.12370477103496,17.373157822953914,87.6996515087662,正常
生产部A,HP-30,HP-30-001,2023-02-03 13:00:00,159.5805132099417,97.33203809028382,53.654786824545994,10.32855086893634,89.89142809717904,正常
生产部A,HP-30,HP-30-002,2023-02-03 14:00:00,117.87317255946519,94.1020603265768,69.0719476086001,23.735639384240606,97.6166471787905,正常
生产部A,HP-30,HP-30-001,2023-02-03 14:00:00,125.94369749161805,64.9257831119981,68.80583329107303,15.991608555569579,84.99744914741633,正常
生产部A,HP-30,HP-30-001,2023-02-03 15:00:00,168.31157381734405,133.20158480754898,59.75090156013238,10.151229720244626,98.55584340924173,正常
生产部A,HP-30,HP-30-002,2023-02-03 15:00:00,144.08719767462333,94.28021653861846,52.11027738545314,6.916141095481651,91.18000368782911,正常
生产部A,HP-30,HP-30-001,2023-02-03 16:00:00,119.96474760880724,99.06713039285363,46.57057674460993,7.642167941559518,98.55457120333085,正常
生产部A,HP-30,HP-30-002,2023-02-03 16:00:00,138.9911343800242,109.27081148710371,62.088390062812365,17.815323068172592,97.05101757650722,正常
生产部A,HP-30,HP-30-001,2023-02-03 17:00:00,127.28268321715163,134.9416525086802,65.04311331613744,6.0262350558175495,88.04025285257596,正常
生产部A,HP-30,HP-30-002,2023-02-03 17:00:00,154.19104045246846,116.57305815504294,79.47925612887968,14.594951748139216,37.74255970589087,污染故障
生产部A,HP-30,HP-30-002,2023-02-03 18:00:00,156.3048169144137,70.69302804604301,74.53024094409453,6.7113992022499644,35.40284179768385,污染故障
生产部A,HP-30,HP-30-001,2023-02-03 18:00:00,196.48018689936447,56.583195328739464,40.20541629505514,6.717560207073878,80.67168520096837,正常
生产部A,HP-30,HP-30-002,2023-02-03 19:00:00,150.21957615519665,136.56557981749333,78.70388507439277,11.08179810776643,14.337704999092306,污染故障
生产部A,HP-30,HP-30-001,2023-02-03 19:00:00,126.15537686956762,49.220593579307284,45.10848153608504,21.150465610476722,85.29215525025651,正常
生产部A,HP-30,HP-30-002,2023-02-03 20:00:00,124.530280559472,123.21634427275441,76.10656121443499,18.967716843719973,20.02923087692931,污染故障
生产部A,HP-30,HP-30-001,2023-02-03 20:00:00,152.9450690641585,108.22697214835662,33.046573273937,23.719737860041693,88.34893647197933,正常
生产部A,HP-30,HP-30-002,2023-02-03 21:00:00,165.4066436313643,145.9758807088772,56.431197882284586,20.93279600582184,94.9256773447883,正常
生产部A,HP-30,HP-30-001,2023-02-03 21:00:00,167.5529505440148,55.282978277288116,38.39770825503453,6.3317141790157585,92.42085409967848,正常
生产部A,HP-30,HP-30-001,2023-02-03 22:00:00,110.65413300016624,89.86829636454056,41.12310673755745,34.57184263317626,81.01509024238499,泵磨损
生产部A,HP-30,HP-30-002,2023-02-03 22:00:00,167.02113615455326,63.3126649715113,68.4272918585899,24.486514443818105,88.4522269788688,正常
生产部A,HP-30,HP-30-001,2023-02-03 23:00:00,174.7550761502322,105.71998521752494,53.22569522011815,42.28465704974142,85.16930330259231,泵磨损
生产部A,HP-30,HP-30-002,2023-02-03 23:00:00,103.06040786128838,148.2805683279941,31.977714373504945,13.002085839564623,90.24282709607128,正常
生产部A,HP-30,HP-30-001,2023-02-04 00:00:00,109.84858381585926,137.4254877727689,43.170358871585954,44.52371112724788,84.60504061986428,泵磨损
生产部A,HP-30,HP-30-002,2023-02-04 00:00:00,104.28076885101794,93.893474852926,40.5344540172193,14.284537779689051,85.98258267319356,正常
生产部A,HP-30,HP-30-001,2023-02-04 01:00:00,192.11461546639885,65.35659744390432,53.06123508242669,31.77691268470263,95.75829963755629,泵磨损
生产部A,HP-30,HP-30-002,2023-02-04 01:00:00,75.1940636206194,37.23679614173395,51.83733379721937,18.06422879478522,89.16823979502864,阀门故障
生产部A,HP-30,HP-30-002,2023-02-04 02:00:00,68.41749002340796,31.076044883920652,58.65793208390755,6.605862046336916,84.40464675727497,阀门故障
生产部A,HP-30,HP-30-001,2023-02-04 02:00:00,158.95503372815202,113.6592571261604,58.30998311342897,5.899619080637041,85.38925318631577,正常
生产部A,HP-30,HP-30-002,2023-02-04 03:00:00,79.78607000076171,32.98014370279959,59.4684553160328,12.47927536837573,84.671006681623,阀门故障
生产部A,HP-30,HP-30-001,2023-02-04 03:00:00,174.71378035327618,138.27628065402922,80.13487271514487,23.884746888628325,28.325701883072377,污染故障
生产部A,HP-30,HP-30-002,2023-02-04 04:00:00,66.2552192386762,32.118613784698596,53.51246210394272,18.23852935387039,91.87364033607382,阀门故障
生产部A,HP-30,HP-30-001,2023-02-04 04:00:00,195.06858916458356,132.88088709355372,73.70652016045145,13.295046789326838,19.402752064709684,污染故障
生产部A,HP-30,HP-30-001,2023-02-04 05:00:00,162.97388276026948,86.31798882514174,78.93771963761006,5.875684216772995,14.81300809632561,污染故障
生产部A,HP-30,HP-30-002,2023-02-04 05:00:00,66.97248980816838,37.12885896726338,54.5047186079045,7.289381472363446,91.40432864812408,阀门故障
生产部A,HP-30,HP-30-002,2023-02-04 06:00:00,197.70542737115056,142.89513123183198,62.822665652699456,13.0576830642754,95.50221575187182,正常
生产部A,HP-30,HP-30-001,2023-02-04 06:00:00,163.27666058578944,119.7291184557879,74.73172436866278,13.68471690501514,14.957220821611473,污染故障
生产部A,HP-30,HP-30-002,2023-02-04 07:00:00,140.6331586047846,96.76464324888404,105.2385536652184,14.929627749694594,35.026296368247856,油温过高
生产部A,HP-30,HP-30-001,2023-02-04 07:00:00,183.51928281247797,53.16880208574079,73.81794960286585,18.103076285974154,29.361124545258505,污染故障
生产部A,HP-30,HP-30-002,2023-02-04 08:00:00,138.49365194624173,81.74997564972568,119.04578037305482,10.841437225159028,4.070286973105111,油温过高
生产部A,HP-30,HP-30-001,2023-02-04 08:00:00,114.86827370359033,139.1245414376576,78.81561586190217,17.724158152555493,22.82728779175229,污染故障
生产部A,HP-30,HP-30-001,2023-02-04 09:00:00,193.50357273645287,113.87574117006797,78.29131960494077,4.596448957295406,23.036705231699838,污染故障
生产部A,HP-30,HP-30-002,2023-02-04 09:00:00,103.24683900157656,147.46874838229786,116.9701759557581,5.9507556559548735,43.7463582223867,油温过高
生产部A,HP-30,HP-30-001,2023-02-04 10:00:00,111.44099050691361,144.1355402076096,55.38198885648304,22.577080033346604,93.81049419559402,正常
生产部A,HP-30,HP-30-002,2023-02-04 10:00:00,171.269204698857,130.70874849392126,116.05480207686722,12.425315253722848,31.924352601721488,油温过高
生产部A,HP-30,HP-30-002,2023-02-04 11:00:00,181.9997015338367,127.50925646324947,55.549382293202925,19.29740277805717,80.7044006365626,正常
生产部A,HP-30,HP-30-001,2023-02-04 11:00:00,158.91537673959726,144.25869298092366,67.36294358937623,22.191854152793095,82.48498731860953,正常
生产部A,HP-30,HP-30-002,2023-02-04 12:00:00,131.26230979822566,76.20528362426398,45.12594595408721,15.034382864872374,100.0497175144265,正常
生产部A,HP-30,HP-30-001,2023-02-04 12:00:00,156.73269057380256,131.98108645751734,35.76452219678268,8.360321974451102,96.15893450191867,正常
生产部A,HP-30,HP-30-002,2023-02-04 13:00:00,184.3864053926176,125.85608027890078,34.997534870265675,9.571641523960194,86.46138086131621,正常
生产部A,HP-30,HP-30-001,2023-02-04 13:00:00,197.51631074291265,95.70207255693624,32.0223339056508,17.801476461805112,92.39403603096041,正常
生产部A,HP-30,HP-30-001,2023-02-04 14:00:00,38.137138206764476,186.67835237082394,59.02873402305157,10.646719695116813,86.7489472535918,液压泄漏
生产部A,HP-30,HP-30-002,2023-02-04 14:00:00,201.20790981398557,99.86318003884094,36.34408447758839,18.9318455794723,94.35116318749371,正常
生产部A,HP-30,HP-30-002,2023-02-04 15:00:00,121.35030858367234,148.99956755427303,40.120902680315396,7.576713564171792,93.65750718288827,正常
生产部A,HP-30,HP-30-001,2023-02-04 15:00:00,42.07274888531673,220.0496178536745,53.58999826568005,9.3062961266988,90.30112849129257,液压泄漏
生产部A,HP-30,HP-30-002,2023-02-04 16:00:00,117.70547919054383,150.94811323477012,34.43359949629381,14.384376845169763,80.22795946480002,正常
生产部A,HP-30,HP-30-001,2023-02-04 16:00:00,36.031314791137845,238.47101276953634,62.09239984554951,8.50401663713961,87.88074665268057,液压泄漏
生产部A,HP-30,HP-30-002,2023-02-04 17:00:00,166.70603721390796,71.64890100844434,48.59099826348792,7.2369297395119405,89.5850036062576,正常
生产部A,HP-30,HP-30-001,2023-02-04 17:00:00,31.241491371578142,180.55176462397418,29.078857447983264,17.407994059821004,86.3782484483986,液压泄漏
生产部A,HP-30,HP-30-002,2023-02-04 18:00:00,182.46715902068635,90.46353058504128,49.00634980288925,17.90534832582436,98.91262542575855,正常
生产部A,HP-30,HP-30-001,2023-02-04 18:00:00,21.473047024615408,218.6095290560216,65.08814024152996,11.299327653846486,85.44599689285232,液压泄漏
生产部A,HP-30,HP-30-001,2023-02-04 19:00:00,50.48818225267991,182.1077607804633,63.12789550012273,6.089824833123489,95.49393035071054,液压泄漏
生产部A,HP-30,HP-30-002,2023-02-04 19:00:00,165.18308172108846,147.60198749536454,53.70868287054487,25.011202967408597,98.0065070101295,正常
生产部A,HP-30,HP-30-002,2023-02-04 20:00:00,181.9629468706127,101.35237673303504,39.06821773543788,34.833604473235134,99.53978488367041,泵磨损
生产部A,HP-30,HP-30-001,2023-02-04 20:00:00,163.79520121974437,55.1708136367814,54.18289223321006,6.17839899824985,91.16927752701115,正常
生产部A,HP-30,HP-30-001,2023-02-04 21:00:00,155.5608370275661,136.5926834913714,32.82405520881573,9.477706845734145,98.92989369037409,正常
生产部A,HP-30,HP-30-002,2023-02-04 21:00:00,143.47435316198968,80.60905623917044,38.36459133427742,31.02870772625722,88.05153880310017,泵磨损
生产部A,HP-30,HP-30-001,2023-02-04 22:00:00,99.74335227976466,135.2847925635047,38.672601238898466,17.71111074510788,84.43143903603048,正常
生产部A,HP-30,HP-30-002,2023-02-04 22:00:00,142.00496009409204,59.88209444270657,44.50916468720586,43.472807300799055,89.44968334261306,泵磨损
生产部A,HP-30,HP-30-002,2023-02-04 23:00:00,168.82545878081592,136.2527012156955,63.67503842280183,34.02923781387889,84.47718467245427,泵磨损
生产部A,HP-30,HP-30-001,2023-02-04 23:00:00,48.515211724623946,251.8732158640667,64.68423603743621,22.4483809315248,86.15833857686367,液压泄漏
生产部A,HP-30,HP-30-001,2023-02-05 00:00:00,28.761139516038632,233.95565815071382,45.25582823462991,24.37633487531471,86.77391210414713,液压泄漏
生产部A,HP-30,HP-30-002,2023-02-05 00:00:00,119.76361913436212,142.88985813402297,47.1055186047972,36.67065996810228,91.31535178914037,泵磨损
生产部A,HP-30,HP-30-001,2023-02-05 01:00:00,56.0068083858088,230.9531018975294,63.22838647980519,13.646934412816517,84.67640007846906,液压泄漏
生产部A,HP-30,HP-30-002,2023-02-05 01:00:00,188.59168485877106,72.32923108733723,43.253844471652016,33.17883792548568,91.93500467461494,泵磨损
生产部A,HP-30,HP-30-002,2023-02-05 02:00:00,150.50121068103354,128.49645238305249,52.0263900661496,42.08195526618744,83.11278398015632,泵磨损
生产部A,HP-30,HP-30-001,2023-02-05 02:00:00,132.7529926159335,84.64072340645735,68.89362388643009,21.042722743583195,91.99804046681706,正常
生产部A,HP-30,HP-30-001,2023-02-05 03:00:00,159.51359400892096,90.48906248182733,70.49740587879104,10.037532655917836,87.59307224759117,正常
生产部A,HP-30,HP-30-002,2023-02-05 03:00:00,136.3447805828194,147.38085914555404,43.8645252531678,44.83712108948226,95.63699667421683,泵磨损
生产部A,HP-30,HP-30-001,2023-02-05 04:00:00,161.88565123160453,74.99441589544709,43.68215555016443,13.803128197731404,92.19999113143719,正常
生产部A,HP-30,HP-30-002,2023-02-05 04:00:00,149.8247577831325,116.32070070214736,65.13860867031302,15.371019780883442,88.1147900360188,正常
生产部A,HP-30,HP-30-002,2023-02-05 05:00:00,194.38271248423848,109.92540510058956,65.67294022513157,17.288941568677238,82.25830518173778,正常
生产部A,HP-30,HP-30-001,2023-02-05 05:00:00,68.11789648801783,39.111642677253556,47.541875935430646,17.20311759151496,90.62617269293182,阀门故障
生产部A,HP-30,HP-30-002,2023-02-05 06:00:00,132.64202446664584,134.51039491933307,35.14655409197677,5.356368365481438,93.20652063047599,正常
生产部A,HP-30,HP-30-001,2023-02-05 06:00:00,79.81536373954924,31.644556858647743,34.84620497361958,4.442997764024296,84.01540563312138,阀门故障
生产部A,HP-30,HP-30-002,2023-02-05 07:00:00,194.91720454334308,101.14918637437563,51.61783453895329,14.42082759222991,89.58545470650154,正常
生产部A,HP-30,HP-30-001,2023-02-05 07:00:00,63.00220708761553,36.54956410523381,49.168782582855314,6.847032414533662,95.99610288585258,阀门故障
生产部A,HP-30,HP-30-002,2023-02-05 08:00:00,179.11468761556355,104.45854213263617,33.50246260483441,22.693850343619864,93.35252449651264,正常
生产部A,HP-30,HP-30-001,2023-02-05 08:00:00,69.37065948749344,28.815481564776515,58.483456206637186,9.406062017694612,80.06004865693865,阀门故障
生产部A,HP-30,HP-30-001,2023-02-05 09:00:00,153.3943464168561,111.23187284426297,53.19279457726719,20.226855748039082,99.08267399871474,正常
生产部A,HP-30,HP-30-002,2023-02-05 09:00:00,184.96879536461273,90.70565378218714,68.61666470540656,8.122528982026978,94.84558391577758,正常
生产部A,HP-30,HP-30-001,2023-02-05 10:00:00,116.13511222880737,131.47411927493744,69.75157495826049,19.41383116700193,98.83058177325611,正常
生产部A,HP-30,HP-30-002,2023-02-05 10:00:00,156.98754562642566,126.68021780421115,36.308964650278035,6.380131597302631,81.84393897848888,正常
生产部A,HP-30,HP-30-001,2023-02-05 11:00:00,127.58412889850757,68.93263196947322,42.649965831228776,14.18057842621293,79.35800485449354,正常
生产部A,HP-30,HP-30-002,2023-02-05 11:00:00,108.59060085423606,81.23583193442354,50.99704863295431,14.232673310749155,92.86942264012491,正常
生产部A,HP-30,HP-30-001,2023-02-05 12:00:00,175.65816459332578,141.19453424502797,55.5062200796039,25.49725466828832,81.41595417753895,正常
生产部A,HP-30,HP-30-002,2023-02-05 12:00:00,173.1288631597357,68.72212187967821,52.73639167068202,15.863251570590172,99.2469415780456,正常
生产部A,HP-30,HP-30-001,2023-02-05 13:00:00,188.1542126994758,82.37414210225688,49.211658276904735,20.625748519241064,98.99264106766879,正常
生产部A,HP-30,HP-30-002,2023-02-05 13:00:00,113.8006972075855,57.49413450686129,44.99929404054344,11.052324752096336,96.07671396096981,正常
生产部A,HP-30,HP-30-001,2023-02-05 14:00:00,137.86159899330272,134.81817608748352,51.302558152778936,17.410783956740417,94.73193371800126,正常
生产部A,HP-30,HP-30-002,2023-02-05 14:00:00,112.08689587594759,122.64698682579046,61.45672836261032,8.295237347406768,86.86939691056665,正常
生产部A,HP-30,HP-30-001,2023-02-05 15:00:00,50.574007429422686,262.9488093605422,62.69316800813216,8.392015756292082,92.84393371313354,液压泄漏
生产部A,HP-30,HP-30-002,2023-02-05 15:00:00,120.43004378080435,128.41616868685995,97.4028598902745,11.53153879566914,41.1620453305998,油温过高
生产部A,HP-30,HP-30-001,2023-02-05 16:00:00,18.7724263253175,210.02190594032993,28.712342897559225,5.869664998562737,85.66732447899729,液压泄漏
生产部A,HP-30,HP-30-002,2023-02-05 16:00:00,109.55882467727493,119.8131137844456,122.27125624720989,21.154111425760355,6.155886019560544,油温过高
生产部A,HP-30,HP-30-001,2023-02-05 17:00:00,27.073280367739855,235.4276477506486,58.08793872737132,24.62228662430357,79.56971360885701,液压泄漏
生产部A,HP-30,HP-30-002,2023-02-05 17:00:00,115.63428288287288,100.31160420606027,122.6299398717476,11.919400381168746,27.818960004364833,油温过高
生产部A,HP-30,HP-30-001,2023-02-05 18:00:00,37.435758566758444,259.41647393042376,39.01357381612809,21.240623550668733,83.71887132603244,液压泄漏
生产部A,HP-30,HP-30-002,2023-02-05 18:00:00,178.2491389143851,104.33497056001423,92.96286294643022,15.692433431180248,43.76600384273775,油温过高
生产部A,HP-30,HP-30-001,2023-02-05 19:00:00,37.42531454528287,236.04447804686555,57.5567241574744,6.762784388313449,98.10615989955076,液压泄漏
生产部A,HP-30,HP-30-002,2023-02-05 19:00:00,51.90640400713975,183.13219487149522,36.7958954497108,5.9549420519510665,99.61396229070313,液压泄漏
生产部A,HP-30,HP-30-002,2023-02-05 20:00:00,38.40755486639885,249.3224899646168,50.38430699577952,13.633307232552013,98.90475032060418,液压泄漏
生产部A,HP-30,HP-30-001,2023-02-05 20:00:00,27.493290840477318,242.90698289328634,61.507693709802254,7.455406419558919,97.05370991320072,液压泄漏
生产部A,HP-30,HP-30-002,2023-02-05 21:00:00,29.225622834030816,213.07380168345443,33.92857221007588,21.72862036486581,89.20918925461203,液压泄漏
生产部A,HP-30,HP-30-001,2023-02-05 21:00:00,149.69200935518944,136.82443393207873,44.40112748384168,12.60583882707331,92.89885654602998,正常
生产部A,HP-30,HP-30-002,2023-02-05 22:00:00,28.087022015452025,236.94386776004976,39.01723357358408,16.86309933536291,89.52488605530466,液压泄漏
生产部A,HP-30,HP-30-001,2023-02-05 22:00:00,108.73741427461016,71.11257601082418,32.541070145175894,6.538102155066644,81.92586819762477,正常
生产部A,HP-30,HP-30-001,2023-02-05 23:00:00,189.90533154000897,122.18072788468123,36.39996323787552,22.64512394830659,80.81519108022906,正常
生产部A,HP-30,HP-30-002,2023-02-05 23:00:00,39.59834381144254,239.33489258841752,42.50941971777255,9.73404834003757,86.82028316563459,液压泄漏
生产部A,HP-30,HP-30-002,2023-02-06 00:00:00,4.753564674703766,197.03763535874828,66.0485716405618,23.106175133549375,84.83840997826897,液压泄漏
生产部A,HP-30,HP-30-001,2023-02-06 00:00:00,124.80832389493611,90.40610675355859,41.84210221877599,10.109407759733074,86.02292004980924,正常
生产部A,HP-30,HP-30-001,2023-02-06 01:00:00,172.29813141843601,93.24978817382915,68.14611662275927,15.485101767427881,98.65339442492981,正常
生产部A,HP-30,HP-30-002,2023-02-06 01:00:00,40.51608857946195,253.25840325379872,35.4937883215019,16.28856695846234,83.45470949663809,液压泄漏
生产部A,HP-30,HP-30-001,2023-02-06 02:00:00,168.99473071163143,72.56972686939693,45.39248008669596,5.95727708056267,84.56709126870604,正常
生产部A,HP-30,HP-30-002,2023-02-06 02:00:00,51.100872834510945,244.41429112510716,36.039160193805756,12.583711462216517,86.70048759186969,液压泄漏
生产部A,HP-30,HP-30-002,2023-02-06 03:00:00,176.05208155926007,94.35928241182846,40.305596580830354,11.04442615313248,81.38854577256852,正常
生产部A,HP-30,HP-30-001,2023-02-06 03:00:00,150.42234860043237,64.22908437352643,30.089177187721997,13.771044675129463,82.22098766852442,正常
生产部A,HP-30,HP-30-001,2023-02-06 04:00:00,177.5229151269828,56.740483632455025,45.48098696337002,6.700257755160971,94.43272845965717,正常
生产部A,HP-30,HP-30-002,2023-02-06 04:00:00,144.65974285159638,126.4584239269375,34.47629392294219,23.674902571846864,80.34891856653985,正常
生产部A,HP-30,HP-30-001,2023-02-06 05:00:00,130.5401971139913,111.35384154349394,59.42622935734434,10.331936763120575,91.24665593225599,正常
生产部A,HP-30,HP-30-002,2023-02-06 05:00:00,139.32816280507427,140.79007276359548,51.93092375287009,14.84266752323305,80.9606608809535,正常
生产部A,HP-30,HP-30-002,2023-02-06 06:00:00,189.49692382310096,109.33152269158745,51.52749431030484,15.983809319799404,81.2689903614761,正常
生产部A,HP-30,HP-30-001,2023-02-06 06:00:00,106.8524602094385,139.11373569140937,42.334012190512986,22.1187371997066,97.92723768111219,正常
生产部A,HP-30,HP-30-001,2023-02-06 07:00:00,103.62503007689897,88.30934160891132,36.43221603482205,15.953640410147578,91.02975083801695,正常
生产部A,HP-30,HP-30-002,2023-02-06 07:00:00,157.82228485394484,116.53819044053756,34.54323730626216,6.583798034169912,100.33163152698825,正常
生产部A,HP-30,HP-30-001,2023-02-06 08:00:00,151.74962165530542,49.20390624555611,38.412368431624756,20.852768839961403,95.07167287311104,正常
生产部A,HP-30,HP-30-002,2023-02-06 08:00:00,179.03178046743122,108.63252192602057,69.39600872467985,22.86152830682206,89.28436146540307,正常
生产部A,HP-30,HP-30-001,2023-02-06 09:00:00,160.246103140371,133.08386978986405,62.17704513295108,12.357150859067762,83.05453922698759,正常
生产部A,HP-30,HP-30-002,2023-02-06 09:00:00,124.28199028611257,117.63549149319863,56.92181359166633,6.851244949925626,87.85733020869999,正常
生产部A,HP-30,HP-30-001,2023-02-06 10:00:00,164.5929905658015,101.31086869654696,57.157641885786376,10.697190511191009,98.65720408022872,正常
生产部A,HP-30,HP-30-002,2023-02-06 10:00:00,135.83712903742494,63.311555709141764,49.51032155417674,7.951589794843167,92.65793714411193,正常
生产部A,HP-30,HP-30-001,2023-02-06 11:00:00,161.84496930478912,130.18049051137527,61.472329984997046,8.406331070644528,100.09114887609232,正常
生产部A,HP-30,HP-30-002,2023-02-06 11:00:00,122.79010644390745,116.52689173938775,65.897705902174,21.669278748608992,84.71693169784233,正常
生产部A,HP-30,HP-30-001,2023-02-06 12:00:00,111.08291781384692,96.04602906898243,58.91622701934643,6.885849560734795,88.78593087163169,正常
生产部A,HP-30,HP-30-002,2023-02-06 12:00:00,139.66379317908087,65.831219787526,63.357433355291974,19.991968209558703,96.13384403259622,正常
生产部A,HP-30,HP-30-001,2023-02-06 13:00:00,67.08943464054539,30.738794921610133,48.41233965327894,23.706466353430315,86.1215395859356,阀门故障
生产部A,HP-30,HP-30-002,2023-02-06 13:00:00,173.68458216697155,112.04150278676988,34.794698555475115,8.798714968642052,81.24259123683886,正常
生产部A,HP-30,HP-30-001,2023-02-06 14:00:00,76.84112914231243,22.43729929297926,56.310288613998374,7.072125272912288,84.66662078822303,阀门故障
生产部A,HP-30,HP-30-002,2023-02-06 14:00:00,116.6220807764707,92.3676695648979,55.08811734685831,15.08554043010517,86.41401034873253,正常
生产部A,HP-30,HP-30-002,2023-02-06 15:00:00,168.42189701272702,132.70650934315194,62.15432459512835,21.71730220265062,98.4867317281682,正常
生产部A,HP-30,HP-30-001,2023-02-06 15:00:00,66.37909012840402,27.66187895070386,55.2125030054736,21.62391860070675,84.04050707401444,阀门故障
生产部A,HP-30,HP-30-001,2023-02-06 16:00:00,78.92705435248044,25.62246185818022,66.06168114357689,11.69878170452877,92.22460136372364,阀门故障
生产部A,HP-30,HP-30-002,2023-02-06 16:00:00,195.08103756537847,122.33623755367753,68.0418112856586,13.21717640477608,99.29757820530143,正常
生产部A,HP-30,HP-30-002,2023-02-06 17:00:00,109.78140934366618,61.06565581671065,57.17081388466171,22.710486564717492,87.73252389485516,正常
生产部A,HP-30,HP-30-001,2023-02-06 17:00:00,65.22899036355803,24.39366765230792,63.97251921057339,22.813522432338388,86.91457943660632,阀门故障
生产部A,HP-30,HP-30-002,2023-02-06 18:00:00,101.85536301539496,114.49008858289733,52.90035194662413,13.281053309116823,98.33794273864225,正常
生产部A,HP-30,HP-30-001,2023-02-06 18:00:00,54.673395433850615,20.834815523429498,67.3716116850271,24.536184084527818,88.53690804041143,阀门故障
生产部A,HP-30,HP-30-002,2023-02-06 19:00:00,135.77682583436447,59.84968111390833,34.8468598798304,6.042218992749451,95.96033287732746,正常
生产部A,HP-30,HP-30-001,2023-02-06 19:00:00,70.82445740124957,35.250335625743816,34.62423248556569,21.306918815059767,88.00100425194032,阀门故障
生产部A,HP-30,HP-30-002,2023-02-06 20:00:00,154.8377842326096,68.30189314084207,53.878612962883544,7.295994901857421,93.76416146540663,正常
生产部A,HP-30,HP-30-001,2023-02-06 20:00:00,72.27336521494765,22.72878355888525,41.982089942457044,12.867564964851216,80.03610289536961,阀门故障
生产部A,HP-30,HP-30-002,2023-02-06 21:00:00,104.93617809867163,88.80476561612973,32.384290996945715,10.533912124627808,82.64550784049591,正常
生产部A,HP-30,HP-30-001,2023-02-06 21:00:00,127.84234836475545,66.58409356512456,51.79921286267249,15.889878853224063,84.74036559333048,正常
生产部A,HP-30,HP-30-001,2023-02-06 22:00:00,120.17058594185166,101.64654078196311,69.69811032631131,11.908553523352376,98.6713722866221,正常
生产部A,HP-30,HP-30-002,2023-02-06 22:00:00,163.88448636039462,71.1450211845247,41.38392372106564,12.450926332558765,87.15733208948889,正常
生产部A,HP-30,HP-30-002,2023-02-06 23:00:00,164.41533507276839,78.44697728991227,56.17600427721828,8.804831822871186,94.85004244093092,正常
生产部A,HP-30,HP-30-001,2023-02-06 23:00:00,158.93879931680917,92.82697964879347,74.50393865711763,23.929409264334563,33.765620741166956,污染故障
生产部A,HP-30,HP-30-001,2023-02-07 00:00:00,163.57726628278127,118.79790357771535,74.46180968162551,11.634188830331944,37.154007131452886,污染故障
生产部A,HP-30,HP-30-002,2023-02-07 00:00:00,61.58197098140359,30.499434304875592,36.60141464641658,12.013367147508543,91.72896681821196,阀门故障
生产部A,HP-30,HP-30-001,2023-02-07 01:00:00,153.40023568828929,119.84619606801274,74.02454189985347,17.657635423810692,34.34193729637944,污染故障
生产部A,HP-30,HP-30-002,2023-02-07 01:00:00,59.252252574029754,35.35972185930514,64.8975682598054,21.07560591987723,94.85061165615747,阀门故障
生产部A,HP-30,HP-30-002,2023-02-07 02:00:00,63.492377842418186,25.95040409136293,36.341771517529274,19.757273026932914,84.7341221914951,阀门故障
生产部A,HP-30,HP-30-001,2023-02-07 02:00:00,177.36585141029403,127.80128867393533,42.925383364023936,25.1393000271615,97.85658352945734,正常
生产部A,HP-30,HP-30-001,2023-02-07 03:00:00,132.21670794450273,84.14326960074294,41.63131259773152,9.015206087831595,86.14264183201313,正常
生产部A,HP-30,HP-30-002,2023-02-07 03:00:00,73.73126959384356,39.23673765270402,64.49150910916102,10.985684493746797,93.47304883579602,阀门故障
生产部A,HP-30,HP-30-001,2023-02-07 04:00:00,198.64833455697178,105.37683853091596,54.185826262429146,16.655903797961706,86.95107490060987,正常
生产部A,HP-30,HP-30-002,2023-02-07 04:00:00,71.95839947881856,26.828051268981426,52.93737907781913,24.489025165957564,90.051374257688,阀门故障
生产部A,HP-30,HP-30-002,2023-02-07 05:00:00,67.98547006489144,33.77744206865299,71.42867876377497,14.96673447967647,93.20086888268911,阀门故障
生产部A,HP-30,HP-30-001,2023-02-07 05:00:00,133.4229264364405,115.27243839564139,60.32792831049365,8.115917096196416,89.34665862579621,正常
生产部A,HP-30,HP-30-001,2023-02-07 06:00:00,133.1663927263194,67.15942722845578,45.71056455994442,22.847024536327535,87.13462644448498,正常
生产部A,HP-30,HP-30-002,2023-02-07 06:00:00,73.11119744010449,29.84396372267939,40.45482086772482,24.98313110309184,92.00292993271108,阀门故障
生产部A,HP-30,HP-30-001,2023-02-07 07:00:00,166.92987176083923,83.2700571529881,64.77202603370505,12.460467590460862,82.51042664929399,正常
生产部A,HP-30,HP-30-002,2023-02-07 07:00:00,200.73263589012433,126.98950483789841,77.95952643666097,11.721871996853476,29.051701188830783,污染故障
生产部A,HP-30,HP-30-002,2023-02-07 08:00:00,171.00783130774698,123.84430863851979,80.16661126337665,21.006483656523137,25.558040407692722,污染故障
生产部A,HP-30,HP-30-001,2023-02-07 08:00:00,110.16605459394478,104.26272792869364,66.05846691418621,21.904795125498914,81.34607165227611,正常
生产部A,HP-30,HP-30-002,2023-02-07 09:00:00,117.60062954459791,126.3132674216538,76.3204405024849,6.3796879579741095,20.981630865069643,污染故障
生产部A,HP-30,HP-30-001,2023-02-07 09:00:00,181.87028550895826,58.20488662062407,39.56967277014333,14.456574868973112,83.69205175998728,正常
生产部A,HP-30,HP-30-002,2023-02-07 10:00:00,185.37063858004416,109.94909691213844,74.92513692666829,10.948081567938411,30.705509761349212,污染故障
生产部A,HP-30,HP-30-001,2023-02-07 10:00:00,178.9414866733887,134.2153674847369,34.461138805389425,18.921018902120473,92.09957875100348,正常
生产部A,HP-30,HP-30-002,2023-02-07 11:00:00,136.75822024370274,138.74465910297573,76.40706313789329,7.486047264805721,14.310571405099685,污染故障
生产部A,HP-30,HP-30-001,2023-02-07 11:00:00,175.62798680608864,75.30857118453271,69.67342786076208,21.541513364563624,87.25431293500547,正常
生产部A,HP-30,HP-30-002,2023-02-07 12:00:00,159.18418177474334,47.83990923810508,47.2112563808683,17.923356726432576,88.82743936241145,正常
生产部A,HP-30,HP-30-001,2023-02-07 12:00:00,116.99497975818494,130.04449504047753,50.81600899277335,22.59537543917333,83.84310953051917,正常
生产部A,HP-30,HP-30-002,2023-02-07 13:00:00,145.04970909234234,90.56207031324746,43.63878947217823,7.986282416674232,93.89078485835351,正常
生产部A,HP-30,HP-30-001,2023-02-07 13:00:00,196.20891453411562,103.76839788714578,42.258727772583526,17.042155273859457,91.08444179349947,正常
生产部A,HP-30,HP-30-002,2023-02-07 14:00:00,110.05302003864693,124.48689146918663,30.19594422085873,19.250894884953908,85.04167987321826,正常
生产部A,HP-30,HP-30-001,2023-02-07 14:00:00,183.68404403155265,83.81181988000617,52.692198240931674,17.610827697178877,80.2862177943474,正常
生产部A,HP-30,HP-30-001,2023-02-07 15:00:00,96.53892352217669,55.022850374498304,37.57513016224942,12.096035690698336,98.55245967285443,正常
生产部A,HP-30,HP-30-002,2023-02-07 15:00:00,118.5048296565991,86.04407845020489,45.74356208127752,9.036315933000143,82.27197138914632,正常
生产部A,HP-30,HP-30-002,2023-02-07 16:00:00,117.23576434416269,121.8130270084232,40.51726849887329,15.299143182967626,86.73263380695602,正常
生产部A,HP-30,HP-30-001,2023-02-07 16:00:00,196.34449096456842,63.261835028773376,60.9584686221285,24.036381943826285,92.92196775352228,正常
生产部A,HP-30,HP-30-001,2023-02-07 17:00:00,188.88261560924786,101.29171472514629,63.49637860909499,21.61361333045567,88.45378334865093,正常
生产部A,HP-30,HP-30-002,2023-02-07 17:00:00,170.79468979905937,76.04941776514696,49.57475347307593,7.306492458681114,96.2311112262088,正常
生产部A,HP-30,HP-30-001,2023-02-07 18:00:00,188.99623262496561,54.30425315589159,67.93969811735214,19.897046658335107,90.00831752781103,正常
生产部A,HP-30,HP-30-002,2023-02-07 18:00:00,116.63501324970522,137.85144656974043,51.490140392714466,5.599641289022782,97.80048536625435,正常
生产部A,HP-30,HP-30-001,2023-02-07 19:00:00,137.77533055416347,55.066089432041466,61.45023470187082,13.628607006775677,94.10199648263166,正常
生产部A,HP-30,HP-30-002,2023-02-07 19:00:00,163.75541897165226,130.3336392397984,57.8745589404716,22.963109128451265,100.42211869114487,正常
生产部A,HP-30,HP-30-001,2023-02-07 20:00:00,114.67592563571098,82.06793685359527,101.04139608733777,18.9596033703083,43.885985847662454,油温过高
生产部A,HP-30,HP-30-002,2023-02-07 20:00:00,181.42871525263286,93.07097833307431,55.91988892718641,37.214111589492944,89.58826932020763,泵磨损
生产部A,HP-30,HP-30-002,2023-02-07 21:00:00,114.16363235148597,81.0489337585365,52.78473995662277,31.63161785310405,83.60496380661449,泵磨损
生产部A,HP-30,HP-30-001,2023-02-07 21:00:00,175.80645985567432,77.43940568369361,125.34398571893547,18.74576678676469,0.16553199729057155,油温过高
生产部A,HP-30,HP-30-001,2023-02-07 22:00:00,168.08345918297934,66.02035469320819,94.53339261256937,11.129107727797932,47.40780495860878,油温过高
生产部A,HP-30,HP-30-002,2023-02-07 22:00:00,173.87827630494058,147.64745270471496,69.31410359396777,42.630758255059455,90.4128585763554,泵磨损
生产部A,HP-30,HP-30-001,2023-02-07 23:00:00,129.3893833283037,130.12949222364557,108.61315343873638,13.392271129056148,9.317698193278433,油温过高
生产部A,HP-30,HP-30-002,2023-02-07 23:00:00,114.25724338756692,123.31986169942917,56.636733857388016,12.140676268745658,94.93285906472217,正常
生产部A,HP-30,HP-30-001,2023-02-08 00:00:00,188.56695730999678,120.45769273725622,75.08424647957727,14.96226582675563,24.747418829594245,污染故障
生产部A,HP-30,HP-30-002,2023-02-08 00:00:00,111.9208867096717,88.24525159547166,31.77471802326597,16.500739073234936,84.83337304168865,正常
生产部A,HP-30,HP-30-002,2023-02-08 01:00:00,163.5969615140078,99.28793612226661,30.922555370086467,21.764000599888288,95.202635860319,正常
生产部A,HP-30,HP-30-001,2023-02-08 01:00:00,155.45682309192802,53.24055596165492,74.28502647873415,19.394510441837635,21.27482697884968,污染故障
生产部A,HP-30,HP-30-001,2023-02-08 02:00:00,106.6611494894763,103.60656833531179,78.47645570339017,20.629695663534868,18.215968901452904,污染故障
生产部A,HP-30,HP-30-002,2023-02-08 02:00:00,190.27830137854042,114.71736156235414,47.94309481525103,25.4102552194629,90.74428975321946,正常
生产部A,HP-30,HP-30-001,2023-02-08 03:00:00,128.74547129318609,94.8217911136015,60.6888333013513,19.730340814722975,87.5834964333663,正常
生产部A,HP-30,HP-30-002,2023-02-08 03:00:00,152.47979500398694,93.85912462583818,40.466167854469845,7.766130107175424,90.8430280802615,正常
生产部A,HP-30,HP-30-001,2023-02-08 04:00:00,139.96651422775173,91.02567962030018,69.01274262710146,7.079950950835256,84.57286787008506,正常
生产部A,HP-30,HP-30-002,2023-02-08 04:00:00,56.13400698792149,31.75127594290759,37.390610414107705,5.123539516513227,90.92859296880312,阀门故障
生产部A,HP-30,HP-30-001,2023-02-08 05:00:00,159.792757049068,114.7812099226085,33.72618965493803,18.395556819329627,81.67934598508378,正常
生产部A,HP-30,HP-30-002,2023-02-08 05:00:00,52.53239795122806,22.796946779301965,34.668933533519464,7.331587086649998,85.24622278431318,阀门故障
生产部A,HP-30,HP-30-001,2023-02-08 06:00:00,115.97104178848876,61.617383090706824,51.02714575502693,7.753484924362136,82.91191723876375,正常
生产部A,HP-30,HP-30-002,2023-02-08 06:00:00,54.62610924111873,22.916157632449053,42.46878587232616,12.37160038491283,95.88670855933246,阀门故障
生产部A,HP-30,HP-30-001,2023-02-08 07:00:00,166.52439648454217,104.98191975201574,67.52830213511193,20.33889251724292,96.0268089563093,正常
生产部A,HP-30,HP-30-002,2023-02-08 07:00:00,78.10339237860248,36.22595022766926,49.236799390957756,7.22226161570522,96.23776568190364,阀门故障
生产部A,HP-30,HP-30-001,2023-02-08 08:00:00,133.5647880242982,85.17972620803333,35.11428609830792,23.75654509418375,90.82873713887571,正常
生产部A,HP-30,HP-30-002,2023-02-08 08:00:00,59.100453219117924,38.58508435456618,47.37498047019197,9.332478024271566,93.62470965413276,阀门故障
生产部A,HP-30,HP-30-002,2023-02-08 09:00:00,56.109099274199316,27.948022745751956,53.95272407349203,14.701825147003333,98.84983650749578,阀门故障
生产部A,HP-30,HP-30-001,2023-02-08 09:00:00,164.49195551920903,54.598763314148535,40.94546152611233,17.648672858487412,81.67857017107981,正常
生产部A,HP-30,HP-30-002,2023-02-08 10:00:00,181.61688976249476,80.7615117107248,31.140815660625815,17.84428727706286,82.48541370313535,正常
生产部A,HP-30,HP-30-001,2023-02-08 10:00:00,121.64623032064996,113.76574789755655,38.026914341428885,20.95784390610205,86.21791113938286,正常
生产部A,HP-30,HP-30-001,2023-02-08 11:00:00,141.28657609805452,70.41618128060745,55.963850121732655,18.015271859114623,89.49176833974336,正常
生产部A,HP-30,HP-30-002,2023-02-08 11:00:00,125.94755142657951,75.8055615034127,37.9974603003614,23.98700003141962,84.46046517155729,正常
生产部A,HP-30,HP-30-001,2023-02-08 12:00:00,130.7665419471816,129.10940601578926,88.65357799532225,24.964014692096814,41.67666835936971,油温过高
生产部A,HP-30,HP-30-002,2023-02-08 12:00:00,118.7882630784434,104.53709965952925,46.628569517611766,8.208626255293769,98.67718411606675,正常
生产部A,HP-30,HP-30-001,2023-02-08 13:00:00,128.93230682583746,136.47759358935258,122.0566259253199,18.73449987114014,0.22398053793432027,油温过高
生产部A,HP-30,HP-30-002,2023-02-08 13:00:00,153.1977377994095,118.59983804725749,48.717744938877196,8.108332403503113,93.15152646747406,正常
生产部A,HP-30,HP-30-002,2023-02-08 14:00:00,109.2197853138607,123.9549212694789,65.53881299044386,6.831721641396888,88.88367836672055,正常
生产部A,HP-30,HP-30-001,2023-02-08 14:00:00,112.36345416206308,110.35708653236584,99.54536619378948,7.953567535983524,43.55263816169124,油温过高
生产部A,HP-30,HP-30-002,2023-02-08 15:00:00,156.2125695229754,129.63336549025306,48.841191388861944,23.039456754755573,84.92744873270392,正常
生产部A,HP-30,HP-30-001,2023-02-08 15:00:00,161.70785517119447,73.47972228071552,100.40565485191681,16.909646137626044,30.70138626077349,油温过高
生产部A,HP-30,HP-30-002,2023-02-08 16:00:00,130.79792878979978,57.75068300120652,56.31971442299996,12.811774374785267,96.38801440851424,正常
生产部A,HP-30,HP-30-001,2023-02-08 16:00:00,192.48911665186162,150.10563769662778,113.76121660615836,9.190218869118876,47.77333145123845,油温过高
生产部A,HP-30,HP-30-002,2023-02-08 17:00:00,152.06053365489123,111.85393971424185,46.57916839950425,4.340845596716976,91.78813464390998,正常
生产部A,HP-30,HP-30-001,2023-02-08 17:00:00,97.18252882883077,73.26916303165017,99.2677403588838,15.439306329812332,26.752701386717156,油温过高
生产部A,HP-30,HP-30-002,2023-02-08 18:00:00,197.804849552067,95.87365480432474,57.70426562616911,13.401142089817816,98.1795010377841,正常
生产部A,HP-30,HP-30-001,2023-02-08 18:00:00,102.43258828562574,54.79403296510781,101.72437942278464,10.366897600270196,43.603071411856604,油温过高
生产部A,HP-30,HP-30-001,2023-02-08 19:00:00,138.20526572338258,107.55748240675587,113.00415013513361,5.090904718553202,32.00862499914907,油温过高
生产部A,HP-30,HP-30-002,2023-02-08 19:00:00,192.40367883069592,88.74781860007558,53.45916097454915,18.7831195767891,99.55323442145497,正常
生产部A,HP-30,HP-30-002,2023-02-08 20:00:00,145.20028143583374,138.35873535695666,39.11128550440418,16.50398450393741,87.4682354278045,正常
生产部A,HP-30,HP-30-001,2023-02-08 20:00:00,187.20050590553637,73.63238548815256,43.338030257834234,21.627174353292165,80.4333322292294,正常
生产部A,HP-30,HP-30-002,2023-02-08 21:00:00,134.03837239016337,107.69860939451509,36.67480909743628,11.323112353398933,82.90559087594433,正常
生产部A,HP-30,HP-30-001,2023-02-08 21:00:00,111.16978425809576,60.75161075014897,50.07228691473857,23.96565885697637,80.17830333804238,正常
生产部A,HP-30,HP-30-001,2023-02-08 22:00:00,127.37153890193444,62.2001048366914,50.52578303075571,23.96855805202742,80.96673618386262,正常
生产部A,HP-30,HP-30-002,2023-02-08 22:00:00,161.39115917446188,125.3455699595891,54.854387928663044,20.717401664132385,84.34554397596577,正常
生产部A,HP-30,HP-30-002,2023-02-08 23:00:00,139.94661536810028,118.0034198336653,37.29486817090108,17.112031128328606,83.79694739772488,正常
生产部A,HP-30,HP-30-001,2023-02-08 23:00:00,160.3158743461723,140.32969069415464,71.17247258887296,15.714471876041586,89.0449258085785,正常
生产部A,HP-30,HP-30-002,2023-02-09 00:00:00,126.02758068816972,88.00822441882286,36.27387906621816,21.089358864074875,95.74239314392196,正常
生产部A,HP-30,HP-30-001,2023-02-09 00:00:00,132.67632756194888,119.64454293176725,36.13745007953125,4.561957736744164,97.5672929633048,正常
生产部A,HP-30,HP-30-002,2023-02-09 01:00:00,158.78166907834316,63.468874216551825,59.27892354551803,4.72187707921311,95.21085116959632,正常
生产部A,HP-30,HP-30-001,2023-02-09 01:00:00,122.20152256950684,147.74315997945178,50.424826725395675,17.161693697186102,95.53282457429056,正常
生产部A,HP-30,HP-30-001,2023-02-09 02:00:00,180.15422591864873,59.62115780669497,38.611892171826334,6.994747143893525,99.43743946522382,正常
生产部A,HP-30,HP-30-002,2023-02-09 02:00:00,156.78738796141477,99.76116323301565,41.38490932684103,11.142950508882347,87.79264050557455,正常
生产部A,HP-30,HP-30-001,2023-02-09 03:00:00,181.674727260911,117.71649455827865,50.1753742765135,24.00227530810443,81.13251597477402,正常
生产部A,HP-30,HP-30-002,2023-02-09 03:00:00,148.36940404901932,103.95260669612613,49.82591346562581,15.47016582259026,95.39593634728176,正常
生产部A,HP-30,HP-30-002,2023-02-09 04:00:00,181.80057380884597,48.86124661266026,37.1136066213466,15.098720639041586,86.17817348465422,正常
生产部A,HP-30,HP-30-001,2023-02-09 04:00:00,198.0359036560883,66.49648059949605,63.750884487619665,24.43748099989844,92.5458993320183,正常
生产部A,HP-30,HP-30-002,2023-02-09 05:00:00,164.87541609523012,139.49400255954765,65.78406114759302,6.796979003211736,97.09177982096655,正常
生产部A,HP-30,HP-30-001,2023-02-09 05:00:00,149.89108067897124,123.16337273268245,46.757756091982145,5.344520665521699,92.8675824263828,正常
生产部A,HP-30,HP-30-001,2023-02-09 06:00:00,116.20951883689959,123.10973082420632,60.91259416167305,15.889375990787707,87.9598082383294,正常
生产部A,HP-30,HP-30-002,2023-02-09 06:00:00,125.23408290524506,72.94292184354343,32.71776508341361,23.856693708793454,93.00551404886275,正常
生产部A,HP-30,HP-30-002,2023-02-09 07:00:00,189.11778144660235,125.3297568214401,30.362505362055547,11.314778867660756,86.17591038679785,正常
生产部A,HP-30,HP-30-001,2023-02-09 07:00:00,169.90284959584673,86.15702093558768,47.79173812984265,14.464191969498977,81.9663451349298,正常
生产部A,HP-30,HP-30-002,2023-02-09 08:00:00,134.8526324162643,101.49017392108546,39.362577873070414,41.1372745985483,98.51490056739472,泵磨损
生产部A,HP-30,HP-30-001,2023-02-09 08:00:00,75.61899360801327,26.652107915656973,43.46267545787664,14.484662413076542,92.75880006604203,阀门故障
生产部A,HP-30,HP-30-001,2023-02-09 09:00:00,53.872869868143496,28.965169420382235,43.940523379344164,5.611253789774566,87.1467939252661,阀门故障
生产部A,HP-30,HP-30-002,2023-02-09 09:00:00,188.53211676759616,92.17292206166015,39.25499803502142,36.10424139164414,80.77240972086479,泵磨损
生产部A,HP-30,HP-30-001,2023-02-09 10:00:00,67.22996436141753,37.656737266094915,36.594833917696356,23.646933215060635,85.82915618328336,阀门故障
生产部A,HP-30,HP-30-002,2023-02-09 10:00:00,136.84265724257423,52.80529669890767,62.225674588141125,39.57481213363741,95.73736854615014,泵磨损
生产部A,HP-30,HP-30-002,2023-02-09 11:00:00,188.43777875833382,148.73685963350945,68.72298351059307,39.91418315467728,96.57282741788393,泵磨损
生产部A,HP-30,HP-30-001,2023-02-09 11:00:00,71.73615190647857,33.9986736588829,43.6087744875271,14.06641203400299,86.59548300675753,阀门故障
生产部A,HP-30,HP-30-002,2023-02-09 12:00:00,161.8261308233503,129.97440400505727,67.66660334372486,37.40190767491854,97.4801022379615,泵磨损
生产部A,HP-30,HP-30-001,2023-02-09 12:00:00,96.82037373888643,84.83859475195881,53.14948571984884,6.484231522606208,86.15719503052992,正常
生产部A,HP-30,HP-30-002,2023-02-09 13:00:00,138.45347343664628,129.52005103648494,56.38739870538892,5.513779711170489,96.14056637335706,正常
生产部A,HP-30,HP-30-001,2023-02-09 13:00:00,162.8721341865331,110.33652368712146,64.28824636171582,6.657722356779001,89.35588046522815,正常
生产部A,HP-30,HP-30-001,2023-02-09 14:00:00,126.1911139385278,63.96439397385024,71.72504129682869,7.274506271123005,100.2726608888316,正常
生产部A,HP-30,HP-30-002,2023-02-09 14:00:00,183.0978452999318,122.13097948337915,32.977950856884426,17.545323742358853,85.8618312097756,正常
生产部A,HP-30,HP-30-002,2023-02-09 15:00:00,169.7060533778741,131.78084713178802,55.745737751123656,12.376015364367372,86.5396391624715,正常
生产部A,HP-30,HP-30-001,2023-02-09 15:00:00,185.5493775865537,82.85220761228726,59.292919656845314,14.552049023258672,87.4287615485582,正常
生产部A,HP-30,HP-30-001,2023-02-09 16:00:00,155.62778130152049,140.66988745103237,57.097611584237114,16.451777359540404,82.97561266559615,正常
生产部A,HP-30,HP-30-002,2023-02-09 16:00:00,98.25793047596649,79.43956971692725,44.08110064375892,11.512286795446025,85.46406200215898,正常
生产部A,HP-30,HP-30-002,2023-02-09 17:00:00,190.67203418944584,107.5421261337435,76.92777833272208,22.89519508419747,22.82850441558437,污染故障
生产部A,HP-30,HP-30-001,2023-02-09 17:00:00,179.8863700003577,56.21771356089086,43.58396608095839,24.148973097578036,98.81493238611355,正常
生产部A,HP-30,HP-30-001,2023-02-09 18:00:00,165.58874199089564,60.279341618183906,77.1418553182833,18.992108340292518,27.09719758799209,污染故障
生产部A,HP-30,HP-30-002,2023-02-09 18:00:00,155.05609223612413,125.15962374659432,74.56971234627723,15.679046519520298,36.00109953038576,污染故障
生产部A,HP-30,HP-30-002,2023-02-09 19:00:00,181.1739615531663,123.54880349142576,75.4457719281569,17.479492441458163,20.293413304298095,污染故障
生产部A,HP-30,HP-30-001,2023-02-09 19:00:00,128.33360975291586,118.25762664477902,74.37180227993545,22.88324081057525,10.902250983915348,污染故障
生产部A,HP-30,HP-30-001,2023-02-09 20:00:00,143.74632400045314,57.07058508262901,79.33256156207058,24.127218387820083,13.896690405656287,污染故障
生产部A,HP-30,HP-30-002,2023-02-09 20:00:00,152.1077629707609,142.57168733801984,77.21499831075513,5.000867145462291,21.196259493227323,污染故障
生产部A,HP-30,HP-30-001,2023-02-09 21:00:00,164.5633192163813,135.25417230429852,53.77718994358551,22.772909569573628,90.49670405855802,正常
生产部A,HP-30,HP-30-002,2023-02-09 21:00:00,136.49268398621007,99.32024615407713,76.02943472516279,18.267492846877524,21.929553654390492,污染故障
生产部A,HP-30,HP-30-002,2023-02-09 22:00:00,193.06006447270494,126.41281171801461,76.97244743823575,12.995461140930342,30.827443008993367,污染故障
生产部A,HP-30,HP-30-001,2023-02-09 22:00:00,99.3110391680537,56.03495981249288,47.76583220261423,23.542756319449364,96.6104118049015,正常
生产部A,HP-30,HP-30-001,2023-02-09 23:00:00,128.00382607454196,103.82125586825077,30.873019630617932,14.381630497332447,100.59804709108445,正常
生产部A,HP-30,HP-30-002,2023-02-09 23:00:00,102.41708741314261,111.47440351060345,52.729397339195984,18.23867017325142,87.6716192018091,正常
生产部A,HP-30,HP-30-001,2023-02-10 00:00:00,115.66251014362882,67.31717662644077,69.44660956440555,17.327660767563447,98.58424731546505,正常
生产部A,HP-30,HP-30-002,2023-02-10 00:00:00,165.43422771641744,87.37042700376182,66.87327763697878,16.808612521281116,95.42944637386583,正常
生产部A,HP-30,HP-30-001,2023-02-10 01:00:00,122.51065893112008,148.45072346651096,55.93010400653492,13.645920104102874,81.62101353355537,正常
生产部A,HP-30,HP-30-002,2023-02-10 01:00:00,178.0647975110359,128.8570832460658,80.46521884102704,15.89075816264748,13.169439251901995,污染故障
生产部A,HP-30,HP-30-001,2023-02-10 02:00:00,174.5139715959652,71.83142467298447,58.10309598315462,8.751913831306227,88.77757506501197,正常
生产部A,HP-30,HP-30-002,2023-02-10 02:00:00,188.62149982628495,128.74545747136463,73.65684197668769,19.71523246110958,23.574367047766515,污染故障
生产部A,HP-30,HP-30-002,2023-02-10 03:00:00,186.8318313175823,77.42572510854642,79.49717569445343,7.561291327737168,14.262187232779018,污染故障
生产部A,HP-30,HP-30-001,2023-02-10 03:00:00,153.34598632172853,136.74788292444637,52.68438156332975,15.312921990016042,98.50448298407429,正常
生产部A,HP-30,HP-30-002,2023-02-10 04:00:00,159.82435173030228,62.09562953604518,79.86560000392132,24.226777655944662,19.618092700358524,污染故障
生产部A,HP-30,HP-30-001,2023-02-10 04:00:00,187.35277721281832,72.19407092338797,30.931018708673978,21.907511234369316,98.366580134982,正常
生产部A,HP-30,HP-30-002,2023-02-10 05:00:00,148.67634941308359,147.965319139808,76.15373757973961,5.224502684725341,26.925401869308292,污染故障
生产部A,HP-30,HP-30-001,2023-02-10 05:00:00,61.91985009930065,25.901671099649334,37.23492373120031,13.27239467506154,97.30837580078394,阀门故障
生产部A,HP-30,HP-30-002,2023-02-10 06:00:00,157.33692376598833,143.9515784145615,74.28919433566202,15.932271710331236,31.843740340114348,污染故障
生产部A,HP-30,HP-30-001,2023-02-10 06:00:00,51.98800182376333,35.69941641128351,40.029770307459316,10.983890399506206,88.83594213236105,阀门故障
生产部A,HP-30,HP-30-002,2023-02-10 07:00:00,159.89822466794277,52.35076177393153,54.292384041851605,7.042144635281968,87.69084006961387,正常
生产部A,HP-30,HP-30-001,2023-02-10 07:00:00,55.034981041237636,33.27777555851886,60.13174121148857,24.81769000827573,95.69059044278978,阀门故障
生产部A,HP-30,HP-30-001,2023-02-10 08:00:00,58.565375961234004,31.80374768138433,58.484076568638116,11.596142222683413,88.99725268973545,阀门故障
生产部A,HP-30,HP-30-002,2023-02-10 08:00:00,189.73979014843772,73.20397018556963,59.35435895007561,14.940690115279176,80.03715327762504,正常
生产部A,HP-30,HP-30-002,2023-02-10 09:00:00,99.64578840705173,66.87065855752883,40.80961297515841,14.506673598988282,82.07644309309099,正常
生产部A,HP-30,HP-30-001,2023-02-10 09:00:00,76.1593678983163,39.098715537171145,59.98454327922886,9.334100136127221,91.08671206462468,阀门故障
生产部A,HP-30,HP-30-002,2023-02-10 10:00:00,121.57611942378522,58.04774359928159,47.027848281189506,16.327494209483778,91.97931622347032,正常
生产部A,HP-30,HP-30-001,2023-02-10 10:00:00,62.47154221979444,34.86959204514817,32.7680981969508,15.186425348139204,82.3496898450808,阀门故障
生产部A,HP-30,HP-30-002,2023-02-10 11:00:00,139.31845613476628,55.67218934657825,66.65089070805242,22.99437428358674,81.78368457183124,正常
生产部A,HP-30,HP-30-001,2023-02-10 11:00:00,155.33428964715225,57.637169526713606,69.29277647177007,20.732494055195776,79.69799025840636,正常
生产部A,HP-30,HP-30-002,2023-02-10 12:00:00,73.87570191852643,25.007345954335992,60.21521288782995,20.73803825620927,93.25533314139788,阀门故障
生产部A,HP-30,HP-30-001,2023-02-10 12:00:00,142.91811151904693,138.1248267650255,42.42644523348818,22.906357382367137,81.39681070005588,正常
生产部A,HP-30,HP-30-002,2023-02-10 13:00:00,55.38301710865517,20.487518277490622,54.576794745914896,21.540069440513147,91.2004912725119,阀门故障
生产部A,HP-30,HP-30-001,2023-02-10 13:00:00,187.01298435600972,72.22575758723725,39.493219194866114,22.897705540156966,80.7108633638401,正常
生产部A,HP-30,HP-30-002,2023-02-10 14:00:00,53.18609326643585,26.819188064264658,52.42218000697664,7.134681046676606,89.80662157791573,阀门故障
生产部A,HP-30,HP-30-001,2023-02-10 14:00:00,139.3175738404861,111.03787582990505,65.70227105809742,22.240935363797906,99.40300872747187,正常
生产部A,HP-30,HP-30-001,2023-02-10 15:00:00,111.41565413409545,97.59964335421256,41.003891183664315,14.81656351971922,94.73856950472235,正常
生产部A,HP-30,HP-30-002,2023-02-10 15:00:00,62.853479690860155,24.239690450005593,65.65281541407235,5.73590637296486,84.03345652760292,阀门故障
生产部A,HP-30,HP-30-001,2023-02-10 16:00:00,150.85830178149263,62.6479511630553,52.809702055369925,19.60005082776708,94.74070549093398,正常
生产部A,HP-30,HP-30-002,2023-02-10 16:00:00,74.4123479741813,32.71097101042645,40.00742807336733,5.654164705140203,97.71896867887615,阀门故障
生产部A,HP-30,HP-30-002,2023-02-10 17:00:00,51.417295251329875,34.29269415620418,55.967628523470836,9.46904208606792,91.58215706337684,阀门故障
生产部A,HP-30,HP-30-001,2023-02-10 17:00:00,131.0091200372675,54.012718295853965,34.06868626808601,21.499785071494472,91.5952760363814,正常
生产部A,HP-30,HP-30-002,2023-02-10 18:00:00,73.2483734044632,26.946164060469215,35.688319857734214,8.445812594613733,98.41306528367723,阀门故障
生产部A,HP-30,HP-30-001,2023-02-10 18:00:00,178.88234784195257,75.51414000399072,104.01158261574335,13.406643774843658,42.693785730599444,油温过高
生产部A,HP-30,HP-30-001,2023-02-10 19:00:00,187.59110050665714,86.10252890132293,123.8376002224425,21.868343618738177,6.66814998128423,油温过高
生产部A,HP-30,HP-30-002,2023-02-10 19:00:00,66.17962648453478,26.953879473949396,58.47703395142813,22.997175274806114,94.2390416186527,阀门故障
生产部A,HP-30,HP-30-001,2023-02-10 20:00:00,144.42088355112475,69.40098047751178,108.44393848330647,9.182601284139379,35.97247354735158,油温过高
生产部A,HP-30,HP-30-002,2023-02-10 20:00:00,58.979046443618,33.73565819409271,68.25528931617701,22.83618808035712,97.05291100383594,阀门故障
生产部A,HP-30,HP-30-002,2023-02-10 21:00:00,58.91728758674361,29.84427645258798,48.78631594690942,16.57203807812789,90.8201155768976,阀门故障
生产部A,HP-30,HP-30-001,2023-02-10 21:00:00,143.81561219282247,85.2994055362147,104.95487185323233,22.89046689684527,6.408783620367409,油温过高
生产部A,HP-30,HP-30-001,2023-02-10 22:00:00,116.59262858617343,61.4616330660822,59.858976790873115,13.941254010789244,95.49353625264473,正常
生产部A,HP-30,HP-30-002,2023-02-10 22:00:00,77.55367235997643,27.183937096258596,32.70018897738565,10.777876785003452,82.69499369350096,阀门故障
生产部A,HP-30,HP-30-001,2023-02-10 23:00:00,113.05751048550013,69.02860690488859,66.60153485202807,11.788814866846696,86.98041037618066,正常
生产部A,HP-30,HP-30-002,2023-02-10 23:00:00,74.19028138529555,26.479739449617234,33.727367772005664,25.16857476611539,92.06445019525383,阀门故障
生产部A,HP-30,HP-30-001,2023-02-11 00:00:00,148.89373533077293,71.5944710331054,66.15768036030511,14.051184338019219,98.55351586279224,正常
生产部A,HP-30,HP-30-002,2023-02-11 00:00:00,71.97379569514479,37.7544576056377,39.351115848289346,17.750073330998024,100.2001377781723,阀门故障
生产部A,HP-30,HP-30-001,2023-02-11 01:00:00,147.71630995951745,132.0377785906744,64.75852373646565,17.136464783210183,95.37231661448016,正常
生产部A,HP-30,HP-30-002,2023-02-11 01:00:00,151.6270503106255,89.1855032726556,63.39000339303342,14.985748399889975,91.5140504477536,正常
生产部A,HP-30,HP-30-001,2023-02-11 02:00:00,164.51721549007829,97.42795124659258,57.80231288055863,23.063637958485693,98.93174634939074,正常
生产部A,HP-30,HP-30-002,2023-02-11 02:00:00,193.60202450326165,52.742756450909866,48.51617196065382,12.072724646724827,94.01704482184176,正常
生产部A,HP-30,HP-30-001,2023-02-11 03:00:00,140.64341304253148,142.75427109404126,33.14491852767081,7.276026198876477,87.58953657564601,正常
生产部A,HP-30,HP-30-002,2023-02-11 03:00:00,148.3179910832406,121.62658033810537,52.60163197729061,13.744071203457171,90.0675701724854,正常
生产部A,HP-30,HP-30-001,2023-02-11 04:00:00,129.1010179071961,123.9277737977746,48.86870248072168,20.841525644104422,98.52462522554674,正常
生产部A,HP-30,HP-30-002,2023-02-11 04:00:00,132.5390045934255,56.34962027875951,30.47473530826171,23.782943829761383,97.1302689593005,正常
生产部A,HP-30,HP-30-001,2023-02-11 05:00:00,140.93148768937283,141.89768131639443,53.90736365368389,21.538932691949313,83.92442553189915,正常
生产部A,HP-30,HP-30-002,2023-02-11 05:00:00,118.40540647974676,74.02222089553358,48.197890993150345,17.664803051185093,98.64844619662456,正常
生产部A,HP-30,HP-30-002,2023-02-11 06:00:00,194.52121315350107,134.43507743846044,60.691687162673354,21.506466399743037,86.37285986116618,正常
生产部A,HP-30,HP-30-001,2023-02-11 06:00:00,167.68567903901192,135.9641857920593,31.39083161287568,21.99835638339973,84.1636717152309,正常
生产部A,HP-30,HP-30-002,2023-02-11 07:00:00,132.2776280679702,113.35573554135797,50.54335496021459,13.464404123759904,100.02094632019971,正常
生产部A,HP-30,HP-30-001,2023-02-11 07:00:00,57.0517752970578,25.30376017605665,54.2367949148965,17.07961753610022,90.49883228820154,阀门故障
生产部A,HP-30,HP-30-002,2023-02-11 08:00:00,149.23324910943506,55.75029376478244,47.85549427065346,7.568259142561802,84.81553592218621,正常
生产部A,HP-30,HP-30-001,2023-02-11 08:00:00,51.800970881169036,20.03487161779531,68.56197626998284,12.344325960935066,93.28560869538762,阀门故障
生产部A,HP-30,HP-30-001,2023-02-11 09:00:00,52.91736525525987,28.241963159222657,39.655217766612765,6.725741289530712,97.64517910513773,阀门故障
生产部A,HP-30,HP-30-002,2023-02-11 09:00:00,120.45371371903518,102.36760328855748,34.884982818385204,19.2410060836821,90.16566891972698,正常
生产部A,HP-30,HP-30-002,2023-02-11 10:00:00,191.4927203069221,69.65436257735287,55.15271667191588,9.131173954149672,99.05567836179331,正常
生产部A,HP-30,HP-30-001,2023-02-11 10:00:00,78.24294838155329,28.441685441428458,34.895134845635965,10.067443879047858,98.15055060929024,阀门故障
生产部A,HP-30,HP-30-002,2023-02-11 11:00:00,185.6149016736304,81.19192153671113,63.1155016014232,18.1225522949027,87.45000582371584,正常
生产部A,HP-30,HP-30-001,2023-02-11 11:00:00,72.15279953790295,30.81768558464868,46.15632614097267,24.58656519601227,96.70234056234135,阀门故障
生产部A,HP-30,HP-30-001,2023-02-11 12:00:00,56.92399087954389,33.443048267147866,53.06463152626614,20.406221618604423,85.84281189816559,阀门故障
生产部A,HP-30,HP-30-002,2023-02-11 12:00:00,150.5310553783872,126.38605699423871,57.0796823293063,17.91976556107752,81.01113899459467,正常
生产部A,HP-30,HP-30-001,2023-02-11 13:00:00,75.08125085642897,25.84484397475135,59.59229802356143,8.999598293020407,82.56672872283053,阀门故障
生产部A,HP-30,HP-30-002,2023-02-11 13:00:00,122.54343327085117,140.64288699751003,46.765636371792034,14.542648572502223,90.33960110095913,正常
生产部A,HP-30,HP-30-002,2023-02-11 14:00:00,170.1890506210624,114.49059313553077,39.140906072898574,21.678873670563686,91.93260108587245,正常
生产部A,HP-30,HP-30-001,2023-02-11 14:00:00,60.67153848953848,26.88803932459028,50.26775008887747,24.384107239084287,82.06396052986483,阀门故障
生产部A,HP-30,HP-30-002,2023-02-11 15:00:00,186.25286706457956,75.82641223772852,62.352342161425895,24.26253268512777,99.16542156954114,正常
生产部A,HP-30,HP-30-001,2023-02-11 15:00:00,65.73147613814096,23.544540297471578,69.1276763614514,14.349496885708596,96.93099769489159,阀门故障
生产部A,HP-30,HP-30-002,2023-02-11 16:00:00,132.13537463380348,71.24474618717952,69.78790074258143,24.963599025489287,87.67312141868715,正常
生产部A,HP-30,HP-30-001,2023-02-11 16:00:00,75.79695250189766,34.13238330988103,33.94450426230197,4.772434009426168,85.0426620284835,阀门故障
生产部A,HP-30,HP-30-002,2023-02-11 17:00:00,21.687336415741076,252.8201655819687,60.61557761632035,25.763655689988617,88.83876031187908,液压泄漏
生产部A,HP-30,HP-30-001,2023-02-11 17:00:00,59.845717306434594,33.61041537864691,49.7950708841889,16.574332438330764,91.841099450349,阀门故障
生产部A,HP-30,HP-30-002,2023-02-11 18:00:00,38.97063833200412,260.667894708079,39.38892988821805,22.806161456189592,81.55980709911655,液压泄漏
生产部A,HP-30,HP-30-001,2023-02-11 18:00:00,152.08376581092512,153.17420299703616,67.37551428392952,19.011454746579766,96.13356691643463,正常
生产部A,HP-30,HP-30-001,2023-02-11 19:00:00,147.40515370026293,76.19566575751864,55.8813976809364,19.72343188085828,92.93036078593622,正常
生产部A,HP-30,HP-30-002,2023-02-11 19:00:00,51.3519427272313,245.55332722962828,47.2558513820766,20.073417764092216,99.67868356761592,液压泄漏
生产部A,HP-30,HP-30-001,2023-02-11 20:00:00,187.13943425119015,84.86735267592586,34.8545490633669,23.995758662053575,84.02623398872616,正常
生产部A,HP-30,HP-30-002,2023-02-11 20:00:00,27.29727324468499,197.28773189903558,28.55791944911802,16.426093844553506,96.02177083335053,液压泄漏
生产部A,HP-30,HP-30-001,2023-02-11 21:00:00,161.73640600110556,120.4244104778613,61.365119843585305,10.415096690151602,92.95127215349767,正常
生产部A,HP-30,HP-30-002,2023-02-11 21:00:00,42.32587514773395,188.0742633152762,37.26477173495462,7.533652589517223,86.73510068701076,液压泄漏
生产部A,HP-30,HP-30-001,2023-02-11 22:00:00,179.18029162497115,103.3142819684057,31.905914892710292,17.339512388553835,80.99429010679403,正常
生产部A,HP-30,HP-30-002,2023-02-11 22:00:00,0.7692336310796044,223.30024503502312,39.3391379779095,20.858463399023872,81.19249179557407,液压泄漏
生产部A,HP-30,HP-30-002,2023-02-11 23:00:00,45.10162493759411,252.4344970450353,30.373301976774556,20.81248957960122,93.27065498131385,液压泄漏
生产部A,HP-30,HP-30-001,2023-02-11 23:00:00,167.40539267116574,86.37307713905774,64.54260131598438,7.187874214640148,81.19529353145398,正常
生产部A,HP-30,HP-30-001,2023-02-12 00:00:00,148.51365633177758,73.55646628248475,48.3200465129084,10.255352271749459,80.49914557100958,正常
生产部A,HP-30,HP-30-002,2023-02-12 00:00:00,27.03835354297303,219.1195303014941,65.55798901505503,6.6871902820769575,84.49405064313355,液压泄漏
生产部A,HP-30,HP-30-002,2023-02-12 01:00:00,170.6580698050295,75.12370960521984,55.123064288918656,24.70291137757266,95.19280581232013,正常
生产部A,HP-30,HP-30-001,2023-02-12 01:00:00,67.13692880443311,22.439355491063424,37.49368009830912,20.54855041553383,97.42420731070496,阀门故障
生产部A,HP-30,HP-30-001,2023-02-12 02:00:00,66.13580385664108,29.48331603909221,35.69988887926577,10.645282977128252,88.17185289052912,阀门故障
生产部A,HP-30,HP-30-002,2023-02-12 02:00:00,123.933354838291,92.07886654114199,53.15771715880311,31.01151698029763,92.68120801618457,泵磨损
生产部A,HP-30,HP-30-002,2023-02-12 03:00:00,127.389231436691,56.023067417540645,36.736249121916806,38.601796811934335,98.92350696892055,泵磨损
生产部A,HP-30,HP-30-001,2023-02-12 03:00:00,68.09639015414714,34.71519462015298,33.506385521114865,13.1216149166909,95.56047140694814,阀门故障
生产部A,HP-30,HP-30-001,2023-02-12 04:00:00,68.38634289971152,25.451458908149718,51.20612679578139,11.984541434789138,92.32150731369339,阀门故障
生产部A,HP-30,HP-30-002,2023-02-12 04:00:00,188.2324234390616,132.8572539662627,65.93280206208338,37.301760486869895,83.29516660901989,泵磨损
生产部A,HP-30,HP-30-001,2023-02-12 05:00:00,70.76347167995128,27.52997467426797,63.84010053196974,10.433320088488596,87.45234394312975,阀门故障
生产部A,HP-30,HP-30-002,2023-02-12 05:00:00,191.48193784480014,125.74443480923932,51.713329172941194,39.07525660138032,99.36113770588618,泵磨损
生产部A,HP-30,HP-30-001,2023-02-12 06:00:00,131.2482275233126,93.92051366584096,44.501939436280445,6.12960336600339,92.84321647277788,正常
生产部A,HP-30,HP-30-002,2023-02-12 06:00:00,157.96774538821685,136.70176585858542,53.68819841981952,33.388164918826114,89.79049440445405,泵磨损
生产部A,HP-30,HP-30-002,2023-02-12 07:00:00,135.31552098819478,94.40619403207016,38.486027333805744,38.1535783434432,85.0168496434557,泵磨损
生产部A,HP-30,HP-30-001,2023-02-12 07:00:00,180.81009003625834,66.14206871174402,40.75715232026561,4.352663779192307,81.00316465062616,正常
生产部A,HP-30,HP-30-002,2023-02-12 08:00:00,175.7796805611987,89.85601564365209,42.80811557573068,34.66392220261487,87.507539374884,泵磨损
生产部A,HP-30,HP-30-001,2023-02-12 08:00:00,171.40114887787846,136.2501858357789,46.27966840723528,18.077577913400475,86.07159008933598,正常
生产部A,HP-30,HP-30-002,2023-02-12 09:00:00,106.2761981019779,113.72490873427537,58.37964383723254,25.00869896990027,92.50211639812113,正常
生产部A,HP-30,HP-30-001,2023-02-12 09:00:00,183.9743193589501,112.73596629242911,35.629372387085304,20.72229733007854,96.5104253031973,正常
生产部A,HP-30,HP-30-002,2023-02-12 10:00:00,35.2914708457927,219.08248799233957,45.820680282541744,19.649065389401404,98.2012480730863,液压泄漏
生产部A,HP-30,HP-30-001,2023-02-12 10:00:00,77.15463260180934,28.869473408074157,30.405332304928855,16.308039650039152,96.4470916857119,阀门故障
生产部A,HP-30,HP-30-002,2023-02-12 11:00:00,32.6063899895858,235.74880968215803,44.584027100593815,8.729323541676683,88.74727907101851,液压泄漏
生产部A,HP-30,HP-30-001,2023-02-12 11:00:00,72.04997557166685,35.932478500928674,49.717537761046216,10.026402852532229,98.67414657170167,阀门故障
生产部A,HP-30,HP-30-001,2023-02-12 12:00:00,76.8101392611917,24.223299719567727,54.443261143707346,16.777016201387145,91.71712765080031,阀门故障
生产部A,HP-30,HP-30-002,2023-02-12 12:00:00,37.96060963575057,220.36389887778103,46.17270485624365,19.852176233564563,97.91402822897312,液压泄漏
生产部A,HP-30,HP-30-001,2023-02-12 13:00:00,74.10992167149014,38.49769978288566,35.967199104218444,24.58253974519953,85.80835196765163,阀门故障
生产部A,HP-30,HP-30-002,2023-02-12 13:00:00,9.890052355791232,204.44883892893233,38.73109506190744,10.41008946087243,86.65317305594057,液压泄漏
生产部A,HP-30,HP-30-001,2023-02-12 14:00:00,74.47299119055303,35.98276823508643,37.567340609820995,22.082864966290366,85.28101809445275,阀门故障
生产部A,HP-30,HP-30-002,2023-02-12 14:00:00,55.188434390668505,199.83706636157245,31.28794394033287,19.191757053725613,84.60830040321747,液压泄漏
生产部A,HP-30,HP-30-001,2023-02-12 15:00:00,146.7400644395726,94.85967226641642,38.52565799604392,25.145405351104117,83.08298673297477,正常
生产部A,HP-30,HP-30-002,2023-02-12 15:00:00,9.765429492033935,219.32041797803,63.29516381889857,21.498593724884795,85.02830302952383,液压泄漏
生产部A,HP-30,HP-30-001,2023-02-12 16:00:00,178.36880592299804,71.05641776129237,39.482481906375135,21.021635163712272,98.53053331780876,正常
生产部A,HP-30,HP-30-002,2023-02-12 16:00:00,172.40827629825853,146.21128770906594,49.098715705578655,14.379653967360873,92.50608844117724,正常
生产部A,HP-30,HP-30-001,2023-02-12 17:00:00,13.242921482191026,230.13830838962176,68.3176159707751,8.63037944663394,91.55001466106361,液压泄漏
生产部A,HP-30,HP-30-002,2023-02-12 17:00:00,131.78914852255537,145.11680015646593,49.18976405769258,22.381041035650874,96.37355085559135,正常
生产部A,HP-30,HP-30-001,2023-02-12 18:00:00,31.599774554342115,266.66534036280234,50.010957088063655,15.708483792021704,84.85506953503348,液压泄漏
生产部A,HP-30,HP-30-002,2023-02-12 18:00:00,174.51623506564084,100.21185430280407,38.71407657015774,6.539591861419999,85.0837336201443,正常
生产部A,HP-30,HP-30-001,2023-02-12 19:00:00,10.641088654648822,268.19426491895837,55.65145331544706,15.796848378742968,94.37625327148025,液压泄漏
生产部A,HP-30,HP-30-002,2023-02-12 19:00:00,110.28800307301704,138.83212938315532,67.37982972401186,14.244446190166856,98.34869592586753,正常
生产部A,HP-30,HP-30-001,2023-02-12 20:00:00,2.508869404812193,234.45569394551654,45.578563885071006,5.1793643915933085,84.28776096018996,液压泄漏
生产部A,HP-30,HP-30-002,2023-02-12 20:00:00,183.05977220345517,69.04275202478587,79.81473263062261,24.415752561932507,22.780591459114994,污染故障
生产部A,HP-30,HP-30-001,2023-02-12 21:00:00,22.981378816135273,269.9324062530005,58.23032479930241,24.32832760165255,99.85478497163582,液压泄漏
生产部A,HP-30,HP-30-002,2023-02-12 21:00:00,139.15189331280317,51.00340258018197,78.62531325644497,6.879293416072672,26.73943783686478,污染故障
生产部A,HP-30,HP-30-002,2023-02-12 22:00:00,130.41266811176317,137.29815377132368,74.21702506223875,12.431277618523431,12.916982988602864,污染故障
生产部A,HP-30,HP-30-001,2023-02-12 22:00:00,35.396799817303936,218.32817176565482,66.47653524795459,24.656399372688444,84.81186739016111,液压泄漏
生产部A,HP-30,HP-30-002,2023-02-12 23:00:00,187.06510429053725,118.57298724197227,75.26175158640108,15.302996510722274,29.55773732126724,污染故障
生产部A,HP-30,HP-30-001,2023-02-12 23:00:00,120.25284811516528,68.02565114167506,44.1343551057028,7.626891499079157,86.27130083117348,正常
生产部A,HP-30,HP-30-002,2023-02-13 00:00:00,158.72769494337302,120.31472870365809,78.99253894357275,7.567856162654626,31.332266692524446,污染故障
生产部A,HP-30,HP-30-001,2023-02-13 00:00:00,121.06866643062443,149.20861502256048,88.99395548362244,22.9297933194681,6.809512150958675,油温过高
生产部A,HP-30,HP-30-002,2023-02-13 01:00:00,175.89214717355898,86.227652438595,75.79222522465503,22.867229637252333,19.619174921375546,污染故障
生产部A,HP-30,HP-30-001,2023-02-13 01:00:00,146.43827807135682,56.71724444416478,96.51260316343895,13.106737772585042,8.285803530704529,油温过高
生产部A,HP-30,HP-30-002,2023-02-13 02:00:00,197.78360519409645,75.36600394592904,59.72292693973596,16.011919849164276,83.97574051112053,正常
生产部A,HP-30,HP-30-001,2023-02-13 02:00:00,154.7728757438936,52.25569194824495,117.40153323157486,21.992309884408662,6.1259264226932935,油温过高
生产部A,HP-30,HP-30-001,2023-02-13 03:00:00,161.48926731281261,132.63028524693706,110.84818882148427,17.440621012941527,35.986876819761775,油温过高
生产部A,HP-30,HP-30-002,2023-02-13 03:00:00,149.3865763787917,116.72637271742106,76.90570740533786,22.43553087298446,33.75557827633682,污染故障
生产部A,HP-30,HP-30-002,2023-02-13 04:00:00,117.4031386337648,51.47737553535265,78.95009079211809,8.149675349537628,10.912608311976967,污染故障
生产部A,HP-30,HP-30-001,2023-02-13 04:00:00,140.37246849858764,51.78781825281504,89.06805850242368,17.59790700335325,10.473217660687222,油温过高
生产部A,HP-30,HP-30-002,2023-02-13 05:00:00,129.97508898392599,83.562873424826,78.59638211129554,11.40265083192443,36.847084220011496,污染故障
生产部A,HP-30,HP-30-001,2023-02-13 05:00:00,146.0148172895373,94.47915304787921,123.77425845714697,16.98141008858907,35.453079385776135,油温过高
生产部A,HP-30,HP-30-001,2023-02-13 06:00:00,158.1265252184883,116.12330776380108,69.59698352739754,19.609345801666475,89.66479297655613,正常
生产部A,HP-30,HP-30-002,2023-02-13 06:00:00,148.52771189758369,124.07319511096576,75.00039880787831,17.690380945207306,34.79114706645842,污染故障
生产部A,HP-30,HP-30-001,2023-02-13 07:00:00,137.85852610187914,113.52889404652586,53.53606175734563,12.007733849941514,93.19459324336255,正常
生产部A,HP-30,HP-30-002,2023-02-13 07:00:00,13.84882226394739,208.56945937536506,51.029048325244936,15.476323681569545,85.90909573239686,液压泄漏
生产部A,HP-30,HP-30-001,2023-02-13 08:00:00,129.93199969541925,84.92594331997502,43.376220676891705,16.879477786076166,82.97740402697714,正常
生产部A,HP-30,HP-30-002,2023-02-13 08:00:00,10.172293350377428,200.46573447672571,48.461975149648346,14.477308295196638,91.0403757740622,液压泄漏
生产部A,HP-30,HP-30-002,2023-02-13 09:00:00,46.54330545571385,193.59943135296945,57.289494053993096,20.589875412848542,83.36525231239202,液压泄漏
生产部A,HP-30,HP-30-001,2023-02-13 09:00:00,123.95308283486628,145.42002708002602,58.321918600226375,24.311336428771234,84.42419114267308,正常
生产部A,HP-30,HP-30-001,2023-02-13 10:00:00,143.07700576849237,91.6124160414271,64.0068909041459,18.672144486992742,82.4095228412322,正常
生产部A,HP-30,HP-30-002,2023-02-13 10:00:00,42.444557969564876,229.46494281375692,45.0785013333726,24.564942635938735,88.9987229392289,液压泄漏
生产部A,HP-30,HP-30-002,2023-02-13 11:00:00,52.126936646595986,204.13404080049833,34.156235402269665,16.42731409950135,90.71206783663399,液压泄漏
生产部A,HP-30,HP-30-001,2023-02-13 11:00:00,98.73069183735409,99.26538656127798,39.99299637187305,15.440906382709018,96.52808105067331,正常
生产部A,HP-30,HP-30-002,2023-02-13 12:00:00,127.81527842287747,134.06615389422333,56.477217510916844,12.642154404458125,96.24086285119614,正常
生产部A,HP-30,HP-30-001,2023-02-13 12:00:00,134.60289497795733,128.73050195883766,59.006410936263684,15.02458097714057,90.48725126966823,正常
生产部A,HP-30,HP-30-001,2023-02-13 13:00:00,129.33356348995395,140.97570368455652,111.13912739824687,14.664560487623238,3.508767479860552,油温过高
生产部A,HP-30,HP-30-002,2023-02-13 13:00:00,107.62582784470452,127.21443796000604,50.83871434738168,18.304026353626362,99.25740439344695,正常
生产部A,HP-30,HP-30-001,2023-02-13 14:00:00,170.6941634201626,102.7112569998726,100.77796353633053,16.232017170835995,30.531426463352766,油温过高
生产部A,HP-30,HP-30-002,2023-02-13 14:00:00,123.67267673360642,106.57033397776743,54.928590449286936,21.76673352587183,87.69197574349651,正常
生产部A,HP-30,HP-30-002,2023-02-13 15:00:00,179.89038359133892,100.13305423446458,35.7345443114249,16.176685258900097,97.23490196912837,正常
生产部A,HP-30,HP-30-001,2023-02-13 15:00:00,170.17009983056064,101.13715428341006,94.94955222411483,18.642570814113224,19.788629185271866,油温过高
生产部A,HP-30,HP-30-002,2023-02-13 16:00:00,196.63232384683755,92.18308302946714,64.51557528703788,20.2749050026538,93.39868847995238,正常
生产部A,HP-30,HP-30-001,2023-02-13 16:00:00,102.6850068889288,138.88224651239588,87.46001805628433,15.099170171565037,26.314641807872746,油温过高
生产部A,HP-30,HP-30-001,2023-02-13 17:00:00,177.19428453234934,132.6365128391494,116.82243980017765,17.481081315059004,29.2295629237059,油温过高
生产部A,HP-30,HP-30-002,2023-02-13 17:00:00,145.63326336181646,77.34278178989291,46.14101898097649,12.688415990023563,91.12943527330177,正常
生产部A,HP-30,HP-30-001,2023-02-13 18:00:00,96.66657874494919,132.70279971472328,92.40329591466438,23.18967345927923,5.94848562990825,油温过高
生产部A,HP-30,HP-30-002,2023-02-13 18:00:00,126.82920923352913,73.53323412237546,54.255991769910715,17.0414884468242,81.6531427719356,正常
生产部A,HP-30,HP-30-002,2023-02-13 19:00:00,140.0913403608792,142.54454419145927,54.464056127527726,6.616926441754533,87.46129619202861,正常
生产部A,HP-30,HP-30-001,2023-02-13 19:00:00,137.8205687360781,53.857550420678756,53.229401323497854,18.887846539462377,95.70504302602629,正常
生产部A,HP-30,HP-30-002,2023-02-13 20:00:00,163.6283061243259,75.42174104577231,57.44632437603438,12.70475360493646,89.57969102000028,正常
生产部A,HP-30,HP-30-001,2023-02-13 20:00:00,176.7125567181836,131.03170161154807,32.312926530861894,20.006688151121136,80.97488265384908,正常
生产部A,HP-30,HP-30-002,2023-02-13 21:00:00,0.25319683917000235,255.69625425592932,64.56655780711888,14.234203005151183,89.40176346470126,液压泄漏
生产部A,HP-30,HP-30-001,2023-02-13 21:00:00,177.50484290006776,128.44655355038333,65.32027764241491,12.231409817820404,92.04749592381096,正常
生产部A,HP-30,HP-30-002,2023-02-13 22:00:00,32.47483153150771,252.2720833395406,38.24620572028353,19.39219338281709,86.99749594240734,液压泄漏
生产部A,HP-30,HP-30-001,2023-02-13 22:00:00,183.8705130464819,59.31358213654767,57.26445053635409,18.554358278182907,90.56973372733655,正常
生产部A,HP-30,HP-30-001,2023-02-13 23:00:00,186.67228571979993,115.41398905274266,56.08251845373921,8.593305300493506,86.86290767031365,正常
生产部A,HP-30,HP-30-002,2023-02-13 23:00:00,50.20533683038077,266.1290748047875,55.10700655607225,14.24295103922949,95.83323788281042,液压泄漏
生产部A,HP-30,HP-30-002,2023-02-14 00:00:00,25.12509570316806,265.5657827507935,51.01406583147566,15.398244111893623,87.2232973779689,液压泄漏
生产部A,HP-30,HP-30-001,2023-02-14 00:00:00,156.73182865129127,123.80695697348122,60.85230490369535,22.668824273919746,92.68489866760115,正常
生产部A,HP-30,HP-30-001,2023-02-14 01:00:00,148.78453226278413,104.16577751519605,60.369797730014035,14.16868829600547,96.60512575142506,正常
生产部A,HP-30,HP-30-002,2023-02-14 01:00:00,141.75762775865522,69.47146634198897,68.4745040570048,14.089808400076592,84.16209026398226,正常
生产部A,HP-30,HP-30-001,2023-02-14 02:00:00,154.85226073343318,143.9132643322242,57.66041765081367,20.0767252898557,81.96084797516235,正常
生产部A,HP-30,HP-30-002,2023-02-14 02:00:00,146.94617090347342,56.75309077229749,59.09313839400819,4.935422763943609,93.38516223208234,正常
生产部A,HP-30,HP-30-002,2023-02-14 03:00:00,118.2408690074688,67.35634344196029,54.347606673026064,22.186492545049603,85.58900084471556,正常
生产部A,HP-30,HP-30-001,2023-02-14 03:00:00,112.59454950033997,129.35888649715707,53.30076891807698,10.761255814131271,97.38698993040842,正常
生产部A,HP-30,HP-30-001,2023-02-14 04:00:00,113.25725555394044,129.92440077244297,69.16571460821956,7.032135005783131,88.47564524479571,正常
生产部A,HP-30,HP-30-002,2023-02-14 04:00:00,166.486283169847,60.207114810196074,52.73303388160919,13.457451203654967,96.92188314862078,正常
生产部A,HP-30,HP-30-002,2023-02-14 05:00:00,197.4048444457188,122.644375636358,55.20952544725328,19.40482651205402,87.73393048329014,正常
生产部A,HP-30,HP-30-001,2023-02-14 05:00:00,176.7084999896804,127.179166203026,46.11178791238735,6.7563634824693475,94.04944359544984,正常
生产部A,HP-30,HP-30-002,2023-02-14 06:00:00,140.40065215077237,116.57615252501711,39.65386383434294,21.161510857284558,89.13145161260164,正常
生产部A,HP-30,HP-30-001,2023-02-14 06:00:00,170.73304516239548,127.56744892815135,49.057034783848685,12.488785326534924,86.79808252262762,正常
生产部A,HP-30,HP-30-001,2023-02-14 07:00:00,157.4720164933802,114.15287177285273,31.969284694013954,15.632131002692839,90.24903649072125,正常
生产部A,HP-30,HP-30-002,2023-02-14 07:00:00,145.38932345973606,96.91438020407057,37.91682194058703,22.270419784319184,83.0579725776256,正常
生产部A,HP-30,HP-30-001,2023-02-14 08:00:00,200.3988891078753,71.88878487326049,30.041641327136876,12.041808479580665,81.03667168055043,正常
生产部A,HP-30,HP-30-002,2023-02-14 08:00:00,136.27457580365424,107.12900998265629,59.56304853742699,8.323846527181132,84.82454959162725,正常
生产部A,HP-30,HP-30-002,2023-02-14 09:00:00,169.66526667328384,72.21906822836509,80.43264047047231,20.57556298327152,16.624210020306393,污染故障
生产部A,HP-30,HP-30-001,2023-02-14 09:00:00,133.98321214941058,134.31054306962704,60.542668833254005,4.979204738704904,88.69507301001613,正常
生产部A,HP-30,HP-30-002,2023-02-14 10:00:00,134.70061924959606,102.28677561803605,77.33675890065737,6.85493198892683,35.67445959525966,污染故障
生产部A,HP-30,HP-30-001,2023-02-14 10:00:00,190.56112952839555,115.57994184085288,34.147024263837004,16.839554873408343,90.92209749603373,正常
生产部A,HP-30,HP-30-002,2023-02-14 11:00:00,188.08590475720735,97.6110720767652,74.23307846493795,23.21784640692636,33.904129791438834,污染故障
生产部A,HP-30,HP-30-001,2023-02-14 11:00:00,163.48545605862446,128.1591759069796,58.300075877945055,5.857740648971645,80.83217932803876,正常
生产部A,HP-30,HP-30-001,2023-02-14 12:00:00,182.12723854602456,122.5531499558531,65.26155199107112,8.697892186084974,91.27550635407171,正常
生产部A,HP-30,HP-30-002,2023-02-14 12:00:00,152.45124494071592,131.61844749445797,77.49610805590659,6.4647921360817175,16.761320045072726,污染故障
生产部A,HP-30,HP-30-001,2023-02-14 13:00:00,199.5736665231744,128.26093582730275,40.656458511336915,11.81924065384057,89.05853239248829,正常
生产部A,HP-30,HP-30-002,2023-02-14 13:00:00,106.21429401451017,139.08746629916268,76.00044880585642,17.15826140869215,38.9936327091627,污染故障
生产部A,HP-30,HP-30-001,2023-02-14 14:00:00,114.94351374420519,130.52174058864009,32.908369853258385,7.655242080288465,99.0182270552366,正常
生产部A,HP-30,HP-30-002,2023-02-14 14:00:00,113.301098721672,135.8657354549198,75.05980000495946,18.796212923967797,31.72025557252741,污染故障
生产部A,HP-30,HP-30-002,2023-02-14 15:00:00,176.20837176234144,146.94788346812803,75.51077227718427,12.785999619018158,10.644065638231883,污染故障
生产部A,HP-30,HP-30-001,2023-02-14 15:00:00,151.66363719220723,73.60200795363474,41.10848578880574,8.98997219520961,80.66600739200625,正常
生产部A,HP-30,HP-30-002,2023-02-14 16:00:00,115.06192761649781,138.7817656394078,34.4003963111082,23.058694320041816,89.22172422217744,正常
生产部A,HP-30,HP-30-001,2023-02-14 16:00:00,173.4360337182847,127.21611638903434,71.57779594161438,17.4931311103038,91.47559498951021,正常
生产部A,HP-30,HP-30-001,2023-02-14 17:00:00,110.90970860271688,94.56304581164204,66.7395238153787,14.601115790333326,89.67565518338861,正常
生产部A,HP-30,HP-30-002,2023-02-14 17:00:00,153.23770592074416,98.75926590614974,42.390503809607296,9.920264754772981,90.41000606955636,正常
生产部A,HP-30,HP-30-002,2023-02-14 18:00:00,189.34677882845548,138.03875823516367,77.13736227849273,11.125486596872566,10.446459343736302,污染故障
生产部A,HP-30,HP-30-001,2023-02-14 18:00:00,137.08979089045513,80.97237485344229,40.84978243696946,15.046297383388405,97.61438433620265,正常
生产部A,HP-30,HP-30-002,2023-02-14 19:00:00,148.05205764720264,114.49222942894033,80.37489451191223,8.379584866894943,22.283400890819628,污染故障
生产部A,HP-30,HP-30-001,2023-02-14 19:00:00,197.18465597320278,97.52175529372434,51.85012298652486,13.382738153895986,86.45583286032401,正常
生产部A,HP-30,HP-30-002,2023-02-14 20:00:00,143.55076616025008,71.2613372655725,76.95765239058424,11.346503391516332,26.110010670365455,污染故障
生产部A,HP-30,HP-30-001,2023-02-14 20:00:00,125.29895065553694,117.80283217415732,64.3750153674853,22.047259574746228,80.02745261309344,正常
生产部A,HP-30,HP-30-002,2023-02-14 21:00:00,114.68398081619358,138.64260478601682,75.23617972538183,12.188334467835531,16.142695273827563,污染故障
生产部A,HP-30,HP-30-001,2023-02-14 21:00:00,115.63318445101264,111.42835461790263,35.47188305135071,16.09030365831503,90.55592501072327,正常
生产部A,HP-30,HP-30-001,2023-02-14 22:00:00,167.8348639978109,64.10158148002876,48.58175845305346,4.39897946591085,82.12341720795465,正常
生产部A,HP-30,HP-30-002,2023-02-14 22:00:00,113.91805515934267,132.49391434975882,76.0345698098351,21.081960386130064,31.504112632084805,污染故障
生产部A,HP-30,HP-30-002,2023-02-14 23:00:00,173.76141093426554,72.43160798698705,62.93591282968022,20.539857443855077,79.82240655155482,正常
生产部A,HP-30,HP-30-001,2023-02-14 23:00:00,144.12433770118454,75.60013478378279,62.75106877992033,11.666127313234131,100.10615487413773,正常
生产部A,HP-30,HP-30-002,2023-02-15 00:00:00,112.94604121557171,100.78589262398944,37.96370769295395,20.914125152788905,88.95763087544411,正常
生产部A,HP-30,HP-30-001,2023-02-15 00:00:00,159.8288938734323,112.63047060299301,31.49493485617423,16.319092398154027,80.51384337707898,正常
生产部A,HP-30,HP-30-002,2023-02-15 01:00:00,103.33600057245324,124.00496940071255,42.402690652134524,20.70263567465333,81.95308303190761,正常
生产部A,HP-30,HP-30-001,2023-02-15 01:00:00,129.69901859132722,152.95646872009422,33.42079308279096,5.071566010032808,90.83515755314345,正常
生产部A,HP-30,HP-30-002,2023-02-15 02:00:00,198.64462843326922,55.77971370035389,50.86850182716899,14.396588842441538,86.02255928791001,正常
生产部A,HP-30,HP-30-001,2023-02-15 02:00:00,164.42699207626498,110.86848704925967,41.633560175249926,13.697943656906887,99.31005497683468,正常
生产部A,HP-30,HP-30-001,2023-02-15 03:00:00,198.36192317013018,72.60943742216224,31.693368835896838,7.988043466944548,100.47891358559893,正常
生产部A,HP-30,HP-30-002,2023-02-15 03:00:00,98.66759718842896,137.63332323809627,42.663041972328514,22.103850962610952,87.43300539983387,正常
生产部A,HP-30,HP-30-001,2023-02-15 04:00:00,162.7752752503037,74.09138535013452,63.83089255885381,19.007382841244564,88.81681431284203,正常
生产部A,HP-30,HP-30-002,2023-02-15 04:00:00,138.36456103640262,51.01518952611465,58.725464298556794,8.09301140970909,92.35509210466931,正常
生产部A,HP-30,HP-30-002,2023-02-15 05:00:00,172.0864150448693,100.75979522750279,37.834107029085956,12.204559548155505,81.13309495723523,正常
生产部A,HP-30,HP-30-001,2023-02-15 05:00:00,123.99210014414409,89.03972555480074,40.88928635528242,14.055635060945727,87.77744678761029,正常
生产部A,HP-30,HP-30-002,2023-02-15 06:00:00,144.93363216132005,134.53505039073104,55.10991861108966,11.716234543383678,99.34180115821948,正常
生产部A,HP-30,HP-30-001,2023-02-15 06:00:00,114.98443436172138,86.94498774067415,53.30682093153723,7.743933348809307,88.47093861907244,正常
生产部A,HP-30,HP-30-001,2023-02-15 07:00:00,18.66777546714974,210.17436803032535,48.39288148308036,5.77469196205794,81.9447812970594,液压泄漏
生产部A,HP-30,HP-30-002,2023-02-15 07:00:00,132.54169593173143,64.54381732639963,49.787290108319155,19.75039033050092,92.54398803967686,正常
生产部A,HP-30,HP-30-001,2023-02-15 08:00:00,42.43715465762063,232.3367739644307,66.04216249245864,14.501392121509014,85.72081288607468,液压泄漏
生产部A,HP-30,HP-30-002,2023-02-15 08:00:00,195.68760944225758,126.48842820322103,70.42736402050784,24.09903298386431,88.22504814874253,正常
生产部A,HP-30,HP-30-001,2023-02-15 09:00:00,3.6280354216352984,241.00272831783383,37.41240827821458,10.86433601797644,86.7554016952689,液压泄漏
生产部A,HP-30,HP-30-002,2023-02-15 09:00:00,165.929422298493,77.84043463695394,63.95188090035498,11.36674926163824,84.83972713594741,正常
生产部A,HP-30,HP-30-002,2023-02-15 10:00:00,196.50685400091197,62.681277577017575,74.96153109976994,24.704321247589956,37.421326868633784,污染故障
生产部A,HP-30,HP-30-001,2023-02-15 10:00:00,44.859044449196524,203.5853396917486,43.24785482369323,19.276957737933216,85.84877210921618,液压泄漏
生产部A,HP-30,HP-30-001,2023-02-15 11:00:00,10.835851855489441,189.90224776187742,60.578414308214775,16.207859454989027,84.82007999726191,液压泄漏
生产部A,HP-30,HP-30-002,2023-02-15 11:00:00,181.46408306307202,146.11897634793863,74.16476336110358,4.888121401429313,37.025597325422105,污染故障
生产部A,HP-30,HP-30-001,2023-02-15 12:00:00,11.260967597497132,222.2455238500792,36.892556833698876,25.041826738993606,94.5916832411775,液压泄漏
生产部A,HP-30,HP-30-002,2023-02-15 12:00:00,200.6446060717368,124.30022546189572,77.09833526750191,17.393428830658138,32.04241103673513,污染故障
生产部A,HP-30,HP-30-001,2023-02-15 13:00:00,32.20061013156947,220.80925450101125,67.77432713264811,18.45683793278883,94.9761106281658,液压泄漏
生产部A,HP-30,HP-30-002,2023-02-15 13:00:00,159.1067784543143,122.5779020360645,80.0782142225025,14.981387941713951,35.389194083178,污染故障
生产部A,HP-30,HP-30-001,2023-02-15 14:00:00,158.7137355365666,58.410771980363016,40.13178519262523,10.162290706197698,81.48240075226022,正常
生产部A,HP-30,HP-30-002,2023-02-15 14:00:00,169.49561445243893,84.15074592096722,57.57964867949207,22.59837394212055,89.65801334297383,正常
生产部A,HP-30,HP-30-001,2023-02-15 15:00:00,168.09755200408736,51.842181679536615,38.74641576647402,13.866694220925792,83.87475595425049,正常
生产部A,HP-30,HP-30-002,2023-02-15 15:00:00,161.68437015882225,113.2371312590966,47.820599271846845,15.768703598256943,82.3370157697597,正常
生产部A,HP-30,HP-30-002,2023-02-15 16:00:00,171.4252901036179,135.3823769423082,52.89105908015758,42.711017975943875,85.23455486218577,泵磨损
生产部A,HP-30,HP-30-001,2023-02-15 16:00:00,135.22173476403916,117.92178377584555,69.4030025365081,6.26488754256474,91.83237324405454,正常
生产部A,HP-30,HP-30-002,2023-02-15 17:00:00,108.18075812993271,95.9293030635454,32.484047733021264,31.618310774557884,84.65215246928415,泵磨损
生产部A,HP-30,HP-30-001,2023-02-15 17:00:00,181.8572464777415,56.475670212379256,51.658665466966966,15.521197956382908,82.39336779967871,正常
生产部A,HP-30,HP-30-001,2023-02-15 18:00:00,105.03984560388446,96.09497620603041,48.43828683666132,14.349503065622768,80.80449955528863,正常
生产部A,HP-30,HP-30-002,2023-02-15 18:00:00,113.9005099696156,108.3180534262004,29.21812300038819,36.25594091767995,90.58782887348497,泵磨损
生产部A,HP-30,HP-30-001,2023-02-15 19:00:00,107.29664157778808,47.741629862447404,31.108195384767605,11.654500454958498,88.39554667867262,正常
生产部A,HP-30,HP-30-002,2023-02-15 19:00:00,148.9149341226336,78.28739549791693,47.45787843116026,43.07684612912549,93.66603765175932,泵磨损
生产部A,HP-30,HP-30-002,2023-02-15 20:00:00,151.668037671744,62.995642037579614,53.03620725877287,9.198827303774486,91.15766376264965,正常
生产部A,HP-30,HP-30-001,2023-02-15 20:00:00,196.6604120469136,123.97692373180952,64.55208984018921,20.80988052316977,81.09916580319133,正常
生产部A,HP-30,HP-30-002,2023-02-15 21:00:00,132.08689427767857,114.56791789847844,44.97467030669834,19.145331956546745,89.24898319429843,正常
生产部A,HP-30,HP-30-001,2023-02-15 21:00:00,167.7296792952874,95.53333637100353,30.850176271841825,11.02874388084613,99.70081751043541,正常
生产部A,HP-30,HP-30-002,2023-02-15 22:00:00,166.87001798673592,72.51494865199844,68.16956294875277,20.363733200201743,82.27955475853835,正常
生产部A,HP-30,HP-30-001,2023-02-15 22:00:00,195.02731274554836,141.56965524441367,57.54393965877523,9.90301179474788,93.273527895338,正常
生产部A,HP-30,HP-30-001,2023-02-15 23:00:00,194.82115823045729,121.37796233421925,58.12967781066543,13.390561804683902,82.65819520940153,正常
生产部A,HP-30,HP-30-002,2023-02-15 23:00:00,159.4299022382424,72.58188388398993,29.50585963988012,24.75153985825733,95.35391556614705,正常
生产部A,HP-30,HP-30-001,2023-02-16 00:00:00,188.64484399246012,87.36384603485527,58.10415811978005,5.356530777813202,86.32208235796044,正常
生产部A,HP-30,HP-30-002,2023-02-16 00:00:00,156.88514708170115,90.16161861815146,79.39940136258252,11.938299908585572,16.995222551317283,污染故障
生产部A,HP-30,HP-30-001,2023-02-16 01:00:00,162.9844178548694,54.40349687422596,68.66118910940313,23.93096289128199,79.08231908209628,正常
生产部A,HP-30,HP-30-002,2023-02-16 01:00:00,106.79392756375131,78.06486082472559,73.9144401270657,5.294046459808505,23.604228683735506,污染故障
生产部A,HP-30,HP-30-001,2023-02-16 02:00:00,178.8323056799289,102.45572591488799,36.882506916390355,17.160313028031176,80.71393381478117,正常
生产部A,HP-30,HP-30-002,2023-02-16 02:00:00,171.53956266635598,144.06531414060763,74.67316954507498,22.444968651900375,34.26111475935241,污染故障
生产部A,HP-30,HP-30-002,2023-02-16 03:00:00,106.69508508452466,113.12673691684927,79.05811456509932,15.243321186613144,14.612590961568834,污染故障
生产部A,HP-30,HP-30-001,2023-02-16 03:00:00,178.5504984296473,140.99913639667582,65.96576833484897,11.168487605463243,88.48543172299455,正常
生产部A,HP-30,HP-30-002,2023-02-16 04:00:00,108.19480953458203,46.54090473719654,74.8158075803921,12.991183454492123,38.36927778788653,污染故障
生产部A,HP-30,HP-30-001,2023-02-16 04:00:00,163.34625802976717,119.96223820206416,55.8964892709498,12.433883492637474,90.42127232949139,正常
生产部A,HP-30,HP-30-002,2023-02-16 05:00:00,129.77826151225966,52.72631804201802,76.1617975090639,21.047212597860078,30.492513541458262,污染故障
生产部A,HP-30,HP-30-001,2023-02-16 05:00:00,157.10573375626424,111.5477288709222,52.034237610590104,16.709277040656524,100.06315425639207,正常
生产部A,HP-30,HP-30-001,2023-02-16 06:00:00,180.0570728741482,103.44711503484245,53.09600376354762,16.216889972333814,92.07851319891495,正常
生产部A,HP-30,HP-30-002,2023-02-16 06:00:00,159.38649101383663,135.5398726059444,75.36919074197009,21.571169576640568,34.84910707645672,污染故障
生产部A,HP-30,HP-30-001,2023-02-16 07:00:00,110.53799511705795,68.62033974018917,41.95623078574228,22.976538453022236,99.58588004213254,正常
生产部A,HP-30,HP-30-002,2023-02-16 07:00:00,114.03802193488035,98.747138852629,75.01838902638673,11.647094034283516,35.638811471338556,污染故障
生产部A,HP-30,HP-30-001,2023-02-16 08:00:00,159.67787479331602,137.8453909230167,64.52751725799043,34.29983662445954,97.69370224108651,泵磨损
生产部A,HP-30,HP-30-002,2023-02-16 08:00:00,120.22324502897784,93.68836004029049,70.24075698397094,9.014622251600068,92.54013939075094,正常
生产部A,HP-30,HP-30-002,2023-02-16 09:00:00,136.40165612675943,85.81913451255751,56.49929337516966,21.047660068159985,82.50073332993277,正常
生产部A,HP-30,HP-30-001,2023-02-16 09:00:00,184.81328939940735,147.4553319460108,46.98977119814648,39.00911567602621,95.74954243962462,泵磨损
生产部A,HP-30,HP-30-002,2023-02-16 10:00:00,141.1009791036165,146.82196658138403,45.92561603182551,22.771302108779246,95.45608734773226,正常
生产部A,HP-30,HP-30-001,2023-02-16 10:00:00,116.6095404725639,115.88204032759958,55.81675278232972,35.389925546937235,95.47413951631759,泵磨损
生产部A,HP-30,HP-30-001,2023-02-16 11:00:00,109.53708862455645,92.12632032456813,33.255878417014095,37.82591163064436,98.55196254415998,泵磨损
生产部A,HP-30,HP-30-002,2023-02-16 11:00:00,106.2872397174816,117.36857194623437,67.02880974894526,21.713392281611817,97.89926131135796,正常
生产部A,HP-30,HP-30-001,2023-02-16 12:00:00,119.8092221571421,126.28822465901195,48.84093858247694,18.42666592965726,82.2601339846635,正常
生产部A,HP-30,HP-30-002,2023-02-16 12:00:00,111.63262928733337,92.14382527643767,77.41359173929784,22.9970442639792,25.587327937832306,污染故障
生产部A,HP-30,HP-30-001,2023-02-16 13:00:00,118.71962206638915,141.46230250812565,32.170120177452525,14.909660802733033,83.39635054181132,正常
生产部A,HP-30,HP-30-002,2023-02-16 13:00:00,100.31197431978579,71.373552777355,76.7361550951584,20.54588991317122,15.779808204042354,污染故障
生产部A,HP-30,HP-30-001,2023-02-16 14:00:00,144.01118366880445,121.56258185761196,39.682328700832116,12.136394994434406,87.94150981212167,正常
生产部A,HP-30,HP-30-002,2023-02-16 14:00:00,174.47896485872675,61.81158077624849,77.13477705798876,24.522928002029225,12.97297995545637,污染故障
生产部A,HP-30,HP-30-001,2023-02-16 15:00:00,96.43539094978165,135.77603446155715,69.2227622374306,23.388390656515554,96.07404193060837,正常
生产部A,HP-30,HP-30-002,2023-02-16 15:00:00,204.3814738552564,64.36423079726421,46.1407092031441,5.087889004859992,84.96111675676178,正常
生产部A,HP-30,HP-30-001,2023-02-16 16:00:00,144.97742752638675,116.87314643874203,49.81713508084534,21.92538361814716,97.79272597775696,正常
生产部A,HP-30,HP-30-002,2023-02-16 16:00:00,145.43690831529196,123.08456438418973,52.04126227433976,24.254726053425028,90.09323875216792,正常
生产部A,HP-30,HP-30-001,2023-02-16 17:00:00,128.6771732299993,69.60852705545706,36.85275281966711,8.271441593469351,91.75581326083162,正常
生产部A,HP-30,HP-30-002,2023-02-16 17:00:00,107.30209130993642,113.90047629926589,32.47229389875945,19.495178754530397,84.06268098105292,正常
生产部A,HP-30,HP-30-001,2023-02-16 18:00:00,187.07772979017633,91.88101834672376,37.65877754364002,21.47357189026684,98.88738662471039,正常
生产部A,HP-30,HP-30-002,2023-02-16 18:00:00,126.35393657007135,73.75000480946889,54.03179370911647,13.98755177453256,80.68355410653551,正常
生产部A,HP-30,HP-30-002,2023-02-16 19:00:00,179.43361888356606,64.39601507606193,35.15872118436967,6.020096409175965,98.45427160057797,正常
生产部A,HP-30,HP-30-001,2023-02-16 19:00:00,110.36847687546127,81.02464295081944,34.052520947121415,13.454173989851267,82.51708689273943,正常
生产部A,HP-30,HP-30-002,2023-02-16 20:00:00,130.78074568033557,50.89689972048599,70.37442473234046,10.047829821602495,97.03163408730832,正常
生产部A,HP-30,HP-30-002,2023-02-16 21:00:00,190.31679813011283,140.29617356636254,64.90036251608957,13.916427768953946,100.63756704809475,正常
生产部A,HP-30,HP-30-002,2023-02-16 22:00:00,122.91759429418542,70.40183079833928,42.98907707891423,13.176168449073066,91.46567352808091,正常
生产部A,HP-30,HP-30-002,2023-02-16 23:00:00,133.8404444864965,142.80613639048013,37.26107677493217,10.589405000468428,82.6686366304826,正常
生产部A,HP-30,HP-30-002,2023-02-17 00:00:00,192.71216735006945,131.6802108507075,56.81883773427541,15.864034857625025,86.6495404791638,正常
生产部A,HP-30,HP-30-002,2023-02-17 01:00:00,108.51944206128769,67.18127976447727,60.8457044541606,7.716858616802096,95.18581499082056,正常
生产部A,HP-30,HP-30-002,2023-02-17 02:00:00,99.50250857729758,143.8787688294772,37.6178079518047,23.115928552986023,86.45059811157374,正常
生产部A,HP-30,HP-30-002,2023-02-17 03:00:00,114.33862780953976,67.99751453645352,42.56372854358224,20.932291877796423,93.43939852754896,正常
生产部A,HP-30,HP-30-002,2023-02-17 04:00:00,190.3739458680558,88.6235396951217,34.35326895547947,16.141851470736786,91.19895473252463,正常
生产部A,HP-30,HP-30-002,2023-02-17 05:00:00,203.74187399834327,111.22135916371266,36.9333388597545,8.787518241399066,97.54548675812025,正常
生产部A,HP-30,HP-30-002,2023-02-17 06:00:00,131.03851225993208,145.0617213424779,56.34904822878999,19.953644538704513,89.83384153870955,正常
生产部A,HP-30,HP-30-002,2023-02-17 07:00:00,163.7855513844995,55.2603183667796,57.499726747785466,19.27057310776136,94.10540574317844,正常
生产部A,HP-30,HP-30-002,2023-02-17 08:00:00,129.18281683671634,86.7696194909996,68.88287332765796,23.671318992481858,99.84318024631855,正常
生产部A,HP-30,HP-30-002,2023-02-17 09:00:00,120.37942796197069,134.63775557541317,41.42691627872417,24.414476041390916,94.42792569288554,正常
生产部A,HP-30,HP-30-002,2023-02-17 10:00:00,111.39650996750754,48.423610848549934,52.93875507210898,13.322876971123403,96.30531688141079,正常
生产部A,HP-30,HP-30-002,2023-02-17 11:00:00,133.60142282276234,56.90421744580972,44.68344561861621,37.92703036787459,83.03409153558457,泵磨损
生产部A,HP-30,HP-30-002,2023-02-17 12:00:00,121.55856104596367,118.1018731225333,64.25332074134424,43.363698715719636,100.10381503591731,泵磨损
生产部A,HP-30,HP-30-002,2023-02-17 13:00:00,185.6797906230397,107.32761954266641,70.11175185894331,36.328542503713315,91.90716102785291,泵磨损
生产部A,HP-30,HP-30-002,2023-02-17 14:00:00,117.24701605819695,93.63592602558008,55.45255181096495,37.050663793482485,90.6052512195892,泵磨损
生产部A,HP-30,HP-30-002,2023-02-17 15:00:00,129.84478307457786,62.76126594427646,39.202784030612605,37.36716756095162,94.0485489271148,泵磨损
生产部A,HP-30,HP-30-002,2023-02-17 16:00:00,112.05195200930896,83.86469828921007,31.811645015600064,38.47962905216857,90.59587681536296,泵磨损
生产部A,HP-30,HP-30-002,2023-02-17 17:00:00,174.9218210734511,68.83326539347884,106.64235898631222,12.324762867267756,17.46022820376386,油温过高
生产部A,HP-30,HP-30-002,2023-02-17 18:00:00,194.58446945128716,61.6613779604527,90.73101843648173,16.550528135083972,46.10110563169874,油温过高
生产部A,HP-30,HP-30-002,2023-02-17 19:00:00,165.26255582033298,82.33305602183907,100.24871344276147,15.8819629357678,13.152181463540893,油温过高
生产部A,HP-30,HP-30-002,2023-02-17 20:00:00,131.74297628525366,149.70886719827504,107.35858885405105,16.63013670009226,2.359125767169415,油温过高
生产部A,HP-30,HP-30-002,2023-02-17 21:00:00,67.67754679354923,20.293847881173715,53.278189127154214,23.932849394595337,99.63518859801724,阀门故障
生产部A,HP-30,HP-30-002,2023-02-17 22:00:00,64.70092180086067,22.696738658293604,51.79872929399851,18.086449636470988,95.47452541715975,阀门故障
生产部A,HP-30,HP-30-002,2023-02-17 23:00:00,56.17123529348514,27.04164551248666,41.965520387315664,11.145639560988652,99.9741588549422,阀门故障
生产部A,HP-30,HP-30-002,2023-02-18 00:00:00,74.47093803716587,30.897939063954105,38.82687049153979,13.958678990784994,98.00082367083058,阀门故障
生产部A,HP-30,HP-30-002,2023-02-18 01:00:00,76.52471248778296,21.363385908458817,46.486078937513454,23.07511658932184,82.08559057559751,阀门故障
生产部A,HP-30,HP-30-002,2023-02-18 02:00:00,71.20729888757319,25.57380246392809,59.07878052961222,5.024130823937059,96.9477247373455,阀门故障
生产部A,HP-30,HP-30-002,2023-02-18 03:00:00,70.53782461862707,21.887980747988895,44.30102768270941,15.221282996971063,94.66123047629493,阀门故障
生产部A,HP-30,HP-30-002,2023-02-18 04:00:00,110.985627247466,73.56198068599558,44.69566949886943,8.721920057875245,98.92913405362955,正常
生产部A,HP-30,HP-30-002,2023-02-18 05:00:00,152.75208462299227,76.26799534505712,74.74898120518043,6.0006446334789505,19.05474150094282,污染故障
生产部A,HP-30,HP-30-002,2023-02-18 06:00:00,186.82919084045278,105.07752618366317,74.18945785325873,23.59231162703384,29.89166941976673,污染故障
生产部A,HP-30,HP-30-002,2023-02-18 07:00:00,142.53537559505372,110.18618261174298,75.94647102138696,12.820893454093229,35.376466079395826,污染故障
生产部A,HP-30,HP-30-002,2023-02-18 08:00:00,160.5793365244972,132.425186859998,79.64615970254022,23.22349175706062,37.678682043194016,污染故障
生产部A,HP-30,HP-30-002,2023-02-18 09:00:00,142.31055052371215,61.58624455504575,55.52004458071065,12.216440623893272,83.32523718611641,正常
生产部A,HP-30,HP-30-002,2023-02-18 10:00:00,109.14474187771424,71.80578338054006,42.375432178527916,23.402732460373784,82.10445797278521,正常
生产部A,HP-30,HP-30-002,2023-02-18 11:00:00,178.9409729680499,72.12277155532836,58.17415213416285,15.988434516472996,86.09648318222175,正常
生产部A,HP-30,HP-30-002,2023-02-18 12:00:00,135.4636273064483,110.91859768590466,46.30871387080832,33.09484949090569,81.02621338688716,泵磨损
生产部A,HP-30,HP-30-002,2023-02-18 13:00:00,127.26517796579802,80.15997561640175,31.130930843314072,31.40225484468327,98.83486540221024,泵磨损
生产部A,HP-30,HP-30-002,2023-02-18 14:00:00,128.981409764847,70.34789797846798,42.14199299018439,32.878669204566464,88.41933691875018,泵磨损
生产部A,HP-30,HP-30-002,2023-02-18 15:00:00,125.76888547061027,102.68978676371468,47.65691200986136,42.34168787655358,82.0513851220351,泵磨损
生产部A,HP-30,HP-30-002,2023-02-18 16:00:00,173.55544438396288,60.017309496243875,53.34753585430512,43.08710485462187,93.03289373157426,泵磨损
生产部A,HP-30,HP-30-002,2023-02-18 17:00:00,119.23354257784251,91.08335332730896,38.13782063861837,31.955761736109935,87.51604631283686,泵磨损
生产部A,HP-30,HP-30-002,2023-02-18 18:00:00,171.802099044714,82.84623977527632,66.75003547530746,44.83328705524922,91.85120499912757,泵磨损
生产部A,HP-30,HP-30-002,2023-02-18 19:00:00,166.98079220664073,48.834317149317656,51.18421665816232,15.253800929964683,95.15360941198941,正常
生产部A,HP-30,HP-30-002,2023-02-18 20:00:00,185.90582814399397,93.14075102997289,57.032023746426255,20.995184247205877,93.7592718127306,正常
生产部A,HP-30,HP-30-002,2023-02-18 21:00:00,156.94305910032645,122.64299535153424,46.67901438604849,21.93526507533776,99.90782643364423,正常
生产部A,HP-30,HP-30-002,2023-02-18 22:00:00,152.9641846596509,73.39051913113816,37.15119590792583,15.627866279908568,92.51011381914851,正常
生产部A,HP-30,HP-30-002,2023-02-18 23:00:00,113.58141774083505,84.79306446926363,34.24395009800193,16.495118805412794,99.91848010106884,正常
生产部A,HP-30,HP-30-002,2023-02-19 00:00:00,158.3957216318001,140.21338889703287,47.85633181219535,7.031458391300293,98.61323147291253,正常
生产部A,HP-30,HP-30-002,2023-02-19 01:00:00,190.69595217926692,79.61243915906422,68.20551167650491,23.764967521028435,93.10967384443346,正常
生产部A,HP-30,HP-30-002,2023-02-19 02:00:00,148.14373581342167,108.49782253918308,55.48741709124869,23.9336217719714,93.23975269223966,正常
生产部A,HP-30,HP-30-002,2023-02-19 03:00:00,149.03395983645683,124.82264760752963,40.109111498371504,11.198819056740138,92.32826641041169,正常
生产部A,HP-30,HP-30-002,2023-02-19 04:00:00,160.88404145350634,140.3802694084848,60.962442806002535,25.21943414284911,81.99021685521218,正常
生产部A,HP-30,HP-30-002,2023-02-19 05:00:00,153.6995028554227,104.86426993682012,57.51269845173142,17.329503856394936,86.85632596506052,正常
生产部A,HP-30,HP-30-002,2023-02-19 06:00:00,101.53965140217755,93.94118755209061,65.11053702234473,6.493058740344517,85.57470370061863,正常
生产部A,HP-30,HP-30-002,2023-02-19 07:00:00,191.03076352361452,95.75587985612343,63.96958941898674,16.340973020535106,94.48642722287663,正常
生产部A,HP-30,HP-30-002,2023-02-19 08:00:00,129.41993387360776,149.2421122881213,65.41046949604117,13.173437151971928,93.16885376177883,正常
生产部A,HP-30,HP-30-002,2023-02-19 09:00:00,102.75459575223067,51.32859696761471,67.72584840508569,11.491084931720996,95.36295329823362,正常
生产部A,HP-30,HP-30-002,2023-02-19 10:00:00,156.01149552316275,120.00691820367202,39.58628813096049,24.631408374819625,97.93189321983834,正常
生产部A,HP-30,HP-30-002,2023-02-19 11:00:00,141.2868254257157,123.53504059784662,37.29276275377572,10.783884015817828,93.76394068800764,正常
生产部A,HP-30,HP-30-002,2023-02-19 12:00:00,194.11989571511765,83.74619649158073,38.93391447242334,14.047997370618043,84.91907339963068,正常
生产部A,HP-30,HP-30-002,2023-02-19 13:00:00,156.56626004520845,72.75297172893718,40.519673524175076,7.575607373975452,92.8973571653806,正常
生产部A,HP-30,HP-30-002,2023-02-19 14:00:00,131.13519838158064,52.93743892579872,55.81212765155103,23.530335384945158,98.95329277463313,正常
生产部A,HP-30,HP-30-002,2023-02-19 15:00:00,194.1162508232127,153.09871922651692,54.99592887856331,12.15069221935489,92.00809496713974,正常
生产部A,HP-30,HP-30-002,2023-02-19 16:00:00,124.13295214040062,121.32530837399982,34.6853520346231,9.639909160543098,90.8736881940449,正常
生产部A,HP-30,HP-30-002,2023-02-19 17:00:00,174.83087955101058,57.17228589787639,40.74583268325342,14.52654560274214,98.30279022921734,正常
生产部A,HP-30,HP-30-002,2023-02-19 18:00:00,137.96147753307875,106.57093540753189,30.33133519595371,17.07234945938368,97.94890868566372,正常
生产部A,HP-30,HP-30-002,2023-02-19 19:00:00,112.27356418633089,143.95899548699077,45.92822456653381,15.930928712595822,97.06965603837024,正常
