timestamp,device_id,department,temp,vibration,oil_pressure,voltage,rpm,故障类型
2024-04-27 14:45:00,DEV-028,研发部,92.18,3.62,12.68,215.67,2311.75,散热系统故障
2024-04-18 13:29:00,DEV-078,质检部,53.24,2.35,12.94,175.09,2139.19,电力供应故障
2023-10-11 20:44:00,DEV-056,研发部,49.37,0.93,9.45,194.95,2009.35,正常运行
2022-08-15 04:31:00,DEV-071,维修部,103.28,3.51,11.34,238.33,2073.2,散热系统故障
2022-09-20 18:00:00,DEV-069,研发部,37.54,1.66,15.0,214.7,1954.9,正常运行
2023-09-04 21:15:00,DEV-075,维修部,47.84,1.52,5.45,230.01,2036.22,正常运行
2022-11-24 21:56:00,DEV-030,研发部,57.43,2.32,5.13,225.11,2005.11,正常运行
2024-04-12 11:56:00,DEV-089,生产部,60.86,1.01,9.92,201.85,2285.65,正常运行
2023-11-05 17:23:00,DEV-088,生产部,63.57,0.98,7.77,215.75,2184.36,正常运行
2022-11-04 05:01:00,DEV-071,维修部,51.28,2.58,8.05,247.92,2055.17,正常运行
2023-11-25 08:35:00,DEV-032,生产部,71.89,2.36,6.53,226.98,2167.04,正常运行
2024-02-29 19:26:00,DEV-055,生产部,80.0,0.66,7.15,215.62,2123.09,正常运行
2023-12-27 06:55:00,DEV-008,质检部,89.37,4.2,10.02,225.3,2198.94,散热系统故障
2023-11-03 07:19:00,DEV-100,生产部,65.56,1.01,12.68,223.27,1941.06,正常运行
2024-08-30 22:23:00,DEV-059,研发部,90.81,3.91,8.86,228.75,2256.16,散热系统故障
2023-10-06 12:24:00,DEV-045,质检部,45.64,1.36,14.11,205.23,1909.75,正常运行
2022-07-05 22:07:00,DEV-003,生产部,39.79,1.61,10.9,219.28,2028.68,正常运行
2023-04-28 12:53:00,DEV-074,生产部,80.0,1.97,14.74,201.82,2431.95,正常运行
2024-08-09 18:31:00,DEV-076,生产部,57.31,0.61,15.0,220.89,2002.79,正常运行
2023-05-14 11:50:00,DEV-096,生产部,49.04,2.17,13.73,221.98,2072.29,正常运行
2023-12-07 21:12:00,DEV-053,维修部,65.16,1.08,14.06,180.0,2079.12,正常运行
2023-05-04 00:12:00,DEV-089,维修部,60.02,0.85,13.06,229.79,2166.73,正常运行
2023-08-11 08:09:00,DEV-071,维修部,66.09,1.27,5.0,216.86,2106.7,正常运行
2022-03-17 19:16:00,DEV-067,生产部,96.61,3.18,9.74,237.43,2093.0,散热系统故障
2024-05-26 03:21:00,DEV-028,生产部,45.95,1.92,11.78,214.4,2048.41,正常运行
2022-02-22 01:12:00,DEV-088,质检部,65.35,0.14,9.83,225.76,1993.46,正常运行
2022-05-31 09:34:00,DEV-006,维修部,58.57,1.99,13.75,220.98,2233.84,正常运行
2024-01-19 19:55:00,DEV-018,维修部,37.92,1.32,5.0,226.78,1751.99,正常运行
2022-12-07 18:49:00,DEV-052,生产部,57.79,0.61,7.1,231.62,2035.82,正常运行
2022-02-06 21:03:00,DEV-008,研发部,57.79,1.65,13.56,216.45,1762.92,正常运行
2024-10-13 07:17:00,DEV-039,维修部,48.49,0.0,7.57,234.35,2103.39,正常运行
2023-11-30 16:01:00,DEV-098,质检部,64.04,1.49,5.0,203.91,1801.48,正常运行
2022-08-31 04:07:00,DEV-066,维修部,60.14,0.0,12.5,222.46,2053.06,正常运行
2023-07-06 18:02:00,DEV-057,质检部,80.0,2.02,11.97,240.49,2326.15,正常运行
2023-08-19 12:54:00,DEV-079,研发部,49.06,1.7,6.64,238.78,2183.16,正常运行
2023-06-01 14:21:00,DEV-070,质检部,58.6,0.75,11.93,224.15,1869.86,正常运行
2023-03-05 14:02:00,DEV-025,生产部,63.38,1.71,5.0,239.98,2008.77,正常运行
2022-05-15 12:12:00,DEV-008,维修部,56.56,0.71,12.12,213.59,1906.32,正常运行
2023-04-20 06:35:00,DEV-058,质检部,45.18,1.48,12.44,186.94,1785.33,正常运行
2022-09-21 00:58:00,DEV-051,维修部,61.02,1.99,8.19,198.26,2209.41,正常运行
2023-01-11 00:55:00,DEV-074,维修部,57.67,0.07,9.89,242.98,1970.71,正常运行
2022-12-11 13:51:00,DEV-051,维修部,65.45,2.08,11.53,173.0,2190.5,电力供应故障
2023-12-15 23:58:00,DEV-093,维修部,70.16,1.67,9.71,211.83,2079.83,正常运行
2023-04-15 17:05:00,DEV-036,研发部,64.81,0.8,9.38,204.53,2164.47,正常运行
2024-05-15 20:30:00,DEV-085,研发部,60.71,1.19,11.23,245.75,2084.71,正常运行
2022-03-10 10:47:00,DEV-036,质检部,50.42,2.02,13.18,227.69,1985.17,正常运行
2022-07-30 16:41:00,DEV-069,维修部,56.58,2.22,10.62,226.69,2084.7,正常运行
2022-01-10 07:11:00,DEV-043,维修部,53.66,1.21,6.22,225.67,2188.38,正常运行
2024-12-05 22:34:00,DEV-053,生产部,59.26,1.35,11.78,221.49,1921.92,正常运行
2023-06-16 23:26:00,DEV-073,研发部,62.26,1.51,7.07,239.55,2132.94,正常运行
2022-10-28 22:46:00,DEV-010,生产部,52.86,0.46,13.48,212.98,2069.3,正常运行
2023-10-21 05:24:00,DEV-079,研发部,57.17,1.46,5.88,207.7,1577.62,正常运行
2023-09-09 09:47:00,DEV-037,质检部,95.12,1.93,2.82,194.71,2118.75,润滑系统异常
2022-03-02 10:39:00,DEV-087,研发部,62.33,1.12,15.0,200.98,1734.17,正常运行
2024-04-18 10:40:00,DEV-026,质检部,51.12,3.85,13.98,195.36,2742.98,传动系统异常
2022-10-05 16:13:00,DEV-071,维修部,69.47,0.0,9.15,195.07,1993.55,正常运行
2024-02-15 16:40:00,DEV-099,生产部,67.11,3.23,7.53,230.52,2611.39,传动系统异常
2024-09-12 04:20:00,DEV-082,质检部,67.62,0.14,8.06,250.0,1902.87,正常运行
2023-07-13 03:36:00,DEV-074,维修部,61.24,0.87,9.39,232.06,1845.85,正常运行
2022-07-26 13:40:00,DEV-086,质检部,51.33,1.46,11.32,228.87,2268.52,正常运行
2023-02-24 02:44:00,DEV-099,维修部,54.3,1.99,14.01,217.89,1966.28,正常运行
2022-08-07 14:37:00,DEV-097,维修部,53.37,3.0,11.47,224.29,1786.66,正常运行
2024-02-01 13:58:00,DEV-080,维修部,57.53,1.95,9.59,231.7,1765.16,正常运行
2023-01-16 02:21:00,DEV-070,研发部,53.78,2.06,13.09,221.63,2092.53,正常运行
2023-01-10 02:42:00,DEV-078,生产部,77.12,2.32,9.21,235.44,1905.69,正常运行
2023-01-10 03:07:00,DEV-041,生产部,99.29,3.8,12.54,213.84,2348.76,散热系统故障
2024-09-18 02:58:00,DEV-003,质检部,68.67,1.2,9.02,222.62,1824.34,正常运行
2024-08-19 14:55:00,DEV-011,研发部,49.03,0.96,13.41,188.94,2014.02,正常运行
2024-06-02 02:05:00,DEV-095,生产部,58.73,1.06,5.74,207.14,2039.64,正常运行
2022-04-13 07:42:00,DEV-036,维修部,88.13,1.02,3.69,235.61,1542.99,润滑系统异常
2022-12-29 08:46:00,DEV-046,维修部,64.33,0.85,7.3,237.98,1842.01,正常运行
2024-06-02 01:46:00,DEV-075,维修部,39.65,2.04,9.86,239.48,2021.54,正常运行
2022-01-07 08:01:00,DEV-043,质检部,52.12,1.12,9.29,212.65,1500.0,正常运行
2023-12-28 08:16:00,DEV-066,生产部,47.22,1.45,5.13,184.3,1853.15,正常运行
2023-09-18 12:54:00,DEV-099,质检部,104.42,4.24,13.8,232.28,2398.64,散热系统故障
2024-10-08 09:10:00,DEV-080,生产部,74.04,1.92,15.47,184.79,1799.9,电力供应故障
2022-11-04 09:29:00,DEV-095,维修部,54.79,1.3,9.59,234.75,2021.33,正常运行
2023-12-24 11:39:00,DEV-080,研发部,55.04,2.87,6.9,215.88,1784.02,正常运行
2023-04-27 14:13:00,DEV-029,研发部,67.07,2.34,6.09,208.04,1810.54,正常运行
2023-12-21 15:41:00,DEV-040,生产部,89.98,1.06,2.3,222.75,1982.96,润滑系统异常
2024-01-07 14:53:00,DEV-068,研发部,59.12,0.58,9.37,242.38,1879.31,正常运行
2023-01-31 03:27:00,DEV-100,维修部,86.8,3.43,8.1,199.31,2020.95,散热系统故障
2023-02-01 09:10:00,DEV-048,生产部,54.11,1.13,12.57,245.16,1838.97,正常运行
2024-02-09 15:29:00,DEV-053,维修部,54.33,1.38,8.94,224.18,2156.22,正常运行
2022-03-20 05:38:00,DEV-034,生产部,56.34,3.64,11.46,236.16,2667.58,传动系统异常
2023-07-14 07:44:00,DEV-078,生产部,43.31,2.93,7.97,196.77,1931.37,正常运行
2022-07-04 04:04:00,DEV-079,生产部,56.64,1.79,9.18,230.43,2154.84,正常运行
2024-05-19 17:21:00,DEV-014,生产部,70.61,1.95,10.0,182.21,1901.27,电力供应故障
2024-02-07 18:09:00,DEV-089,质检部,35.0,1.41,10.66,238.52,1793.61,正常运行
2023-10-26 05:16:00,DEV-042,研发部,48.26,1.91,9.64,218.34,2034.64,正常运行
2024-12-21 04:18:00,DEV-040,质检部,41.64,2.02,8.29,217.37,1980.94,正常运行
2023-09-11 06:53:00,DEV-051,维修部,60.02,1.71,13.65,199.54,2078.84,正常运行
2024-07-02 05:52:00,DEV-016,维修部,61.32,0.23,11.07,229.71,2098.71,正常运行
2022-01-16 08:25:00,DEV-069,生产部,57.95,1.81,13.36,218.0,2041.1,正常运行
2024-03-13 19:10:00,DEV-024,研发部,66.12,3.0,6.47,203.85,1768.05,正常运行
2023-12-15 22:02:00,DEV-086,质检部,71.1,3.0,8.41,234.36,1978.78,正常运行
2024-06-18 09:19:00,DEV-079,质检部,56.15,2.6,8.73,204.56,2946.8,传动系统异常
2023-01-01 03:16:00,DEV-036,维修部,56.25,2.03,12.47,206.11,1753.63,正常运行
2023-02-26 04:57:00,DEV-091,维修部,63.61,0.32,13.57,195.99,1955.9,正常运行
2023-02-01 12:50:00,DEV-069,质检部,51.7,3.53,7.41,195.95,2763.8,传动系统异常
2024-07-12 17:23:00,DEV-010,研发部,67.84,1.33,8.05,211.41,2261.28,正常运行
2022-11-06 19:48:00,DEV-001,生产部,60.78,0.63,6.41,214.14,1943.02,正常运行
2023-05-13 19:24:00,DEV-058,生产部,50.71,0.59,8.96,211.21,1955.68,正常运行
2023-02-23 18:19:00,DEV-082,维修部,57.89,1.71,7.28,222.7,2097.48,正常运行
2022-12-29 17:00:00,DEV-012,维修部,38.15,2.42,11.21,226.41,1687.73,正常运行
2022-09-16 03:56:00,DEV-031,质检部,42.71,1.41,14.55,160.43,1907.48,电力供应故障
2023-04-05 18:21:00,DEV-074,生产部,67.87,2.27,11.24,232.33,2379.36,正常运行
2024-12-11 04:07:00,DEV-093,研发部,70.51,2.16,10.47,245.96,1833.01,正常运行
2022-07-29 07:24:00,DEV-054,维修部,60.3,1.44,8.45,212.8,2006.03,正常运行
2024-09-23 18:52:00,DEV-058,质检部,68.89,1.06,8.66,206.06,1690.58,正常运行
2023-11-05 21:53:00,DEV-077,维修部,65.14,0.27,13.83,224.98,1850.3,正常运行
2024-10-28 11:49:00,DEV-092,质检部,54.42,2.0,9.73,218.66,1676.04,正常运行
2022-02-21 05:29:00,DEV-073,研发部,48.78,1.5,7.14,192.6,1848.92,正常运行
2024-10-11 18:50:00,DEV-094,质检部,63.77,2.15,8.05,231.58,2222.32,正常运行
2024-02-27 18:13:00,DEV-088,质检部,64.78,1.4,11.15,230.33,1802.68,正常运行
2022-11-14 06:58:00,DEV-005,维修部,86.03,3.79,6.86,200.04,2430.15,散热系统故障
2024-06-04 04:04:00,DEV-078,研发部,70.16,3.19,6.41,226.16,2825.24,传动系统异常
2024-03-31 22:56:00,DEV-059,研发部,85.89,2.66,1.51,208.61,1920.25,润滑系统异常
2022-12-16 12:29:00,DEV-063,研发部,54.49,1.72,11.06,211.04,2238.86,正常运行
2022-01-28 20:15:00,DEV-068,生产部,60.62,1.43,6.05,180.0,1632.37,正常运行
2024-01-17 05:50:00,DEV-047,生产部,99.97,1.14,3.95,237.51,2096.5,润滑系统异常
2022-02-22 13:38:00,DEV-029,质检部,57.75,0.8,5.0,224.69,2356.49,正常运行
2024-05-21 05:05:00,DEV-028,生产部,50.78,2.86,11.55,237.73,2071.63,正常运行
2023-01-28 14:55:00,DEV-049,维修部,65.19,1.11,9.32,219.39,2126.86,正常运行
2022-10-07 21:37:00,DEV-050,生产部,69.18,0.41,8.26,206.12,1500.0,正常运行
2022-12-09 06:39:00,DEV-084,维修部,60.29,2.66,9.5,198.37,1624.56,正常运行
2024-03-28 01:05:00,DEV-100,质检部,96.5,1.77,2.41,198.34,1513.04,润滑系统异常
2023-02-06 14:24:00,DEV-051,研发部,96.42,1.43,2.45,212.59,2007.41,润滑系统异常
2024-02-17 07:11:00,DEV-089,研发部,62.23,0.75,8.36,215.77,2210.15,正常运行
2022-08-19 03:21:00,DEV-089,质检部,41.12,1.68,10.78,164.9,1986.08,电力供应故障
2023-04-27 07:58:00,DEV-085,质检部,71.41,1.11,5.18,207.05,2245.63,正常运行
2024-11-08 17:00:00,DEV-076,生产部,59.76,3.0,8.28,236.29,1921.08,正常运行
2024-04-24 02:12:00,DEV-007,质检部,99.7,3.14,8.37,236.33,2100.39,散热系统故障
2024-07-24 12:25:00,DEV-046,维修部,43.37,1.36,12.45,215.27,2018.5,正常运行
2024-11-03 06:56:00,DEV-085,质检部,58.89,1.43,10.54,247.99,1912.23,正常运行
2023-08-25 20:09:00,DEV-054,维修部,59.74,1.35,11.78,187.96,2094.83,正常运行
2022-10-21 23:04:00,DEV-049,研发部,55.79,0.89,10.51,200.17,1866.35,正常运行
2023-09-07 00:24:00,DEV-010,研发部,71.06,2.56,13.96,225.28,1825.65,正常运行
2022-10-11 03:41:00,DEV-099,生产部,95.98,3.7,11.8,232.9,2012.07,散热系统故障
2022-05-19 09:34:00,DEV-042,研发部,86.39,3.76,11.13,206.36,2283.18,散热系统故障
2024-02-24 00:59:00,DEV-097,生产部,90.4,1.74,3.94,233.08,1531.56,润滑系统异常
2024-08-01 06:39:00,DEV-001,生产部,46.26,0.64,5.0,222.74,2115.8,正常运行
2024-12-18 22:07:00,DEV-063,研发部,44.35,1.33,6.75,204.76,1798.56,正常运行
2023-02-22 08:07:00,DEV-040,维修部,93.67,2.9,1.44,239.68,1950.99,润滑系统异常
2023-04-09 02:19:00,DEV-046,质检部,74.05,2.61,7.36,221.15,1901.31,正常运行
2024-11-21 16:37:00,DEV-011,质检部,60.2,2.1,12.35,226.64,2250.43,正常运行
2023-09-04 18:16:00,DEV-077,研发部,54.09,1.24,10.07,214.91,1671.49,正常运行
2022-05-09 19:51:00,DEV-090,研发部,40.22,1.49,10.21,232.21,1896.06,正常运行
2022-09-18 09:59:00,DEV-002,生产部,64.92,0.19,9.65,223.92,1962.69,正常运行
2023-08-28 16:50:00,DEV-061,研发部,59.37,2.15,10.9,179.08,2091.79,电力供应故障
2024-09-10 00:13:00,DEV-077,质检部,61.59,1.57,9.66,198.29,2387.62,正常运行
2024-08-17 16:33:00,DEV-065,生产部,57.2,1.92,5.0,207.48,1861.79,正常运行
2024-11-06 19:03:00,DEV-052,质检部,64.25,2.71,5.0,227.65,2143.55,正常运行
2023-04-07 03:22:00,DEV-040,维修部,52.38,2.2,9.54,215.26,2220.63,正常运行
2023-04-01 17:15:00,DEV-008,质检部,68.04,0.68,9.83,165.09,1793.88,电力供应故障
2023-08-21 16:47:00,DEV-048,生产部,49.12,0.95,7.88,216.09,1702.53,正常运行
2024-02-10 20:22:00,DEV-077,研发部,53.22,1.67,8.55,244.58,2045.05,正常运行
2022-07-24 01:35:00,DEV-083,生产部,67.55,1.92,12.57,249.38,1805.46,正常运行
2022-08-20 00:14:00,DEV-064,生产部,65.72,2.61,6.64,212.9,2352.66,正常运行
2022-06-09 13:27:00,DEV-044,维修部,41.31,1.12,8.21,184.34,2140.04,正常运行
2022-02-25 15:40:00,DEV-094,生产部,73.2,1.15,13.55,215.83,1932.56,正常运行
2022-02-01 09:42:00,DEV-086,研发部,62.84,1.76,8.16,180.0,1822.9,正常运行
2022-01-27 21:03:00,DEV-092,生产部,53.39,1.12,9.66,228.18,1948.16,正常运行
2022-12-05 07:26:00,DEV-097,生产部,74.5,3.25,14.18,229.46,2714.84,传动系统异常
2023-09-12 05:25:00,DEV-096,生产部,50.45,2.7,6.72,191.27,2734.34,传动系统异常
2024-01-17 15:18:00,DEV-030,维修部,54.42,0.0,8.19,213.43,2024.61,正常运行
2023-04-15 21:16:00,DEV-029,质检部,50.88,1.71,8.13,215.85,2204.95,正常运行
2023-09-08 11:21:00,DEV-073,质检部,60.04,0.91,8.54,238.46,2337.0,正常运行
2022-01-05 12:52:00,DEV-078,质检部,79.09,2.15,9.35,232.89,2093.34,正常运行
2022-07-16 04:10:00,DEV-013,研发部,62.91,2.09,9.88,235.54,2164.89,正常运行
2023-10-25 22:20:00,DEV-022,维修部,72.25,0.63,8.33,229.56,1834.78,正常运行
2024-03-03 09:38:00,DEV-085,生产部,74.15,1.46,7.85,208.48,1946.18,正常运行
2022-02-17 02:25:00,DEV-009,生产部,42.31,2.1,9.26,164.66,2184.9,电力供应故障
2022-12-10 11:29:00,DEV-004,质检部,57.66,0.79,8.76,212.76,2032.83,正常运行
2023-10-03 07:07:00,DEV-032,质检部,63.14,0.96,5.11,238.44,2032.86,正常运行
2023-04-22 21:35:00,DEV-028,生产部,51.03,1.44,10.2,208.66,1786.09,正常运行
2022-04-23 03:22:00,DEV-057,质检部,62.95,0.37,14.37,226.5,1851.35,正常运行
2024-04-21 04:55:00,DEV-042,维修部,102.84,3.67,10.78,191.6,2128.65,散热系统故障
2023-06-18 02:41:00,DEV-048,维修部,86.37,1.04,1.15,220.47,1929.81,润滑系统异常
2023-04-30 22:38:00,DEV-076,质检部,58.49,0.73,10.45,218.3,2500.0,正常运行
2022-10-04 13:09:00,DEV-005,生产部,56.26,1.83,10.73,221.02,2163.6,正常运行
2022-08-02 18:53:00,DEV-066,研发部,47.13,0.88,8.26,168.25,1516.88,电力供应故障
2023-06-26 08:05:00,DEV-011,维修部,52.45,1.89,11.39,230.76,1902.38,正常运行
2022-03-09 10:15:00,DEV-008,维修部,67.17,0.98,10.17,209.12,2107.52,正常运行
2022-02-06 21:50:00,DEV-088,维修部,38.98,1.59,11.1,217.26,2191.92,正常运行
2022-10-05 04:45:00,DEV-048,生产部,51.69,0.81,6.41,199.13,2045.08,正常运行
2023-11-10 21:00:00,DEV-054,质检部,58.96,3.0,9.91,242.68,1885.09,正常运行
2022-07-30 18:23:00,DEV-093,质检部,80.0,0.48,12.89,218.38,1977.4,正常运行
2023-05-08 16:32:00,DEV-038,质检部,49.65,2.29,11.75,214.64,2138.24,正常运行
2022-06-19 17:03:00,DEV-076,生产部,49.2,1.41,13.34,230.28,2280.4,正常运行
2023-02-06 13:09:00,DEV-023,维修部,52.04,0.86,9.3,224.39,1960.99,正常运行
2022-01-11 20:07:00,DEV-088,维修部,51.76,0.9,7.88,214.73,1944.8,正常运行
2022-07-31 02:50:00,DEV-088,研发部,72.48,2.05,5.0,209.03,1795.36,正常运行
2022-12-29 05:57:00,DEV-093,维修部,46.24,1.23,8.21,236.11,1915.92,正常运行
2024-05-03 16:35:00,DEV-020,生产部,58.29,0.0,5.63,213.68,1737.17,正常运行
2022-09-06 19:57:00,DEV-003,生产部,52.08,2.61,14.13,210.42,2787.42,传动系统异常
2022-10-02 13:04:00,DEV-070,质检部,60.32,0.59,6.28,206.81,2169.18,正常运行
2022-10-18 20:46:00,DEV-024,生产部,67.93,1.83,11.08,180.93,1894.91,正常运行
2022-01-31 02:34:00,DEV-033,生产部,47.89,1.88,10.79,170.13,1996.39,电力供应故障
2022-01-28 01:34:00,DEV-080,研发部,76.1,0.18,15.0,233.27,2053.64,正常运行
2022-03-15 14:54:00,DEV-053,质检部,65.83,2.61,6.22,219.36,2718.97,传动系统异常
2024-06-28 13:52:00,DEV-087,质检部,73.87,3.67,7.05,214.98,2984.17,传动系统异常
2024-09-03 21:28:00,DEV-006,生产部,70.89,0.87,15.94,180.23,1596.29,电力供应故障
2023-10-24 20:05:00,DEV-020,质检部,70.67,2.24,15.0,199.02,2112.59,正常运行
2024-06-04 00:21:00,DEV-096,质检部,56.01,1.91,8.13,231.28,2195.38,正常运行
2023-05-26 09:52:00,DEV-028,研发部,61.66,1.84,7.91,225.56,1791.95,正常运行
2022-11-04 14:17:00,DEV-006,质检部,44.57,1.7,10.24,217.67,2220.69,正常运行
2022-04-21 09:07:00,DEV-067,研发部,66.91,0.66,13.25,161.39,1580.66,电力供应故障
2024-11-06 07:31:00,DEV-065,质检部,59.88,2.27,10.23,207.23,1840.55,正常运行
2023-10-10 13:50:00,DEV-071,研发部,67.17,1.43,15.0,236.56,1897.32,正常运行
2022-01-30 13:27:00,DEV-075,质检部,50.81,1.95,9.35,214.66,2182.37,正常运行
2022-07-26 16:31:00,DEV-094,维修部,66.89,0.36,9.44,205.62,1872.69,正常运行
2022-09-01 07:10:00,DEV-078,研发部,47.54,1.43,11.46,216.1,1649.68,正常运行
2023-10-12 18:18:00,DEV-019,生产部,54.67,1.96,14.01,196.11,2151.47,正常运行
2023-04-01 20:44:00,DEV-079,维修部,79.01,1.45,7.87,197.29,1639.37,正常运行
2022-03-08 22:23:00,DEV-098,质检部,48.02,0.56,11.28,171.48,2175.16,电力供应故障
2022-08-24 05:27:00,DEV-054,生产部,40.87,2.0,15.0,208.26,2476.69,正常运行
2023-09-24 18:06:00,DEV-048,生产部,66.68,2.55,9.72,207.84,1882.26,正常运行
2023-07-13 20:29:00,DEV-073,生产部,63.73,1.17,11.62,203.83,1871.86,正常运行
2022-05-12 12:41:00,DEV-048,研发部,64.49,3.48,10.04,238.36,2876.84,传动系统异常
2022-12-19 10:11:00,DEV-049,生产部,75.28,3.42,8.77,194.35,2787.86,传动系统异常
2024-07-13 16:15:00,DEV-039,研发部,66.24,0.92,11.59,222.26,1976.43,正常运行
2022-05-23 21:59:00,DEV-088,生产部,60.6,0.21,8.35,232.2,2089.8,正常运行
2022-11-13 06:45:00,DEV-066,质检部,51.98,1.2,8.31,218.93,2126.49,正常运行
2023-04-11 12:44:00,DEV-079,质检部,94.15,3.95,7.85,210.15,2409.83,散热系统故障
2024-10-26 15:37:00,DEV-034,质检部,96.59,3.55,10.49,211.93,2000.63,散热系统故障
2024-09-28 21:34:00,DEV-097,生产部,89.1,2.23,1.65,228.61,1659.28,润滑系统异常
2023-12-06 09:48:00,DEV-065,质检部,69.53,1.26,11.38,217.91,2051.36,正常运行
2022-11-28 23:26:00,DEV-097,生产部,70.1,0.43,6.94,195.92,1834.84,正常运行
2022-08-21 18:25:00,DEV-094,研发部,61.24,2.78,10.65,198.75,2073.03,正常运行
2023-10-09 12:52:00,DEV-023,质检部,38.13,2.04,12.15,201.17,1706.79,正常运行
2024-11-14 03:29:00,DEV-094,维修部,50.36,1.74,5.38,226.02,2178.22,正常运行
2022-05-02 16:03:00,DEV-076,质检部,64.13,1.02,10.26,243.92,2024.43,正常运行
2022-07-26 08:37:00,DEV-055,研发部,62.24,0.64,8.69,193.11,2093.52,正常运行
2022-07-29 23:37:00,DEV-022,研发部,56.98,1.33,9.24,220.3,1989.1,正常运行
2022-01-20 02:22:00,DEV-029,维修部,85.04,4.45,7.86,235.85,1876.31,散热系统故障
2024-04-18 00:27:00,DEV-024,质检部,74.0,0.34,6.52,219.52,2030.66,正常运行
2024-04-05 04:48:00,DEV-094,生产部,46.79,1.25,8.35,221.87,2194.18,正常运行
2023-12-23 06:42:00,DEV-097,质检部,75.03,2.12,8.55,238.56,1949.1,正常运行
2023-05-13 20:45:00,DEV-068,生产部,86.52,3.81,11.19,225.53,2250.7,散热系统故障
2023-02-02 22:24:00,DEV-037,生产部,59.84,2.23,7.83,215.32,1788.73,正常运行
2022-07-02 09:43:00,DEV-082,维修部,102.34,3.47,6.64,212.25,2349.57,散热系统故障
2024-07-24 19:15:00,DEV-086,质检部,66.8,1.19,11.31,244.96,1852.15,正常运行
2024-11-27 19:58:00,DEV-007,质检部,46.43,0.44,10.75,250.0,1777.87,正常运行
2022-02-24 04:03:00,DEV-073,生产部,89.09,3.02,8.8,194.59,2025.04,散热系统故障
2024-08-12 12:20:00,DEV-062,质检部,39.85,1.29,6.64,216.26,2136.19,正常运行
2023-12-06 16:20:00,DEV-003,维修部,56.39,1.32,13.46,209.63,2155.02,正常运行
2024-12-19 19:51:00,DEV-058,质检部,62.45,3.0,7.59,243.06,2094.43,正常运行
2022-09-16 10:06:00,DEV-089,维修部,74.6,2.02,10.46,217.1,1975.23,正常运行
2023-11-29 17:10:00,DEV-025,维修部,46.27,1.57,13.29,199.64,1842.82,正常运行
2022-06-15 13:23:00,DEV-033,维修部,72.15,1.02,5.0,229.61,1759.74,正常运行
2024-02-04 13:08:00,DEV-067,质检部,98.97,2.14,1.89,239.86,1976.57,润滑系统异常
2022-08-31 03:15:00,DEV-075,维修部,43.17,1.8,5.78,204.98,2060.66,正常运行
2024-10-14 06:52:00,DEV-024,维修部,90.43,4.11,12.23,231.56,2019.02,散热系统故障
2024-06-09 13:43:00,DEV-100,维修部,45.21,2.84,7.79,207.49,1546.79,正常运行
2022-09-04 07:14:00,DEV-082,维修部,55.76,1.09,9.37,233.64,1924.62,正常运行
2023-09-07 06:42:00,DEV-084,维修部,62.66,2.57,8.95,203.72,2093.41,正常运行
2022-03-11 20:35:00,DEV-034,维修部,50.4,1.09,8.2,237.72,1991.56,正常运行
2023-11-28 08:25:00,DEV-037,质检部,74.52,1.51,8.21,215.51,2161.78,正常运行
2024-07-28 19:38:00,DEV-087,维修部,94.57,2.66,3.67,190.29,2069.42,润滑系统异常
2023-07-11 03:25:00,DEV-031,质检部,72.22,1.59,14.54,250.0,2005.59,正常运行
2024-02-03 13:27:00,DEV-062,研发部,54.7,3.99,6.73,227.58,2916.55,传动系统异常
2022-12-02 21:45:00,DEV-080,生产部,65.47,0.0,9.35,204.65,2060.34,正常运行
2022-07-07 04:22:00,DEV-018,维修部,57.26,0.96,7.19,212.17,2087.81,正常运行
2024-06-30 20:14:00,DEV-061,生产部,54.39,0.77,9.65,197.48,2078.88,正常运行
2023-03-16 03:07:00,DEV-033,研发部,56.2,2.06,8.42,223.85,2023.52,正常运行
2023-01-17 10:49:00,DEV-095,质检部,47.18,2.42,5.0,211.56,1879.68,正常运行
2023-03-17 19:08:00,DEV-027,质检部,48.62,0.49,6.72,232.94,2068.1,正常运行
2022-03-28 06:59:00,DEV-038,质检部,61.79,1.95,14.54,184.62,2255.77,正常运行
2022-03-05 20:33:00,DEV-091,生产部,58.1,2.65,7.92,226.82,2091.01,正常运行
2022-06-21 04:06:00,DEV-041,质检部,62.47,1.62,9.75,222.37,2061.8,正常运行
2024-06-09 19:17:00,DEV-047,生产部,67.34,1.49,6.64,203.17,1854.86,正常运行
2024-10-16 21:21:00,DEV-070,研发部,52.4,1.53,10.92,231.76,2393.7,正常运行
2024-05-07 15:50:00,DEV-099,维修部,70.97,0.99,12.11,224.2,1699.36,正常运行
2023-09-24 22:09:00,DEV-080,研发部,58.3,1.45,15.0,243.53,1734.38,正常运行
2024-01-11 01:18:00,DEV-050,质检部,43.38,1.11,9.7,235.0,1922.39,正常运行
2024-03-15 13:59:00,DEV-046,维修部,79.82,3.82,9.66,223.32,2868.49,传动系统异常
2023-09-25 18:46:00,DEV-064,维修部,65.13,1.29,12.22,229.23,1812.91,正常运行
2023-08-14 16:43:00,DEV-094,研发部,53.91,0.44,9.28,205.83,2082.31,正常运行
2024-09-30 10:42:00,DEV-079,维修部,65.92,1.96,8.15,203.48,2311.22,正常运行
2022-07-16 07:07:00,DEV-099,生产部,55.85,2.65,9.27,218.88,2719.01,传动系统异常
2024-06-24 17:11:00,DEV-037,维修部,79.73,0.76,10.5,226.75,1752.17,正常运行
2023-07-26 22:38:00,DEV-073,生产部,56.07,0.41,12.1,216.35,2003.07,正常运行
2022-05-23 17:45:00,DEV-026,维修部,58.06,1.04,12.73,213.67,1891.93,正常运行
2024-01-30 08:16:00,DEV-095,生产部,60.05,2.36,13.32,250.0,2102.73,正常运行
2024-05-22 15:42:00,DEV-038,质检部,53.71,0.9,11.57,192.48,1688.81,正常运行
2024-08-08 14:42:00,DEV-076,研发部,62.47,0.6,6.72,238.52,2201.42,正常运行
2024-05-30 13:11:00,DEV-060,生产部,53.8,0.7,8.4,245.5,2500.0,正常运行
2024-12-15 01:45:00,DEV-024,维修部,49.97,1.21,7.22,216.63,1894.42,正常运行
2022-10-01 13:12:00,DEV-045,质检部,67.55,1.13,7.79,219.16,1984.28,正常运行
2022-08-26 13:41:00,DEV-047,质检部,44.83,2.4,9.87,188.84,1843.28,正常运行
2022-05-21 21:00:00,DEV-035,质检部,65.36,1.79,7.46,245.8,1848.54,正常运行
2024-05-07 15:16:00,DEV-001,质检部,52.56,0.25,15.0,227.71,1896.23,正常运行
2024-12-16 17:49:00,DEV-037,维修部,67.13,1.5,7.32,233.48,1810.28,正常运行
2023-11-16 18:36:00,DEV-071,质检部,77.38,0.0,11.91,222.24,2319.05,正常运行
2024-11-24 06:22:00,DEV-049,维修部,58.62,0.02,11.18,237.74,2272.71,正常运行
2023-02-07 12:59:00,DEV-075,研发部,56.35,0.33,11.48,245.53,1635.11,正常运行
2024-07-09 19:10:00,DEV-068,生产部,65.23,0.76,5.0,214.46,2296.01,正常运行
2022-12-30 21:21:00,DEV-096,质检部,56.17,1.37,5.0,203.95,2158.99,正常运行
2024-04-15 00:46:00,DEV-092,生产部,48.84,0.55,14.81,236.04,1999.17,正常运行
2024-11-11 00:28:00,DEV-047,生产部,74.73,1.61,11.31,235.02,1922.7,正常运行
2024-12-16 12:04:00,DEV-027,质检部,68.23,1.77,10.54,205.66,1881.84,正常运行
2024-10-05 10:29:00,DEV-007,维修部,60.24,0.99,13.39,180.26,2064.91,电力供应故障
2022-08-06 14:45:00,DEV-015,生产部,99.22,4.16,6.0,215.25,1964.66,散热系统故障
2024-06-18 07:03:00,DEV-099,质检部,63.76,0.4,11.46,189.06,2468.4,正常运行
2022-01-26 21:41:00,DEV-041,研发部,56.24,0.61,9.88,234.56,1748.35,正常运行
2022-06-22 12:06:00,DEV-030,维修部,50.89,1.29,11.39,214.61,2500.0,正常运行
2023-08-02 02:17:00,DEV-002,研发部,43.95,0.27,10.1,203.1,2028.09,正常运行
2022-09-15 09:15:00,DEV-099,生产部,57.48,0.99,10.2,203.7,2219.95,正常运行
2024-11-01 21:12:00,DEV-003,维修部,62.75,1.07,5.84,219.28,1991.11,正常运行
2024-06-08 18:57:00,DEV-029,生产部,71.05,2.85,14.72,220.76,2665.74,传动系统异常
2023-07-27 04:51:00,DEV-063,质检部,39.25,2.77,10.11,228.47,1902.24,正常运行
2024-06-13 20:40:00,DEV-073,生产部,92.14,4.32,6.65,199.83,2485.07,散热系统故障
2024-06-16 15:30:00,DEV-045,维修部,56.52,2.85,8.09,240.68,1966.44,正常运行
2022-12-12 00:56:00,DEV-085,质检部,80.0,0.97,9.07,244.62,2016.41,正常运行
2023-10-23 23:08:00,DEV-007,维修部,86.31,2.44,3.68,236.84,1932.6,润滑系统异常
2024-02-28 04:51:00,DEV-046,研发部,54.88,0.88,10.51,214.61,1882.45,正常运行
2022-02-19 20:54:00,DEV-045,质检部,55.97,2.16,14.38,221.22,1763.7,正常运行
2024-07-10 02:10:00,DEV-091,研发部,44.53,1.76,8.94,244.3,2173.22,正常运行
2024-08-04 16:05:00,DEV-042,维修部,63.98,1.04,9.22,179.21,1805.33,电力供应故障
2023-05-06 08:53:00,DEV-077,研发部,56.89,3.96,5.84,193.43,2838.2,传动系统异常
2023-07-25 13:05:00,DEV-053,维修部,50.84,2.16,12.84,227.57,1891.74,正常运行
2024-03-14 04:06:00,DEV-032,研发部,46.35,0.8,10.09,230.05,2050.78,正常运行
2024-06-02 22:20:00,DEV-026,研发部,57.91,1.99,7.16,236.04,1864.79,正常运行
2023-12-02 19:30:00,DEV-024,维修部,46.72,1.63,14.12,215.78,1765.7,正常运行
2023-11-28 19:58:00,DEV-080,生产部,91.58,1.94,2.36,235.0,1560.97,润滑系统异常
2024-11-05 19:18:00,DEV-093,研发部,51.99,2.92,13.83,231.22,2634.61,传动系统异常
2024-06-16 16:51:00,DEV-010,生产部,69.28,1.82,7.41,211.28,2167.63,正常运行
2023-04-12 16:24:00,DEV-064,生产部,64.84,1.93,13.36,208.85,2080.54,正常运行
2022-08-17 22:44:00,DEV-013,生产部,68.54,3.14,11.66,199.04,2783.15,传动系统异常
2024-09-08 22:36:00,DEV-077,维修部,57.93,1.29,12.79,208.42,2345.41,正常运行
2024-03-24 10:55:00,DEV-049,研发部,69.08,1.12,12.43,230.85,1948.05,正常运行
2023-07-21 22:00:00,DEV-011,研发部,71.81,0.25,8.86,226.1,1621.08,正常运行
2022-04-19 17:46:00,DEV-081,质检部,47.09,1.67,12.73,235.83,2130.73,正常运行
2023-04-20 18:07:00,DEV-017,研发部,56.47,1.52,7.95,236.63,2284.65,正常运行
2022-05-18 01:05:00,DEV-004,生产部,39.24,0.56,6.28,220.43,2004.35,正常运行
2024-03-04 02:58:00,DEV-044,生产部,54.31,0.94,11.84,238.66,2101.7,正常运行
2024-09-14 11:28:00,DEV-087,维修部,94.0,3.8,9.43,225.15,2396.03,散热系统故障
2022-12-31 03:43:00,DEV-065,质检部,64.35,2.32,13.44,180.0,2255.06,正常运行
2022-08-29 09:26:00,DEV-039,研发部,94.2,3.12,12.74,196.08,2138.42,散热系统故障
2023-11-27 21:22:00,DEV-074,研发部,53.04,2.99,7.99,221.34,1943.76,正常运行
2024-02-02 06:59:00,DEV-085,质检部,97.04,1.74,2.98,214.41,1659.53,润滑系统异常
2024-07-14 20:27:00,DEV-098,质检部,59.87,2.19,8.37,219.18,2042.91,正常运行
2024-05-26 04:54:00,DEV-081,生产部,55.96,2.09,14.43,230.5,1973.54,正常运行
2022-05-28 01:21:00,DEV-034,质检部,90.19,4.27,7.56,210.67,2190.78,散热系统故障
2022-08-01 03:33:00,DEV-004,研发部,62.54,0.07,9.14,223.68,1946.01,正常运行
2024-10-01 09:54:00,DEV-022,生产部,78.21,1.5,7.51,230.76,2338.05,正常运行
2022-09-08 06:25:00,DEV-038,质检部,47.0,1.75,8.81,221.31,1928.66,正常运行
2024-11-10 03:43:00,DEV-096,质检部,64.97,1.11,13.22,227.45,2415.01,正常运行
2023-05-18 01:03:00,DEV-062,研发部,56.18,1.85,12.63,213.7,1863.44,正常运行
2022-10-10 00:26:00,DEV-060,质检部,65.9,2.51,14.46,198.96,2201.26,正常运行
2022-12-04 10:56:00,DEV-029,生产部,61.13,1.02,14.92,223.74,2084.29,正常运行
2023-01-24 10:39:00,DEV-093,维修部,72.92,1.16,15.0,238.42,2234.89,正常运行
2024-09-11 19:53:00,DEV-025,质检部,71.1,2.28,11.2,207.44,1895.52,正常运行
2022-11-05 11:48:00,DEV-074,研发部,79.23,2.98,12.03,236.42,2874.51,传动系统异常
2022-02-25 14:40:00,DEV-059,质检部,49.86,0.86,7.99,246.3,2169.57,正常运行
2023-05-24 03:08:00,DEV-022,质检部,67.82,2.03,10.21,226.77,2094.16,正常运行
2024-05-24 09:16:00,DEV-068,质检部,47.29,0.0,11.92,191.63,1849.31,正常运行
2024-03-26 09:46:00,DEV-007,研发部,64.6,1.7,9.86,213.64,1684.28,正常运行
2024-05-11 08:15:00,DEV-036,研发部,62.69,0.1,10.65,218.84,2177.49,正常运行
2023-03-22 01:43:00,DEV-038,研发部,69.33,1.12,5.0,202.33,1911.15,正常运行
2023-12-28 06:55:00,DEV-030,生产部,52.4,0.73,11.44,164.91,2075.48,电力供应故障
2024-03-20 00:35:00,DEV-079,维修部,52.69,3.0,7.42,228.01,1854.65,正常运行
2022-02-13 00:26:00,DEV-061,维修部,55.49,2.9,7.89,238.77,2995.32,传动系统异常
2023-07-31 02:14:00,DEV-027,质检部,39.68,2.63,9.67,247.47,1647.56,正常运行
2024-11-08 16:51:00,DEV-035,研发部,62.33,1.23,12.71,212.84,2097.87,正常运行
2022-03-08 12:27:00,DEV-034,质检部,50.72,2.39,8.33,186.1,2110.51,正常运行
2023-05-15 09:12:00,DEV-068,质检部,61.97,0.0,10.68,221.3,2110.05,正常运行
2024-06-22 07:54:00,DEV-013,维修部,57.9,1.4,8.32,180.0,2410.59,正常运行
2022-05-16 20:16:00,DEV-089,质检部,69.15,2.09,7.82,216.76,1849.61,正常运行
2022-11-03 21:15:00,DEV-078,生产部,42.71,3.0,9.82,208.77,2083.36,正常运行
2022-08-13 00:35:00,DEV-023,维修部,93.03,2.42,1.65,225.6,2139.99,润滑系统异常
2022-04-18 04:40:00,DEV-003,质检部,58.09,1.73,10.98,222.32,2098.9,正常运行
2024-03-01 01:38:00,DEV-051,研发部,95.22,2.4,3.96,193.76,1800.01,润滑系统异常
2023-01-13 23:39:00,DEV-060,质检部,65.33,0.86,9.35,243.13,2198.87,正常运行
2022-06-22 06:59:00,DEV-013,维修部,68.4,1.54,8.21,209.3,2079.65,正常运行
2023-08-23 12:43:00,DEV-055,生产部,99.73,1.2,2.61,230.86,1666.4,润滑系统异常
2023-05-30 16:40:00,DEV-018,维修部,41.23,1.83,9.43,221.22,1523.74,正常运行
2022-11-26 06:32:00,DEV-010,生产部,72.5,1.84,9.17,204.14,1879.31,正常运行
2024-07-30 10:06:00,DEV-100,维修部,71.13,0.85,9.55,233.97,2052.25,正常运行
2022-11-14 11:29:00,DEV-083,研发部,64.51,0.89,13.0,208.48,1847.67,正常运行
2022-03-09 03:51:00,DEV-056,研发部,50.19,1.53,5.85,186.66,2144.54,正常运行
2024-12-12 03:53:00,DEV-008,维修部,56.73,1.79,11.62,204.99,1828.98,正常运行
2022-11-16 14:52:00,DEV-042,维修部,90.62,3.92,6.66,195.77,2175.3,散热系统故障
2023-11-03 17:40:00,DEV-097,维修部,98.96,1.96,2.02,227.09,2113.79,润滑系统异常
2023-12-03 04:24:00,DEV-073,研发部,71.07,0.77,6.75,247.2,2118.22,正常运行
2023-06-12 19:25:00,DEV-020,研发部,73.83,0.89,12.62,232.91,1674.16,正常运行
2023-07-12 16:44:00,DEV-049,研发部,61.83,1.54,13.79,204.85,1854.25,正常运行
2023-09-02 12:27:00,DEV-064,质检部,70.18,1.72,11.65,225.11,2078.14,正常运行
2022-04-23 14:52:00,DEV-018,质检部,90.72,1.69,3.52,191.77,2182.32,润滑系统异常
2024-11-21 21:26:00,DEV-063,生产部,55.16,1.03,9.49,204.24,1937.84,正常运行
2023-07-29 19:38:00,DEV-079,研发部,60.12,0.24,7.55,225.87,2116.36,正常运行
2023-05-26 13:11:00,DEV-052,研发部,75.51,1.09,8.79,225.51,2011.25,正常运行
2024-08-05 14:30:00,DEV-049,质检部,69.46,1.78,7.47,221.54,1903.43,正常运行
2022-07-21 09:51:00,DEV-041,维修部,54.23,1.55,6.08,233.37,1808.96,正常运行
2023-07-08 11:17:00,DEV-021,维修部,53.91,1.03,6.87,231.76,2105.38,正常运行
2024-09-14 06:43:00,DEV-003,质检部,63.88,0.68,14.77,224.26,1998.59,正常运行
2024-05-13 03:17:00,DEV-056,质检部,70.58,2.25,11.9,221.32,1521.75,正常运行
2024-03-12 13:13:00,DEV-062,研发部,72.09,0.35,10.54,222.18,1876.15,正常运行
2024-12-20 05:01:00,DEV-023,研发部,55.22,0.73,6.45,211.93,1963.42,正常运行
2024-10-21 01:14:00,DEV-089,质检部,69.97,0.92,6.93,215.46,2004.78,正常运行
2024-07-28 22:31:00,DEV-059,生产部,80.0,0.25,14.51,215.05,1957.67,正常运行
2022-05-19 03:48:00,DEV-026,质检部,46.88,1.67,9.71,238.56,1948.46,正常运行
2024-04-18 06:07:00,DEV-085,质检部,56.55,2.03,5.89,209.6,2054.73,正常运行
2024-05-19 05:58:00,DEV-009,维修部,67.61,0.89,10.2,235.43,2100.34,正常运行
2024-06-16 14:10:00,DEV-013,生产部,89.49,3.05,9.47,225.22,2118.12,散热系统故障
2024-11-26 06:32:00,DEV-097,生产部,43.32,1.67,11.43,249.41,2081.75,正常运行
2022-07-25 06:16:00,DEV-077,研发部,48.13,1.66,12.13,218.65,2288.02,正常运行
2022-07-24 20:48:00,DEV-092,维修部,76.27,1.28,8.91,219.06,1910.42,正常运行
2022-06-14 20:00:00,DEV-001,维修部,54.84,1.14,15.0,231.54,1975.92,正常运行
2022-11-30 02:23:00,DEV-038,维修部,63.61,0.51,11.8,165.01,1726.86,电力供应故障
2024-01-24 16:43:00,DEV-086,维修部,55.52,0.7,13.09,210.22,1766.55,正常运行
2022-06-26 23:02:00,DEV-096,质检部,58.98,2.06,9.24,242.7,2079.61,正常运行
2023-09-16 05:48:00,DEV-057,研发部,68.8,3.56,6.24,237.19,2736.42,传动系统异常
2023-11-25 00:08:00,DEV-092,研发部,51.94,0.86,11.37,213.97,2149.04,正常运行
2022-04-29 15:46:00,DEV-059,质检部,66.59,1.28,12.74,205.77,2282.38,正常运行
2022-03-27 06:22:00,DEV-092,生产部,58.35,0.99,13.71,227.44,1780.02,正常运行
2022-07-12 14:56:00,DEV-069,质检部,56.39,1.56,10.47,180.0,1771.22,正常运行
2023-03-26 10:40:00,DEV-077,维修部,52.3,2.05,9.84,205.3,1920.76,正常运行
2023-12-12 11:46:00,DEV-050,研发部,45.75,1.33,9.09,243.81,2080.0,正常运行
2023-11-12 15:58:00,DEV-008,维修部,52.28,1.65,7.32,250.0,1707.11,正常运行
2024-10-30 17:40:00,DEV-069,生产部,64.03,2.71,9.26,224.08,1731.92,正常运行
2023-05-13 11:02:00,DEV-071,维修部,94.65,2.84,1.9,218.96,2158.15,润滑系统异常
2023-03-02 12:43:00,DEV-031,维修部,48.56,1.23,12.7,205.9,2049.34,正常运行
2024-10-16 00:22:00,DEV-097,研发部,72.45,1.41,6.45,234.01,2100.65,正常运行
2023-10-08 10:12:00,DEV-058,研发部,59.92,1.57,12.39,237.81,1909.47,正常运行
2022-10-07 18:59:00,DEV-069,维修部,101.76,4.31,10.32,202.21,1867.28,散热系统故障
2022-05-15 08:07:00,DEV-072,生产部,52.04,2.32,12.79,207.41,1938.16,正常运行
2024-06-23 12:57:00,DEV-031,维修部,68.55,2.87,9.71,224.92,2190.5,正常运行
2023-07-24 02:39:00,DEV-011,生产部,67.77,0.76,8.46,230.65,2018.5,正常运行
2022-05-29 06:56:00,DEV-016,生产部,67.53,1.69,7.01,198.5,2024.27,正常运行
2022-01-18 17:52:00,DEV-004,生产部,52.6,1.42,15.0,242.08,1869.34,正常运行
2023-04-19 17:19:00,DEV-077,研发部,52.8,1.37,15.0,227.9,2149.13,正常运行
2022-06-09 03:08:00,DEV-065,生产部,46.94,2.95,15.0,220.44,1725.69,正常运行
2022-11-25 06:40:00,DEV-058,维修部,43.11,2.46,9.19,216.98,2462.5,正常运行
2024-10-20 08:34:00,DEV-011,维修部,56.06,3.0,8.77,183.62,1993.97,正常运行
2024-10-20 16:49:00,DEV-049,质检部,57.88,0.89,13.59,213.06,2358.31,正常运行
2023-11-25 01:17:00,DEV-079,质检部,99.84,1.52,2.25,224.06,2113.21,润滑系统异常
2024-08-19 08:10:00,DEV-037,研发部,53.08,0.97,8.28,228.05,2206.78,正常运行
2022-04-27 07:19:00,DEV-073,生产部,71.39,1.92,12.52,234.11,2037.33,正常运行
2023-06-28 09:25:00,DEV-090,质检部,52.4,1.4,7.85,210.85,2315.08,正常运行
2023-12-10 18:10:00,DEV-060,维修部,59.22,0.86,5.0,207.8,1958.94,正常运行
2022-08-24 22:54:00,DEV-080,研发部,55.48,1.82,7.51,204.98,1943.26,正常运行
2024-03-02 06:08:00,DEV-030,质检部,50.55,1.3,7.81,217.86,1963.44,正常运行
2024-11-21 23:21:00,DEV-063,研发部,60.45,1.42,11.33,204.02,1887.64,正常运行
2024-09-14 14:00:00,DEV-089,维修部,47.08,1.84,5.01,244.39,1905.37,正常运行
2023-01-23 12:26:00,DEV-055,质检部,55.91,1.36,10.69,160.01,2123.72,电力供应故障
2024-06-21 12:34:00,DEV-054,研发部,65.36,1.75,5.0,194.31,2303.5,正常运行
2023-05-11 09:26:00,DEV-090,质检部,61.28,0.19,5.0,233.32,1683.42,正常运行
2023-12-03 02:59:00,DEV-060,质检部,69.09,1.24,11.49,239.58,1888.23,正常运行
2023-01-19 19:29:00,DEV-055,研发部,47.82,2.02,8.87,250.0,1913.42,正常运行
2022-08-20 20:27:00,DEV-045,质检部,53.31,2.33,8.18,247.39,2135.59,正常运行
2024-10-13 17:50:00,DEV-094,质检部,65.48,1.6,7.74,215.37,1826.51,正常运行
2024-04-04 14:08:00,DEV-015,质检部,56.55,1.89,12.06,207.42,2013.57,正常运行
2022-10-02 20:10:00,DEV-051,生产部,56.92,3.0,12.09,211.64,1872.26,正常运行
2023-04-16 11:25:00,DEV-061,研发部,56.04,1.36,7.77,208.04,2334.3,正常运行
2022-06-19 08:49:00,DEV-019,质检部,63.25,2.84,12.67,227.44,2011.11,正常运行
2022-11-06 17:26:00,DEV-054,质检部,47.33,2.43,5.0,232.51,2186.86,正常运行
2024-02-27 14:20:00,DEV-078,维修部,87.71,2.9,1.18,239.19,2100.44,润滑系统异常
2022-02-21 14:03:00,DEV-037,质检部,65.75,1.03,5.0,250.0,1559.09,正常运行
2023-03-27 11:59:00,DEV-011,维修部,71.96,1.39,8.13,220.34,2022.63,正常运行
2022-06-28 04:54:00,DEV-022,生产部,54.22,1.53,10.33,217.31,2079.16,正常运行
2023-10-18 22:59:00,DEV-041,生产部,44.82,2.73,7.8,197.36,2158.05,正常运行
2023-09-21 10:19:00,DEV-025,生产部,55.46,1.35,11.73,207.04,1951.87,正常运行
2024-08-22 21:12:00,DEV-063,维修部,59.74,1.25,14.2,182.11,1541.8,电力供应故障
2024-09-28 07:23:00,DEV-031,质检部,55.07,1.1,9.27,198.03,2226.59,正常运行
2024-08-27 04:08:00,DEV-042,生产部,65.25,2.7,9.51,218.24,2028.27,正常运行
2022-10-27 13:05:00,DEV-068,研发部,102.46,3.18,13.86,190.62,2420.28,散热系统故障
2022-01-21 02:06:00,DEV-083,质检部,101.54,3.28,8.89,217.78,2407.05,散热系统故障
2024-11-20 05:34:00,DEV-059,生产部,71.42,0.65,11.64,231.56,2066.83,正常运行
2022-06-30 03:04:00,DEV-029,质检部,69.09,0.93,11.78,208.92,1936.8,正常运行
2022-02-13 23:50:00,DEV-072,生产部,66.44,3.0,15.0,221.19,1500.0,正常运行
2023-02-02 00:10:00,DEV-051,质检部,35.0,1.35,13.83,225.57,2003.65,正常运行
2022-07-30 07:37:00,DEV-014,生产部,43.79,0.76,13.19,248.17,2285.31,正常运行
2022-11-23 14:53:00,DEV-012,质检部,67.45,2.85,7.84,220.89,2655.05,传动系统异常
2023-11-30 04:24:00,DEV-057,研发部,50.6,0.7,13.16,164.52,1680.18,电力供应故障
2023-08-05 21:57:00,DEV-036,研发部,80.0,1.72,9.93,224.83,1997.78,正常运行
2024-07-18 15:17:00,DEV-096,维修部,47.47,1.19,9.81,243.33,1824.4,正常运行
2023-09-22 00:16:00,DEV-075,生产部,52.13,3.07,5.18,227.47,2856.28,传动系统异常
2024-10-20 01:51:00,DEV-088,质检部,56.6,0.62,8.89,180.34,2020.59,电力供应故障
2023-05-18 13:38:00,DEV-029,维修部,77.27,1.76,9.76,227.02,2147.22,正常运行
2024-07-17 15:35:00,DEV-019,研发部,64.3,1.91,11.27,189.79,2023.67,正常运行
2022-07-25 22:02:00,DEV-024,研发部,91.91,1.15,3.16,204.59,1534.22,润滑系统异常
2023-10-26 06:33:00,DEV-095,研发部,58.08,1.99,8.7,229.96,1804.25,正常运行
2024-03-19 21:45:00,DEV-086,维修部,54.67,1.48,15.0,244.92,1908.58,正常运行
2023-04-30 18:43:00,DEV-047,生产部,62.69,2.71,14.19,226.22,2150.23,正常运行
2024-10-29 20:12:00,DEV-040,维修部,60.64,1.11,12.94,229.69,1929.27,正常运行
2022-01-28 06:39:00,DEV-018,研发部,49.86,2.08,9.9,208.54,2106.19,正常运行
2022-08-10 03:17:00,DEV-030,维修部,55.6,1.9,14.47,250.0,1919.12,正常运行
2022-09-17 20:12:00,DEV-011,维修部,63.17,0.93,10.46,228.83,2145.67,正常运行
2023-02-14 13:23:00,DEV-089,维修部,52.72,3.58,12.22,198.63,2611.28,传动系统异常
2023-08-21 04:49:00,DEV-087,研发部,62.77,1.91,8.05,226.61,2064.21,正常运行
2022-09-17 19:17:00,DEV-084,维修部,92.6,4.15,11.71,223.13,1804.4,散热系统故障
2022-04-19 22:45:00,DEV-090,维修部,72.29,1.81,5.0,210.46,1814.41,正常运行
2024-12-12 14:32:00,DEV-001,研发部,55.9,1.65,10.32,216.64,1957.83,正常运行
2022-04-06 19:21:00,DEV-023,维修部,53.46,2.17,12.8,193.59,2058.7,正常运行
2022-05-12 06:10:00,DEV-026,质检部,60.11,1.84,9.2,238.29,1690.2,正常运行
2024-06-27 01:38:00,DEV-008,质检部,46.95,1.92,11.28,220.61,2286.52,正常运行
2024-12-24 01:03:00,DEV-021,生产部,41.13,0.82,6.77,212.39,2177.42,正常运行
2023-09-25 05:45:00,DEV-056,生产部,41.68,2.43,13.84,177.98,1563.38,电力供应故障
2024-03-25 04:19:00,DEV-036,维修部,57.43,1.76,6.25,233.86,1963.02,正常运行
2022-02-04 06:52:00,DEV-084,研发部,54.72,0.38,15.0,206.54,1737.56,正常运行
2024-04-16 23:21:00,DEV-094,研发部,87.96,1.07,3.92,190.72,2172.48,润滑系统异常
2022-11-07 14:20:00,DEV-034,生产部,74.34,3.54,5.17,198.92,2690.69,传动系统异常
2024-04-30 08:15:00,DEV-060,生产部,99.99,2.56,3.92,224.66,1784.39,润滑系统异常
2024-07-24 07:02:00,DEV-025,生产部,101.1,3.78,11.48,235.73,2178.82,散热系统故障
2022-10-07 07:42:00,DEV-032,生产部,92.69,3.46,12.85,227.69,2041.81,散热系统故障
2023-08-30 20:29:00,DEV-039,维修部,61.93,2.05,6.94,244.38,2281.51,正常运行
2024-03-29 14:35:00,DEV-087,维修部,67.85,0.19,10.76,215.26,2148.11,正常运行
2024-10-19 22:24:00,DEV-072,维修部,52.57,2.0,11.07,211.21,2037.81,正常运行
2024-02-03 12:40:00,DEV-012,生产部,41.63,0.32,7.84,213.09,2211.42,正常运行
2022-03-23 03:01:00,DEV-020,生产部,50.72,1.98,13.12,218.58,2045.93,正常运行
2022-01-31 03:09:00,DEV-008,生产部,66.43,2.08,10.23,233.34,2500.0,正常运行
2023-07-08 19:14:00,DEV-009,生产部,36.6,0.79,10.86,222.48,2113.79,正常运行
2023-12-09 20:17:00,DEV-069,维修部,76.44,0.42,12.03,230.02,2230.41,正常运行
2023-04-17 23:48:00,DEV-090,质检部,61.78,2.12,7.54,231.44,1837.04,正常运行
2024-10-15 06:32:00,DEV-064,研发部,43.29,0.81,13.37,195.24,2035.07,正常运行
2023-06-09 23:04:00,DEV-069,研发部,46.68,1.25,9.2,198.99,1902.98,正常运行
2022-01-23 22:41:00,DEV-009,维修部,42.38,1.27,10.37,160.42,1637.18,电力供应故障
2023-10-22 07:28:00,DEV-078,生产部,43.45,1.93,10.45,231.48,1652.19,正常运行
2024-05-21 02:32:00,DEV-069,质检部,71.49,2.53,9.0,216.25,1746.21,正常运行
2023-07-21 03:50:00,DEV-004,质检部,65.84,0.73,9.84,208.86,2234.6,正常运行
2024-01-02 20:56:00,DEV-087,质检部,72.28,2.0,14.86,217.06,2025.65,正常运行
2022-09-11 21:38:00,DEV-081,生产部,60.36,0.19,10.25,215.97,2389.25,正常运行
2023-02-20 12:41:00,DEV-009,生产部,62.11,0.18,15.0,235.97,2054.32,正常运行
2022-06-04 10:38:00,DEV-020,质检部,86.86,1.02,3.17,225.73,1792.45,润滑系统异常
2024-11-15 13:25:00,DEV-071,质检部,61.82,2.0,9.49,240.29,1527.03,正常运行
2024-07-04 21:38:00,DEV-009,质检部,64.53,0.53,12.57,244.69,1673.47,正常运行
2023-07-06 06:55:00,DEV-004,质检部,80.0,0.83,11.14,210.9,1924.77,正常运行
2024-02-19 05:18:00,DEV-073,研发部,72.89,1.92,9.78,219.41,2253.68,正常运行
2023-08-20 21:02:00,DEV-029,生产部,73.48,1.91,9.87,165.19,2100.62,电力供应故障
2023-07-28 01:14:00,DEV-098,生产部,57.94,0.0,12.39,222.18,2359.03,正常运行
2022-12-02 15:37:00,DEV-029,质检部,44.95,0.52,5.0,204.42,2222.56,正常运行
2023-03-10 11:38:00,DEV-068,维修部,70.61,1.26,14.09,193.91,1989.72,正常运行
2023-07-15 01:59:00,DEV-089,生产部,68.68,0.15,6.24,237.43,1689.69,正常运行
2023-05-02 05:15:00,DEV-010,生产部,65.71,1.2,9.88,217.62,1876.57,正常运行
2022-11-20 10:51:00,DEV-077,研发部,60.67,2.7,9.96,240.53,2075.61,正常运行
2024-02-10 21:07:00,DEV-043,质检部,64.66,0.1,8.69,211.93,2370.23,正常运行
2022-05-30 15:54:00,DEV-098,研发部,68.31,0.81,13.84,235.63,2116.71,正常运行
2022-11-17 17:14:00,DEV-026,生产部,62.45,1.48,12.6,226.59,1990.36,正常运行
2022-10-29 09:05:00,DEV-023,维修部,60.66,2.84,15.0,227.97,1801.47,正常运行
2024-04-19 22:28:00,DEV-030,维修部,58.34,1.33,9.81,227.36,2141.25,正常运行
2024-05-26 12:36:00,DEV-098,生产部,50.03,1.79,6.33,220.21,1712.5,正常运行
2023-04-01 03:49:00,DEV-029,维修部,65.85,3.78,6.49,223.3,2965.05,传动系统异常
2024-06-23 11:14:00,DEV-051,质检部,74.22,1.51,8.61,180.0,2093.35,正常运行
2022-04-21 11:46:00,DEV-018,质检部,55.35,2.0,14.99,223.96,1888.24,正常运行
2022-12-22 21:57:00,DEV-040,生产部,65.78,1.92,6.17,223.88,2210.3,正常运行
2023-08-23 16:35:00,DEV-001,质检部,73.28,1.37,11.21,234.24,1907.24,正常运行
2022-12-31 10:33:00,DEV-094,研发部,42.45,1.4,6.3,222.18,2047.2,正常运行
2022-04-29 08:52:00,DEV-009,生产部,92.95,3.58,11.26,194.67,2314.94,散热系统故障
2023-01-14 01:08:00,DEV-080,维修部,65.43,1.37,5.91,214.22,2176.17,正常运行
2023-11-02 05:13:00,DEV-090,研发部,52.56,1.88,9.74,218.01,2014.22,正常运行
2022-08-15 20:52:00,DEV-061,研发部,68.71,0.42,10.38,249.08,1799.93,正常运行
2024-01-15 03:58:00,DEV-044,研发部,51.24,2.31,5.0,249.23,1888.3,正常运行
2023-11-02 07:26:00,DEV-029,质检部,57.24,1.51,7.23,185.78,1777.63,正常运行
2024-06-03 12:03:00,DEV-059,研发部,56.28,0.95,8.97,230.03,2158.3,正常运行
2023-04-16 20:23:00,DEV-087,研发部,48.66,0.0,12.55,213.35,2244.09,正常运行
2024-02-01 22:33:00,DEV-047,生产部,58.21,0.69,11.89,217.77,2134.75,正常运行
2024-01-30 02:13:00,DEV-071,维修部,65.96,1.46,11.88,215.63,1866.98,正常运行
2024-01-19 01:50:00,DEV-064,质检部,78.88,2.92,8.67,215.36,2693.07,传动系统异常
2022-08-25 06:08:00,DEV-032,维修部,61.14,1.62,8.91,219.15,2061.56,正常运行
2023-11-16 08:55:00,DEV-042,生产部,63.29,1.32,6.13,203.94,1812.98,正常运行
2022-01-26 23:00:00,DEV-041,研发部,51.48,1.55,14.83,175.15,2007.63,电力供应故障
2024-04-27 05:27:00,DEV-056,维修部,68.05,1.11,8.54,221.86,1874.82,正常运行
2023-06-13 14:15:00,DEV-018,质检部,38.94,1.11,10.71,206.64,1610.32,正常运行
2022-03-08 15:11:00,DEV-096,维修部,44.73,3.0,8.1,218.97,2003.72,正常运行
2022-10-05 01:19:00,DEV-100,生产部,49.86,1.84,9.31,196.29,2069.5,正常运行
2022-02-01 01:42:00,DEV-043,质检部,54.62,1.05,8.22,229.83,2051.4,正常运行
2023-06-07 05:03:00,DEV-015,生产部,60.28,1.14,15.0,200.58,2291.78,正常运行
2023-02-09 20:04:00,DEV-051,质检部,43.3,2.91,9.63,203.34,1741.67,正常运行
2023-01-31 06:17:00,DEV-098,研发部,52.82,1.26,13.14,214.97,1731.79,正常运行
2023-10-06 10:44:00,DEV-053,研发部,58.18,1.0,13.62,207.79,2036.09,正常运行
2024-03-29 02:13:00,DEV-035,维修部,55.66,1.01,13.61,238.1,2053.81,正常运行
2022-11-07 12:11:00,DEV-046,研发部,77.71,2.03,6.68,198.15,2373.17,正常运行
2024-04-15 18:19:00,DEV-070,研发部,59.25,0.1,15.0,213.54,2098.91,正常运行
2023-11-24 01:10:00,DEV-041,维修部,65.65,0.54,11.17,182.25,1864.22,电力供应故障
2022-02-27 08:47:00,DEV-038,研发部,64.21,2.3,12.67,225.49,2019.58,正常运行
2022-08-20 08:31:00,DEV-096,研发部,89.13,2.35,2.11,193.99,1596.71,润滑系统异常
2024-07-06 07:10:00,DEV-040,生产部,64.65,1.8,8.19,221.3,1968.86,正常运行
2023-01-27 10:23:00,DEV-023,生产部,80.0,1.88,13.09,231.15,1985.72,正常运行
2023-12-16 22:42:00,DEV-031,生产部,60.78,2.03,9.56,220.47,1965.08,正常运行
2022-05-16 08:44:00,DEV-051,维修部,48.33,1.77,8.97,207.74,1645.81,正常运行
2024-08-04 08:35:00,DEV-086,质检部,71.31,1.28,14.15,231.36,2005.72,正常运行
2023-09-07 06:35:00,DEV-016,研发部,55.33,1.21,13.86,221.22,2056.34,正常运行
2024-06-01 21:14:00,DEV-058,质检部,88.91,3.24,7.65,214.64,1966.45,散热系统故障
2022-09-02 02:16:00,DEV-063,研发部,58.19,1.34,9.8,229.63,1777.23,正常运行
2024-11-23 08:55:00,DEV-099,质检部,58.82,1.51,5.0,197.93,2067.26,正常运行
2024-01-30 04:12:00,DEV-070,质检部,91.1,4.19,9.59,198.18,1866.17,散热系统故障
2023-07-31 01:48:00,DEV-036,维修部,52.19,2.5,5.0,225.29,2007.99,正常运行
2024-04-10 16:50:00,DEV-053,质检部,61.42,2.15,6.82,234.76,1952.65,正常运行
2024-04-07 08:45:00,DEV-035,质检部,52.58,1.61,11.61,221.95,2154.45,正常运行
2022-12-19 03:02:00,DEV-015,研发部,63.9,2.46,12.04,215.9,1850.27,正常运行
2023-08-15 04:31:00,DEV-091,研发部,49.05,0.86,7.73,198.84,1987.39,正常运行
2023-12-17 06:54:00,DEV-036,生产部,64.49,2.08,11.56,210.89,2085.54,正常运行
2022-07-06 18:49:00,DEV-099,维修部,60.58,1.08,8.09,225.18,2202.73,正常运行
2022-12-06 00:51:00,DEV-060,研发部,60.16,1.35,6.61,224.1,1585.07,正常运行
2023-09-29 10:59:00,DEV-061,研发部,95.22,3.35,9.22,208.66,2491.15,散热系统故障
2023-12-05 09:42:00,DEV-086,质检部,69.63,3.0,10.89,224.33,1938.02,正常运行
2022-02-20 22:32:00,DEV-005,质检部,67.37,1.26,14.17,214.67,2301.91,正常运行
2024-06-15 06:57:00,DEV-073,生产部,58.4,2.25,5.0,250.0,2178.65,正常运行
2024-11-15 12:53:00,DEV-011,生产部,51.94,3.28,9.26,225.63,2858.27,传动系统异常
2022-01-21 07:29:00,DEV-028,维修部,37.32,1.52,10.53,217.6,2141.42,正常运行
2023-04-11 18:41:00,DEV-091,研发部,69.51,0.1,14.92,215.43,2122.98,正常运行
2023-12-27 22:55:00,DEV-043,维修部,61.12,1.54,9.77,246.38,2273.17,正常运行
2024-05-07 14:43:00,DEV-092,研发部,35.0,3.0,5.0,205.58,1537.07,正常运行
2024-08-23 17:36:00,DEV-022,质检部,57.91,1.62,9.11,182.89,1830.03,电力供应故障
2024-06-10 07:12:00,DEV-074,生产部,61.85,0.63,13.16,184.6,2115.17,电力供应故障
2022-12-24 11:24:00,DEV-022,维修部,44.7,2.0,7.7,232.82,1881.0,正常运行
2024-05-17 13:09:00,DEV-042,生产部,50.08,0.1,10.36,197.12,1773.24,正常运行
2023-04-17 22:13:00,DEV-060,质检部,69.97,1.13,11.92,217.14,2064.81,正常运行
2022-09-10 16:38:00,DEV-041,生产部,70.2,3.0,15.0,202.67,1677.86,正常运行
2023-05-27 05:31:00,DEV-038,研发部,71.17,0.65,11.72,200.48,2081.59,正常运行
2022-12-23 12:41:00,DEV-045,维修部,87.31,1.63,3.57,234.88,1927.11,润滑系统异常
2022-10-06 14:59:00,DEV-051,质检部,70.47,0.43,9.33,223.84,1655.18,正常运行
2022-12-10 02:25:00,DEV-043,维修部,50.11,1.82,10.2,180.51,1715.77,电力供应故障
2024-02-19 07:53:00,DEV-011,生产部,79.87,1.08,8.99,225.14,2310.83,正常运行
2022-02-02 22:12:00,DEV-030,生产部,58.19,1.58,9.36,192.81,2500.0,正常运行
2023-05-06 03:16:00,DEV-044,质检部,48.69,1.35,7.58,224.52,2250.72,正常运行
2022-03-20 16:59:00,DEV-030,生产部,55.12,2.63,13.64,224.15,2159.9,正常运行
2024-08-20 07:45:00,DEV-065,维修部,50.24,0.59,13.81,182.45,1943.46,电力供应故障
2024-09-05 07:54:00,DEV-036,生产部,53.46,1.85,6.64,211.38,1970.77,正常运行
2022-08-19 04:57:00,DEV-083,研发部,75.65,1.34,7.99,190.3,1899.65,正常运行
2023-09-12 22:39:00,DEV-010,研发部,52.38,1.99,13.41,198.68,2350.46,正常运行
2024-06-27 06:55:00,DEV-012,维修部,53.97,0.23,9.6,217.61,1806.16,正常运行
2022-12-15 00:03:00,DEV-017,质检部,57.84,0.69,5.0,214.62,1901.89,正常运行
2023-03-29 00:00:00,DEV-062,研发部,70.41,2.1,9.14,231.64,2027.99,正常运行
2024-04-07 10:11:00,DEV-092,质检部,51.09,0.0,10.54,250.0,1959.43,正常运行
2024-06-01 16:22:00,DEV-041,研发部,86.65,2.15,1.24,220.12,2095.44,润滑系统异常
2024-11-19 20:37:00,DEV-050,生产部,58.84,1.67,10.58,246.27,1910.74,正常运行
2022-07-15 03:02:00,DEV-027,维修部,55.69,1.07,8.36,218.37,2247.94,正常运行
2023-06-08 13:33:00,DEV-056,生产部,54.97,2.34,9.29,218.85,2336.59,正常运行
2024-05-07 23:54:00,DEV-059,质检部,63.27,1.31,12.59,218.65,2098.92,正常运行
2022-05-16 22:53:00,DEV-013,维修部,62.52,2.39,12.31,220.54,2091.9,正常运行
2022-05-03 16:54:00,DEV-100,质检部,69.68,1.12,8.04,248.53,1978.33,正常运行
2023-07-11 09:30:00,DEV-072,维修部,72.86,3.94,11.67,210.57,2873.39,传动系统异常
2022-09-29 03:37:00,DEV-055,质检部,76.14,2.67,12.82,220.79,2726.08,传动系统异常
2023-12-22 13:38:00,DEV-089,生产部,100.33,3.23,13.32,228.5,1803.71,散热系统故障
2022-03-13 06:01:00,DEV-059,质检部,50.92,1.12,11.84,210.6,2045.01,正常运行
2023-07-01 02:55:00,DEV-053,研发部,62.74,2.08,7.71,217.21,2075.4,正常运行
2023-11-05 03:06:00,DEV-044,研发部,61.55,2.74,9.64,222.4,2604.85,传动系统异常
2024-07-20 17:59:00,DEV-085,研发部,64.71,2.35,10.6,244.47,2124.39,正常运行
2023-10-18 20:07:00,DEV-089,质检部,54.1,2.8,6.03,220.81,2646.23,传动系统异常
2022-10-04 08:07:00,DEV-090,维修部,80.0,2.44,12.41,197.57,2011.91,正常运行
2023-10-14 14:13:00,DEV-092,生产部,65.83,2.54,11.52,234.67,1902.08,正常运行
2023-07-09 03:16:00,DEV-047,研发部,65.38,0.58,14.31,216.91,2013.79,正常运行
2024-11-12 14:35:00,DEV-072,维修部,66.1,1.57,9.4,213.76,2047.67,正常运行
2024-10-28 15:17:00,DEV-084,质检部,66.23,0.7,14.87,249.87,2078.58,正常运行
2024-04-04 22:04:00,DEV-087,维修部,63.88,0.84,15.0,221.06,1729.44,正常运行
2023-11-19 02:36:00,DEV-038,研发部,67.16,2.42,5.0,217.73,1500.0,正常运行
2022-03-13 06:46:00,DEV-085,维修部,59.62,1.53,11.33,234.27,1795.77,正常运行
2023-08-03 13:04:00,DEV-032,质检部,53.87,3.65,5.46,197.53,2642.12,传动系统异常
2022-12-23 07:41:00,DEV-053,维修部,42.85,1.26,15.95,161.21,1987.67,电力供应故障
2023-07-10 01:36:00,DEV-043,质检部,66.7,1.64,11.35,218.9,1841.85,正常运行
2022-11-08 07:18:00,DEV-027,质检部,59.24,2.73,8.02,211.08,2095.63,正常运行
2023-04-20 03:08:00,DEV-036,生产部,90.91,3.68,10.29,239.61,1869.43,散热系统故障
2023-04-27 22:54:00,DEV-089,生产部,50.7,0.98,11.91,165.4,1838.59,电力供应故障
2023-08-05 03:29:00,DEV-042,研发部,66.9,2.33,11.18,218.18,2185.61,正常运行
2023-03-31 07:12:00,DEV-061,维修部,71.11,0.41,9.03,245.9,2020.76,正常运行
2022-08-15 23:11:00,DEV-002,质检部,56.45,1.32,15.0,210.49,2010.68,正常运行
2024-05-30 04:53:00,DEV-042,生产部,95.5,3.82,8.25,213.14,2462.79,散热系统故障
2023-11-21 23:46:00,DEV-073,研发部,76.18,0.75,10.92,230.99,1897.33,正常运行
2023-03-09 02:49:00,DEV-086,质检部,67.48,1.76,5.0,196.21,1836.35,正常运行
2024-10-06 05:01:00,DEV-063,质检部,60.32,0.3,8.75,193.43,1859.27,正常运行
2023-08-21 18:36:00,DEV-006,质检部,50.35,1.01,6.5,237.67,2308.33,正常运行
2024-11-02 08:56:00,DEV-012,维修部,65.53,2.43,11.12,195.4,1890.44,正常运行
2022-08-11 23:50:00,DEV-091,生产部,65.57,0.85,7.68,223.35,1861.1,正常运行
2024-04-24 05:37:00,DEV-053,维修部,77.29,1.56,13.29,220.57,2078.78,正常运行
2022-06-18 10:03:00,DEV-065,研发部,66.42,0.89,6.93,235.26,1801.83,正常运行
2024-01-26 21:06:00,DEV-002,生产部,72.88,0.0,14.73,240.62,2061.16,正常运行
2022-11-25 08:38:00,DEV-065,维修部,55.82,2.3,8.63,224.49,1864.33,正常运行
2022-02-04 13:16:00,DEV-087,研发部,53.99,1.27,8.19,247.78,1997.3,正常运行
2023-09-20 11:04:00,DEV-061,研发部,45.89,3.0,10.09,217.21,2076.21,正常运行
2024-11-16 01:32:00,DEV-088,生产部,51.53,0.77,9.95,208.02,2044.31,正常运行
2022-08-24 17:29:00,DEV-079,生产部,67.63,2.43,10.07,231.3,2123.45,正常运行
2024-09-10 19:54:00,DEV-087,生产部,70.96,2.74,5.62,233.53,2265.1,正常运行
2024-07-13 17:44:00,DEV-071,维修部,65.02,0.93,5.42,214.16,1770.86,正常运行
2022-04-05 17:40:00,DEV-086,维修部,52.99,1.27,14.76,210.65,1879.56,正常运行
2023-01-17 13:40:00,DEV-073,研发部,57.66,1.37,6.37,243.87,2175.34,正常运行
2024-02-08 06:20:00,DEV-017,研发部,57.48,0.54,13.0,206.53,2052.16,正常运行
2024-04-20 21:06:00,DEV-015,维修部,79.19,1.23,9.81,233.85,2090.15,正常运行
2022-12-21 20:39:00,DEV-012,维修部,74.58,3.37,13.75,239.47,2844.26,传动系统异常
2022-02-20 13:39:00,DEV-052,质检部,60.47,2.46,12.02,210.55,1963.31,正常运行
2022-08-03 13:22:00,DEV-094,质检部,69.32,1.63,9.88,230.51,2171.03,正常运行
2022-09-29 23:43:00,DEV-010,维修部,62.56,1.48,11.92,217.42,1995.14,正常运行
2024-02-22 20:18:00,DEV-026,生产部,66.32,1.06,8.79,227.13,2202.3,正常运行
2022-02-20 08:05:00,DEV-001,研发部,51.1,2.96,7.13,233.37,2839.55,传动系统异常
2023-09-30 10:09:00,DEV-004,生产部,58.91,1.35,11.42,213.35,1973.78,正常运行
2024-03-04 03:37:00,DEV-045,生产部,85.18,2.04,3.95,216.15,1627.7,润滑系统异常
2024-11-08 11:26:00,DEV-012,质检部,63.02,0.01,9.01,226.55,2047.71,正常运行
2023-08-06 01:29:00,DEV-005,质检部,62.79,2.19,6.25,203.38,1719.62,正常运行
2023-01-10 12:50:00,DEV-057,维修部,49.54,1.36,6.26,218.01,2445.04,正常运行
2023-05-30 00:14:00,DEV-016,质检部,56.87,1.19,12.41,194.73,2237.69,正常运行
2023-06-14 18:37:00,DEV-010,研发部,47.46,1.99,12.89,211.76,1832.92,正常运行
2024-12-11 00:10:00,DEV-008,生产部,67.13,0.04,15.0,223.72,1689.86,正常运行
2023-11-11 23:40:00,DEV-090,研发部,92.98,2.03,1.06,204.12,1537.23,润滑系统异常
2024-05-23 21:52:00,DEV-100,质检部,46.9,1.61,12.61,201.23,1693.5,正常运行
2024-10-27 22:27:00,DEV-072,维修部,92.33,3.07,11.23,225.45,2450.15,散热系统故障
2024-11-01 09:19:00,DEV-048,质检部,63.8,0.51,11.89,222.86,1821.09,正常运行
2022-10-02 00:01:00,DEV-065,生产部,64.42,0.64,9.51,211.35,2001.15,正常运行
2024-12-12 15:51:00,DEV-062,维修部,50.62,1.2,9.6,182.2,2017.5,正常运行
2023-06-28 01:25:00,DEV-007,质检部,60.34,2.06,10.02,221.97,1553.04,正常运行
2022-12-13 22:41:00,DEV-058,生产部,67.63,2.61,8.54,218.07,2497.44,正常运行
2023-12-11 16:58:00,DEV-093,质检部,75.43,1.91,7.43,245.3,2334.79,正常运行
2023-12-19 00:01:00,DEV-051,生产部,69.55,0.65,10.79,178.44,1958.54,电力供应故障
2022-12-28 00:03:00,DEV-098,生产部,53.95,0.72,5.0,209.98,2038.68,正常运行
2023-06-24 22:47:00,DEV-066,质检部,61.94,2.37,5.0,206.02,1778.88,正常运行
2023-07-07 20:59:00,DEV-020,生产部,67.44,2.07,7.81,230.8,2201.67,正常运行
2024-05-23 13:56:00,DEV-029,质检部,73.06,0.77,7.87,207.26,1856.82,正常运行
2024-05-17 04:38:00,DEV-035,维修部,87.04,2.76,3.87,190.06,2089.91,润滑系统异常
2022-11-11 06:02:00,DEV-088,维修部,70.77,0.68,6.87,233.03,1608.86,正常运行
2024-11-11 01:15:00,DEV-045,质检部,80.0,2.18,5.0,209.36,2163.22,正常运行
2022-03-28 20:40:00,DEV-028,研发部,42.05,0.05,12.37,213.16,2092.41,正常运行
2023-11-26 05:30:00,DEV-045,生产部,67.65,1.07,7.52,223.23,1507.85,正常运行
2024-09-06 17:10:00,DEV-096,研发部,58.92,1.62,10.08,222.82,1681.26,正常运行
2024-01-04 15:08:00,DEV-061,研发部,93.28,1.56,3.96,235.29,2149.91,润滑系统异常
2023-06-25 18:46:00,DEV-065,维修部,69.24,0.9,13.29,212.15,1816.94,正常运行
2023-11-25 00:51:00,DEV-090,研发部,75.47,2.57,7.2,209.0,1928.53,正常运行
2024-04-05 23:52:00,DEV-019,生产部,92.34,1.02,3.91,227.58,1611.2,润滑系统异常
2022-08-13 00:02:00,DEV-081,研发部,80.0,2.64,9.31,230.71,2229.09,正常运行
2022-10-03 14:18:00,DEV-019,质检部,58.5,0.72,6.92,203.65,2018.3,正常运行
2023-06-11 08:18:00,DEV-029,生产部,66.42,1.09,10.72,218.86,2175.1,正常运行
2022-12-26 14:20:00,DEV-072,质检部,63.56,1.19,9.7,223.29,1828.01,正常运行
2022-06-26 10:35:00,DEV-077,质检部,53.91,0.77,14.15,244.9,1561.15,正常运行
2024-06-16 18:15:00,DEV-018,维修部,59.99,1.77,8.27,209.79,1963.53,正常运行
2024-01-18 17:57:00,DEV-077,生产部,56.39,1.32,9.86,169.67,1869.53,电力供应故障
2023-02-09 11:54:00,DEV-096,维修部,44.21,1.82,8.53,196.81,2230.59,正常运行
2024-09-19 15:28:00,DEV-048,质检部,53.95,2.14,11.72,212.47,2006.46,正常运行
2022-09-19 08:27:00,DEV-033,生产部,66.66,2.98,14.37,190.64,2890.37,传动系统异常
2022-01-28 21:37:00,DEV-032,研发部,61.72,0.01,12.95,227.84,2118.79,正常运行
2024-12-19 18:42:00,DEV-027,生产部,62.14,0.9,5.21,208.46,2158.97,正常运行
2023-12-10 16:07:00,DEV-012,维修部,63.27,2.13,12.91,224.9,1722.14,正常运行
2022-01-13 00:45:00,DEV-093,质检部,99.95,4.34,12.9,197.73,2141.62,散热系统故障
2024-07-01 23:25:00,DEV-039,质检部,59.0,2.08,11.01,184.89,2161.87,电力供应故障
2023-07-24 05:28:00,DEV-036,质检部,55.26,2.3,10.61,200.9,2005.46,正常运行
2022-05-03 07:28:00,DEV-064,维修部,44.87,1.65,11.77,217.65,2280.71,正常运行
2024-12-14 22:42:00,DEV-047,质检部,87.7,1.4,3.77,201.96,1717.55,润滑系统异常
2023-03-29 10:27:00,DEV-067,研发部,70.6,2.68,9.19,219.19,2626.42,传动系统异常
2024-11-15 09:49:00,DEV-092,研发部,57.16,1.18,9.83,206.47,1933.39,正常运行
2023-05-05 02:56:00,DEV-037,维修部,60.7,1.46,8.6,204.49,2002.5,正常运行
2023-09-18 10:09:00,DEV-072,维修部,65.29,1.82,11.89,242.52,1889.72,正常运行
2022-08-05 09:06:00,DEV-045,质检部,58.64,2.35,14.54,242.22,1547.1,正常运行
2022-06-09 00:09:00,DEV-017,质检部,52.53,2.47,8.21,221.0,2074.97,正常运行
2022-05-06 13:11:00,DEV-015,质检部,60.42,1.68,11.26,195.95,1742.98,正常运行
2024-06-29 02:01:00,DEV-093,生产部,67.63,2.52,13.27,240.3,1909.06,正常运行
2023-07-13 12:54:00,DEV-036,研发部,65.51,1.05,11.58,217.84,2159.24,正常运行
2022-08-08 12:01:00,DEV-030,研发部,71.24,1.22,6.86,229.42,2051.68,正常运行
2022-01-23 09:53:00,DEV-049,质检部,50.73,1.45,5.0,204.63,1949.49,正常运行
2024-04-27 22:37:00,DEV-081,研发部,58.66,1.83,11.67,217.99,2080.69,正常运行
2022-04-09 01:54:00,DEV-014,生产部,55.07,3.66,11.89,196.66,2800.83,传动系统异常
2024-07-26 10:00:00,DEV-077,生产部,69.84,2.76,14.92,214.03,2855.52,传动系统异常
2022-11-26 15:29:00,DEV-087,质检部,60.46,1.31,6.4,226.72,2108.89,正常运行
2023-04-03 02:44:00,DEV-057,质检部,63.35,1.75,11.41,196.97,2151.36,正常运行
2022-05-17 01:43:00,DEV-093,生产部,61.55,1.88,9.48,217.46,2029.92,正常运行
2024-01-21 07:35:00,DEV-095,维修部,59.63,1.34,7.31,209.9,1994.67,正常运行
2024-12-16 18:11:00,DEV-036,生产部,64.19,1.24,9.77,217.79,1937.93,正常运行
2024-02-17 14:34:00,DEV-013,维修部,44.56,1.61,8.22,223.52,1756.73,正常运行
2022-02-07 06:55:00,DEV-038,维修部,45.91,1.87,13.72,194.26,1917.91,正常运行
2024-11-03 07:47:00,DEV-012,质检部,61.57,2.04,8.57,204.15,1821.64,正常运行
2024-07-30 01:19:00,DEV-015,质检部,53.33,1.53,11.08,246.71,1892.52,正常运行
2023-12-22 11:09:00,DEV-098,质检部,61.19,0.92,8.68,224.36,2039.78,正常运行
2022-08-07 06:39:00,DEV-054,研发部,65.63,0.44,9.72,216.31,1765.35,正常运行
2022-11-01 21:15:00,DEV-084,质检部,66.8,2.47,5.0,220.54,1855.02,正常运行
2022-04-12 00:21:00,DEV-037,研发部,65.39,3.0,6.64,184.99,2249.89,正常运行
2023-06-03 01:59:00,DEV-097,生产部,51.06,1.87,8.45,246.35,2309.28,正常运行
2022-05-15 10:10:00,DEV-020,生产部,41.96,0.86,12.17,230.2,2191.52,正常运行
2023-11-21 00:26:00,DEV-071,生产部,61.74,1.36,10.39,212.67,1610.42,正常运行
2024-01-27 00:51:00,DEV-100,质检部,61.18,2.4,12.29,236.6,2270.68,正常运行
2023-05-22 13:59:00,DEV-057,研发部,60.74,1.64,9.64,234.86,2114.52,正常运行
2023-02-16 13:53:00,DEV-033,维修部,96.93,1.07,3.0,222.49,2158.65,润滑系统异常
2024-05-10 14:19:00,DEV-077,研发部,51.6,0.95,10.21,161.25,1832.58,电力供应故障
2022-04-13 13:27:00,DEV-029,生产部,44.82,2.03,12.91,188.16,2033.38,正常运行
2023-06-10 22:13:00,DEV-093,质检部,47.74,1.53,10.53,220.53,2159.94,正常运行
2023-04-08 17:12:00,DEV-074,生产部,64.26,1.99,9.0,224.87,2095.99,正常运行
2024-12-09 22:46:00,DEV-050,维修部,60.34,1.83,11.59,206.97,1766.49,正常运行
2024-07-03 04:57:00,DEV-100,维修部,70.27,2.91,7.83,211.38,2650.05,传动系统异常
2022-04-24 09:05:00,DEV-044,维修部,96.04,2.35,3.9,190.72,2025.53,润滑系统异常
2023-01-31 14:30:00,DEV-038,质检部,77.48,1.97,11.86,191.33,2018.6,正常运行
2023-12-26 15:07:00,DEV-099,研发部,62.45,2.76,5.43,216.74,1831.2,正常运行
2024-03-01 11:42:00,DEV-084,生产部,48.07,2.28,9.64,181.98,1812.97,电力供应故障
2022-12-31 00:35:00,DEV-090,研发部,44.12,0.8,14.48,191.84,1678.71,正常运行
2023-07-30 18:48:00,DEV-007,维修部,56.41,1.29,8.18,247.94,2080.09,正常运行
2023-04-10 05:21:00,DEV-031,生产部,56.72,2.37,5.0,234.43,2164.2,正常运行
2024-01-07 00:50:00,DEV-087,研发部,65.75,2.77,10.06,202.17,1990.02,正常运行
2023-12-08 02:15:00,DEV-037,研发部,74.64,2.55,8.53,240.82,2188.84,正常运行
2023-01-01 18:41:00,DEV-047,研发部,60.29,1.67,12.06,223.37,2195.88,正常运行
2022-11-14 12:08:00,DEV-043,维修部,52.4,0.93,10.39,204.05,2084.25,正常运行
2023-01-20 10:18:00,DEV-094,研发部,90.29,4.09,12.7,229.21,1991.83,散热系统故障
2022-01-19 16:42:00,DEV-100,生产部,60.05,1.38,9.14,222.28,1949.15,正常运行
2022-05-01 09:17:00,DEV-099,维修部,50.47,0.64,7.32,205.4,1807.26,正常运行
2023-05-13 01:24:00,DEV-091,维修部,35.0,1.76,9.28,189.69,2118.63,正常运行
2024-08-25 03:09:00,DEV-013,维修部,55.2,1.34,10.27,213.91,2114.24,正常运行
2024-11-01 16:09:00,DEV-014,生产部,65.47,0.81,11.7,224.52,1800.16,正常运行
2022-12-07 03:31:00,DEV-075,维修部,88.98,3.34,7.98,221.98,1853.23,散热系统故障
2024-10-26 17:33:00,DEV-003,研发部,73.13,2.01,6.44,227.83,1914.1,正常运行
2023-07-13 07:50:00,DEV-072,维修部,96.53,2.73,2.09,216.28,1582.18,润滑系统异常
2022-12-29 16:20:00,DEV-035,维修部,65.68,2.37,11.0,182.61,1900.17,正常运行
2024-01-26 20:17:00,DEV-097,研发部,43.83,1.78,8.11,208.99,1710.7,正常运行
2023-04-28 01:26:00,DEV-085,质检部,50.76,1.25,13.8,172.02,1889.52,电力供应故障
2022-07-07 15:37:00,DEV-082,维修部,55.0,1.39,10.75,227.08,1948.03,正常运行
2023-01-15 04:48:00,DEV-026,质检部,103.1,4.23,11.81,220.49,2205.88,散热系统故障
2022-07-24 07:43:00,DEV-094,生产部,100.27,3.86,12.61,196.38,2104.93,散热系统故障
2024-01-09 17:39:00,DEV-082,维修部,54.53,2.11,7.35,230.47,1900.38,正常运行
2022-05-01 20:09:00,DEV-065,研发部,71.17,1.69,11.5,214.87,2039.02,正常运行
2024-06-24 02:58:00,DEV-038,研发部,63.8,1.35,10.2,226.68,1930.0,正常运行
2023-11-21 16:59:00,DEV-063,生产部,53.14,0.58,11.19,246.09,2010.93,正常运行
2022-09-01 11:52:00,DEV-061,维修部,89.37,3.68,12.82,231.2,2424.35,散热系统故障
2024-11-18 09:26:00,DEV-045,质检部,95.47,1.79,1.38,214.44,1865.34,润滑系统异常
2022-12-09 18:02:00,DEV-018,生产部,60.95,3.0,5.0,212.26,1864.7,正常运行
2022-06-22 01:13:00,DEV-075,维修部,67.43,1.42,10.78,228.05,1750.09,正常运行
2023-04-19 15:09:00,DEV-031,生产部,49.39,1.85,5.7,207.44,1578.62,正常运行
2024-12-18 09:24:00,DEV-069,研发部,53.61,3.01,14.78,211.87,2788.74,传动系统异常
2023-02-25 12:32:00,DEV-003,研发部,65.92,0.61,9.2,237.22,2126.25,正常运行
2022-05-29 01:39:00,DEV-054,维修部,37.49,2.44,9.28,206.82,2067.19,正常运行
2023-01-27 09:12:00,DEV-088,生产部,54.13,0.94,5.0,229.76,2074.96,正常运行
2024-05-13 17:12:00,DEV-052,维修部,86.61,3.91,12.88,236.09,1808.88,散热系统故障
2024-07-18 18:19:00,DEV-008,质检部,66.31,1.05,12.98,227.92,1846.31,正常运行
2024-11-01 23:39:00,DEV-079,研发部,70.3,2.2,11.14,222.56,1861.26,正常运行
2023-12-31 07:18:00,DEV-016,维修部,80.0,1.59,9.68,217.23,1912.08,正常运行
2023-06-09 08:11:00,DEV-064,生产部,73.28,1.61,9.65,202.93,1682.92,正常运行
2023-09-19 07:53:00,DEV-006,质检部,56.93,1.48,11.15,206.3,1943.56,正常运行
2023-10-17 02:14:00,DEV-048,维修部,58.28,2.38,12.58,216.77,2343.6,正常运行
2023-06-12 20:44:00,DEV-026,研发部,66.44,1.57,5.0,207.09,2134.48,正常运行
2024-04-11 15:06:00,DEV-020,维修部,59.25,1.8,12.55,239.2,1947.14,正常运行
2022-08-30 05:36:00,DEV-074,研发部,68.23,0.45,10.47,234.65,1585.57,正常运行
2023-03-03 21:25:00,DEV-059,质检部,43.17,0.68,9.16,205.53,2101.19,正常运行
2024-02-25 16:37:00,DEV-002,质检部,48.61,2.44,8.25,203.71,2005.96,正常运行
2022-06-14 22:26:00,DEV-078,维修部,59.85,0.46,8.03,208.51,1981.12,正常运行
2024-04-28 21:38:00,DEV-009,质检部,72.22,1.78,11.57,220.2,1924.89,正常运行
2024-10-04 16:40:00,DEV-081,质检部,92.66,1.34,2.92,195.78,2011.69,润滑系统异常
2022-02-01 22:52:00,DEV-059,研发部,42.33,1.04,11.18,171.03,1933.16,电力供应故障
2022-03-04 14:25:00,DEV-041,维修部,58.76,0.65,12.4,222.27,1651.72,正常运行
2023-01-31 10:17:00,DEV-004,生产部,54.86,2.17,11.84,174.66,2111.63,电力供应故障
2023-04-11 11:14:00,DEV-014,生产部,66.92,2.53,12.41,233.95,2007.95,正常运行
2023-10-30 17:25:00,DEV-050,生产部,50.08,1.81,8.37,231.19,2100.05,正常运行
2023-01-26 08:20:00,DEV-049,维修部,56.46,1.21,15.0,233.53,1923.75,正常运行
2024-11-19 17:55:00,DEV-030,研发部,59.11,1.5,13.17,211.92,2230.93,正常运行
2023-08-01 19:37:00,DEV-045,生产部,71.85,2.1,11.34,183.88,1688.0,电力供应故障
2022-11-13 02:58:00,DEV-080,研发部,46.15,0.61,12.76,228.29,2020.35,正常运行
2023-06-26 01:07:00,DEV-098,生产部,50.79,2.71,5.29,238.48,2007.78,正常运行
2022-09-30 14:35:00,DEV-037,研发部,62.24,0.0,6.65,243.09,1814.36,正常运行
2022-09-30 05:18:00,DEV-022,质检部,55.31,0.51,6.99,221.8,1919.77,正常运行
2023-05-24 01:18:00,DEV-100,生产部,78.23,1.31,5.62,210.27,2227.56,正常运行
2024-06-11 06:15:00,DEV-048,维修部,71.74,0.7,11.56,232.95,2034.29,正常运行
2023-07-25 06:48:00,DEV-023,生产部,60.6,1.89,9.87,233.6,1709.63,正常运行
2023-11-19 12:08:00,DEV-085,研发部,41.49,2.25,11.03,203.33,2160.49,正常运行
2023-06-02 23:01:00,DEV-067,研发部,40.34,1.85,13.7,175.72,1739.35,电力供应故障
2024-06-19 22:03:00,DEV-041,质检部,55.18,1.91,12.27,209.12,2160.15,正常运行
2023-06-11 12:41:00,DEV-092,质检部,51.17,0.83,10.27,226.6,2218.67,正常运行
2024-07-14 22:15:00,DEV-025,质检部,54.33,1.41,7.31,232.63,1926.16,正常运行
2024-03-25 03:44:00,DEV-071,生产部,67.21,1.46,15.0,213.91,2052.11,正常运行
2022-05-01 18:05:00,DEV-075,生产部,49.03,1.2,15.33,169.79,2074.89,电力供应故障
2022-03-11 15:23:00,DEV-044,质检部,47.15,1.17,5.0,229.57,1736.23,正常运行
2022-02-18 08:16:00,DEV-007,质检部,78.13,1.23,10.84,212.36,1830.73,正常运行
2023-04-01 07:32:00,DEV-059,维修部,71.0,1.49,10.02,245.93,1784.79,正常运行
2022-03-07 12:57:00,DEV-024,研发部,66.23,0.43,8.68,241.98,2106.49,正常运行
2023-01-30 03:25:00,DEV-055,质检部,68.3,1.21,8.57,177.31,1737.53,电力供应故障
2022-05-11 20:11:00,DEV-019,研发部,58.28,1.34,9.67,190.49,2040.64,正常运行
2024-08-03 23:01:00,DEV-097,质检部,43.66,1.67,5.96,247.72,2238.11,正常运行
2022-05-22 01:28:00,DEV-014,维修部,73.64,0.35,5.0,187.26,2223.21,正常运行
2022-05-30 23:08:00,DEV-017,研发部,44.82,0.92,5.44,220.35,1778.81,正常运行
2023-10-05 16:46:00,DEV-063,研发部,99.88,3.1,7.34,231.07,2034.36,散热系统故障
2023-10-04 11:32:00,DEV-037,研发部,39.02,1.78,5.9,213.16,1865.28,正常运行
2024-04-07 03:59:00,DEV-064,生产部,46.59,2.33,7.89,216.77,2055.33,正常运行
2022-12-17 08:20:00,DEV-080,生产部,65.7,2.02,10.41,161.69,1526.33,电力供应故障
2022-02-14 21:20:00,DEV-053,质检部,71.21,2.02,9.9,221.86,2053.91,正常运行
2023-04-05 16:56:00,DEV-075,维修部,57.85,1.07,13.72,211.09,2016.48,正常运行
2022-11-14 21:38:00,DEV-038,生产部,50.73,2.53,8.1,236.93,1953.28,正常运行
2023-04-27 23:59:00,DEV-069,维修部,54.49,3.0,11.24,234.85,2118.42,正常运行
2023-03-16 23:14:00,DEV-021,维修部,44.61,2.03,13.25,225.2,1862.98,正常运行
2024-12-27 20:32:00,DEV-046,生产部,58.48,3.03,7.19,229.62,2732.88,传动系统异常
2023-08-02 14:42:00,DEV-096,研发部,95.85,3.99,8.23,206.09,2034.82,散热系统故障
2022-02-19 18:59:00,DEV-035,质检部,63.29,3.0,10.24,216.5,1981.88,正常运行
2022-09-19 03:50:00,DEV-098,生产部,57.43,0.0,11.0,214.35,2063.21,正常运行
2023-08-13 19:01:00,DEV-041,研发部,51.75,0.67,6.86,216.46,1810.57,正常运行
2024-09-18 19:53:00,DEV-034,生产部,53.57,2.27,11.36,229.09,1875.21,正常运行
2024-04-01 05:48:00,DEV-042,研发部,47.06,3.0,9.55,223.0,1986.6,正常运行
2023-04-16 03:48:00,DEV-098,生产部,61.39,1.05,11.94,203.79,2015.21,正常运行
2024-06-18 10:40:00,DEV-100,研发部,64.83,1.99,9.57,220.5,2217.88,正常运行
2022-01-31 11:47:00,DEV-053,生产部,46.05,0.3,12.18,230.41,2316.9,正常运行
2024-03-21 11:38:00,DEV-046,研发部,57.65,1.84,15.19,176.31,1838.56,电力供应故障
2022-09-01 10:53:00,DEV-090,生产部,59.29,0.33,10.58,221.42,2072.04,正常运行
2023-03-26 12:32:00,DEV-042,维修部,73.92,0.0,7.99,232.98,2221.58,正常运行
2024-09-15 12:51:00,DEV-022,质检部,91.25,2.66,2.4,204.78,2042.4,润滑系统异常
2024-09-08 16:58:00,DEV-086,研发部,58.26,0.96,7.98,241.51,2190.31,正常运行
2023-01-11 05:05:00,DEV-020,生产部,61.18,2.16,11.21,212.88,1583.59,正常运行
2024-07-09 01:11:00,DEV-008,生产部,66.33,2.74,15.0,210.81,1922.46,正常运行
2024-10-03 09:56:00,DEV-081,维修部,91.25,2.58,2.27,203.47,2103.42,润滑系统异常
2023-05-17 15:35:00,DEV-084,生产部,76.25,2.54,15.0,232.36,2221.67,正常运行
2024-12-07 21:55:00,DEV-097,生产部,63.46,1.41,15.59,164.48,1972.5,电力供应故障
2024-08-19 18:57:00,DEV-015,维修部,80.0,0.83,6.72,215.35,2125.96,正常运行
2023-07-25 19:28:00,DEV-020,研发部,50.43,3.79,12.23,216.56,2892.24,传动系统异常
2023-07-10 17:57:00,DEV-063,生产部,59.38,1.6,10.94,218.6,2001.85,正常运行
2022-09-17 00:49:00,DEV-061,生产部,42.91,1.38,9.89,203.04,1934.18,正常运行
2022-10-30 04:33:00,DEV-049,研发部,45.18,1.33,6.72,216.64,1836.33,正常运行
2022-06-22 10:08:00,DEV-077,维修部,45.15,0.96,11.55,206.71,2272.92,正常运行
2022-07-12 19:48:00,DEV-034,生产部,50.11,1.52,9.14,232.27,2029.1,正常运行
2022-02-07 13:46:00,DEV-044,研发部,68.83,3.0,12.77,191.67,1896.14,正常运行
2023-02-05 05:34:00,DEV-082,维修部,51.29,2.82,11.41,209.95,2930.22,传动系统异常
2024-06-18 14:14:00,DEV-060,研发部,64.54,1.3,11.17,226.65,1971.07,正常运行
2023-10-11 16:52:00,DEV-011,质检部,65.94,1.27,8.91,227.68,2042.39,正常运行
2022-07-01 04:23:00,DEV-090,维修部,86.44,2.88,2.94,195.05,2180.2,润滑系统异常
2022-11-28 15:58:00,DEV-030,研发部,52.56,1.93,12.62,184.05,1769.7,电力供应故障
2022-11-30 02:50:00,DEV-037,研发部,87.82,3.92,7.79,221.96,2480.74,散热系统故障
2023-03-02 13:30:00,DEV-003,质检部,60.0,1.54,9.03,228.23,2210.01,正常运行
2024-06-19 05:17:00,DEV-034,质检部,89.38,1.88,1.31,203.03,1533.83,润滑系统异常
2024-01-29 03:05:00,DEV-018,生产部,77.17,2.79,12.89,232.94,1585.62,正常运行
2023-11-11 20:43:00,DEV-074,研发部,76.05,0.78,8.29,196.36,1933.11,正常运行
2023-01-14 15:38:00,DEV-022,质检部,98.01,3.75,12.38,193.06,2422.23,散热系统故障
2023-12-22 12:28:00,DEV-059,生产部,53.3,0.59,13.71,183.24,2002.02,电力供应故障
2024-02-08 22:39:00,DEV-070,质检部,69.96,1.63,15.0,250.0,2307.67,正常运行
2024-11-02 01:23:00,DEV-057,维修部,52.27,1.28,10.46,218.0,2187.82,正常运行
2023-05-15 16:06:00,DEV-018,生产部,60.6,0.23,10.24,235.91,2047.5,正常运行
2024-09-21 15:13:00,DEV-014,质检部,65.56,1.03,5.0,213.57,2205.89,正常运行
2024-02-11 02:24:00,DEV-007,维修部,44.93,1.62,8.19,229.44,1822.93,正常运行
2023-08-13 08:38:00,DEV-059,维修部,73.33,0.84,7.84,209.28,2011.92,正常运行
2024-03-22 20:06:00,DEV-072,生产部,46.22,1.6,12.7,175.89,1788.05,电力供应故障
2022-01-31 22:26:00,DEV-058,质检部,55.27,1.8,9.09,236.05,2047.23,正常运行
2024-04-18 05:31:00,DEV-031,研发部,62.13,1.93,7.25,231.89,2058.85,正常运行
2022-02-28 00:27:00,DEV-074,质检部,63.22,1.63,7.01,217.28,1564.59,正常运行
2022-09-27 03:35:00,DEV-092,质检部,65.09,1.34,15.0,211.16,2046.84,正常运行
2023-01-30 00:24:00,DEV-069,质检部,60.35,1.3,12.82,207.32,1743.3,正常运行
2023-12-18 11:17:00,DEV-013,研发部,45.24,0.0,6.97,241.04,1931.13,正常运行
2023-12-18 16:53:00,DEV-091,质检部,64.09,1.25,7.48,206.7,2106.96,正常运行
2024-03-14 00:07:00,DEV-021,维修部,56.88,2.07,10.49,195.47,1816.28,正常运行
2024-09-24 16:53:00,DEV-072,研发部,67.43,1.89,15.26,182.15,2051.83,电力供应故障
2022-04-21 06:53:00,DEV-045,研发部,80.0,0.54,9.51,233.27,2220.19,正常运行
2023-10-18 10:46:00,DEV-068,质检部,96.79,2.71,3.4,201.75,1891.16,润滑系统异常
2024-04-20 11:32:00,DEV-093,质检部,53.94,3.53,9.53,235.0,2878.16,传动系统异常
2024-04-03 08:37:00,DEV-039,研发部,97.15,3.92,12.31,237.45,2063.7,散热系统故障
2023-12-23 14:58:00,DEV-023,研发部,89.98,4.3,8.0,194.22,2374.25,散热系统故障
2024-01-27 08:04:00,DEV-063,生产部,98.59,3.13,10.68,203.46,2448.09,散热系统故障
2024-11-17 00:16:00,DEV-066,生产部,52.76,2.04,15.0,219.89,2040.39,正常运行
2024-11-15 06:14:00,DEV-093,质检部,68.2,0.64,9.99,180.48,2062.13,电力供应故障
2024-01-28 17:16:00,DEV-010,生产部,67.01,1.65,11.29,240.48,2172.91,正常运行
2024-11-06 17:13:00,DEV-083,生产部,66.67,2.54,8.59,249.62,1930.46,正常运行
2023-01-08 10:32:00,DEV-085,生产部,50.89,1.52,8.47,163.84,2163.36,电力供应故障
2023-11-30 14:17:00,DEV-034,维修部,78.02,3.11,11.86,220.13,2810.08,传动系统异常
2023-06-25 03:09:00,DEV-033,研发部,87.18,3.03,9.99,228.79,2019.73,散热系统故障
2023-07-04 14:37:00,DEV-083,生产部,54.22,1.82,5.42,229.02,1772.19,正常运行
2023-05-05 16:53:00,DEV-081,生产部,66.63,0.92,11.76,214.06,1909.38,正常运行
2022-09-30 02:15:00,DEV-069,维修部,42.4,1.56,5.0,226.87,1804.06,正常运行
2024-11-09 21:13:00,DEV-017,研发部,60.2,0.77,8.75,243.89,2065.72,正常运行
2024-10-20 21:04:00,DEV-051,维修部,47.09,2.24,12.21,209.41,2071.93,正常运行
2023-01-22 00:50:00,DEV-006,生产部,65.38,0.93,12.92,171.19,1611.06,电力供应故障
2024-11-18 09:28:00,DEV-091,生产部,70.65,1.29,13.81,227.37,1755.36,正常运行
2024-04-12 02:02:00,DEV-031,质检部,70.62,2.63,10.66,234.52,1856.43,正常运行
2024-12-03 06:11:00,DEV-058,质检部,47.51,2.4,10.73,210.7,2058.75,正常运行
2024-09-18 12:36:00,DEV-039,研发部,59.36,1.14,13.05,222.81,2010.49,正常运行
2023-11-22 15:07:00,DEV-084,生产部,55.51,1.92,10.11,205.43,2126.99,正常运行
2023-11-07 21:20:00,DEV-009,生产部,53.36,0.65,5.0,223.01,2121.78,正常运行
2023-03-17 22:36:00,DEV-033,生产部,68.31,2.14,5.73,248.67,1871.77,正常运行
2022-03-15 04:22:00,DEV-067,生产部,41.98,0.96,5.0,219.61,1974.48,正常运行
2024-06-08 07:39:00,DEV-017,维修部,95.59,4.09,12.32,194.46,2204.66,散热系统故障
2022-09-24 12:52:00,DEV-045,生产部,47.4,1.01,8.87,215.23,2256.33,正常运行
2024-02-16 10:04:00,DEV-072,研发部,56.55,1.16,15.0,213.4,1838.35,正常运行
2024-01-09 12:08:00,DEV-030,生产部,67.43,3.81,12.18,204.08,2829.77,传动系统异常
2023-09-24 00:23:00,DEV-045,质检部,63.19,2.82,12.49,202.32,1970.9,正常运行
2022-04-23 05:27:00,DEV-091,质检部,46.42,1.43,12.9,209.15,2061.91,正常运行
2023-07-22 00:33:00,DEV-050,质检部,59.22,3.0,10.31,228.97,1804.89,正常运行
2023-04-24 11:00:00,DEV-099,质检部,70.82,0.49,6.28,234.41,1724.95,正常运行
2023-04-29 20:38:00,DEV-011,维修部,61.58,0.87,8.35,204.36,1878.85,正常运行
2023-12-27 16:54:00,DEV-063,生产部,60.6,1.23,10.52,238.04,1918.71,正常运行
2022-07-18 20:41:00,DEV-025,维修部,67.84,2.09,9.16,221.0,2103.19,正常运行
2022-07-12 18:05:00,DEV-079,维修部,63.2,1.57,5.0,230.45,2081.49,正常运行
2022-02-04 08:23:00,DEV-049,研发部,93.16,1.08,2.39,230.87,2008.34,润滑系统异常
2022-10-19 08:15:00,DEV-018,生产部,41.92,2.45,5.0,217.78,1926.46,正常运行
2023-03-29 00:04:00,DEV-080,质检部,74.15,3.04,6.9,213.77,2627.61,传动系统异常
2024-12-07 09:40:00,DEV-045,维修部,72.43,1.38,7.68,221.32,2035.08,正常运行
2024-11-08 18:11:00,DEV-053,生产部,96.31,2.74,2.17,190.68,1678.45,润滑系统异常
2024-09-30 04:30:00,DEV-089,生产部,97.69,1.09,3.35,200.34,1700.28,润滑系统异常
2022-12-18 22:35:00,DEV-047,研发部,60.2,2.09,9.39,205.94,1940.2,正常运行
2024-04-25 15:30:00,DEV-017,生产部,58.05,1.56,5.0,239.85,2001.34,正常运行
2022-03-19 15:09:00,DEV-061,生产部,60.78,3.0,12.23,187.41,1985.05,正常运行
2024-05-16 21:23:00,DEV-050,研发部,71.69,2.15,9.31,208.99,1869.39,正常运行
2024-11-29 12:58:00,DEV-036,研发部,71.1,2.81,8.03,240.54,1647.88,正常运行
2023-10-19 05:16:00,DEV-098,生产部,70.29,1.11,11.26,221.21,1873.76,正常运行
2023-11-03 09:39:00,DEV-045,生产部,40.7,1.63,12.38,226.15,1813.96,正常运行
2022-11-11 17:49:00,DEV-091,生产部,61.66,1.71,5.0,250.0,2104.41,正常运行
2022-09-05 04:55:00,DEV-018,研发部,60.2,1.36,5.0,245.07,1819.72,正常运行
2022-12-02 02:16:00,DEV-013,研发部,73.95,2.11,14.55,209.03,2214.05,正常运行
2023-05-12 03:28:00,DEV-024,质检部,70.19,1.46,5.0,239.47,2288.83,正常运行
2024-08-05 23:23:00,DEV-046,生产部,98.64,4.01,10.06,203.88,2237.57,散热系统故障
2022-12-31 20:35:00,DEV-036,质检部,48.77,0.97,5.0,219.58,1578.7,正常运行
2023-12-05 14:57:00,DEV-026,质检部,60.74,0.78,11.75,184.97,1611.19,电力供应故障
2024-10-03 18:41:00,DEV-072,质检部,77.77,1.73,12.32,225.63,2343.69,正常运行
2022-01-17 18:26:00,DEV-087,维修部,71.08,1.56,8.02,230.2,2027.5,正常运行
2024-01-19 18:41:00,DEV-013,研发部,93.77,3.36,10.38,232.0,2103.22,散热系统故障
2022-07-21 23:08:00,DEV-091,维修部,42.34,0.52,6.22,225.58,1937.43,正常运行
2023-04-15 03:18:00,DEV-065,生产部,74.81,0.1,9.15,223.43,1741.4,正常运行
2022-05-25 11:51:00,DEV-063,维修部,63.03,1.51,8.92,250.0,1995.02,正常运行
2024-03-17 19:11:00,DEV-094,研发部,58.76,2.42,8.21,206.49,2417.02,正常运行
2024-02-08 10:23:00,DEV-046,维修部,65.7,0.96,12.98,216.2,1916.03,正常运行
2024-04-21 20:04:00,DEV-052,研发部,46.03,1.8,15.0,218.76,1834.2,正常运行
2024-02-12 22:18:00,DEV-058,生产部,67.75,1.74,13.89,228.64,1798.3,正常运行
2023-12-02 10:10:00,DEV-065,研发部,66.21,0.78,9.34,212.27,2252.46,正常运行
2023-01-31 21:19:00,DEV-004,生产部,68.76,2.13,6.64,246.51,1787.15,正常运行
2023-01-22 08:07:00,DEV-082,维修部,63.62,0.52,5.0,207.71,2287.64,正常运行
2023-05-30 11:57:00,DEV-072,质检部,73.51,0.85,9.16,170.53,1534.8,电力供应故障
2022-07-29 15:13:00,DEV-090,质检部,58.27,3.06,9.14,211.69,2764.54,传动系统异常
2023-03-12 19:59:00,DEV-093,维修部,73.68,0.98,11.09,250.0,1964.79,正常运行
2022-04-20 01:09:00,DEV-049,生产部,56.36,0.7,11.84,211.25,2187.35,正常运行
2024-02-14 18:06:00,DEV-020,质检部,52.61,2.98,7.65,230.71,1990.76,正常运行
2024-07-14 20:59:00,DEV-031,维修部,35.95,1.38,10.13,235.34,1961.91,正常运行
2022-01-07 21:20:00,DEV-070,维修部,58.77,0.5,7.88,193.28,2123.05,正常运行
2022-08-16 19:55:00,DEV-075,生产部,43.84,2.4,8.86,237.16,1916.44,正常运行
2023-09-20 16:33:00,DEV-091,研发部,62.07,2.07,9.81,226.48,2264.28,正常运行
2022-12-22 15:04:00,DEV-057,生产部,89.44,1.19,2.56,216.44,2058.02,润滑系统异常
2024-02-09 15:36:00,DEV-064,研发部,101.22,4.03,10.33,237.72,2341.9,散热系统故障
2024-03-08 12:43:00,DEV-092,质检部,65.24,1.84,13.49,227.67,1916.16,正常运行
2022-03-29 02:22:00,DEV-021,质检部,48.94,1.47,10.8,224.01,2016.16,正常运行
2024-12-17 08:09:00,DEV-029,维修部,68.82,1.59,11.38,217.18,1979.28,正常运行
2023-03-29 00:44:00,DEV-096,研发部,86.41,4.3,9.65,213.15,2461.21,散热系统故障
2023-01-09 13:07:00,DEV-021,生产部,73.22,1.39,11.49,172.5,1988.2,电力供应故障
2024-07-11 01:30:00,DEV-012,生产部,58.14,1.24,10.23,215.91,2288.66,正常运行
2023-01-04 20:02:00,DEV-079,研发部,79.91,2.77,10.43,229.53,2680.51,传动系统异常
2023-05-16 20:01:00,DEV-087,生产部,45.74,1.98,5.54,224.75,2088.93,正常运行
2024-12-27 21:21:00,DEV-064,研发部,55.4,2.68,5.0,236.69,1946.5,正常运行
2022-04-15 01:59:00,DEV-083,维修部,59.75,0.0,10.1,229.21,2075.09,正常运行
2024-03-31 12:21:00,DEV-077,质检部,43.65,1.55,12.6,214.1,2476.61,正常运行
2022-03-12 23:08:00,DEV-091,研发部,58.86,1.19,7.23,224.03,2037.42,正常运行
2024-01-01 15:54:00,DEV-022,质检部,59.78,2.07,14.43,217.1,2043.68,正常运行
2023-09-05 03:29:00,DEV-095,生产部,57.34,1.89,8.36,212.26,2059.6,正常运行
2022-04-23 20:06:00,DEV-066,生产部,68.73,2.08,9.99,228.3,1688.0,正常运行
2022-03-16 04:47:00,DEV-088,研发部,77.46,1.25,9.36,236.25,1948.2,正常运行
2022-04-07 18:57:00,DEV-098,质检部,64.39,2.34,8.43,219.36,2101.36,正常运行
2023-11-28 17:27:00,DEV-088,研发部,68.21,0.77,11.03,224.45,1872.64,正常运行
2022-08-14 01:57:00,DEV-053,质检部,86.31,1.83,2.13,207.49,1715.38,润滑系统异常
2022-07-05 22:59:00,DEV-099,质检部,87.39,3.98,10.81,192.44,2023.73,散热系统故障
2024-05-12 15:46:00,DEV-027,生产部,70.91,2.3,14.79,242.28,1591.73,正常运行
2023-11-26 09:21:00,DEV-048,研发部,42.13,3.0,12.38,215.56,1948.17,正常运行
2023-10-20 18:55:00,DEV-010,维修部,43.62,1.6,10.96,221.97,1933.24,正常运行
2022-03-15 02:22:00,DEV-037,研发部,79.94,0.74,5.0,210.82,1721.44,正常运行
2023-06-05 08:25:00,DEV-037,质检部,55.03,0.94,10.02,227.62,1742.78,正常运行
2022-03-12 01:43:00,DEV-079,生产部,56.74,2.56,5.16,242.38,1949.27,正常运行
2024-11-10 08:09:00,DEV-034,维修部,61.09,0.27,11.94,221.37,2106.49,正常运行
2022-01-17 17:33:00,DEV-083,生产部,47.81,2.09,5.17,206.75,2231.92,正常运行
2023-06-07 09:14:00,DEV-045,维修部,49.89,1.45,12.49,219.58,2472.73,正常运行
2023-08-02 19:01:00,DEV-080,质检部,69.2,1.89,11.9,227.1,2020.27,正常运行
2022-10-19 06:35:00,DEV-097,生产部,64.51,1.35,7.46,218.56,2132.82,正常运行
2023-07-29 00:46:00,DEV-067,研发部,66.28,3.87,6.81,207.63,2732.42,传动系统异常
2024-06-01 01:44:00,DEV-090,维修部,91.81,3.27,13.51,205.8,2360.48,散热系统故障
2024-02-24 00:48:00,DEV-094,研发部,67.4,0.91,9.47,203.71,1851.06,正常运行
2023-11-07 12:00:00,DEV-009,研发部,65.54,1.22,11.47,201.01,2049.46,正常运行
2024-01-17 04:08:00,DEV-024,研发部,57.06,1.66,8.92,230.48,1965.06,正常运行
2024-11-25 14:18:00,DEV-059,生产部,71.88,0.09,8.74,223.76,1924.81,正常运行
2023-10-27 04:07:00,DEV-058,生产部,74.94,2.42,5.27,216.05,1853.46,正常运行
2022-03-24 12:38:00,DEV-015,研发部,70.32,1.99,13.17,195.97,1916.16,正常运行
2022-05-18 11:51:00,DEV-081,生产部,64.44,2.63,10.06,194.57,2073.46,正常运行
2022-07-16 09:52:00,DEV-017,质检部,61.21,1.17,9.94,226.51,2085.43,正常运行
2024-06-02 21:14:00,DEV-027,维修部,60.74,0.98,7.6,212.76,1809.33,正常运行
2023-06-06 02:37:00,DEV-075,质检部,58.26,2.3,8.6,218.68,2500.0,正常运行
2023-08-15 22:38:00,DEV-073,维修部,64.11,1.61,8.68,221.51,1962.46,正常运行
2022-04-19 02:43:00,DEV-068,生产部,70.03,0.78,11.95,228.68,1958.67,正常运行
2023-01-30 02:28:00,DEV-036,维修部,69.65,2.69,9.37,235.66,2916.51,传动系统异常
2022-05-24 08:27:00,DEV-013,研发部,62.03,1.69,7.89,210.61,1803.69,正常运行
2023-11-13 07:23:00,DEV-001,质检部,62.47,3.0,13.98,226.33,1788.12,正常运行
2023-10-11 16:37:00,DEV-089,生产部,80.0,1.56,10.01,233.23,1999.99,正常运行
2024-11-03 00:16:00,DEV-083,维修部,64.69,1.19,10.01,235.45,2136.08,正常运行
2022-08-14 08:48:00,DEV-022,维修部,68.32,1.67,9.55,210.11,1904.72,正常运行
2023-10-09 12:44:00,DEV-087,生产部,62.65,1.18,11.48,227.95,2001.33,正常运行
2024-10-24 09:38:00,DEV-034,研发部,58.61,2.46,8.67,214.88,1886.7,正常运行
2023-07-27 09:22:00,DEV-064,维修部,50.86,1.75,8.98,206.91,1738.12,正常运行
2024-07-10 20:27:00,DEV-085,维修部,64.73,2.8,14.71,204.94,2102.06,正常运行
2023-05-08 17:48:00,DEV-059,研发部,64.45,2.42,7.19,228.73,2120.38,正常运行
2023-05-25 17:03:00,DEV-021,研发部,52.61,0.77,13.17,223.11,2156.94,正常运行
2023-03-31 13:58:00,DEV-076,质检部,54.51,1.07,8.7,236.14,1810.43,正常运行
2023-12-08 13:08:00,DEV-067,研发部,58.88,0.89,11.94,237.88,2266.73,正常运行
2022-11-16 11:08:00,DEV-043,维修部,68.47,1.08,10.83,233.71,2177.27,正常运行
2022-11-09 06:22:00,DEV-030,研发部,49.97,2.02,10.4,201.32,1854.01,正常运行
2022-04-10 15:51:00,DEV-078,生产部,56.03,2.74,13.92,223.62,1868.21,正常运行
2023-03-26 18:10:00,DEV-058,质检部,51.81,1.91,9.5,238.4,2231.42,正常运行
2022-11-21 22:33:00,DEV-034,生产部,63.15,3.73,10.86,220.32,2680.23,传动系统异常
2022-01-05 19:51:00,DEV-100,研发部,72.43,0.78,7.88,220.93,2222.9,正常运行
2022-08-25 20:42:00,DEV-010,研发部,96.14,2.79,1.42,226.23,1860.16,润滑系统异常
2024-01-20 10:46:00,DEV-065,生产部,60.69,2.82,9.25,228.65,2062.25,正常运行
2022-02-26 17:03:00,DEV-064,研发部,45.7,2.22,14.46,203.41,1975.45,正常运行
2023-01-19 12:41:00,DEV-080,生产部,56.17,1.5,13.43,225.64,1850.16,正常运行
2024-08-16 14:32:00,DEV-001,研发部,86.16,3.85,12.38,196.61,1850.9,散热系统故障
2022-01-24 12:58:00,DEV-098,质检部,71.98,1.6,14.1,213.24,1966.57,正常运行
2023-12-26 16:44:00,DEV-017,质检部,53.99,1.64,5.0,211.0,2219.67,正常运行
2022-11-09 21:28:00,DEV-020,维修部,50.22,0.34,14.3,223.74,2154.17,正常运行
2022-02-27 11:44:00,DEV-075,维修部,54.6,0.36,7.46,219.32,1500.0,正常运行
2024-06-16 16:08:00,DEV-038,生产部,58.15,1.14,9.61,228.72,1959.35,正常运行
2022-12-20 10:40:00,DEV-050,质检部,61.68,1.48,5.0,209.58,1918.14,正常运行
2024-12-01 01:06:00,DEV-006,质检部,70.43,2.15,7.17,208.29,2142.72,正常运行
2024-01-12 05:53:00,DEV-057,维修部,43.28,1.12,6.79,224.01,2063.77,正常运行
2024-09-01 08:58:00,DEV-055,维修部,40.54,1.89,9.85,181.45,1826.45,电力供应故障
2024-03-04 12:04:00,DEV-042,质检部,65.51,1.79,9.24,175.74,1900.9,电力供应故障
2023-11-30 00:18:00,DEV-041,维修部,67.45,1.02,13.23,211.69,2319.83,正常运行
2022-08-21 22:48:00,DEV-010,维修部,90.08,2.3,2.69,228.08,2106.32,润滑系统异常
2023-07-10 00:12:00,DEV-087,维修部,80.0,1.43,11.64,234.24,1988.12,正常运行
2022-02-03 05:21:00,DEV-008,生产部,64.52,0.44,14.26,207.66,1579.3,正常运行
2023-12-03 23:37:00,DEV-043,质检部,70.86,0.7,13.49,233.13,1976.69,正常运行
2024-07-19 18:19:00,DEV-058,维修部,64.42,1.5,6.96,242.38,2049.57,正常运行
2022-04-04 09:22:00,DEV-092,研发部,54.53,3.75,8.14,212.7,2771.5,传动系统异常
2022-03-23 22:32:00,DEV-059,研发部,58.75,0.86,11.19,192.87,2080.69,正常运行
2023-09-29 03:54:00,DEV-003,质检部,97.68,3.33,9.33,207.22,1808.0,散热系统故障
2022-06-24 11:25:00,DEV-030,维修部,58.16,1.65,13.96,184.28,2114.78,电力供应故障
2022-03-19 17:00:00,DEV-024,质检部,60.87,0.31,11.19,244.79,1963.02,正常运行
2023-01-16 11:21:00,DEV-023,质检部,71.02,2.32,10.63,226.29,2173.01,正常运行
2024-01-04 11:33:00,DEV-026,研发部,100.75,3.07,6.85,230.73,2236.48,散热系统故障
2024-02-12 11:58:00,DEV-094,生产部,50.9,1.96,12.16,207.81,1762.95,正常运行
2023-08-21 03:01:00,DEV-032,生产部,51.36,0.94,8.64,177.72,1852.42,电力供应故障
2022-09-30 00:46:00,DEV-068,研发部,62.35,0.53,9.01,220.04,2246.28,正常运行
2023-09-13 18:53:00,DEV-098,维修部,54.97,1.76,6.89,207.17,1945.27,正常运行
2024-01-19 17:15:00,DEV-025,研发部,39.87,0.0,7.25,206.44,2279.2,正常运行
2024-09-16 19:38:00,DEV-069,维修部,62.72,0.48,6.76,235.8,1992.09,正常运行
2022-11-28 19:11:00,DEV-026,维修部,60.54,0.83,8.07,215.96,2337.1,正常运行
2023-02-23 04:06:00,DEV-074,生产部,76.35,1.85,7.48,200.35,1922.52,正常运行
2023-10-31 07:55:00,DEV-086,研发部,62.5,1.05,8.82,230.38,2126.24,正常运行
2023-12-17 20:30:00,DEV-006,质检部,50.73,1.73,15.0,203.47,2091.79,正常运行
2022-04-17 07:41:00,DEV-083,生产部,53.52,0.6,14.6,217.12,2044.97,正常运行
2023-02-03 05:24:00,DEV-028,维修部,61.07,0.0,11.14,221.88,1897.81,正常运行
2022-07-25 06:54:00,DEV-055,质检部,52.9,0.49,9.35,215.37,2485.34,正常运行
2022-11-27 16:52:00,DEV-038,质检部,66.17,0.06,6.64,233.32,2175.21,正常运行
2023-03-29 02:01:00,DEV-085,质检部,35.0,1.71,5.82,212.7,2009.38,正常运行
2022-11-27 15:17:00,DEV-072,研发部,57.58,1.3,12.09,198.89,1925.63,正常运行
2023-05-17 05:52:00,DEV-047,维修部,57.4,0.46,5.57,194.84,2039.26,正常运行
2024-09-11 22:59:00,DEV-065,维修部,72.52,1.23,10.95,244.32,2326.83,正常运行
2024-04-21 10:16:00,DEV-095,生产部,65.2,0.88,14.57,168.15,1810.79,电力供应故障
2024-07-03 20:11:00,DEV-100,质检部,44.8,1.38,5.0,219.71,2020.33,正常运行
2024-12-24 20:24:00,DEV-009,研发部,53.64,1.44,10.77,191.66,1694.51,正常运行
2023-02-03 16:43:00,DEV-007,质检部,100.96,4.46,12.72,235.46,2295.85,散热系统故障
2022-02-14 18:33:00,DEV-003,生产部,75.17,1.22,13.12,216.25,1999.6,正常运行
2022-05-02 18:42:00,DEV-040,维修部,61.33,1.23,13.38,165.92,1990.7,电力供应故障
2023-07-18 01:48:00,DEV-081,生产部,50.16,0.5,15.0,230.56,1956.12,正常运行
2023-01-07 08:07:00,DEV-089,生产部,61.81,1.14,9.23,215.57,1980.5,正常运行
2024-04-20 13:52:00,DEV-021,维修部,96.9,1.35,3.45,203.83,2145.68,润滑系统异常
2024-04-22 04:20:00,DEV-084,研发部,50.36,3.59,9.04,238.38,2710.96,传动系统异常
2024-10-23 21:37:00,DEV-069,质检部,43.26,1.1,7.37,212.6,2065.7,正常运行
2022-07-31 15:49:00,DEV-085,维修部,66.86,0.0,10.39,211.69,2076.43,正常运行
2022-08-11 23:38:00,DEV-063,质检部,76.26,1.44,15.0,246.63,2061.55,正常运行
2023-07-27 22:01:00,DEV-006,维修部,35.65,2.05,7.56,222.64,1750.04,正常运行
2023-11-01 15:55:00,DEV-039,研发部,86.59,3.03,12.16,217.42,2289.01,散热系统故障
2022-11-17 14:23:00,DEV-039,质检部,48.69,0.22,12.46,224.12,2080.74,正常运行
2022-11-19 22:03:00,DEV-071,研发部,64.89,2.32,15.0,224.43,2091.7,正常运行
2024-08-16 21:08:00,DEV-078,研发部,57.93,3.02,10.56,233.8,2932.38,传动系统异常
2023-10-20 20:35:00,DEV-045,质检部,69.1,1.97,12.59,225.03,1958.91,正常运行
2023-10-19 15:11:00,DEV-056,生产部,50.09,2.0,7.26,221.22,2316.69,正常运行
2024-02-13 07:15:00,DEV-063,维修部,100.22,4.06,8.63,195.13,1985.4,散热系统故障
2022-08-30 13:49:00,DEV-097,维修部,71.72,0.65,7.07,238.14,2079.58,正常运行
2024-08-12 11:14:00,DEV-030,生产部,59.18,1.57,10.11,184.24,2149.03,正常运行
2024-08-29 01:36:00,DEV-031,生产部,62.63,1.17,10.72,225.99,2226.23,正常运行
2023-04-28 16:08:00,DEV-013,质检部,56.44,0.0,11.33,189.54,2042.88,正常运行
2022-01-17 13:29:00,DEV-100,生产部,104.87,4.04,11.49,215.74,2407.55,散热系统故障
2024-08-18 00:51:00,DEV-089,维修部,85.81,2.56,2.92,207.04,1533.25,润滑系统异常
2023-07-08 22:12:00,DEV-077,维修部,56.28,2.65,13.72,227.61,2692.79,传动系统异常
2022-11-21 13:49:00,DEV-038,研发部,52.54,2.42,11.48,219.37,1981.27,正常运行
2024-06-23 03:48:00,DEV-003,质检部,99.78,3.82,6.77,217.86,1846.74,散热系统故障
2023-06-27 08:39:00,DEV-065,维修部,57.2,2.6,9.47,234.43,1926.5,正常运行
2024-11-28 16:02:00,DEV-006,生产部,43.62,0.18,7.43,213.32,1994.91,正常运行
2023-04-26 17:23:00,DEV-041,质检部,61.03,0.0,15.0,226.63,2245.41,正常运行
2024-04-27 08:17:00,DEV-049,研发部,59.59,1.7,12.26,239.49,2009.71,正常运行
2022-12-19 08:11:00,DEV-063,维修部,58.95,1.82,11.31,197.32,1820.13,正常运行
2023-12-08 14:23:00,DEV-010,生产部,49.74,0.4,14.16,230.16,1926.93,正常运行
2024-01-23 05:01:00,DEV-035,质检部,60.6,0.33,13.94,219.89,2035.63,正常运行
2024-10-11 07:12:00,DEV-055,研发部,42.9,1.81,8.43,227.14,1728.13,正常运行
2022-11-16 21:14:00,DEV-025,生产部,80.0,2.82,8.11,219.52,2006.7,正常运行
2024-04-27 16:42:00,DEV-092,维修部,76.36,1.76,9.3,217.34,2166.44,正常运行
2023-02-27 03:10:00,DEV-011,维修部,94.45,1.95,2.93,235.35,1896.47,润滑系统异常
2023-09-25 12:30:00,DEV-085,质检部,51.5,1.18,7.74,227.49,2210.6,正常运行
2023-11-30 20:29:00,DEV-054,维修部,47.31,2.73,9.67,224.49,2166.63,正常运行
2024-09-12 21:48:00,DEV-060,生产部,57.57,1.67,14.73,183.78,1892.23,电力供应故障
2024-10-08 02:31:00,DEV-069,研发部,47.17,0.6,8.86,232.96,2066.87,正常运行
2023-07-07 22:06:00,DEV-017,研发部,63.84,1.09,10.65,227.13,1650.62,正常运行
2024-10-14 07:09:00,DEV-090,质检部,49.99,2.33,15.0,232.64,2259.55,正常运行
2022-09-20 17:45:00,DEV-087,质检部,70.91,1.23,11.45,237.83,1814.77,正常运行
2024-03-09 18:14:00,DEV-011,维修部,85.19,2.32,3.54,229.26,1717.28,润滑系统异常
2022-11-09 03:01:00,DEV-060,生产部,57.43,1.09,9.62,226.59,2253.59,正常运行
2024-08-15 19:04:00,DEV-021,维修部,47.2,0.96,9.21,215.79,1879.2,正常运行
2022-02-15 21:11:00,DEV-085,研发部,76.46,2.66,14.22,199.82,2953.7,传动系统异常
2022-09-25 04:23:00,DEV-082,维修部,55.89,1.62,13.91,221.65,2015.18,正常运行
2023-07-22 13:03:00,DEV-072,维修部,77.44,1.24,6.77,218.52,1870.03,正常运行
2024-07-05 20:21:00,DEV-014,质检部,71.27,0.92,9.05,217.56,2067.72,正常运行
2022-05-21 15:50:00,DEV-046,研发部,52.86,2.96,14.57,205.52,2731.96,传动系统异常
2022-05-14 04:28:00,DEV-080,维修部,94.79,1.41,2.41,239.0,1636.7,润滑系统异常
2022-01-14 11:00:00,DEV-004,维修部,88.69,2.91,1.41,199.56,1794.38,润滑系统异常
2024-04-13 08:52:00,DEV-044,维修部,55.0,0.65,11.89,206.96,1931.41,正常运行
2023-08-06 23:25:00,DEV-034,研发部,61.19,1.67,6.82,238.92,2034.04,正常运行
2024-09-23 21:56:00,DEV-069,生产部,63.77,2.82,6.02,247.66,1853.85,正常运行
2022-07-03 12:15:00,DEV-026,维修部,63.2,1.11,9.98,199.93,2353.08,正常运行
2022-11-24 18:22:00,DEV-074,生产部,39.8,1.99,7.39,201.61,2257.3,正常运行
2023-05-15 09:49:00,DEV-085,研发部,57.74,0.73,8.88,236.33,2376.92,正常运行
2022-10-07 05:23:00,DEV-050,研发部,71.42,1.96,6.28,211.14,1890.65,正常运行
2023-02-03 18:59:00,DEV-034,生产部,56.9,1.62,10.24,221.69,1891.47,正常运行
2023-05-09 03:37:00,DEV-018,质检部,56.02,1.29,8.48,224.54,1842.93,正常运行
2024-09-10 07:11:00,DEV-038,生产部,79.17,1.66,10.71,222.02,2078.64,正常运行
2022-05-24 15:45:00,DEV-090,维修部,80.0,1.59,5.0,189.03,2307.95,正常运行
2022-06-04 04:43:00,DEV-006,质检部,56.61,2.75,11.24,229.38,2135.34,正常运行
2022-02-15 20:23:00,DEV-093,质检部,48.96,1.61,13.03,231.24,2092.4,正常运行
2024-01-28 21:04:00,DEV-053,维修部,72.08,1.96,5.0,250.0,1939.09,正常运行
2022-09-16 13:52:00,DEV-030,质检部,86.74,1.94,1.55,219.86,1985.19,润滑系统异常
2022-09-26 10:46:00,DEV-055,质检部,54.07,0.56,14.03,184.3,1934.2,电力供应故障
2022-10-14 20:00:00,DEV-045,研发部,77.36,2.01,11.07,210.08,1959.89,正常运行
2023-03-04 14:03:00,DEV-016,研发部,45.28,0.0,7.15,221.84,2025.1,正常运行
2023-04-21 15:48:00,DEV-074,生产部,72.49,2.55,8.49,209.58,1976.41,正常运行
2022-05-14 02:15:00,DEV-086,研发部,54.69,1.19,11.39,213.42,2233.26,正常运行
2023-12-31 00:29:00,DEV-067,研发部,104.85,3.47,13.03,209.87,1972.24,散热系统故障
2024-06-16 12:33:00,DEV-019,维修部,62.46,0.86,14.45,215.75,1886.88,正常运行
2024-10-21 02:12:00,DEV-096,维修部,58.4,1.49,9.13,224.84,1834.55,正常运行
2023-01-18 05:20:00,DEV-095,质检部,49.55,0.7,11.52,240.16,2032.34,正常运行
2024-11-25 14:44:00,DEV-020,研发部,60.38,1.44,5.0,229.64,1817.73,正常运行
2024-08-03 19:53:00,DEV-012,质检部,55.71,0.14,9.26,212.8,1896.8,正常运行
2023-12-03 02:18:00,DEV-081,生产部,68.59,1.78,5.32,198.58,1885.54,正常运行
2022-04-03 02:54:00,DEV-072,质检部,94.47,3.63,13.1,202.26,2078.82,散热系统故障
2022-02-16 08:48:00,DEV-047,生产部,71.43,1.56,12.95,227.1,2010.87,正常运行
2024-06-12 01:54:00,DEV-060,生产部,40.95,2.48,12.51,180.29,2145.91,正常运行
2024-01-19 05:36:00,DEV-018,质检部,67.36,1.58,12.03,166.81,1550.62,电力供应故障
2023-07-19 15:42:00,DEV-011,生产部,60.83,1.88,9.91,227.87,1932.79,正常运行
2024-01-08 22:11:00,DEV-020,研发部,68.75,1.25,5.0,219.28,1692.59,正常运行
2022-12-25 01:18:00,DEV-083,研发部,55.93,1.4,9.37,231.2,2065.12,正常运行
2022-06-29 20:36:00,DEV-025,研发部,60.34,1.21,12.84,230.12,1876.33,正常运行
2022-08-30 20:05:00,DEV-038,维修部,60.83,0.48,9.34,210.43,1824.67,正常运行
2024-04-16 11:46:00,DEV-034,研发部,86.38,2.04,1.15,204.43,1812.17,润滑系统异常
2022-02-08 22:48:00,DEV-042,质检部,97.86,2.6,3.66,206.74,1855.3,润滑系统异常
2024-07-02 14:40:00,DEV-079,研发部,64.75,2.96,11.48,205.47,2049.66,正常运行
2022-12-08 06:27:00,DEV-025,研发部,58.49,1.93,6.28,232.79,2043.21,正常运行
2023-05-23 23:43:00,DEV-033,质检部,62.93,3.9,9.31,236.41,2734.27,传动系统异常
2022-09-21 16:23:00,DEV-041,生产部,80.0,2.85,7.32,233.77,2228.61,正常运行
2022-02-24 02:07:00,DEV-081,生产部,52.1,2.05,9.15,237.86,2204.39,正常运行
2024-02-29 07:55:00,DEV-014,研发部,50.91,1.09,13.43,192.07,1967.62,正常运行
2022-10-31 11:13:00,DEV-074,生产部,74.95,2.08,10.96,212.16,2100.56,正常运行
2023-09-13 10:56:00,DEV-076,生产部,58.89,2.5,8.21,215.65,1595.55,正常运行
2024-06-03 22:57:00,DEV-040,质检部,96.67,2.54,1.24,201.63,2173.58,润滑系统异常
2024-07-22 18:51:00,DEV-077,生产部,66.73,1.99,8.91,243.15,1952.48,正常运行
2024-06-16 23:14:00,DEV-098,生产部,45.98,1.65,12.94,195.08,1750.07,正常运行
2022-05-09 11:04:00,DEV-077,维修部,51.41,1.7,13.01,223.08,1761.37,正常运行
2024-05-04 16:10:00,DEV-096,维修部,93.28,2.86,2.72,202.17,1808.32,润滑系统异常
2023-12-31 21:07:00,DEV-075,生产部,45.0,1.22,12.92,208.8,2381.46,正常运行
2024-03-26 19:37:00,DEV-046,生产部,47.54,2.08,9.02,214.94,1929.91,正常运行
2023-05-21 02:34:00,DEV-030,维修部,57.43,1.1,13.84,211.14,2342.91,正常运行
2022-10-04 04:42:00,DEV-046,质检部,63.6,0.77,13.81,205.3,1676.44,正常运行
2022-04-17 12:07:00,DEV-028,维修部,58.24,2.3,13.54,236.72,1894.07,正常运行
2023-12-19 16:17:00,DEV-100,生产部,80.0,0.33,15.0,215.39,1983.09,正常运行
2023-03-11 00:42:00,DEV-074,质检部,69.69,1.71,8.46,219.9,1845.18,正常运行
2024-11-16 00:33:00,DEV-055,质检部,45.46,1.47,12.67,235.86,2074.18,正常运行
2023-03-01 01:15:00,DEV-023,质检部,67.53,2.65,13.77,204.84,2998.83,传动系统异常
2023-08-30 18:12:00,DEV-058,维修部,58.73,1.33,10.48,243.06,1975.26,正常运行
2022-02-16 21:46:00,DEV-059,研发部,80.0,1.2,7.54,210.62,1945.28,正常运行
2023-03-15 18:12:00,DEV-072,研发部,62.44,1.9,14.22,201.62,1831.99,正常运行
2023-03-10 11:55:00,DEV-008,研发部,54.77,1.98,10.99,225.44,2224.78,正常运行
2023-05-12 19:07:00,DEV-024,质检部,67.26,0.54,12.35,162.17,2126.6,电力供应故障
2024-03-24 13:12:00,DEV-068,研发部,62.94,1.45,6.59,206.61,2306.59,正常运行
2024-03-21 06:16:00,DEV-010,维修部,51.63,1.26,10.11,222.17,1842.67,正常运行
2022-11-10 23:23:00,DEV-057,生产部,54.28,0.66,9.23,224.62,2413.65,正常运行
2022-09-10 16:16:00,DEV-065,质检部,98.35,1.04,2.24,203.34,1639.01,润滑系统异常
2022-07-08 03:48:00,DEV-018,研发部,58.21,1.37,10.65,208.75,1814.6,正常运行
2022-10-12 22:51:00,DEV-049,研发部,51.17,1.25,10.52,181.61,1906.99,电力供应故障
2022-01-05 06:03:00,DEV-046,生产部,55.28,2.37,10.19,203.83,1856.94,正常运行
2022-06-09 17:52:00,DEV-083,研发部,67.6,2.7,7.6,220.54,1965.7,正常运行
2024-05-21 10:46:00,DEV-047,维修部,72.54,1.13,5.68,203.04,1742.1,正常运行
2024-04-16 08:43:00,DEV-040,生产部,65.54,2.71,12.76,230.15,1793.59,正常运行
2022-01-25 18:12:00,DEV-005,生产部,77.57,0.6,13.79,241.47,1855.44,正常运行
2023-04-26 01:15:00,DEV-042,研发部,61.85,2.75,8.68,222.17,2165.33,正常运行
2023-06-11 01:50:00,DEV-047,研发部,41.91,0.15,8.24,212.5,1844.11,正常运行
2022-06-26 07:57:00,DEV-067,维修部,57.34,2.3,15.0,224.23,2288.57,正常运行
2024-04-07 06:07:00,DEV-064,质检部,41.9,1.51,5.99,197.14,2142.85,正常运行
2022-02-08 23:32:00,DEV-082,维修部,63.61,0.55,13.77,211.48,1833.53,正常运行
2022-01-13 12:01:00,DEV-016,维修部,68.54,1.97,10.8,226.58,2026.89,正常运行
2023-08-08 23:38:00,DEV-004,质检部,56.19,3.0,11.9,221.89,2101.33,正常运行
2023-03-01 04:56:00,DEV-041,生产部,66.85,2.36,12.19,223.62,2008.11,正常运行
2022-12-23 22:43:00,DEV-003,质检部,41.4,1.72,12.87,182.47,1633.03,电力供应故障
2022-05-21 03:19:00,DEV-047,生产部,63.02,3.96,7.29,203.14,2633.91,传动系统异常
2024-07-10 03:25:00,DEV-037,质检部,47.27,0.72,12.93,226.73,2349.63,正常运行
2022-06-02 14:23:00,DEV-066,维修部,54.65,2.86,9.0,230.31,2024.18,正常运行
2023-03-07 08:20:00,DEV-051,研发部,55.86,1.01,9.49,222.99,1868.35,正常运行
2023-07-31 00:16:00,DEV-094,研发部,43.54,2.07,12.94,229.57,2089.98,正常运行
2023-04-17 03:20:00,DEV-011,维修部,90.44,3.22,9.28,193.76,2325.02,散热系统故障
2022-02-20 23:47:00,DEV-006,生产部,63.99,0.82,11.93,220.46,1534.11,正常运行
2024-05-12 09:53:00,DEV-082,研发部,67.8,1.72,14.1,231.06,2109.4,正常运行
2023-06-11 16:33:00,DEV-085,研发部,69.36,1.15,10.59,207.94,2243.31,正常运行
2023-04-20 14:10:00,DEV-064,研发部,71.18,2.46,5.14,209.53,2107.52,正常运行
2024-09-01 07:31:00,DEV-041,研发部,50.58,1.43,11.4,209.13,1601.38,正常运行
2024-06-16 08:54:00,DEV-081,质检部,56.08,0.0,11.48,203.03,1807.57,正常运行
2022-04-02 12:30:00,DEV-023,维修部,58.13,1.41,9.79,213.82,2060.34,正常运行
2023-01-25 17:50:00,DEV-015,生产部,56.77,0.17,15.0,197.61,1870.74,正常运行
2022-07-02 08:38:00,DEV-097,维修部,42.06,1.04,12.56,221.98,2266.12,正常运行
2023-04-10 23:35:00,DEV-053,研发部,45.99,1.55,9.45,207.48,1906.29,正常运行
2022-11-10 18:13:00,DEV-064,维修部,59.76,0.84,8.83,204.53,1837.85,正常运行
2024-09-13 23:25:00,DEV-050,维修部,90.41,2.24,3.0,229.09,1627.96,润滑系统异常
2023-12-23 03:48:00,DEV-050,生产部,57.35,1.01,9.77,226.39,2083.64,正常运行
2023-07-21 08:46:00,DEV-057,生产部,61.13,0.35,12.76,209.98,2374.66,正常运行
2022-08-20 07:45:00,DEV-057,质检部,63.86,1.93,14.81,208.18,1825.97,正常运行
2022-06-17 02:41:00,DEV-095,研发部,62.63,2.31,15.29,162.3,1755.19,电力供应故障
2022-01-16 02:10:00,DEV-100,质检部,58.73,1.27,9.1,216.94,1842.4,正常运行
2023-07-26 02:47:00,DEV-088,维修部,52.87,0.58,11.15,235.12,1875.02,正常运行
2024-05-07 02:01:00,DEV-088,质检部,92.01,3.65,11.94,215.07,2369.84,散热系统故障
2024-05-19 07:58:00,DEV-080,研发部,69.69,0.14,10.61,208.15,2183.61,正常运行
2023-10-02 06:57:00,DEV-073,生产部,55.09,1.26,12.92,241.01,1983.92,正常运行
2023-10-12 18:36:00,DEV-084,质检部,63.99,1.39,15.0,221.67,1934.53,正常运行
2022-05-19 03:35:00,DEV-039,质检部,54.95,1.56,15.0,232.09,1767.64,正常运行
2023-07-13 04:19:00,DEV-017,质检部,44.23,1.02,11.59,228.2,2231.5,正常运行
2022-03-25 04:15:00,DEV-054,研发部,52.93,0.98,7.55,222.94,2017.43,正常运行
2022-10-22 02:08:00,DEV-043,生产部,65.11,2.08,13.87,171.29,1611.38,电力供应故障
2024-04-27 13:54:00,DEV-099,生产部,57.64,0.7,10.99,228.32,1733.87,正常运行
2024-11-12 11:51:00,DEV-008,质检部,60.1,0.95,9.07,226.04,2133.89,正常运行
2024-01-21 20:57:00,DEV-087,生产部,57.65,0.41,11.43,235.28,2349.54,正常运行
2024-01-13 01:52:00,DEV-100,维修部,73.98,3.62,7.02,224.49,2604.29,传动系统异常
2024-06-18 22:55:00,DEV-062,生产部,42.8,2.03,11.63,169.72,1982.59,电力供应故障
2022-08-09 03:21:00,DEV-098,研发部,76.98,0.81,14.7,207.11,2105.04,正常运行
2022-08-22 18:51:00,DEV-044,生产部,74.98,0.75,10.55,239.8,2018.5,正常运行
2023-08-11 13:34:00,DEV-068,质检部,100.28,3.17,7.7,221.07,2093.59,散热系统故障
2023-05-07 11:17:00,DEV-052,维修部,57.97,1.64,11.4,223.86,2055.86,正常运行
2024-05-06 08:53:00,DEV-020,生产部,79.54,1.1,6.82,242.22,2392.52,正常运行
2022-04-17 15:09:00,DEV-036,质检部,62.16,1.59,12.24,233.51,2138.81,正常运行
2023-12-10 20:09:00,DEV-015,研发部,66.92,2.57,11.89,236.07,2404.01,正常运行
2024-02-03 22:45:00,DEV-014,生产部,59.48,1.9,9.04,204.55,1975.33,正常运行
2023-07-30 07:51:00,DEV-092,质检部,60.23,2.11,11.89,180.87,1877.27,电力供应故障
2023-04-29 03:37:00,DEV-062,生产部,77.56,3.41,12.06,210.85,2689.48,传动系统异常
2023-08-21 04:54:00,DEV-090,研发部,77.15,0.65,11.14,187.39,1736.61,正常运行
2022-03-23 00:14:00,DEV-097,研发部,67.75,1.76,7.96,226.01,1841.41,正常运行
2023-06-24 20:01:00,DEV-047,生产部,53.71,1.28,6.89,216.95,1992.68,正常运行
2022-02-22 11:07:00,DEV-099,维修部,51.73,2.12,10.09,209.32,2152.43,正常运行
2022-11-04 10:06:00,DEV-066,质检部,79.21,3.64,11.05,236.09,2664.87,传动系统异常
2022-03-20 18:56:00,DEV-029,研发部,89.5,3.43,10.46,220.09,2477.72,散热系统故障
2024-04-01 06:24:00,DEV-015,研发部,69.01,1.39,8.91,231.29,1936.09,正常运行
2024-01-27 19:07:00,DEV-074,生产部,76.45,3.52,7.96,213.16,2952.6,传动系统异常
2022-06-15 21:33:00,DEV-037,质检部,45.18,0.86,5.35,235.01,1904.85,正常运行
2023-08-02 05:11:00,DEV-009,生产部,95.52,2.29,1.54,238.43,1747.82,润滑系统异常
2024-06-25 23:01:00,DEV-067,维修部,67.92,2.19,8.17,226.43,2097.89,正常运行
2023-04-06 18:11:00,DEV-098,质检部,71.34,1.38,8.5,181.13,1840.34,正常运行
2023-10-17 05:13:00,DEV-015,生产部,67.96,2.55,8.38,217.19,2019.09,正常运行
2024-11-02 17:29:00,DEV-071,生产部,49.49,2.35,7.77,229.78,2276.01,正常运行
2022-12-11 23:43:00,DEV-068,生产部,57.12,2.69,11.76,218.98,1952.7,正常运行
2023-03-22 21:47:00,DEV-032,生产部,80.0,0.97,13.83,227.65,1897.25,正常运行
2022-06-11 22:54:00,DEV-096,生产部,71.97,1.2,11.44,230.47,1938.97,正常运行
2024-03-31 00:48:00,DEV-016,生产部,50.04,2.02,12.58,216.48,2007.65,正常运行
2022-01-30 08:41:00,DEV-082,研发部,63.65,1.63,13.93,211.37,1640.81,正常运行
2024-07-16 18:13:00,DEV-024,维修部,42.18,1.3,11.31,168.35,1890.42,电力供应故障
2024-02-22 03:27:00,DEV-092,生产部,51.03,1.96,14.48,230.87,2184.6,正常运行
2022-01-18 09:09:00,DEV-002,研发部,69.06,1.62,10.25,224.34,1959.58,正常运行
2022-08-13 20:15:00,DEV-076,维修部,89.88,1.49,2.87,212.34,2137.36,润滑系统异常
2022-06-14 15:45:00,DEV-098,维修部,49.22,0.57,8.94,180.26,2067.84,正常运行
2023-02-14 02:08:00,DEV-051,质检部,53.93,2.52,12.41,228.52,2219.38,正常运行
2024-04-01 08:14:00,DEV-038,维修部,95.54,3.81,12.36,199.74,2487.45,散热系统故障
2024-04-09 15:48:00,DEV-068,质检部,41.39,0.92,14.35,219.58,2135.99,正常运行
2022-06-06 03:17:00,DEV-068,质检部,63.69,1.99,12.42,195.83,2041.7,正常运行
2022-01-16 04:21:00,DEV-039,维修部,46.56,1.03,8.61,230.59,2191.85,正常运行
2023-12-05 04:35:00,DEV-065,质检部,63.23,1.38,8.6,196.08,2102.72,正常运行
2022-05-09 18:36:00,DEV-063,维修部,62.61,1.76,8.88,171.55,2140.73,电力供应故障
2022-01-16 16:50:00,DEV-041,质检部,47.17,1.84,8.27,233.22,2000.27,正常运行
2023-10-21 01:44:00,DEV-057,生产部,58.55,0.7,6.37,234.66,1969.15,正常运行
2022-08-09 18:23:00,DEV-059,质检部,104.11,3.62,12.56,217.16,2158.23,散热系统故障
2023-07-05 20:29:00,DEV-012,维修部,57.67,1.84,12.42,221.74,2045.72,正常运行
2022-07-31 12:43:00,DEV-058,生产部,76.68,1.74,5.29,242.93,2054.96,正常运行
2024-06-15 06:52:00,DEV-055,研发部,60.61,0.56,9.55,194.01,1921.36,正常运行
2022-09-16 18:27:00,DEV-032,生产部,52.34,2.36,9.74,221.19,2320.1,正常运行
2022-11-10 18:31:00,DEV-084,生产部,55.83,0.95,9.29,170.0,1998.93,电力供应故障
2022-07-13 01:17:00,DEV-053,研发部,54.09,3.47,8.25,212.87,2686.27,传动系统异常
2022-06-21 17:08:00,DEV-005,维修部,49.24,2.16,13.61,184.75,2154.81,电力供应故障
2024-11-23 11:42:00,DEV-088,质检部,49.47,1.56,15.0,232.22,1982.8,正常运行
2023-06-08 02:05:00,DEV-046,研发部,52.95,0.96,9.08,211.04,2022.08,正常运行
2023-12-18 18:20:00,DEV-017,维修部,48.8,0.71,12.8,231.99,2187.13,正常运行
2024-09-24 20:30:00,DEV-047,维修部,69.56,0.71,11.16,236.01,2169.67,正常运行
2023-03-10 15:32:00,DEV-048,研发部,70.55,1.47,12.31,220.73,1632.12,正常运行
2023-07-12 01:48:00,DEV-042,生产部,97.57,4.22,12.1,228.05,2102.61,散热系统故障
2022-05-20 08:37:00,DEV-079,质检部,66.94,1.91,5.0,225.77,2152.79,正常运行
2022-09-26 11:47:00,DEV-087,质检部,45.08,2.32,11.12,229.75,1889.35,正常运行
2023-01-26 08:02:00,DEV-031,维修部,80.0,2.59,9.39,218.25,2169.49,正常运行
2023-04-13 00:13:00,DEV-042,维修部,76.58,0.0,13.27,243.31,1600.98,正常运行
2024-02-19 22:46:00,DEV-089,生产部,74.62,1.2,15.72,162.41,2012.72,电力供应故障
2024-03-14 04:10:00,DEV-031,维修部,92.46,1.44,3.95,232.36,1518.37,润滑系统异常
2024-04-25 17:21:00,DEV-087,质检部,64.21,1.68,7.28,216.42,1844.2,正常运行
2024-11-14 04:54:00,DEV-035,研发部,63.9,2.43,11.98,218.76,1904.97,正常运行
2024-01-22 21:52:00,DEV-085,维修部,98.44,3.01,6.88,207.54,1858.52,散热系统故障
2023-09-08 19:50:00,DEV-030,生产部,51.47,0.93,11.9,221.9,1683.86,正常运行
2024-10-21 18:20:00,DEV-011,维修部,68.72,0.64,12.6,206.13,2143.72,正常运行
2022-03-21 10:43:00,DEV-070,质检部,74.53,1.95,12.01,225.76,2219.48,正常运行
2023-01-03 11:46:00,DEV-093,研发部,57.25,1.52,13.04,208.78,2019.95,正常运行
2023-09-12 21:41:00,DEV-014,质检部,98.32,2.54,1.83,202.08,2086.98,润滑系统异常
2023-10-11 22:38:00,DEV-036,维修部,58.8,0.77,7.72,228.16,2140.96,正常运行
2022-06-19 21:36:00,DEV-090,质检部,79.69,0.91,6.17,202.74,1778.06,正常运行
2023-04-11 00:20:00,DEV-084,质检部,67.02,2.68,8.91,238.23,2013.19,正常运行
2023-03-03 20:19:00,DEV-036,维修部,66.36,1.39,6.69,225.2,2226.77,正常运行
2022-03-15 04:47:00,DEV-042,维修部,37.02,1.24,12.4,203.35,2229.41,正常运行
2023-07-28 03:58:00,DEV-013,生产部,41.23,2.0,8.09,202.16,1875.13,正常运行
2023-04-19 22:15:00,DEV-050,维修部,40.85,2.71,9.26,213.42,1989.5,正常运行
2024-06-17 07:30:00,DEV-087,质检部,66.42,0.47,8.78,220.21,2112.76,正常运行
2022-08-14 20:29:00,DEV-091,研发部,51.1,0.85,9.77,225.12,2055.34,正常运行
2024-07-29 02:54:00,DEV-055,生产部,79.48,3.57,8.78,204.04,2865.33,传动系统异常
2024-09-20 03:24:00,DEV-031,生产部,60.1,0.45,6.8,215.42,1878.1,正常运行
2023-03-12 07:58:00,DEV-080,研发部,45.56,2.12,10.11,214.84,1661.05,正常运行
2023-10-26 23:00:00,DEV-082,质检部,87.1,4.03,12.24,217.57,1927.15,散热系统故障
2024-08-17 21:16:00,DEV-052,研发部,60.88,1.22,9.64,244.1,2035.94,正常运行
2023-12-10 11:11:00,DEV-077,生产部,49.25,2.83,12.36,240.22,1847.01,正常运行
2022-06-16 07:23:00,DEV-025,研发部,62.36,2.12,10.06,213.05,1786.97,正常运行
2022-11-18 02:06:00,DEV-007,研发部,58.89,1.88,6.92,221.02,1694.97,正常运行
2022-01-03 05:28:00,DEV-032,生产部,66.55,1.65,10.85,243.53,1965.96,正常运行
2023-05-22 13:29:00,DEV-044,研发部,64.04,2.22,11.1,181.89,1738.1,电力供应故障
2024-09-26 17:22:00,DEV-063,维修部,51.17,0.67,10.34,222.71,1979.93,正常运行
2023-03-23 17:57:00,DEV-054,生产部,63.57,3.0,6.54,230.86,1509.43,正常运行
2022-04-18 14:33:00,DEV-029,生产部,62.57,1.31,10.02,215.12,1967.13,正常运行
2022-08-27 12:16:00,DEV-083,研发部,66.23,0.76,7.91,231.77,2034.11,正常运行
2023-08-26 22:27:00,DEV-035,维修部,55.53,1.14,11.1,224.95,2057.21,正常运行
2023-06-24 04:40:00,DEV-012,研发部,69.76,1.87,6.88,199.71,1888.32,正常运行
2023-05-12 22:24:00,DEV-081,维修部,50.21,2.03,7.42,204.46,1920.26,正常运行
2024-01-29 23:10:00,DEV-074,生产部,54.31,0.0,9.41,230.85,1972.47,正常运行
2023-03-11 14:57:00,DEV-023,生产部,52.35,1.58,9.56,223.95,2230.95,正常运行
2022-09-03 02:42:00,DEV-066,生产部,58.33,1.7,7.88,215.77,1772.91,正常运行
2023-03-26 18:08:00,DEV-001,研发部,54.35,0.05,7.15,180.0,1972.6,正常运行
2023-07-05 22:49:00,DEV-021,质检部,56.17,2.15,15.0,222.09,1602.34,正常运行
2023-02-27 10:35:00,DEV-083,维修部,57.45,1.7,10.69,209.89,2179.02,正常运行
2024-03-24 22:15:00,DEV-085,研发部,67.61,0.91,10.61,222.87,2048.25,正常运行
2022-12-07 01:26:00,DEV-046,生产部,56.91,2.07,12.87,208.21,1733.75,正常运行
2024-05-13 06:51:00,DEV-078,质检部,69.23,0.62,7.95,233.31,2121.1,正常运行
2023-02-25 10:40:00,DEV-032,研发部,72.66,2.42,12.78,160.5,1574.23,电力供应故障
2024-10-18 06:13:00,DEV-041,维修部,63.4,0.65,11.58,214.39,1761.21,正常运行
2023-12-01 10:35:00,DEV-038,生产部,54.56,0.38,12.41,218.56,1883.75,正常运行
2024-03-31 07:39:00,DEV-011,维修部,36.74,2.71,5.0,234.95,2137.37,正常运行
2022-11-23 14:06:00,DEV-002,生产部,58.84,0.39,13.17,250.0,1897.0,正常运行
2023-09-21 03:41:00,DEV-087,生产部,66.11,1.56,11.04,207.87,1936.95,正常运行
2022-03-15 00:51:00,DEV-047,质检部,47.0,1.01,6.76,222.7,2117.99,正常运行
2024-11-05 06:16:00,DEV-025,生产部,60.11,1.27,10.37,215.34,2023.14,正常运行
2023-08-29 09:18:00,DEV-009,研发部,50.75,0.63,15.0,221.87,1968.94,正常运行
2023-02-22 23:31:00,DEV-042,质检部,66.72,0.64,13.37,215.75,1900.21,正常运行
2022-07-11 19:27:00,DEV-032,研发部,74.1,1.64,5.0,248.73,1820.91,正常运行
2022-05-05 01:11:00,DEV-086,研发部,46.1,0.81,10.27,203.92,1982.88,正常运行
2022-05-18 02:12:00,DEV-020,研发部,92.38,2.71,1.58,202.09,1543.94,润滑系统异常
2024-05-03 01:03:00,DEV-070,维修部,64.34,1.43,9.39,201.13,1956.48,正常运行
2024-03-10 18:37:00,DEV-073,研发部,70.35,1.28,12.84,216.25,2260.21,正常运行
2023-06-25 14:54:00,DEV-083,生产部,63.81,1.6,9.72,249.39,1908.45,正常运行
2022-11-18 21:12:00,DEV-083,质检部,49.33,1.4,6.89,217.2,2500.0,正常运行
2024-01-11 20:22:00,DEV-090,研发部,60.15,1.85,13.14,210.57,1911.1,正常运行
2024-07-20 05:38:00,DEV-059,质检部,75.8,1.43,8.88,242.65,2328.1,正常运行
2024-04-01 07:38:00,DEV-033,研发部,49.29,1.5,14.69,201.25,1864.5,正常运行
2024-08-30 23:37:00,DEV-099,维修部,90.81,2.25,1.87,193.26,1557.28,润滑系统异常
2023-10-06 15:15:00,DEV-024,研发部,56.7,0.14,15.0,216.07,1965.66,正常运行
2022-04-10 15:29:00,DEV-097,研发部,66.52,0.24,14.43,240.7,1874.89,正常运行
2023-11-26 15:28:00,DEV-084,研发部,70.5,0.81,11.28,233.49,2180.49,正常运行
2022-10-14 03:33:00,DEV-022,质检部,62.45,0.08,9.07,250.0,1699.24,正常运行
2024-09-12 15:20:00,DEV-087,质检部,62.77,2.09,6.67,207.4,2026.84,正常运行
2022-01-25 04:55:00,DEV-009,生产部,57.45,2.04,9.94,221.0,1873.59,正常运行
2023-02-04 03:50:00,DEV-064,维修部,61.2,2.04,10.74,227.61,2180.34,正常运行
2022-04-19 06:41:00,DEV-067,生产部,95.75,2.92,1.5,239.87,1774.51,润滑系统异常
2022-07-23 06:04:00,DEV-002,研发部,90.1,2.83,3.27,222.76,1677.82,润滑系统异常
2022-02-03 18:23:00,DEV-090,生产部,52.84,0.86,10.1,216.1,1825.89,正常运行
2023-10-24 15:56:00,DEV-092,维修部,46.79,1.07,9.73,224.98,2038.1,正常运行
2022-11-30 02:56:00,DEV-084,研发部,69.94,0.0,6.83,222.46,2065.93,正常运行
2022-11-01 18:50:00,DEV-086,维修部,64.87,1.94,9.69,250.0,1832.45,正常运行
2023-08-01 14:08:00,DEV-009,维修部,51.25,1.9,5.0,214.58,2024.5,正常运行
2022-07-26 22:27:00,DEV-016,维修部,59.05,2.0,11.14,211.79,1910.44,正常运行
2024-03-25 04:21:00,DEV-030,研发部,94.91,1.49,3.82,190.55,1504.03,润滑系统异常
2024-08-22 00:26:00,DEV-095,研发部,66.52,0.19,11.44,204.17,2164.56,正常运行
2024-03-26 22:42:00,DEV-054,生产部,43.57,2.57,5.0,220.35,2124.98,正常运行
2024-05-29 03:00:00,DEV-074,质检部,64.9,1.24,11.35,219.94,1949.31,正常运行
2024-04-21 00:04:00,DEV-076,维修部,55.01,0.93,12.35,230.62,2155.14,正常运行
2023-01-02 13:57:00,DEV-083,研发部,51.36,1.54,6.01,207.05,1668.56,正常运行
2024-10-08 20:38:00,DEV-063,生产部,36.79,0.79,7.12,223.81,2139.41,正常运行
2024-07-09 21:19:00,DEV-049,研发部,40.69,1.92,8.16,225.68,1966.71,正常运行
2024-10-24 06:19:00,DEV-017,研发部,37.39,0.78,8.86,228.19,1849.93,正常运行
2024-03-14 16:04:00,DEV-054,质检部,51.95,1.7,7.56,237.76,1882.0,正常运行
2022-08-31 07:45:00,DEV-029,生产部,54.7,2.15,7.85,210.19,1908.67,正常运行
2022-11-05 01:59:00,DEV-042,质检部,60.87,2.26,6.41,206.59,1779.19,正常运行
2024-09-03 01:23:00,DEV-100,维修部,52.66,1.53,11.04,237.45,2053.03,正常运行
2023-08-15 06:21:00,DEV-077,研发部,66.67,2.16,9.86,161.66,1766.19,电力供应故障
2024-12-18 02:27:00,DEV-031,质检部,76.72,1.34,9.44,235.64,2101.2,正常运行
2023-11-07 18:06:00,DEV-091,维修部,62.67,1.78,7.03,223.99,2028.18,正常运行
2023-06-19 05:57:00,DEV-059,研发部,76.74,2.31,8.6,239.76,1861.76,正常运行
2023-10-22 15:46:00,DEV-080,质检部,67.82,2.71,11.89,204.64,2370.82,正常运行
2023-07-11 10:07:00,DEV-045,质检部,70.97,1.88,8.2,208.53,1985.82,正常运行
2022-12-24 13:02:00,DEV-060,质检部,51.31,0.78,14.86,208.46,2012.03,正常运行
2023-02-03 05:01:00,DEV-058,维修部,63.25,2.25,10.19,230.55,1645.24,正常运行
2023-09-19 06:24:00,DEV-038,研发部,59.28,0.62,11.82,236.87,1533.49,正常运行
2023-03-20 18:20:00,DEV-067,生产部,66.58,2.13,14.97,213.73,2201.88,正常运行
2023-08-30 03:50:00,DEV-031,质检部,37.57,2.57,7.03,250.0,2159.06,正常运行
2024-02-07 14:36:00,DEV-096,维修部,69.93,1.86,5.63,221.89,2500.0,正常运行
2024-06-21 19:58:00,DEV-060,质检部,90.68,1.45,3.06,225.91,1692.42,润滑系统异常
2024-01-10 04:38:00,DEV-079,质检部,90.57,2.66,3.31,238.56,2197.18,润滑系统异常
2023-02-09 14:16:00,DEV-074,研发部,44.79,1.31,5.75,229.8,1626.89,正常运行
2024-04-28 23:20:00,DEV-018,质检部,53.82,2.22,7.52,247.7,2386.67,正常运行
2022-08-23 02:12:00,DEV-034,维修部,59.02,1.15,10.41,214.9,2493.44,正常运行
2022-04-17 19:10:00,DEV-029,质检部,56.23,1.15,10.7,226.06,1509.09,正常运行
2024-06-19 00:12:00,DEV-049,研发部,59.25,1.04,5.0,211.81,2078.36,正常运行
2023-05-04 03:58:00,DEV-097,生产部,55.12,1.86,13.51,219.79,1843.53,正常运行
2022-03-11 13:21:00,DEV-044,质检部,77.49,1.19,9.3,250.0,1967.78,正常运行
2024-06-14 12:35:00,DEV-023,维修部,58.09,1.2,7.59,207.69,2231.71,正常运行
2023-01-10 12:25:00,DEV-064,质检部,66.87,2.18,8.15,198.39,1790.57,正常运行
2022-12-14 20:46:00,DEV-040,研发部,69.49,1.05,9.55,217.32,2315.81,正常运行
2023-10-01 03:49:00,DEV-012,质检部,76.06,1.63,7.33,229.24,1559.67,正常运行
2023-08-03 14:00:00,DEV-093,研发部,61.31,0.42,10.41,241.79,1562.94,正常运行
2023-05-16 14:12:00,DEV-030,维修部,64.6,1.57,15.0,216.76,2376.75,正常运行
2023-03-11 11:20:00,DEV-016,维修部,54.21,1.01,12.04,206.05,1918.88,正常运行
2023-03-28 23:12:00,DEV-002,研发部,99.57,1.7,1.87,220.07,2042.73,润滑系统异常
2023-09-08 07:46:00,DEV-059,质检部,61.25,0.87,9.06,219.31,1843.43,正常运行
2023-10-20 15:52:00,DEV-017,生产部,64.2,1.03,7.61,241.71,1913.4,正常运行
2023-02-09 13:17:00,DEV-074,维修部,79.67,1.47,13.75,204.15,2215.04,正常运行
2024-10-09 15:11:00,DEV-047,研发部,72.13,1.61,15.0,225.9,2038.41,正常运行
2024-01-19 18:31:00,DEV-089,质检部,54.28,3.0,11.73,239.54,2214.2,正常运行
2023-11-30 12:13:00,DEV-089,研发部,50.93,1.02,7.66,209.61,2268.1,正常运行
2024-06-04 16:57:00,DEV-019,维修部,70.01,2.29,13.26,246.96,2233.49,正常运行
2023-12-05 22:08:00,DEV-073,生产部,53.11,3.0,7.59,194.75,2223.8,正常运行
2024-02-04 05:13:00,DEV-059,质检部,57.36,0.41,6.24,180.0,2188.51,正常运行
2022-08-03 11:33:00,DEV-028,维修部,51.37,0.2,7.78,210.34,1973.49,正常运行
2024-01-08 16:10:00,DEV-040,生产部,56.93,2.22,12.68,222.43,2255.69,正常运行
2022-06-14 12:24:00,DEV-033,生产部,57.2,2.58,10.73,227.71,1689.14,正常运行
2023-01-03 07:03:00,DEV-096,质检部,58.6,0.61,15.62,179.81,1604.37,电力供应故障
2022-12-25 21:48:00,DEV-013,生产部,42.94,2.81,11.79,223.72,1849.35,正常运行
2023-09-20 22:44:00,DEV-014,质检部,68.99,2.1,13.18,212.79,1500.0,正常运行
2022-09-05 00:34:00,DEV-043,研发部,55.09,0.6,9.62,203.9,1830.22,正常运行
2023-10-24 11:57:00,DEV-048,生产部,80.0,2.06,15.0,216.09,2345.37,正常运行
2024-11-27 20:47:00,DEV-083,维修部,59.69,1.11,14.33,201.15,2162.64,正常运行
2023-11-07 01:18:00,DEV-069,维修部,89.36,4.39,7.86,216.5,2040.54,散热系统故障
2024-07-26 11:41:00,DEV-091,生产部,65.41,2.65,12.35,224.66,2372.93,正常运行
2023-06-09 17:51:00,DEV-085,质检部,88.15,1.98,1.27,227.34,2093.22,润滑系统异常
2022-12-11 09:03:00,DEV-024,质检部,59.97,1.68,6.38,223.95,1951.33,正常运行
2024-02-18 23:59:00,DEV-081,研发部,100.09,3.06,6.22,194.17,2106.3,散热系统故障
2023-05-04 21:46:00,DEV-046,研发部,51.85,0.94,6.4,226.6,1974.84,正常运行
2024-06-19 21:03:00,DEV-059,质检部,80.0,1.32,13.09,220.86,2433.18,正常运行
2022-05-23 14:37:00,DEV-017,生产部,99.63,1.43,1.51,208.12,2139.35,润滑系统异常
2024-09-29 21:25:00,DEV-044,研发部,47.05,1.88,5.41,235.58,1860.36,正常运行
2022-12-31 15:31:00,DEV-084,研发部,80.0,1.61,7.88,184.7,2060.11,正常运行
2022-08-19 21:47:00,DEV-059,研发部,43.35,2.49,9.23,235.82,2188.81,正常运行
2024-09-09 21:10:00,DEV-083,生产部,86.6,3.37,8.04,194.74,2071.92,散热系统故障
2022-05-06 16:47:00,DEV-020,研发部,52.15,3.0,12.21,233.89,2235.44,正常运行
2024-11-01 07:15:00,DEV-099,研发部,71.55,1.77,11.14,225.47,1753.55,正常运行
2024-06-23 01:52:00,DEV-028,生产部,70.05,1.09,9.01,218.55,1904.89,正常运行
2022-12-15 02:43:00,DEV-099,质检部,55.1,1.87,14.16,220.99,1831.06,正常运行
2023-08-10 05:15:00,DEV-032,维修部,66.56,2.94,13.98,205.41,1611.49,正常运行
2022-01-21 00:46:00,DEV-046,质检部,56.36,0.61,15.35,184.51,1801.73,电力供应故障
2024-12-24 11:42:00,DEV-014,研发部,71.76,1.47,14.16,210.56,1938.94,正常运行
2024-01-26 06:03:00,DEV-028,质检部,62.3,1.1,11.71,227.47,2095.86,正常运行
2024-03-25 01:21:00,DEV-048,质检部,63.61,1.01,9.22,198.73,2135.71,正常运行
2022-01-19 17:07:00,DEV-098,维修部,70.8,1.08,13.04,223.17,2345.18,正常运行
2022-10-30 19:20:00,DEV-093,研发部,74.46,1.77,11.91,219.84,1907.79,正常运行
2022-09-26 19:01:00,DEV-053,生产部,51.46,1.06,8.74,239.72,2223.23,正常运行
2022-06-20 20:23:00,DEV-060,质检部,52.5,1.74,13.16,226.95,2109.3,正常运行
2023-11-29 08:20:00,DEV-027,质检部,70.98,0.66,11.41,173.35,1586.86,电力供应故障
2022-11-01 19:41:00,DEV-021,质检部,55.91,3.0,5.0,230.29,1677.46,正常运行
2023-07-01 20:50:00,DEV-074,维修部,70.33,0.35,13.25,239.33,1706.09,正常运行
2024-08-24 05:03:00,DEV-098,生产部,60.28,2.72,11.1,230.89,1573.26,正常运行
2023-11-18 17:04:00,DEV-061,维修部,65.08,3.0,12.56,229.81,1953.05,正常运行
2024-12-03 11:29:00,DEV-020,维修部,59.99,1.08,8.08,222.21,1814.4,正常运行
2022-04-14 20:39:00,DEV-038,维修部,47.25,1.54,6.65,233.74,1919.42,正常运行
2022-05-18 19:08:00,DEV-014,生产部,57.03,1.1,7.71,237.65,1733.7,正常运行
2023-07-09 06:57:00,DEV-024,生产部,50.8,2.05,9.77,213.42,2067.13,正常运行
2022-01-18 11:13:00,DEV-076,生产部,68.72,2.89,12.94,237.41,2956.44,传动系统异常
2022-03-20 08:41:00,DEV-068,研发部,55.64,2.34,6.79,225.18,1923.16,正常运行
2024-07-27 10:22:00,DEV-031,质检部,42.7,3.0,9.27,204.98,1728.33,正常运行
2024-03-25 21:10:00,DEV-066,维修部,44.19,1.31,13.46,208.86,1707.88,正常运行
2024-07-04 06:34:00,DEV-082,质检部,63.33,0.43,9.26,225.0,2259.83,正常运行
2023-10-26 11:20:00,DEV-065,生产部,54.69,0.66,15.0,225.54,2128.93,正常运行
2022-07-02 20:49:00,DEV-005,质检部,35.0,0.56,10.45,242.98,1774.71,正常运行
2024-04-19 15:57:00,DEV-006,生产部,61.45,3.03,11.18,215.28,2729.32,传动系统异常
2023-03-02 07:37:00,DEV-077,生产部,39.39,1.84,13.82,233.87,1867.46,正常运行
2022-02-08 22:24:00,DEV-028,质检部,102.1,4.32,11.29,205.24,2136.88,散热系统故障
2022-08-04 18:15:00,DEV-059,质检部,60.43,2.32,10.45,232.94,2108.93,正常运行
2024-07-04 04:37:00,DEV-060,研发部,56.57,1.25,9.0,232.8,2247.13,正常运行
2023-03-22 05:10:00,DEV-067,维修部,43.37,1.43,12.72,161.17,1781.46,电力供应故障
2024-06-22 18:31:00,DEV-046,生产部,57.97,1.46,8.74,221.35,1992.6,正常运行
2024-03-26 11:53:00,DEV-044,维修部,58.62,1.25,11.09,164.87,1858.56,电力供应故障
2022-11-01 06:45:00,DEV-076,维修部,58.3,1.09,12.61,221.44,2069.96,正常运行
2022-06-17 06:55:00,DEV-060,研发部,46.68,1.51,8.48,219.06,1829.58,正常运行
2024-09-08 11:31:00,DEV-057,质检部,48.02,1.16,8.83,240.34,1993.01,正常运行
2024-10-28 08:26:00,DEV-066,研发部,46.85,0.57,9.23,238.25,1521.48,正常运行
2022-02-12 08:41:00,DEV-034,质检部,58.26,2.84,8.52,220.24,1982.65,正常运行
2022-10-14 19:57:00,DEV-058,研发部,50.49,1.23,6.98,220.72,1887.16,正常运行
2023-12-04 14:30:00,DEV-034,维修部,63.81,1.88,8.45,231.63,1539.41,正常运行
2022-03-05 15:22:00,DEV-099,生产部,56.57,1.22,9.36,233.53,1846.31,正常运行
2022-04-13 14:07:00,DEV-007,研发部,57.72,1.43,11.35,224.7,1917.14,正常运行
2022-05-11 00:03:00,DEV-037,质检部,59.91,1.74,11.1,210.76,2077.98,正常运行
2022-06-28 04:13:00,DEV-018,研发部,75.79,3.96,11.5,223.79,2850.01,传动系统异常
2022-12-17 13:40:00,DEV-061,质检部,68.75,2.86,7.48,235.49,2605.42,传动系统异常
2024-06-09 09:32:00,DEV-090,生产部,64.7,1.63,9.32,192.41,2057.27,正常运行
2023-07-24 13:10:00,DEV-036,研发部,77.04,0.52,7.27,224.36,1874.42,正常运行
2023-04-24 14:03:00,DEV-048,维修部,78.63,0.31,10.28,209.21,1687.38,正常运行
2023-09-13 22:44:00,DEV-024,研发部,56.8,2.25,9.02,232.56,2261.37,正常运行
2023-12-04 17:25:00,DEV-076,维修部,49.42,2.16,6.34,223.13,1608.07,正常运行
2022-02-08 02:44:00,DEV-096,质检部,52.82,1.33,10.93,242.13,2171.53,正常运行
2022-05-07 10:03:00,DEV-002,生产部,93.67,3.3,11.21,226.64,1887.55,散热系统故障
2024-08-30 21:43:00,DEV-060,维修部,67.15,1.93,11.37,250.0,2357.19,正常运行
2022-03-25 20:11:00,DEV-092,质检部,53.83,0.97,8.17,227.92,2064.64,正常运行
2022-03-17 13:47:00,DEV-032,研发部,56.08,3.0,12.5,210.35,1818.84,正常运行
2023-09-09 20:51:00,DEV-032,生产部,71.97,0.0,12.6,205.02,1825.87,正常运行
2022-12-22 03:42:00,DEV-062,维修部,64.95,0.63,9.02,215.38,2073.98,正常运行
2022-02-10 03:43:00,DEV-084,质检部,70.8,2.6,10.61,216.81,1726.36,正常运行
2023-08-11 19:04:00,DEV-047,研发部,54.12,2.63,6.75,250.0,1831.88,正常运行
2023-07-28 03:24:00,DEV-008,生产部,54.05,1.97,9.04,215.21,2108.7,正常运行
2022-05-24 17:12:00,DEV-021,维修部,67.91,1.27,6.47,226.49,2222.15,正常运行
2022-04-24 00:10:00,DEV-021,维修部,72.65,2.28,9.91,216.48,1992.57,正常运行
2022-07-11 02:57:00,DEV-059,质检部,68.53,1.2,10.29,217.84,1934.21,正常运行
2023-03-24 10:56:00,DEV-092,研发部,56.63,1.4,12.72,229.94,2015.12,正常运行
2022-05-13 12:55:00,DEV-049,生产部,86.28,2.17,3.46,233.08,1520.04,润滑系统异常
2024-12-07 18:22:00,DEV-052,维修部,53.34,1.36,14.04,231.99,1832.21,正常运行
2023-01-22 15:29:00,DEV-097,生产部,60.56,3.0,9.1,215.24,2266.3,正常运行
2023-01-03 23:28:00,DEV-100,研发部,50.64,0.82,9.17,223.45,1845.95,正常运行
2023-10-02 09:36:00,DEV-054,维修部,78.84,0.7,10.26,212.02,2140.83,正常运行
2023-05-19 00:31:00,DEV-060,生产部,64.26,0.75,6.54,200.75,1915.95,正常运行
2022-01-08 19:09:00,DEV-026,研发部,68.11,2.22,7.25,229.61,2133.05,正常运行
2023-08-13 09:40:00,DEV-022,质检部,66.86,3.17,12.73,210.19,2873.43,传动系统异常
2024-12-28 06:07:00,DEV-061,质检部,52.84,0.26,7.24,202.22,2042.94,正常运行
2024-05-17 23:28:00,DEV-031,维修部,63.05,3.0,8.41,248.53,2412.14,正常运行
2024-02-15 04:10:00,DEV-056,生产部,70.21,2.16,12.1,236.75,1981.48,正常运行
2023-06-15 22:39:00,DEV-051,研发部,63.19,0.0,6.9,189.2,2311.08,正常运行
2023-12-20 12:59:00,DEV-035,维修部,79.0,2.32,14.93,225.87,2233.5,正常运行
2024-10-19 15:58:00,DEV-043,质检部,50.09,2.44,10.76,248.4,2188.6,正常运行
2023-11-01 17:01:00,DEV-033,研发部,48.9,2.28,8.15,191.32,2079.37,正常运行
2022-04-04 06:32:00,DEV-040,维修部,46.18,1.29,9.79,230.34,1863.27,正常运行
2022-05-18 12:35:00,DEV-082,质检部,72.1,1.69,9.61,214.31,1991.21,正常运行
2022-04-16 02:36:00,DEV-020,质检部,60.61,1.52,15.0,227.76,1831.81,正常运行
2022-02-02 12:53:00,DEV-083,维修部,74.25,3.43,10.48,236.33,2814.41,传动系统异常
2022-06-26 17:50:00,DEV-049,生产部,47.75,0.82,6.33,224.12,1963.42,正常运行
2023-04-04 19:17:00,DEV-066,维修部,50.5,3.29,11.15,224.48,2887.89,传动系统异常
2022-08-05 01:38:00,DEV-017,生产部,66.39,2.94,14.23,212.69,2126.43,正常运行
2023-11-20 15:56:00,DEV-008,维修部,59.33,0.84,13.27,237.39,2009.41,正常运行
2023-06-14 12:32:00,DEV-022,研发部,60.43,1.45,9.6,244.88,1732.63,正常运行
2023-11-26 03:37:00,DEV-053,质检部,54.76,1.47,7.27,220.43,1989.6,正常运行
2024-01-02 10:41:00,DEV-094,研发部,59.16,2.61,6.76,228.08,1607.83,正常运行
2024-07-17 02:39:00,DEV-023,研发部,49.32,0.92,8.97,218.99,1960.71,正常运行
2023-01-14 23:48:00,DEV-094,生产部,52.67,0.91,15.0,234.67,1522.98,正常运行
2024-08-19 21:46:00,DEV-042,研发部,80.0,3.0,13.85,250.0,1811.08,正常运行
2023-08-27 22:50:00,DEV-041,研发部,39.9,1.58,7.23,235.08,1952.61,正常运行
2023-10-04 14:12:00,DEV-099,生产部,70.23,2.08,9.74,211.75,1963.18,正常运行
2023-10-09 03:26:00,DEV-001,质检部,64.52,1.22,10.09,230.47,1753.49,正常运行
2023-12-09 10:46:00,DEV-099,研发部,54.51,1.02,6.16,203.14,1834.14,正常运行
2023-10-29 01:50:00,DEV-022,研发部,51.82,0.86,11.02,208.63,1686.73,正常运行
2024-12-30 15:18:00,DEV-069,研发部,52.61,2.31,8.35,195.32,2301.11,正常运行
2023-07-15 08:51:00,DEV-048,质检部,58.66,1.16,12.04,208.53,1827.87,正常运行
2022-11-26 02:46:00,DEV-005,质检部,80.0,1.11,5.69,230.41,2143.32,正常运行
2023-04-08 08:01:00,DEV-057,研发部,62.34,2.11,6.75,204.3,2222.82,正常运行
2022-10-02 05:41:00,DEV-092,生产部,48.72,3.0,5.79,234.24,2086.26,正常运行
2023-05-07 22:55:00,DEV-018,生产部,65.38,2.86,12.34,203.54,1965.99,正常运行
2024-03-06 00:41:00,DEV-057,研发部,60.93,2.29,13.12,203.68,1744.13,正常运行
2023-02-03 03:10:00,DEV-027,质检部,65.75,2.56,10.26,233.75,1968.05,正常运行
2024-12-14 10:12:00,DEV-075,生产部,94.76,3.52,7.63,197.33,2259.25,散热系统故障
2022-04-07 13:53:00,DEV-035,研发部,56.39,1.5,12.66,229.76,1694.62,正常运行
2024-01-20 12:44:00,DEV-067,研发部,35.0,1.25,8.46,223.91,2249.25,正常运行
2024-05-16 23:40:00,DEV-045,维修部,100.37,3.95,6.81,203.12,2121.24,散热系统故障
2022-09-24 04:34:00,DEV-100,研发部,64.9,1.94,11.7,211.67,1907.35,正常运行
2022-02-22 09:17:00,DEV-093,维修部,80.0,1.54,13.42,224.4,2117.1,正常运行
2022-06-01 21:55:00,DEV-049,研发部,62.6,2.13,6.29,200.19,2104.39,正常运行
2022-09-13 21:07:00,DEV-022,维修部,63.75,1.85,10.9,204.67,2257.27,正常运行
2022-11-03 11:21:00,DEV-079,研发部,44.4,0.69,14.43,181.65,1908.63,电力供应故障
2023-06-11 23:43:00,DEV-028,质检部,78.28,2.09,9.15,220.22,1913.61,正常运行
2024-06-14 15:45:00,DEV-048,质检部,57.35,0.61,13.59,211.05,1665.11,正常运行
2023-02-26 21:43:00,DEV-047,质检部,72.31,1.73,9.72,211.98,2289.22,正常运行
2022-09-22 12:59:00,DEV-088,研发部,45.98,2.72,9.08,205.31,2500.0,正常运行
2023-05-29 03:17:00,DEV-052,生产部,53.5,3.69,12.56,220.22,2683.73,传动系统异常
2024-11-28 22:14:00,DEV-052,研发部,51.01,0.54,9.08,221.81,1826.24,正常运行
2022-12-24 23:31:00,DEV-020,研发部,73.25,1.84,11.28,171.96,1959.88,电力供应故障
2023-11-07 16:58:00,DEV-046,维修部,55.81,2.66,11.11,218.22,1955.0,正常运行
2024-07-21 18:27:00,DEV-006,研发部,65.37,1.45,12.48,204.01,1989.69,正常运行
2023-02-19 11:15:00,DEV-048,研发部,96.71,4.03,7.12,207.92,2433.88,散热系统故障
2024-07-21 13:36:00,DEV-053,生产部,67.25,1.7,6.71,215.88,1757.99,正常运行
2023-01-04 07:36:00,DEV-079,研发部,53.97,1.75,11.95,228.73,1917.97,正常运行
2022-09-16 08:05:00,DEV-051,研发部,44.75,2.11,12.88,184.52,1955.82,电力供应故障
2024-02-02 14:32:00,DEV-065,质检部,99.78,3.69,10.78,210.79,1913.39,散热系统故障
2022-10-03 17:41:00,DEV-026,维修部,61.23,3.8,10.15,216.77,2944.32,传动系统异常
2023-06-10 20:07:00,DEV-018,质检部,58.9,0.74,11.91,212.58,2116.02,正常运行
2023-01-28 17:29:00,DEV-091,维修部,58.19,2.4,13.2,166.94,1872.08,电力供应故障
2024-04-07 18:56:00,DEV-029,生产部,47.94,2.03,10.12,210.4,1968.01,正常运行
2023-01-23 20:00:00,DEV-059,研发部,55.75,1.82,8.61,215.39,2228.71,正常运行
2022-05-23 00:40:00,DEV-011,质检部,51.64,2.38,12.6,212.54,2115.29,正常运行
2024-10-01 15:36:00,DEV-052,质检部,66.42,3.54,9.93,224.89,2613.64,传动系统异常
2024-12-12 15:04:00,DEV-086,质检部,61.67,2.38,13.56,229.58,1771.4,正常运行
2022-04-02 08:49:00,DEV-058,维修部,74.8,1.2,14.09,163.31,1818.14,电力供应故障
2022-12-05 16:40:00,DEV-029,维修部,59.12,0.38,8.25,220.76,1852.83,正常运行
2023-11-04 12:37:00,DEV-035,维修部,90.65,2.49,3.5,190.73,1730.31,润滑系统异常
2024-04-25 04:18:00,DEV-064,生产部,94.37,1.3,1.14,216.91,1664.42,润滑系统异常
2023-10-22 05:10:00,DEV-045,维修部,71.75,3.0,5.71,191.15,1950.97,正常运行
2022-01-16 16:47:00,DEV-021,生产部,58.96,1.3,8.86,215.86,2053.54,正常运行
2024-11-24 05:56:00,DEV-094,研发部,69.71,1.06,12.35,231.68,1939.72,正常运行
2024-05-27 19:32:00,DEV-048,维修部,74.92,1.11,7.87,209.54,1919.6,正常运行
2023-12-29 19:08:00,DEV-081,研发部,99.54,2.09,2.38,206.57,1960.29,润滑系统异常
2023-11-29 13:05:00,DEV-084,研发部,67.8,2.65,6.12,240.35,2267.68,正常运行
2022-01-27 09:04:00,DEV-030,维修部,55.14,3.48,10.96,193.24,2706.77,传动系统异常
2023-06-23 13:01:00,DEV-038,维修部,52.3,2.06,8.32,228.07,1815.06,正常运行
2022-02-25 22:34:00,DEV-032,生产部,59.52,1.24,10.84,194.35,2207.43,正常运行
2024-09-25 23:59:00,DEV-072,研发部,53.09,0.35,5.0,234.65,2220.81,正常运行
2023-10-09 13:43:00,DEV-010,维修部,41.31,0.02,12.36,220.94,2359.02,正常运行
2023-11-04 04:36:00,DEV-085,质检部,44.91,2.46,9.6,215.7,2096.77,正常运行
2024-07-27 02:57:00,DEV-067,生产部,61.87,2.92,15.0,211.37,2050.64,正常运行
2022-08-18 17:49:00,DEV-047,维修部,66.65,3.0,7.64,224.99,1648.9,正常运行
2024-12-18 20:48:00,DEV-097,维修部,58.06,1.18,8.0,231.32,2199.89,正常运行
2022-01-21 08:11:00,DEV-024,生产部,72.15,1.63,10.84,164.11,1831.42,电力供应故障
2023-07-06 02:24:00,DEV-076,生产部,39.92,1.25,12.06,244.61,1920.33,正常运行
2022-07-21 01:23:00,DEV-004,维修部,72.53,1.17,10.28,224.87,2034.77,正常运行
2024-02-20 11:46:00,DEV-039,研发部,48.23,1.87,15.0,216.29,1524.2,正常运行
2023-08-15 02:16:00,DEV-001,维修部,79.41,1.57,10.49,205.53,1915.29,正常运行
2022-10-08 03:35:00,DEV-033,研发部,96.33,1.04,1.41,208.25,1576.24,润滑系统异常
2024-11-05 13:51:00,DEV-072,研发部,73.27,2.87,6.53,207.38,2764.87,传动系统异常
2023-11-07 23:04:00,DEV-011,质检部,54.65,1.0,11.62,228.45,2138.93,正常运行
2022-01-15 15:10:00,DEV-055,维修部,62.45,0.6,9.14,222.42,1913.58,正常运行
2023-08-17 18:30:00,DEV-001,生产部,61.26,0.95,15.0,248.3,2326.19,正常运行
2022-07-06 20:23:00,DEV-018,质检部,62.8,0.75,14.15,223.86,1790.27,正常运行
2023-06-08 07:04:00,DEV-078,质检部,52.39,1.21,11.78,219.39,2033.64,正常运行
2023-04-18 12:15:00,DEV-089,维修部,60.88,1.41,9.13,211.71,2030.73,正常运行
2024-12-02 16:28:00,DEV-080,研发部,66.62,0.3,13.58,239.52,1600.33,正常运行
2023-04-03 00:16:00,DEV-089,研发部,48.87,0.43,13.74,225.76,2285.52,正常运行
2023-06-02 22:07:00,DEV-012,维修部,61.57,2.55,6.49,219.69,2128.03,正常运行
2024-10-13 11:56:00,DEV-085,研发部,63.75,1.77,11.58,207.28,2077.89,正常运行
2024-03-04 16:30:00,DEV-058,研发部,95.49,3.97,10.3,222.74,2435.3,散热系统故障
2024-11-28 05:13:00,DEV-065,质检部,61.07,1.81,11.13,224.27,2041.14,正常运行
2022-09-07 18:25:00,DEV-059,维修部,70.26,1.56,12.76,203.56,1849.19,正常运行
2024-10-25 13:23:00,DEV-049,研发部,61.87,1.59,10.14,239.21,2308.29,正常运行
2022-11-27 00:45:00,DEV-015,维修部,56.34,2.15,15.0,247.25,2064.61,正常运行
2024-09-18 01:58:00,DEV-061,生产部,55.03,1.51,11.87,227.37,2278.04,正常运行
2023-03-15 11:24:00,DEV-041,研发部,48.35,1.99,6.75,237.76,2110.64,正常运行
2022-06-26 00:38:00,DEV-035,研发部,50.45,2.87,8.06,240.88,1943.69,正常运行
2023-04-24 13:48:00,DEV-017,研发部,46.12,2.11,9.84,211.74,2033.6,正常运行
2024-05-13 04:15:00,DEV-098,质检部,55.09,1.1,5.0,213.86,2046.13,正常运行
2024-03-26 15:45:00,DEV-042,质检部,49.37,2.32,6.83,204.25,1818.06,正常运行
2023-06-19 14:45:00,DEV-098,研发部,56.38,2.81,14.51,199.58,2944.71,传动系统异常
2024-12-22 10:50:00,DEV-030,研发部,51.57,1.09,9.87,215.87,1687.39,正常运行
2022-05-09 21:26:00,DEV-088,维修部,59.05,3.25,7.1,236.25,2621.59,传动系统异常
2023-07-14 18:08:00,DEV-088,研发部,70.71,2.44,8.76,219.29,2096.01,正常运行
2023-10-09 00:48:00,DEV-032,研发部,59.12,1.33,12.69,211.03,2240.59,正常运行
2024-05-30 00:31:00,DEV-027,维修部,76.95,1.34,9.55,217.08,2226.75,正常运行
2024-07-29 12:46:00,DEV-095,研发部,61.89,0.06,5.99,203.18,1893.39,正常运行
2022-02-13 18:57:00,DEV-065,维修部,40.54,1.47,10.45,230.84,2347.84,正常运行
2024-01-21 18:45:00,DEV-028,研发部,50.57,1.21,11.24,209.31,2083.43,正常运行
2023-07-23 06:44:00,DEV-051,维修部,35.0,0.7,6.36,237.37,2158.33,正常运行
2024-10-08 02:05:00,DEV-075,质检部,63.23,1.3,9.12,196.55,2176.62,正常运行
2024-12-22 22:33:00,DEV-057,生产部,56.27,1.26,14.07,216.99,2046.37,正常运行
2023-01-31 08:24:00,DEV-045,质检部,61.83,0.83,5.0,223.54,2180.99,正常运行
2024-11-28 16:58:00,DEV-073,生产部,59.08,1.82,11.22,227.93,1788.51,正常运行
2022-08-14 18:27:00,DEV-006,质检部,68.56,1.46,5.0,236.47,1601.12,正常运行
2024-12-15 23:50:00,DEV-006,质检部,67.06,1.68,11.87,203.48,2036.02,正常运行
2023-05-01 03:58:00,DEV-027,维修部,98.43,2.16,2.97,204.18,2110.14,润滑系统异常
2024-11-02 23:46:00,DEV-097,维修部,52.84,1.77,8.58,229.42,1766.8,正常运行
2024-05-07 17:08:00,DEV-021,质检部,57.06,1.72,11.3,212.37,1903.2,正常运行
2023-01-31 06:38:00,DEV-058,生产部,55.56,1.78,7.45,218.84,1871.78,正常运行
2024-10-14 12:32:00,DEV-068,质检部,48.55,2.09,9.04,219.39,1927.57,正常运行
2022-03-02 18:18:00,DEV-015,质检部,48.98,2.1,9.13,250.0,1936.13,正常运行
2022-10-16 04:27:00,DEV-078,生产部,103.66,4.44,12.94,218.6,2094.2,散热系统故障
2023-02-21 06:52:00,DEV-034,质检部,52.38,2.11,7.48,240.58,2028.41,正常运行
2023-07-22 09:38:00,DEV-098,生产部,72.32,0.0,8.77,212.74,1748.65,正常运行
2022-02-21 23:24:00,DEV-012,质检部,57.61,3.0,5.0,232.86,1826.68,正常运行
2024-03-27 07:43:00,DEV-035,维修部,50.84,1.68,15.59,177.5,1693.45,电力供应故障
2022-05-26 16:51:00,DEV-089,质检部,63.2,2.01,10.37,218.3,1740.16,正常运行
2023-07-04 21:58:00,DEV-052,维修部,64.2,1.74,11.26,238.84,2128.11,正常运行
2022-01-01 07:54:00,DEV-006,生产部,66.66,1.25,7.97,227.04,1798.69,正常运行
2022-04-04 07:31:00,DEV-084,研发部,67.69,1.1,9.08,170.56,1563.68,电力供应故障
2024-12-25 05:40:00,DEV-066,研发部,61.84,0.48,8.65,246.21,1990.46,正常运行
2022-11-14 11:49:00,DEV-015,质检部,54.17,1.71,9.78,204.64,2257.68,正常运行
2022-07-24 05:43:00,DEV-090,质检部,57.96,1.32,11.1,233.7,1839.36,正常运行
2022-05-05 06:23:00,DEV-015,维修部,37.94,1.16,13.77,225.78,2256.33,正常运行
2024-07-25 22:43:00,DEV-082,研发部,91.89,4.18,11.98,190.23,2007.47,散热系统故障
2022-12-30 22:58:00,DEV-059,研发部,71.44,3.11,6.49,219.6,2717.96,传动系统异常
2022-02-12 08:18:00,DEV-050,维修部,57.48,1.33,9.04,214.17,2044.54,正常运行
2024-05-12 21:05:00,DEV-072,维修部,58.74,0.0,6.62,201.21,1837.09,正常运行
2023-05-23 01:31:00,DEV-069,维修部,72.16,0.69,13.07,228.79,2018.86,正常运行
2022-05-16 21:41:00,DEV-095,生产部,48.76,0.62,9.18,192.62,1838.41,正常运行
2022-06-22 00:37:00,DEV-049,维修部,41.72,0.82,10.2,174.87,1752.7,电力供应故障
2022-02-16 12:22:00,DEV-014,研发部,47.33,1.28,12.85,176.42,1904.74,电力供应故障
2022-03-04 21:10:00,DEV-063,生产部,73.63,3.0,9.84,225.74,1904.12,正常运行
2022-10-29 03:15:00,DEV-015,维修部,71.51,1.32,13.58,211.67,2031.93,正常运行
2024-08-12 02:09:00,DEV-099,生产部,66.21,1.04,7.88,239.08,2165.73,正常运行
2023-05-08 07:26:00,DEV-051,研发部,71.52,0.64,11.01,213.13,2209.34,正常运行
2024-01-31 15:26:00,DEV-100,质检部,97.9,1.89,3.09,222.64,1723.9,润滑系统异常
2022-10-17 07:00:00,DEV-093,维修部,67.79,0.6,10.16,196.4,2067.52,正常运行
2023-09-07 13:27:00,DEV-051,生产部,56.39,0.0,11.23,200.12,1889.86,正常运行
2024-07-01 01:14:00,DEV-057,研发部,49.03,2.6,11.48,207.95,2233.83,正常运行
2022-12-04 20:02:00,DEV-062,质检部,67.44,0.83,9.57,231.81,2059.48,正常运行
2022-11-30 23:48:00,DEV-055,质检部,65.92,2.26,10.88,225.29,2195.46,正常运行
2022-06-04 22:02:00,DEV-049,质检部,42.44,1.85,8.41,199.0,1987.28,正常运行
2023-07-21 18:39:00,DEV-057,维修部,56.71,1.12,8.79,213.56,1905.31,正常运行
2022-08-16 23:01:00,DEV-066,研发部,60.22,2.08,10.3,216.36,1979.13,正常运行
2024-09-26 15:44:00,DEV-017,生产部,47.02,0.33,13.03,197.28,2054.81,正常运行
2022-12-21 03:32:00,DEV-033,维修部,96.79,1.47,2.31,238.77,2036.3,润滑系统异常
2022-02-24 21:21:00,DEV-079,生产部,79.28,3.1,8.4,197.25,2943.27,传动系统异常
2024-11-11 11:27:00,DEV-099,维修部,77.41,0.95,10.42,223.52,2248.24,正常运行
2024-08-16 03:16:00,DEV-037,维修部,58.56,1.66,10.46,234.86,2107.63,正常运行
2022-05-05 22:06:00,DEV-097,维修部,35.7,1.71,10.79,219.66,1913.11,正常运行
2023-12-27 03:31:00,DEV-072,研发部,69.48,2.08,7.91,213.23,2013.54,正常运行
2024-01-29 03:23:00,DEV-082,维修部,59.25,1.7,9.03,236.13,2072.62,正常运行
2022-05-27 03:49:00,DEV-032,生产部,54.15,1.12,11.08,250.0,1856.79,正常运行
2023-06-12 19:04:00,DEV-094,质检部,39.56,0.0,15.0,211.07,2143.74,正常运行
2022-03-06 17:45:00,DEV-097,研发部,78.13,0.75,9.29,201.76,1730.31,正常运行
2022-06-15 00:59:00,DEV-062,生产部,51.37,2.49,14.03,221.32,1971.77,正常运行
2024-05-03 17:56:00,DEV-036,生产部,63.81,1.75,5.44,180.54,2077.68,正常运行
2022-02-26 21:18:00,DEV-041,生产部,46.24,1.36,12.77,197.53,2189.41,正常运行
2023-06-26 06:17:00,DEV-042,研发部,64.81,1.54,12.17,214.52,2477.59,正常运行
2022-11-25 12:47:00,DEV-023,维修部,62.96,1.05,9.06,214.93,1874.52,正常运行
2022-07-15 18:41:00,DEV-011,质检部,59.28,3.28,10.15,190.07,2846.35,传动系统异常
2024-03-15 01:08:00,DEV-025,生产部,48.67,1.45,9.85,222.41,2132.45,正常运行
2022-03-14 07:11:00,DEV-008,质检部,90.44,1.77,3.1,194.52,1556.64,润滑系统异常
2023-06-11 04:49:00,DEV-056,维修部,60.14,2.13,11.47,243.78,1956.08,正常运行
2023-05-17 15:57:00,DEV-077,研发部,55.04,1.47,12.46,236.6,2082.96,正常运行
2023-07-24 15:53:00,DEV-044,维修部,61.33,0.67,10.0,215.34,1910.66,正常运行
2022-11-10 05:52:00,DEV-052,维修部,53.07,1.66,5.0,222.63,2196.36,正常运行
2022-11-01 21:44:00,DEV-050,研发部,73.63,0.88,14.38,232.86,1912.11,正常运行
2023-10-25 12:26:00,DEV-030,生产部,55.89,1.85,7.78,214.84,2024.29,正常运行
2024-02-29 18:57:00,DEV-078,维修部,63.54,2.02,9.08,234.52,1805.46,正常运行
2023-07-08 08:42:00,DEV-049,维修部,68.98,2.4,7.98,208.84,1869.56,正常运行
2024-11-11 03:16:00,DEV-075,研发部,48.26,1.83,9.49,212.25,1969.53,正常运行
2022-04-25 18:23:00,DEV-081,生产部,66.05,0.69,9.45,226.18,1873.87,正常运行
2024-06-24 14:40:00,DEV-002,维修部,58.43,0.44,11.04,230.77,1880.98,正常运行
2022-06-23 01:33:00,DEV-079,生产部,49.99,1.18,12.52,193.51,2190.62,正常运行
2024-04-23 20:20:00,DEV-093,研发部,44.88,1.93,8.21,203.38,1625.05,正常运行
2023-09-20 20:21:00,DEV-031,质检部,63.71,0.58,8.89,180.0,1881.96,正常运行
2022-06-30 16:58:00,DEV-020,研发部,69.42,2.26,10.95,194.27,1782.14,正常运行
2022-05-23 17:09:00,DEV-091,生产部,76.12,1.62,6.65,197.12,1941.2,正常运行
2023-09-21 11:53:00,DEV-053,研发部,87.94,2.96,2.94,208.28,1920.14,润滑系统异常
2024-12-02 11:28:00,DEV-099,研发部,56.15,2.77,6.29,250.0,1609.58,正常运行
2023-08-08 14:48:00,DEV-007,研发部,67.86,1.14,12.0,244.21,2092.02,正常运行
2023-06-25 20:42:00,DEV-041,研发部,45.51,2.32,10.96,206.4,2341.88,正常运行
2024-06-13 11:08:00,DEV-061,研发部,62.2,0.48,11.14,236.74,2301.61,正常运行
2024-07-19 10:11:00,DEV-012,维修部,56.15,3.72,14.33,194.0,2751.69,传动系统异常
2023-09-12 15:03:00,DEV-056,质检部,77.64,2.19,6.31,234.23,2248.56,正常运行
2024-05-31 23:08:00,DEV-012,维修部,49.92,3.0,14.09,245.72,1980.19,正常运行
2022-11-29 12:31:00,DEV-078,生产部,68.3,2.19,5.97,231.26,2078.03,正常运行
2022-11-21 03:31:00,DEV-016,研发部,43.76,1.2,11.7,204.49,1935.98,正常运行
2024-08-04 23:19:00,DEV-006,生产部,62.45,1.76,14.08,220.58,2042.28,正常运行
2024-04-17 16:49:00,DEV-058,维修部,67.84,0.78,7.7,213.08,1549.44,正常运行
2022-09-25 14:31:00,DEV-041,质检部,95.23,2.58,3.89,197.44,1872.69,润滑系统异常
2023-03-18 08:59:00,DEV-086,生产部,72.05,1.62,11.12,233.52,2169.17,正常运行
2023-06-14 12:24:00,DEV-041,质检部,74.66,0.75,10.23,240.95,2088.99,正常运行
2023-08-09 09:57:00,DEV-047,维修部,103.03,3.44,7.25,197.45,2139.1,散热系统故障
2023-07-03 16:12:00,DEV-047,维修部,90.86,1.67,2.57,233.5,1506.08,润滑系统异常
2023-06-04 02:29:00,DEV-098,生产部,48.64,2.1,12.37,167.4,1842.37,电力供应故障
2024-12-01 21:52:00,DEV-035,维修部,60.47,0.92,6.2,237.17,2353.4,正常运行
2022-10-23 02:53:00,DEV-048,研发部,57.46,2.84,12.34,216.9,2686.47,传动系统异常
2024-07-13 18:45:00,DEV-040,研发部,56.46,0.81,5.0,201.23,2145.98,正常运行
2023-03-23 02:20:00,DEV-064,质检部,53.84,0.87,15.0,197.6,2011.34,正常运行
2024-03-28 07:40:00,DEV-086,维修部,51.78,2.4,10.0,219.86,1934.42,正常运行
2024-12-24 02:46:00,DEV-042,质检部,59.98,1.49,10.72,226.1,2342.28,正常运行
2023-09-27 13:32:00,DEV-090,维修部,75.46,3.83,9.6,221.19,2750.71,传动系统异常
2022-02-26 11:11:00,DEV-004,研发部,93.78,2.45,2.91,225.71,1800.41,润滑系统异常
2023-04-11 00:45:00,DEV-097,维修部,52.93,0.69,8.88,211.74,2094.78,正常运行
2023-09-03 21:10:00,DEV-078,维修部,54.47,0.87,7.72,193.43,2094.31,正常运行
2023-02-28 06:45:00,DEV-007,研发部,86.6,2.83,3.69,235.44,2017.73,润滑系统异常
2023-02-25 00:55:00,DEV-005,研发部,53.49,0.54,9.88,205.39,1645.48,正常运行
2024-05-11 20:30:00,DEV-051,生产部,40.03,1.99,6.93,216.14,1666.28,正常运行
2022-08-26 05:12:00,DEV-002,质检部,59.87,2.08,12.35,226.64,1655.1,正常运行
2023-01-02 14:03:00,DEV-028,质检部,71.24,1.23,11.69,204.71,1995.29,正常运行
2023-12-01 05:36:00,DEV-040,维修部,55.79,1.16,9.79,232.77,2029.16,正常运行
2022-05-13 19:07:00,DEV-065,质检部,64.33,1.26,5.0,210.13,2390.21,正常运行
2023-05-13 11:58:00,DEV-092,质检部,74.45,0.04,15.0,230.88,2135.99,正常运行
2024-09-09 12:43:00,DEV-084,质检部,67.9,0.11,5.22,236.3,1864.61,正常运行
2023-10-26 05:37:00,DEV-042,生产部,72.36,0.0,11.76,200.34,1998.55,正常运行
2023-05-27 00:54:00,DEV-088,质检部,80.0,1.87,7.76,226.27,2113.47,正常运行
2024-04-11 06:23:00,DEV-033,生产部,66.48,1.94,15.0,223.78,1816.62,正常运行
2022-02-07 07:58:00,DEV-049,研发部,59.31,1.35,10.38,223.44,1806.88,正常运行
2024-05-03 13:14:00,DEV-005,研发部,57.7,1.83,14.26,234.98,1817.96,正常运行
2023-02-25 14:07:00,DEV-073,生产部,76.14,0.0,11.31,227.21,2057.4,正常运行
2024-09-02 10:21:00,DEV-045,维修部,80.0,2.19,9.96,207.02,1846.35,正常运行
2024-05-15 07:24:00,DEV-019,研发部,51.0,1.17,10.86,217.17,2187.79,正常运行
2022-12-13 15:35:00,DEV-015,维修部,62.89,1.36,11.91,204.61,2122.05,正常运行
2022-08-11 07:14:00,DEV-100,质检部,65.26,1.35,5.2,250.0,1753.1,正常运行
2023-04-22 14:21:00,DEV-025,维修部,95.9,2.89,1.76,227.11,1538.24,润滑系统异常
2023-12-27 10:16:00,DEV-038,生产部,64.84,1.24,9.21,230.02,1749.7,正常运行
2024-03-14 09:11:00,DEV-080,质检部,44.14,0.97,11.25,210.07,1881.78,正常运行
2023-12-27 14:18:00,DEV-063,研发部,56.31,2.11,13.7,219.51,2316.0,正常运行
2024-10-28 14:13:00,DEV-030,质检部,69.71,1.38,11.69,229.14,1891.59,正常运行
2024-06-01 08:10:00,DEV-004,维修部,51.11,2.39,8.18,217.2,2251.84,正常运行
2023-12-19 02:48:00,DEV-091,生产部,52.63,2.08,15.0,218.75,2129.78,正常运行
2022-08-14 06:18:00,DEV-043,维修部,66.53,1.17,10.42,233.61,2103.35,正常运行
2024-04-15 18:01:00,DEV-079,研发部,74.78,2.31,10.88,214.23,1997.28,正常运行
2023-03-12 13:19:00,DEV-096,研发部,101.81,3.59,13.19,203.03,2075.26,散热系统故障
2022-12-03 00:30:00,DEV-015,维修部,60.58,1.53,14.64,165.79,1764.17,电力供应故障
2023-05-29 23:16:00,DEV-085,维修部,56.1,2.05,13.56,191.63,1872.32,正常运行
2023-12-22 07:57:00,DEV-014,生产部,57.48,0.79,12.43,240.21,2003.24,正常运行
2022-05-11 04:19:00,DEV-062,生产部,63.17,0.63,9.57,242.72,2082.13,正常运行
2022-09-09 13:45:00,DEV-039,研发部,64.73,1.43,5.0,201.53,1823.29,正常运行
2022-01-31 10:22:00,DEV-007,生产部,67.69,0.0,13.25,223.44,1990.46,正常运行
2024-12-13 11:33:00,DEV-081,质检部,68.51,2.27,15.0,219.74,2101.0,正常运行
2023-02-11 12:20:00,DEV-025,生产部,100.83,4.08,8.87,196.12,1951.78,散热系统故障
2022-04-27 18:53:00,DEV-023,维修部,75.54,3.04,14.64,224.47,2757.18,传动系统异常
2024-02-28 20:15:00,DEV-078,质检部,49.41,0.71,12.97,218.61,1741.84,正常运行
2023-08-24 14:29:00,DEV-092,生产部,61.07,1.24,11.88,218.8,2041.02,正常运行
2024-09-06 09:55:00,DEV-015,研发部,97.36,4.32,7.05,229.87,1883.4,散热系统故障
2024-03-03 00:16:00,DEV-063,维修部,66.06,2.1,11.18,215.15,2088.1,正常运行
2022-03-19 18:25:00,DEV-059,质检部,63.64,0.66,10.09,234.85,1876.96,正常运行
2023-07-29 14:26:00,DEV-095,维修部,53.13,1.41,5.0,219.56,1951.57,正常运行
2022-04-30 10:53:00,DEV-024,研发部,76.16,0.46,10.61,233.55,2298.42,正常运行
2024-09-19 20:38:00,DEV-063,维修部,57.62,0.51,14.38,217.28,2331.43,正常运行
2024-04-25 01:12:00,DEV-042,研发部,94.76,3.17,9.88,195.47,2418.23,散热系统故障
2024-05-20 18:51:00,DEV-081,维修部,38.39,1.59,15.0,227.18,2003.7,正常运行
2022-03-30 13:54:00,DEV-069,质检部,58.88,1.41,9.93,214.47,1842.1,正常运行
2024-12-11 12:12:00,DEV-060,质检部,54.76,3.0,13.12,234.32,2073.54,正常运行
2022-11-04 08:30:00,DEV-030,质检部,50.04,2.49,7.37,192.22,2167.09,正常运行
2024-06-16 20:29:00,DEV-073,质检部,46.9,1.51,12.17,250.0,1923.99,正常运行
2022-12-26 04:27:00,DEV-091,维修部,44.49,0.85,12.44,215.77,2021.46,正常运行
2023-11-17 07:42:00,DEV-070,研发部,53.45,0.69,11.48,225.43,2045.36,正常运行
2024-04-19 19:33:00,DEV-012,质检部,61.59,1.52,6.27,215.69,1684.26,正常运行
2022-08-12 22:47:00,DEV-070,研发部,57.8,0.82,10.54,220.04,1756.73,正常运行
2022-11-11 01:18:00,DEV-002,生产部,74.75,0.34,9.0,209.56,1768.09,正常运行
2024-12-03 12:13:00,DEV-003,生产部,68.95,0.0,11.71,228.39,1702.77,正常运行
2024-10-13 20:14:00,DEV-043,质检部,76.81,0.34,6.81,192.12,1826.45,正常运行
2023-08-16 15:05:00,DEV-018,研发部,64.72,1.72,12.68,200.83,1942.64,正常运行
2024-11-11 13:15:00,DEV-016,生产部,67.17,0.0,11.13,224.67,2026.62,正常运行
2022-01-01 13:17:00,DEV-066,质检部,39.77,1.13,5.0,190.42,2235.36,正常运行
2024-05-08 21:53:00,DEV-078,质检部,54.16,3.0,7.1,237.22,1882.81,正常运行
2023-06-10 10:26:00,DEV-019,研发部,46.63,1.95,11.53,180.91,2065.99,电力供应故障
2024-06-16 14:45:00,DEV-012,研发部,65.61,1.13,12.29,225.89,1883.42,正常运行
2023-10-02 22:17:00,DEV-071,生产部,59.35,1.86,6.04,225.79,2127.83,正常运行
2024-06-19 02:08:00,DEV-048,维修部,89.57,3.18,7.98,229.91,1892.78,散热系统故障
2024-08-29 06:35:00,DEV-012,研发部,65.6,3.96,11.96,237.24,2726.62,传动系统异常
2022-05-09 06:00:00,DEV-093,维修部,80.0,0.84,11.18,220.44,2209.41,正常运行
2024-11-03 21:00:00,DEV-095,生产部,60.95,3.02,11.9,211.21,2691.73,传动系统异常
2023-12-18 05:42:00,DEV-070,研发部,40.95,3.0,10.18,239.36,1759.88,正常运行
2023-07-23 07:25:00,DEV-042,生产部,75.2,1.1,9.12,212.08,1898.58,正常运行
2024-05-04 03:51:00,DEV-100,生产部,57.71,0.7,11.05,223.43,1854.24,正常运行
2024-03-22 14:29:00,DEV-028,生产部,64.77,0.0,9.58,237.58,1981.35,正常运行
2022-06-21 01:12:00,DEV-063,研发部,43.38,0.98,10.14,207.09,1923.09,正常运行
2022-12-23 12:26:00,DEV-011,维修部,45.4,0.61,11.86,164.73,2156.18,电力供应故障
2024-02-16 20:03:00,DEV-088,质检部,60.32,1.42,12.4,169.4,1589.33,电力供应故障
2024-08-26 16:40:00,DEV-096,质检部,60.84,1.23,15.0,229.4,1866.25,正常运行
2024-10-06 06:06:00,DEV-091,维修部,80.0,1.78,12.1,231.0,1958.8,正常运行
2024-10-11 05:55:00,DEV-050,生产部,74.55,1.75,10.96,231.61,2224.44,正常运行
2022-04-06 23:13:00,DEV-005,质检部,45.89,1.08,11.47,201.67,2142.6,正常运行
2024-10-26 09:49:00,DEV-017,生产部,51.29,1.23,10.23,210.7,1925.84,正常运行
2022-08-23 02:48:00,DEV-056,维修部,63.09,0.75,13.36,215.58,2290.55,正常运行
2022-07-27 03:33:00,DEV-092,质检部,57.65,1.81,8.36,222.42,2137.61,正常运行
2023-03-09 00:26:00,DEV-007,研发部,37.64,0.84,10.5,250.0,1962.83,正常运行
2024-05-04 11:44:00,DEV-082,生产部,57.93,1.1,10.32,219.92,2331.01,正常运行
2022-12-08 20:26:00,DEV-013,研发部,61.96,0.72,11.22,194.46,2205.83,正常运行
2024-12-08 05:52:00,DEV-073,维修部,59.52,1.33,13.33,236.33,2356.22,正常运行
2022-10-13 06:05:00,DEV-020,维修部,67.84,1.63,10.12,239.48,1857.01,正常运行
2023-03-14 03:00:00,DEV-076,生产部,68.1,1.1,5.0,219.62,2015.39,正常运行
2024-05-21 20:52:00,DEV-006,生产部,50.29,1.84,6.74,227.52,1844.36,正常运行
2023-11-18 04:11:00,DEV-017,质检部,54.1,2.7,12.55,214.77,1930.15,正常运行
2023-05-22 08:22:00,DEV-047,研发部,35.38,0.0,7.96,213.65,2072.52,正常运行
2023-10-28 01:10:00,DEV-082,研发部,68.04,0.73,10.89,211.71,2030.44,正常运行
2024-11-27 18:59:00,DEV-023,研发部,61.74,0.67,10.05,214.72,2421.17,正常运行
2023-10-23 16:58:00,DEV-081,研发部,63.64,2.84,7.35,212.69,2042.48,正常运行
2024-05-23 23:19:00,DEV-017,维修部,59.38,2.19,12.23,221.8,1569.59,正常运行
2023-05-31 15:59:00,DEV-072,维修部,69.02,1.98,11.29,178.38,1885.85,电力供应故障
2022-02-06 10:27:00,DEV-002,生产部,68.78,1.78,11.71,225.74,2325.29,正常运行
2022-11-29 15:41:00,DEV-018,生产部,56.71,1.84,14.42,184.32,1940.55,电力供应故障
2024-12-09 21:13:00,DEV-045,质检部,58.5,2.03,15.0,215.78,1843.81,正常运行
2023-08-02 21:21:00,DEV-010,研发部,64.81,0.75,11.28,221.8,2155.84,正常运行
2023-04-06 10:15:00,DEV-009,研发部,79.13,0.0,9.8,237.88,1975.1,正常运行
2023-03-06 03:25:00,DEV-098,研发部,45.34,1.32,14.32,182.24,1991.8,电力供应故障
2023-08-01 10:50:00,DEV-068,质检部,54.82,2.21,8.31,250.0,2279.36,正常运行
2022-10-05 03:07:00,DEV-054,质检部,77.61,3.4,14.2,192.32,2737.04,传动系统异常
2022-04-10 17:08:00,DEV-053,质检部,61.62,1.61,9.66,206.7,2170.3,正常运行
2023-04-16 05:02:00,DEV-092,维修部,50.75,1.85,10.5,206.32,1721.9,正常运行
2023-08-13 11:59:00,DEV-067,维修部,63.53,2.76,8.82,201.67,2640.21,传动系统异常
2023-07-30 00:31:00,DEV-088,质检部,102.91,3.11,13.44,209.82,2445.13,散热系统故障
2024-02-05 00:19:00,DEV-045,研发部,90.88,2.05,2.07,219.81,2184.71,润滑系统异常
2023-08-28 02:51:00,DEV-093,维修部,55.27,0.03,7.22,221.52,1963.8,正常运行
2024-11-10 20:05:00,DEV-071,维修部,80.0,1.67,5.0,194.33,1985.0,正常运行
2023-04-20 09:27:00,DEV-032,生产部,54.19,1.08,8.29,206.14,1500.0,正常运行
2024-02-22 03:56:00,DEV-003,研发部,62.36,1.81,12.4,236.81,2313.93,正常运行
2024-06-26 18:35:00,DEV-045,维修部,57.78,1.01,9.28,194.48,2074.81,正常运行
2024-10-10 22:07:00,DEV-012,质检部,62.73,0.99,10.48,213.8,1934.5,正常运行
2024-06-25 01:03:00,DEV-023,研发部,50.51,1.56,7.27,240.87,1772.24,正常运行
2023-09-04 11:59:00,DEV-078,生产部,61.05,1.74,8.7,220.31,1665.63,正常运行
2023-02-02 01:07:00,DEV-023,生产部,68.35,0.42,13.43,218.48,1748.84,正常运行
2024-05-04 21:08:00,DEV-073,维修部,53.93,0.0,9.76,222.21,1807.57,正常运行
2022-11-10 06:15:00,DEV-029,维修部,55.07,1.96,11.68,229.1,1722.77,正常运行
2023-07-19 12:31:00,DEV-006,研发部,66.04,1.04,7.2,216.17,2302.33,正常运行
2024-03-06 15:34:00,DEV-034,研发部,47.01,0.43,5.47,228.3,2220.75,正常运行
2024-08-11 08:16:00,DEV-073,生产部,50.3,2.46,10.62,192.37,2104.33,正常运行
2022-07-14 11:14:00,DEV-081,生产部,53.52,0.74,6.72,216.01,2286.68,正常运行
2023-01-28 09:16:00,DEV-016,维修部,72.64,2.17,6.33,194.24,2140.29,正常运行
2022-09-06 02:54:00,DEV-039,研发部,88.71,1.37,1.69,203.18,1661.13,润滑系统异常
2023-11-08 01:41:00,DEV-087,维修部,71.67,1.76,7.48,230.11,1899.88,正常运行
2023-02-01 18:48:00,DEV-028,质检部,70.71,2.01,5.0,183.15,1984.69,正常运行
2023-08-01 16:59:00,DEV-079,研发部,74.89,3.5,8.64,215.03,2962.06,传动系统异常
2024-05-22 21:28:00,DEV-018,维修部,55.21,1.91,14.87,212.2,1733.51,正常运行
2024-10-20 08:05:00,DEV-068,质检部,59.5,2.38,7.19,213.34,1664.0,正常运行
2023-01-01 19:25:00,DEV-036,质检部,57.73,1.93,6.72,193.89,2070.63,正常运行
2023-04-13 13:35:00,DEV-064,维修部,48.56,0.59,7.57,224.12,1846.16,正常运行
2022-03-08 16:47:00,DEV-027,维修部,55.5,0.0,8.02,224.54,1890.29,正常运行
2022-09-02 15:01:00,DEV-061,研发部,46.37,1.93,12.28,240.42,1801.0,正常运行
2022-07-25 03:35:00,DEV-012,生产部,51.45,0.19,13.73,220.15,2238.83,正常运行
2023-08-21 02:29:00,DEV-038,维修部,48.47,2.75,8.56,238.0,1879.73,正常运行
2023-10-15 17:02:00,DEV-017,质检部,62.29,0.7,12.23,229.82,2009.78,正常运行
2022-09-03 15:38:00,DEV-013,维修部,48.52,2.61,7.43,204.59,2176.57,正常运行
2023-06-15 03:59:00,DEV-099,生产部,64.78,0.5,7.92,209.22,2178.98,正常运行
2024-10-24 18:30:00,DEV-087,维修部,93.02,3.5,13.8,225.63,2065.17,散热系统故障
2023-10-25 12:58:00,DEV-064,质检部,58.68,2.2,8.51,239.56,2367.75,正常运行
2024-12-01 18:17:00,DEV-006,研发部,47.1,0.88,9.22,243.98,2160.43,正常运行
2022-04-11 10:24:00,DEV-012,维修部,54.89,1.04,15.0,224.02,2170.62,正常运行
2024-03-27 17:14:00,DEV-093,质检部,87.78,3.12,10.71,199.33,2148.99,散热系统故障
2024-01-26 05:24:00,DEV-024,研发部,60.47,0.89,14.44,167.65,1720.43,电力供应故障
2024-09-20 18:47:00,DEV-087,生产部,50.78,3.37,10.95,200.38,2683.33,传动系统异常
2022-09-25 20:24:00,DEV-033,研发部,72.24,1.34,8.9,194.93,2407.17,正常运行
2024-06-14 11:24:00,DEV-054,维修部,70.68,0.38,7.4,217.98,2007.75,正常运行
2023-06-26 22:01:00,DEV-070,研发部,41.07,2.69,7.2,234.3,1861.81,正常运行
2022-11-20 18:04:00,DEV-020,研发部,92.34,3.07,8.95,214.95,1948.02,散热系统故障
2023-10-26 08:25:00,DEV-052,质检部,60.99,1.08,8.3,232.16,1869.25,正常运行
2023-04-03 02:04:00,DEV-024,生产部,43.07,1.88,12.6,227.61,1949.68,正常运行
2023-08-11 07:24:00,DEV-079,研发部,68.05,0.52,9.85,222.95,2036.75,正常运行
2022-11-22 21:01:00,DEV-061,生产部,47.02,0.89,10.07,215.49,2121.68,正常运行
2023-09-04 16:16:00,DEV-079,维修部,50.45,1.91,8.48,217.31,2178.85,正常运行
2022-01-31 04:58:00,DEV-009,生产部,55.38,1.99,15.0,200.09,1500.0,正常运行
2023-05-15 03:47:00,DEV-098,质检部,63.94,1.07,8.22,165.0,1779.84,电力供应故障
2024-04-09 21:51:00,DEV-093,维修部,77.61,3.73,6.41,228.47,2965.21,传动系统异常
2022-08-22 22:34:00,DEV-056,研发部,58.97,0.91,12.54,207.21,2253.32,正常运行
2024-04-09 03:26:00,DEV-040,维修部,56.11,0.45,6.62,225.01,1863.46,正常运行
2024-07-24 12:58:00,DEV-033,研发部,73.23,1.47,10.66,219.36,1500.0,正常运行
2022-05-17 21:46:00,DEV-026,质检部,63.01,2.5,10.23,205.36,2132.43,正常运行
2022-02-12 09:29:00,DEV-028,质检部,65.69,1.85,12.22,250.0,1550.11,正常运行
2024-06-29 18:47:00,DEV-029,质检部,64.85,2.05,8.67,207.19,1871.36,正常运行
2022-03-04 23:27:00,DEV-068,质检部,64.43,0.73,11.59,234.82,2207.9,正常运行
2022-03-22 04:28:00,DEV-088,研发部,62.51,1.14,5.0,249.42,1947.35,正常运行
2022-01-07 17:11:00,DEV-080,质检部,50.04,3.41,13.16,191.82,2601.4,传动系统异常
2024-02-18 03:14:00,DEV-085,质检部,65.17,1.33,9.23,229.16,1934.12,正常运行
2022-11-04 13:57:00,DEV-038,研发部,57.09,1.44,9.38,216.58,2031.66,正常运行
2022-01-25 01:11:00,DEV-007,生产部,91.13,3.57,9.95,190.82,1857.65,散热系统故障
2022-05-19 03:12:00,DEV-077,质检部,43.72,1.54,10.78,206.44,2127.72,正常运行
2022-10-16 03:21:00,DEV-017,维修部,59.87,2.34,11.44,243.75,2194.02,正常运行
2024-11-02 10:59:00,DEV-011,研发部,45.06,1.81,11.48,226.63,2009.09,正常运行
2023-12-27 02:00:00,DEV-092,维修部,51.04,1.41,14.41,203.14,2190.0,正常运行
2024-12-03 01:34:00,DEV-064,维修部,55.48,0.76,7.99,206.48,1952.05,正常运行
2023-11-19 03:13:00,DEV-020,研发部,73.98,3.26,11.85,235.87,2763.37,传动系统异常
2024-03-19 09:50:00,DEV-011,维修部,54.53,2.12,8.62,213.63,1992.59,正常运行
2023-10-22 17:13:00,DEV-035,维修部,46.17,0.0,10.55,247.01,2247.79,正常运行
2022-07-21 20:55:00,DEV-008,生产部,72.33,1.58,10.6,213.08,1959.19,正常运行
2024-10-03 04:32:00,DEV-026,质检部,72.78,1.2,7.83,230.6,1723.93,正常运行
2024-08-14 19:44:00,DEV-055,研发部,58.67,1.93,15.0,222.67,1899.36,正常运行
2022-11-25 07:47:00,DEV-088,维修部,59.01,1.85,7.63,221.29,1902.93,正常运行
2023-10-19 18:39:00,DEV-094,质检部,72.26,1.73,11.13,224.08,1989.62,正常运行
2024-09-13 07:38:00,DEV-006,维修部,57.88,1.93,8.99,220.03,1945.07,正常运行
2022-05-12 01:04:00,DEV-005,质检部,41.27,2.39,10.03,218.28,2109.2,正常运行
2024-04-24 00:23:00,DEV-041,维修部,55.24,1.44,11.97,230.35,2110.17,正常运行
2022-10-19 17:51:00,DEV-025,生产部,52.72,0.88,9.22,215.06,1897.17,正常运行
2023-01-26 15:49:00,DEV-071,维修部,50.65,1.82,10.39,218.84,1760.94,正常运行
2024-12-12 21:44:00,DEV-076,研发部,54.32,3.0,10.13,228.66,1709.82,正常运行
2023-02-01 10:26:00,DEV-071,研发部,53.49,1.32,15.0,229.23,1849.51,正常运行
2024-02-05 04:42:00,DEV-096,研发部,42.36,1.73,10.94,229.99,2134.53,正常运行
2024-02-03 08:33:00,DEV-025,维修部,64.87,0.93,15.0,243.17,2120.82,正常运行
2023-07-16 07:01:00,DEV-068,质检部,70.64,1.48,9.8,161.03,1973.02,电力供应故障
2023-04-06 06:14:00,DEV-081,研发部,50.5,1.32,7.77,212.45,1981.08,正常运行
2023-07-07 21:20:00,DEV-018,研发部,49.79,2.23,8.56,235.13,1744.49,正常运行
2022-09-23 09:49:00,DEV-010,生产部,79.17,2.16,7.77,214.27,2117.69,正常运行
2022-04-27 07:06:00,DEV-100,生产部,74.35,2.9,14.02,193.52,2960.69,传动系统异常
2023-03-04 18:17:00,DEV-005,维修部,52.05,2.91,13.2,227.27,1990.02,正常运行
2022-06-01 04:02:00,DEV-090,维修部,48.52,2.18,9.68,200.3,2170.76,正常运行
2023-08-07 15:07:00,DEV-054,维修部,95.02,1.12,2.59,192.25,1520.43,润滑系统异常
2022-11-07 00:43:00,DEV-060,生产部,53.7,1.26,8.11,226.3,2020.15,正常运行
2024-12-21 06:47:00,DEV-005,研发部,59.56,2.37,10.53,191.03,2219.31,正常运行
2023-10-01 08:13:00,DEV-023,质检部,75.31,0.81,9.96,214.0,2133.28,正常运行
2023-03-18 00:15:00,DEV-054,研发部,53.41,2.03,15.0,235.58,2018.63,正常运行
2024-02-11 23:02:00,DEV-063,质检部,96.11,1.57,2.14,199.97,2179.75,润滑系统异常
2022-03-17 12:03:00,DEV-066,研发部,40.91,2.55,10.22,213.83,1982.15,正常运行
2023-01-06 21:04:00,DEV-074,维修部,53.22,2.3,13.16,231.86,1941.58,正常运行
2024-01-12 08:26:00,DEV-074,质检部,62.87,3.94,6.75,194.48,2952.25,传动系统异常
2022-09-25 03:09:00,DEV-100,研发部,49.29,2.09,14.46,236.76,2100.37,正常运行
2024-02-24 16:13:00,DEV-051,质检部,70.6,0.0,8.35,239.96,1975.88,正常运行
2024-10-21 14:22:00,DEV-002,维修部,61.72,0.65,12.14,234.4,1758.85,正常运行
2022-03-12 14:19:00,DEV-056,生产部,71.4,2.32,11.32,215.37,2228.89,正常运行
2023-07-24 03:07:00,DEV-062,生产部,77.34,2.43,8.86,219.95,1794.02,正常运行
2023-06-07 21:33:00,DEV-063,维修部,59.8,1.67,11.21,217.54,1856.08,正常运行
2022-03-24 01:25:00,DEV-080,质检部,61.41,1.16,6.98,209.08,1589.75,正常运行
2023-04-13 01:54:00,DEV-055,维修部,74.79,1.66,8.96,203.92,2166.45,正常运行
2023-12-10 00:10:00,DEV-017,维修部,55.01,0.0,8.34,236.07,2280.48,正常运行
2023-03-06 19:01:00,DEV-037,质检部,91.24,2.78,2.45,231.18,2088.12,润滑系统异常
2023-07-16 14:45:00,DEV-039,维修部,55.91,0.66,5.0,204.62,2022.99,正常运行
2022-03-29 07:29:00,DEV-015,生产部,57.75,0.83,13.0,224.86,2258.04,正常运行
2023-07-19 07:09:00,DEV-029,生产部,61.82,2.26,9.76,224.28,1938.72,正常运行
2024-06-11 21:27:00,DEV-030,研发部,56.36,1.88,10.88,225.66,2078.52,正常运行
2024-04-13 05:30:00,DEV-059,质检部,43.95,0.86,9.19,204.17,2213.08,正常运行
2022-05-05 05:00:00,DEV-006,研发部,58.03,0.08,8.11,201.03,1669.72,正常运行
2024-08-15 12:15:00,DEV-099,生产部,98.02,2.95,3.86,206.27,1795.19,润滑系统异常
2023-04-29 13:58:00,DEV-035,生产部,47.92,2.46,9.72,224.81,1585.47,正常运行
2023-09-10 23:06:00,DEV-012,研发部,45.15,2.43,11.7,181.37,1825.53,电力供应故障
2023-02-25 15:35:00,DEV-038,生产部,96.44,1.11,2.27,212.56,2167.81,润滑系统异常
2022-01-26 14:04:00,DEV-036,生产部,49.19,1.83,9.44,225.04,2391.43,正常运行
2023-11-05 22:28:00,DEV-074,质检部,58.41,1.6,7.16,192.79,2021.54,正常运行
2022-12-03 03:56:00,DEV-043,质检部,75.44,0.63,9.32,250.0,2079.11,正常运行
2022-02-12 08:38:00,DEV-079,质检部,62.64,1.03,11.12,220.53,1901.61,正常运行
2024-11-09 16:58:00,DEV-063,维修部,65.97,1.91,13.58,221.45,1700.03,正常运行
2022-10-21 14:46:00,DEV-032,质检部,92.39,2.04,3.89,204.22,2033.16,润滑系统异常
2022-04-24 09:18:00,DEV-022,生产部,58.69,1.11,9.15,203.19,1659.04,正常运行
2022-03-24 23:28:00,DEV-100,维修部,57.48,2.04,8.74,221.66,2088.33,正常运行
2024-03-30 17:26:00,DEV-072,质检部,62.09,2.16,14.49,219.45,1969.59,正常运行
2023-12-24 06:35:00,DEV-015,质检部,51.61,1.07,7.83,234.75,1844.97,正常运行
2023-10-08 18:47:00,DEV-043,研发部,52.62,2.11,7.06,224.26,2051.51,正常运行
2022-10-12 04:38:00,DEV-063,质检部,40.11,1.52,11.69,209.2,2127.99,正常运行
2023-12-10 09:56:00,DEV-031,维修部,39.82,1.62,12.38,218.17,1908.43,正常运行
2023-11-24 07:15:00,DEV-066,研发部,52.77,1.79,8.19,237.85,2491.69,正常运行
2023-12-23 09:04:00,DEV-048,质检部,55.26,0.49,5.0,218.85,1891.48,正常运行
2024-03-28 22:12:00,DEV-049,生产部,52.07,2.02,7.64,232.25,1997.48,正常运行
2023-08-28 02:07:00,DEV-051,维修部,53.51,1.61,13.08,224.66,1969.34,正常运行
2022-08-10 17:07:00,DEV-047,维修部,91.47,3.72,10.1,210.03,2450.89,散热系统故障
2024-04-19 20:56:00,DEV-087,质检部,63.59,2.16,12.05,222.33,1633.12,正常运行
2022-03-16 13:10:00,DEV-076,质检部,51.52,2.62,6.18,204.87,2339.49,正常运行
2023-02-19 00:10:00,DEV-078,研发部,62.31,0.58,7.54,230.55,2198.88,正常运行
2024-04-27 09:51:00,DEV-025,生产部,45.64,1.61,10.09,204.25,2031.61,正常运行
2022-04-05 00:10:00,DEV-039,维修部,48.6,2.68,11.53,195.58,1646.1,正常运行
2024-06-28 12:44:00,DEV-046,质检部,63.13,0.19,5.1,217.13,1890.31,正常运行
2023-01-19 10:19:00,DEV-014,质检部,55.55,1.65,10.51,198.06,1805.63,正常运行
2024-05-12 06:16:00,DEV-074,质检部,54.13,0.9,7.0,199.12,1824.06,正常运行
2022-03-18 15:25:00,DEV-006,维修部,61.97,1.15,10.33,245.57,1778.38,正常运行
2022-03-26 11:54:00,DEV-053,研发部,78.34,1.13,12.7,234.63,2466.69,正常运行
2023-12-29 12:28:00,DEV-088,质检部,63.36,0.62,8.14,197.4,1799.14,正常运行
2022-06-10 07:00:00,DEV-014,研发部,66.18,1.37,13.92,231.09,2163.27,正常运行
2023-10-01 08:06:00,DEV-048,质检部,45.69,1.12,9.1,214.63,1889.55,正常运行
2023-07-16 06:36:00,DEV-043,生产部,64.11,1.74,8.72,216.22,2066.19,正常运行
2024-05-06 11:00:00,DEV-098,质检部,75.91,1.45,11.35,213.54,1970.79,正常运行
2024-07-01 16:55:00,DEV-034,质检部,41.97,2.37,5.0,213.96,2151.79,正常运行
2023-04-10 02:30:00,DEV-068,研发部,89.38,2.84,3.75,209.6,1804.0,润滑系统异常
2022-11-26 22:03:00,DEV-099,生产部,46.66,1.27,11.76,209.88,2175.64,正常运行
2024-02-13 00:45:00,DEV-020,研发部,59.48,0.93,9.43,239.04,2052.32,正常运行
2024-04-13 16:49:00,DEV-087,质检部,58.76,1.9,12.21,207.36,2074.97,正常运行
2022-12-15 02:09:00,DEV-099,研发部,62.99,1.54,6.31,205.04,2456.47,正常运行
2023-06-02 09:59:00,DEV-064,生产部,66.73,3.06,8.44,204.51,2782.19,传动系统异常
2023-01-17 13:08:00,DEV-061,研发部,95.52,1.23,1.38,199.38,1568.42,润滑系统异常
2023-02-12 14:11:00,DEV-046,质检部,69.1,1.29,11.85,227.29,1840.18,正常运行
2022-05-26 15:16:00,DEV-074,生产部,70.12,2.9,11.77,194.56,2658.88,传动系统异常
2024-01-16 14:59:00,DEV-054,研发部,91.57,4.05,12.54,202.27,2339.63,散热系统故障
2023-06-01 10:06:00,DEV-100,质检部,80.0,1.84,14.67,216.99,1646.6,正常运行
2024-12-25 08:27:00,DEV-051,研发部,59.01,1.8,7.42,207.84,2316.51,正常运行
2023-10-26 16:04:00,DEV-004,生产部,70.11,1.4,8.19,218.86,2218.61,正常运行
2024-01-28 01:15:00,DEV-089,维修部,59.19,1.33,10.69,219.54,2234.61,正常运行
2023-09-21 11:04:00,DEV-078,生产部,49.51,2.29,9.03,182.51,2458.19,正常运行
2023-12-11 08:00:00,DEV-012,维修部,92.43,1.27,3.44,219.26,2041.22,润滑系统异常
2022-01-30 14:05:00,DEV-050,研发部,80.0,0.5,7.0,224.09,2068.45,正常运行
2024-05-24 07:36:00,DEV-014,维修部,45.29,1.8,10.7,226.01,2167.48,正常运行
2024-05-02 17:41:00,DEV-030,研发部,53.11,0.42,12.25,217.29,1728.16,正常运行
2024-01-17 17:45:00,DEV-015,质检部,76.16,2.16,15.0,196.7,1898.79,正常运行
2024-12-06 14:37:00,DEV-068,维修部,63.48,1.65,10.18,221.59,1872.44,正常运行
2024-01-21 19:33:00,DEV-041,维修部,57.24,1.65,10.57,220.15,2162.12,正常运行
2022-10-29 07:45:00,DEV-034,生产部,71.35,1.37,10.85,216.27,2321.47,正常运行
2024-08-19 13:08:00,DEV-035,质检部,38.49,2.91,10.13,216.51,2090.22,正常运行
2023-05-08 06:41:00,DEV-052,维修部,58.67,2.18,11.14,211.27,1724.18,正常运行
2024-02-06 23:58:00,DEV-039,生产部,61.58,2.13,13.97,217.67,1806.43,正常运行
2024-08-10 09:08:00,DEV-001,研发部,46.96,1.07,5.55,245.17,2021.46,正常运行
2022-02-11 00:58:00,DEV-067,质检部,67.57,1.14,5.75,226.06,2106.89,正常运行
2023-05-01 01:01:00,DEV-090,质检部,99.35,2.73,3.18,193.77,1534.33,润滑系统异常
2024-09-02 02:29:00,DEV-086,研发部,61.61,2.9,10.06,223.38,2138.54,正常运行
2024-04-28 23:38:00,DEV-037,质检部,73.11,0.8,14.07,196.69,2291.05,正常运行
2024-10-17 08:30:00,DEV-087,维修部,57.29,3.4,13.03,227.97,2890.7,传动系统异常
2023-01-30 02:30:00,DEV-016,研发部,40.71,2.0,12.01,192.76,2041.87,正常运行
2023-11-21 13:36:00,DEV-021,质检部,88.35,2.21,3.71,196.67,2142.61,润滑系统异常
2022-03-31 01:54:00,DEV-026,生产部,67.54,1.87,15.0,246.73,2060.2,正常运行
2024-03-08 00:07:00,DEV-089,生产部,54.25,2.94,12.42,202.84,1854.49,正常运行
2023-12-17 13:17:00,DEV-066,研发部,59.79,2.85,15.0,211.2,1600.0,正常运行
2022-11-27 12:12:00,DEV-048,生产部,66.0,3.0,5.0,219.16,1749.95,正常运行
2022-11-29 12:53:00,DEV-036,质检部,54.12,1.62,13.54,219.45,2071.2,正常运行
2022-11-01 15:52:00,DEV-002,研发部,102.63,3.38,8.8,201.55,2490.32,散热系统故障
2024-03-21 05:02:00,DEV-047,质检部,80.0,0.79,8.28,197.41,1780.65,正常运行
2024-09-28 09:50:00,DEV-068,维修部,60.83,2.25,5.39,207.59,2329.63,正常运行
2023-12-31 05:31:00,DEV-014,研发部,53.41,1.5,11.43,216.11,1885.06,正常运行
2022-06-01 20:55:00,DEV-018,研发部,64.38,2.96,5.0,216.42,1813.53,正常运行
2023-10-25 11:51:00,DEV-073,维修部,62.45,1.56,9.6,209.41,1970.06,正常运行
2022-12-20 23:07:00,DEV-068,质检部,59.38,2.54,6.86,228.78,2086.11,正常运行
2022-07-27 01:59:00,DEV-058,生产部,53.57,2.86,6.68,195.08,1834.3,正常运行
2024-07-16 10:16:00,DEV-065,质检部,46.82,0.95,5.53,206.07,1849.82,正常运行
2023-01-02 09:57:00,DEV-091,维修部,57.25,2.57,5.0,221.69,2171.32,正常运行
2023-05-28 19:40:00,DEV-058,质检部,90.98,1.05,2.32,235.11,2099.63,润滑系统异常
2024-10-20 17:28:00,DEV-028,研发部,67.81,0.73,10.78,235.35,1960.0,正常运行
2023-10-11 12:32:00,DEV-045,质检部,74.25,2.85,10.43,180.0,2067.87,正常运行
2023-10-11 04:08:00,DEV-094,生产部,49.89,0.75,11.21,212.14,1888.32,正常运行
2024-03-20 00:22:00,DEV-010,研发部,69.5,1.72,6.41,183.55,1926.84,正常运行
2024-07-23 18:24:00,DEV-082,生产部,56.58,0.51,11.0,208.07,2120.04,正常运行
2024-05-31 00:01:00,DEV-039,维修部,59.94,1.92,11.43,162.28,2173.66,电力供应故障
2022-01-30 06:22:00,DEV-051,质检部,59.62,0.88,11.6,209.64,2022.49,正常运行
2022-04-26 23:44:00,DEV-050,生产部,78.27,3.45,12.83,223.64,2798.97,传动系统异常
2022-12-08 06:41:00,DEV-088,研发部,64.13,0.43,14.58,237.95,2086.42,正常运行
2024-05-24 21:13:00,DEV-075,研发部,57.97,1.37,12.55,231.36,2121.03,正常运行
2024-09-21 22:06:00,DEV-059,质检部,49.45,2.94,8.96,215.78,2128.34,正常运行
2023-07-02 07:50:00,DEV-062,研发部,99.3,2.47,3.07,227.75,1725.75,润滑系统异常
2023-09-10 21:44:00,DEV-059,研发部,62.27,2.01,7.53,201.71,1886.11,正常运行
2024-03-26 18:03:00,DEV-006,生产部,68.27,2.59,13.52,214.4,2100.72,正常运行
2024-05-04 07:46:00,DEV-078,维修部,63.22,0.71,10.17,160.14,1596.19,电力供应故障
2022-11-07 05:53:00,DEV-031,生产部,55.71,1.97,5.21,226.93,2404.86,正常运行
2024-05-27 17:38:00,DEV-075,生产部,57.81,0.14,10.84,238.99,2003.76,正常运行
2024-04-19 14:55:00,DEV-044,研发部,77.22,3.49,9.39,239.11,2944.81,传动系统异常
2024-08-27 00:56:00,DEV-061,维修部,53.82,1.08,9.5,236.24,2228.06,正常运行
2023-04-11 05:41:00,DEV-049,维修部,64.32,1.61,9.23,237.67,1785.39,正常运行
2024-11-03 10:31:00,DEV-010,研发部,64.09,1.79,5.0,229.38,2177.05,正常运行
2023-11-17 23:10:00,DEV-082,质检部,64.08,1.94,11.33,207.62,2029.87,正常运行
2024-08-14 19:49:00,DEV-009,生产部,72.15,1.43,11.09,239.48,1939.34,正常运行
2023-10-02 19:46:00,DEV-039,维修部,56.61,1.48,5.0,200.49,1932.43,正常运行
2024-12-29 14:15:00,DEV-003,维修部,67.22,1.67,7.15,218.7,1561.88,正常运行
2023-03-15 15:57:00,DEV-011,研发部,45.0,0.88,9.83,212.05,2205.25,正常运行
2024-07-06 23:52:00,DEV-039,研发部,63.69,0.11,11.64,224.91,1837.12,正常运行
2022-07-07 16:41:00,DEV-029,研发部,43.07,2.06,10.29,214.93,1921.29,正常运行
2023-09-16 01:53:00,DEV-012,研发部,57.58,0.85,12.27,234.79,2011.3,正常运行
2024-04-15 16:16:00,DEV-023,生产部,53.96,0.39,8.39,216.04,1787.74,正常运行
2022-05-12 03:25:00,DEV-084,生产部,51.55,1.07,12.71,210.5,2395.84,正常运行
2022-02-03 05:05:00,DEV-025,研发部,57.5,1.97,10.04,234.13,2133.5,正常运行
2022-02-18 15:35:00,DEV-048,研发部,96.28,3.61,9.92,207.76,1995.53,散热系统故障
2022-07-10 10:45:00,DEV-088,维修部,64.37,2.14,11.82,227.28,2022.37,正常运行
2023-04-12 16:09:00,DEV-061,研发部,89.19,1.94,3.74,218.4,1864.86,润滑系统异常
2022-08-17 21:47:00,DEV-035,维修部,46.71,0.78,11.62,160.55,1811.53,电力供应故障
2022-12-03 06:23:00,DEV-050,维修部,36.62,1.73,12.02,208.28,2051.98,正常运行
2022-03-27 13:16:00,DEV-008,研发部,64.33,2.2,10.52,219.99,1937.91,正常运行
2023-10-24 11:16:00,DEV-024,生产部,41.37,1.12,12.59,170.24,1697.59,电力供应故障
2023-12-07 19:05:00,DEV-050,生产部,74.19,0.0,13.83,225.07,1758.6,正常运行
2022-08-05 07:04:00,DEV-023,质检部,58.99,1.75,13.2,194.33,2031.38,正常运行
2022-02-11 23:22:00,DEV-022,质检部,58.66,0.88,12.82,221.15,1965.11,正常运行
2024-05-11 01:12:00,DEV-039,维修部,55.86,0.28,15.0,220.55,2062.43,正常运行
2024-11-05 23:51:00,DEV-009,生产部,65.47,0.09,11.45,227.63,2194.04,正常运行
2022-09-23 13:15:00,DEV-059,生产部,71.13,2.0,8.04,170.19,1787.5,电力供应故障
2024-03-20 14:03:00,DEV-027,研发部,48.79,2.23,10.41,233.36,2235.27,正常运行
2022-02-02 21:49:00,DEV-050,质检部,56.63,1.59,8.88,210.53,2054.61,正常运行
2024-07-17 09:01:00,DEV-062,维修部,70.96,1.95,8.28,222.74,2074.54,正常运行
2023-01-03 14:24:00,DEV-041,质检部,48.48,0.0,13.78,215.08,1932.3,正常运行
2023-10-09 09:07:00,DEV-010,研发部,61.04,2.23,11.23,180.0,1737.43,正常运行
2024-04-24 14:17:00,DEV-059,维修部,53.22,1.91,10.54,225.26,2097.84,正常运行
2023-03-30 21:59:00,DEV-042,维修部,95.79,1.92,2.33,220.23,1610.08,润滑系统异常
2023-11-22 19:45:00,DEV-026,研发部,66.73,1.76,5.68,238.71,2329.58,正常运行
2024-07-01 11:25:00,DEV-030,质检部,88.65,4.19,13.98,238.46,2344.27,散热系统故障
2024-01-21 06:59:00,DEV-051,生产部,64.95,0.21,9.82,234.53,2088.66,正常运行
2024-12-19 22:18:00,DEV-004,生产部,35.0,1.73,10.85,208.1,2108.02,正常运行
2023-07-10 03:27:00,DEV-040,质检部,61.24,0.73,10.98,220.96,1772.32,正常运行
2023-06-06 03:43:00,DEV-074,质检部,69.2,3.76,14.98,231.92,2823.0,传动系统异常
2022-08-09 18:22:00,DEV-004,研发部,65.79,0.0,9.89,220.75,2187.24,正常运行
2022-10-27 14:34:00,DEV-083,质检部,70.43,1.14,9.27,236.88,1574.98,正常运行
2023-02-23 06:31:00,DEV-021,维修部,57.5,3.0,5.0,211.79,1812.44,正常运行
2024-04-13 03:11:00,DEV-100,质检部,80.0,0.11,11.93,250.0,2215.82,正常运行
2023-09-05 05:51:00,DEV-082,生产部,75.63,1.94,15.0,240.86,1598.49,正常运行
2022-12-24 06:44:00,DEV-095,质检部,55.43,1.17,11.64,201.17,1887.69,正常运行
2023-04-20 17:44:00,DEV-095,研发部,89.2,3.23,7.52,195.15,2193.46,散热系统故障
2023-12-22 17:50:00,DEV-089,质检部,48.09,2.17,8.64,210.72,1898.43,正常运行
2023-12-05 18:49:00,DEV-070,维修部,76.42,3.0,12.87,250.0,1768.54,正常运行
2024-11-21 11:12:00,DEV-039,生产部,61.39,1.46,7.22,218.29,1971.27,正常运行
2023-10-17 09:55:00,DEV-048,维修部,61.35,0.52,11.84,207.08,1816.82,正常运行
2024-03-16 14:29:00,DEV-078,质检部,35.0,1.13,11.17,208.32,1946.91,正常运行
2024-06-21 23:35:00,DEV-049,质检部,54.58,2.11,12.02,197.0,1881.28,正常运行
2022-06-16 04:13:00,DEV-007,生产部,53.16,0.04,13.17,209.56,2239.19,正常运行
2022-01-12 13:30:00,DEV-038,维修部,43.77,1.97,12.28,202.27,2144.88,正常运行
2022-05-01 04:04:00,DEV-072,研发部,51.63,1.66,8.78,183.38,1735.83,电力供应故障
2024-11-19 07:00:00,DEV-030,研发部,62.96,2.3,6.34,202.72,2304.94,正常运行
2024-04-07 00:48:00,DEV-096,生产部,69.48,2.39,5.61,237.57,2405.67,正常运行
2023-08-19 09:51:00,DEV-033,生产部,46.85,2.76,10.33,227.52,1867.14,正常运行
2023-11-30 06:42:00,DEV-071,生产部,93.2,3.22,11.52,196.48,1933.47,散热系统故障
2023-05-10 17:16:00,DEV-046,质检部,97.75,3.72,13.48,204.47,2308.32,散热系统故障
2024-03-11 08:12:00,DEV-075,研发部,60.48,1.32,10.08,223.13,1591.65,正常运行
2024-03-08 14:26:00,DEV-071,研发部,56.1,1.69,12.41,220.81,2048.07,正常运行
2024-01-04 18:09:00,DEV-045,维修部,47.64,3.0,8.84,209.38,2378.1,正常运行
2024-10-30 02:29:00,DEV-089,生产部,70.94,1.21,10.39,215.86,1935.03,正常运行
2024-12-11 15:34:00,DEV-014,维修部,79.19,0.09,15.0,218.41,2033.63,正常运行
2024-05-17 02:08:00,DEV-019,生产部,104.17,4.34,9.47,218.67,2477.26,散热系统故障
2024-12-12 19:13:00,DEV-074,生产部,41.3,1.49,11.73,203.62,2017.76,正常运行
2022-10-16 19:15:00,DEV-019,研发部,79.44,0.2,12.39,229.28,1904.6,正常运行
2022-03-12 13:36:00,DEV-057,质检部,61.26,1.35,10.05,223.68,1780.67,正常运行
2022-06-05 11:15:00,DEV-093,生产部,70.33,1.46,7.68,206.72,2021.02,正常运行
2024-06-27 21:14:00,DEV-039,生产部,52.75,1.24,5.18,214.41,2237.0,正常运行
2022-06-11 00:22:00,DEV-091,研发部,39.27,1.05,9.34,207.57,2184.33,正常运行
2023-04-11 18:54:00,DEV-025,质检部,78.11,0.77,10.79,205.77,2500.0,正常运行
2024-04-17 09:11:00,DEV-058,生产部,61.75,0.59,12.86,169.36,2023.21,电力供应故障
2023-02-17 01:32:00,DEV-040,维修部,54.51,2.55,8.3,237.96,1704.79,正常运行
2024-10-26 19:20:00,DEV-058,生产部,64.4,0.1,10.7,234.32,1702.88,正常运行
2022-06-13 12:40:00,DEV-005,研发部,55.58,0.87,10.61,198.85,1904.12,正常运行
2023-03-12 14:24:00,DEV-009,质检部,63.83,2.12,5.81,186.39,1941.24,正常运行
2023-01-27 14:33:00,DEV-054,维修部,71.1,1.02,11.08,235.36,2240.02,正常运行
2024-03-14 02:57:00,DEV-032,质检部,56.51,3.64,5.43,231.58,2935.24,传动系统异常
2023-02-20 20:20:00,DEV-035,生产部,64.85,2.64,8.16,224.88,1910.75,正常运行
2024-07-26 08:43:00,DEV-057,维修部,60.68,1.57,14.76,178.23,2082.2,电力供应故障
2024-02-14 23:18:00,DEV-031,质检部,53.35,1.76,9.23,239.13,1838.36,正常运行
2022-01-23 12:36:00,DEV-065,生产部,49.74,1.55,10.32,203.82,1964.94,正常运行
2022-01-08 11:57:00,DEV-091,研发部,40.3,0.65,7.54,211.56,1970.71,正常运行
2022-11-14 21:59:00,DEV-002,维修部,63.96,1.06,7.99,219.62,2234.55,正常运行
2022-12-04 13:17:00,DEV-099,生产部,65.61,1.48,6.01,230.2,1960.23,正常运行
2022-05-28 08:44:00,DEV-078,生产部,70.97,1.37,15.0,204.17,1929.26,正常运行
2024-01-23 01:44:00,DEV-045,研发部,55.43,0.95,11.4,239.66,2234.22,正常运行
2023-02-09 11:36:00,DEV-035,研发部,80.0,0.53,10.26,209.74,2070.1,正常运行
2022-11-27 12:49:00,DEV-003,生产部,46.86,2.26,9.87,207.42,2080.56,正常运行
2023-04-16 13:23:00,DEV-084,生产部,70.78,1.43,9.61,196.95,1943.04,正常运行
2022-02-12 16:23:00,DEV-014,维修部,63.14,1.15,13.12,233.63,1953.43,正常运行
2023-06-12 10:41:00,DEV-072,维修部,56.67,1.09,9.07,204.72,2197.66,正常运行
2023-11-22 13:41:00,DEV-011,生产部,59.45,2.63,12.04,222.32,2342.39,正常运行
2023-08-21 09:25:00,DEV-056,研发部,67.2,2.66,8.46,203.35,2055.6,正常运行
2022-09-15 18:39:00,DEV-040,生产部,67.52,1.03,13.27,225.73,1531.5,正常运行
2023-01-02 08:23:00,DEV-060,研发部,80.0,0.81,8.08,229.75,2010.89,正常运行
2022-11-16 10:19:00,DEV-070,维修部,102.33,3.36,7.53,223.52,2234.56,散热系统故障
2024-08-03 06:21:00,DEV-068,质检部,48.93,2.57,8.36,201.23,1913.8,正常运行
2023-12-20 15:44:00,DEV-054,生产部,65.92,0.82,13.55,232.05,1917.46,正常运行
2022-02-21 14:52:00,DEV-009,质检部,44.22,1.88,9.03,239.95,2135.9,正常运行
2023-09-05 01:15:00,DEV-087,维修部,65.88,1.02,8.17,231.16,2273.61,正常运行
2022-03-07 12:26:00,DEV-001,生产部,62.17,2.52,7.21,210.57,2284.73,正常运行
2023-08-01 09:44:00,DEV-001,生产部,49.75,2.68,8.45,207.87,1899.65,正常运行
2024-03-08 17:43:00,DEV-005,生产部,45.67,1.11,8.15,209.24,1931.08,正常运行
2024-05-12 16:58:00,DEV-067,研发部,75.51,1.6,14.6,228.75,2117.02,正常运行
2023-04-30 04:41:00,DEV-043,质检部,64.18,0.62,8.91,192.94,1929.0,正常运行
2024-04-09 15:00:00,DEV-066,质检部,58.65,0.5,9.26,250.0,1836.06,正常运行
2022-06-18 14:41:00,DEV-095,质检部,56.98,1.68,10.72,212.0,1967.36,正常运行
2022-08-21 10:51:00,DEV-021,生产部,44.33,1.62,10.28,211.24,1794.48,正常运行
2024-06-03 21:03:00,DEV-048,质检部,55.68,1.73,15.0,197.63,2024.26,正常运行
2024-02-28 00:57:00,DEV-052,维修部,67.93,2.11,9.87,200.21,1613.71,正常运行
2023-12-11 07:26:00,DEV-044,质检部,57.9,1.19,5.61,224.44,2052.21,正常运行
2024-01-10 02:03:00,DEV-089,研发部,44.69,0.87,14.13,174.97,1850.98,电力供应故障
2023-03-10 09:31:00,DEV-011,质检部,68.42,3.0,7.98,245.13,1883.3,正常运行
2022-09-04 14:30:00,DEV-070,质检部,77.96,2.14,11.91,195.65,2023.86,正常运行
2024-08-07 12:43:00,DEV-041,维修部,61.69,0.17,12.65,196.01,1938.6,正常运行
2023-04-13 20:13:00,DEV-076,维修部,56.9,1.73,6.85,214.34,2019.29,正常运行
2024-05-23 13:10:00,DEV-034,生产部,61.15,2.26,9.41,239.76,2080.27,正常运行
2022-12-09 13:02:00,DEV-090,研发部,95.87,3.51,11.65,231.32,2042.39,散热系统故障
2022-09-11 08:31:00,DEV-050,维修部,61.03,2.35,9.03,215.89,1981.81,正常运行
2023-01-11 12:05:00,DEV-037,研发部,50.83,0.62,9.89,166.64,2196.06,电力供应故障
2023-08-02 19:44:00,DEV-058,维修部,94.24,4.33,8.37,218.03,2320.45,散热系统故障
2022-04-15 14:54:00,DEV-014,生产部,91.89,3.79,7.11,237.28,2271.08,散热系统故障
2022-11-29 10:10:00,DEV-037,维修部,59.99,0.47,6.73,224.36,2165.48,正常运行
2022-02-28 14:51:00,DEV-070,研发部,55.25,0.0,10.38,219.79,1827.59,正常运行
2022-11-16 20:15:00,DEV-050,研发部,52.18,0.64,12.66,231.84,2015.8,正常运行
2024-08-04 10:57:00,DEV-008,研发部,55.2,1.6,11.1,212.11,1973.79,正常运行
2023-11-19 17:50:00,DEV-021,生产部,59.75,0.7,12.95,202.82,1899.1,正常运行
2023-08-24 16:20:00,DEV-054,质检部,71.4,0.99,11.54,202.85,2077.13,正常运行
2024-05-25 22:39:00,DEV-076,研发部,61.31,2.03,10.72,248.43,1954.66,正常运行
2024-01-09 10:33:00,DEV-070,生产部,63.14,0.0,15.0,215.69,2057.47,正常运行
2022-10-02 13:19:00,DEV-070,维修部,54.66,0.0,11.15,225.68,2137.43,正常运行
2024-08-21 00:46:00,DEV-026,生产部,50.28,1.19,8.41,190.18,2200.68,正常运行
2022-10-04 14:02:00,DEV-100,维修部,87.24,1.56,2.94,190.78,1626.17,润滑系统异常
2024-05-27 06:52:00,DEV-024,生产部,97.73,1.97,3.01,230.61,1904.72,润滑系统异常
2022-05-09 21:24:00,DEV-035,维修部,50.51,2.9,12.8,216.45,2227.12,正常运行
2024-11-29 17:08:00,DEV-065,研发部,60.36,0.15,8.17,241.12,2029.75,正常运行
2022-01-24 02:27:00,DEV-020,生产部,68.2,2.42,15.63,175.48,2009.72,电力供应故障
2023-10-31 12:14:00,DEV-096,维修部,69.34,1.85,9.04,244.01,2311.28,正常运行
2022-03-17 22:59:00,DEV-098,研发部,98.46,3.54,10.64,219.64,2210.98,散热系统故障
2023-05-30 04:47:00,DEV-061,生产部,74.4,1.78,8.02,231.99,2113.15,正常运行
2023-03-16 04:06:00,DEV-036,维修部,56.41,1.69,9.18,218.88,2115.37,正常运行
2023-11-18 15:15:00,DEV-100,研发部,49.08,2.46,10.63,222.24,2113.32,正常运行
2024-08-09 10:38:00,DEV-023,生产部,63.21,1.12,11.56,205.34,2109.23,正常运行
2024-02-27 00:03:00,DEV-079,维修部,52.67,1.51,11.4,228.25,2096.74,正常运行
2023-04-28 13:21:00,DEV-061,研发部,56.25,0.24,7.2,185.71,1843.48,正常运行
2023-07-25 09:34:00,DEV-039,质检部,55.52,3.0,15.0,204.48,1857.85,正常运行
2023-01-04 06:55:00,DEV-012,生产部,59.17,2.6,5.0,198.67,2136.33,正常运行
2024-09-05 17:05:00,DEV-079,生产部,44.96,1.66,13.04,228.32,1883.55,正常运行
2024-12-30 12:22:00,DEV-010,生产部,67.49,3.25,11.58,230.79,2757.68,传动系统异常
2022-05-03 06:42:00,DEV-062,质检部,77.61,3.83,9.83,207.96,2730.21,传动系统异常
2022-05-26 14:16:00,DEV-083,质检部,72.25,1.17,8.55,204.03,2270.37,正常运行
2023-09-24 22:26:00,DEV-054,生产部,59.29,1.84,8.98,196.11,1848.49,正常运行
2024-02-27 07:57:00,DEV-013,研发部,62.16,0.41,10.67,228.28,2136.05,正常运行
2023-08-24 04:24:00,DEV-076,质检部,64.38,1.76,15.0,180.0,1957.22,正常运行
2022-06-05 07:54:00,DEV-089,维修部,67.18,1.4,8.28,194.7,1996.92,正常运行
2023-04-23 10:30:00,DEV-043,研发部,57.82,2.6,14.13,221.27,2346.69,正常运行
2023-06-01 00:41:00,DEV-035,生产部,47.03,0.0,6.99,238.97,2087.2,正常运行
2022-10-03 02:57:00,DEV-013,质检部,64.38,1.22,15.0,229.26,2244.56,正常运行
2023-11-22 04:16:00,DEV-060,生产部,68.59,1.62,9.66,229.62,2120.66,正常运行
2022-01-17 16:27:00,DEV-072,质检部,97.75,4.43,11.49,236.33,2348.89,散热系统故障
2023-09-16 22:46:00,DEV-033,维修部,76.45,3.06,9.07,235.31,2902.75,传动系统异常
2024-05-07 04:08:00,DEV-010,维修部,62.88,1.06,9.97,247.7,2063.58,正常运行
2023-09-13 04:47:00,DEV-045,生产部,47.86,1.86,14.83,234.49,2360.31,正常运行
2022-09-26 16:30:00,DEV-061,维修部,66.97,1.31,6.13,224.0,2045.88,正常运行
2023-08-26 00:45:00,DEV-019,质检部,76.24,1.81,11.5,194.62,1965.92,正常运行
2024-01-31 05:07:00,DEV-028,维修部,51.06,2.66,8.6,236.57,2254.76,正常运行
2022-09-17 22:10:00,DEV-081,维修部,58.26,0.94,13.96,214.97,2345.47,正常运行
2024-09-10 05:06:00,DEV-043,研发部,88.03,2.94,2.28,218.3,1991.82,润滑系统异常
2023-03-04 22:01:00,DEV-056,生产部,53.4,1.84,9.09,228.7,2202.22,正常运行
2022-07-25 14:42:00,DEV-054,维修部,62.9,0.89,10.86,243.03,1868.61,正常运行
2023-10-28 09:26:00,DEV-044,质检部,80.0,0.99,7.44,221.28,2236.1,正常运行
2024-08-27 18:45:00,DEV-025,质检部,64.57,0.92,10.2,174.17,1812.73,电力供应故障
2024-04-10 19:48:00,DEV-009,质检部,60.82,2.55,7.29,215.45,1824.47,正常运行
2022-07-15 11:59:00,DEV-058,研发部,74.88,1.57,12.43,228.2,2271.88,正常运行
2022-11-09 20:25:00,DEV-016,生产部,69.52,0.23,14.25,208.05,2132.16,正常运行
2022-01-17 07:30:00,DEV-038,生产部,58.48,1.52,13.84,222.87,2009.29,正常运行
2023-10-26 21:25:00,DEV-081,质检部,72.96,1.13,12.64,200.07,2052.74,正常运行
2024-10-14 10:12:00,DEV-094,质检部,62.57,2.35,12.82,242.62,2224.58,正常运行
2023-10-13 21:31:00,DEV-018,维修部,46.65,1.93,8.4,172.01,1603.75,电力供应故障
2024-12-18 19:32:00,DEV-100,研发部,66.86,0.0,11.34,210.42,2330.66,正常运行
2023-03-01 15:54:00,DEV-001,质检部,96.69,1.65,2.29,213.97,2148.45,润滑系统异常
2023-11-11 13:36:00,DEV-025,质检部,89.05,1.78,2.31,223.5,1528.76,润滑系统异常
2022-07-06 07:12:00,DEV-021,研发部,56.07,2.26,8.9,194.44,1815.11,正常运行
2022-12-15 08:30:00,DEV-014,维修部,50.53,0.62,12.66,215.15,2168.2,正常运行
2024-09-25 20:14:00,DEV-082,维修部,51.83,1.01,6.96,230.52,1694.81,正常运行
2022-12-01 16:12:00,DEV-060,质检部,62.81,2.15,13.28,238.55,2374.03,正常运行
2022-08-22 00:18:00,DEV-029,维修部,69.64,1.7,12.87,226.53,2044.52,正常运行
2024-07-24 19:48:00,DEV-021,维修部,68.19,0.54,11.76,236.28,2038.68,正常运行
2023-12-28 21:50:00,DEV-082,质检部,48.17,1.9,9.5,209.69,2013.67,正常运行
2023-03-18 00:55:00,DEV-082,生产部,47.52,1.15,10.39,241.62,1712.83,正常运行
2023-12-03 14:10:00,DEV-075,质检部,45.48,1.5,8.95,194.17,2023.43,正常运行
2024-09-20 09:04:00,DEV-022,生产部,60.14,1.96,6.52,218.55,2240.87,正常运行
2022-10-20 14:40:00,DEV-095,研发部,65.65,2.83,10.35,235.63,2606.24,传动系统异常
2023-07-21 01:33:00,DEV-010,质检部,73.3,0.16,7.58,245.16,1912.97,正常运行
2024-12-14 07:51:00,DEV-002,生产部,70.13,2.21,11.33,227.21,2092.07,正常运行
2023-01-29 00:41:00,DEV-084,维修部,48.77,1.35,12.18,229.95,2195.03,正常运行
2023-06-14 12:44:00,DEV-084,生产部,41.6,2.56,8.49,210.88,1646.92,正常运行
2022-04-16 17:21:00,DEV-027,生产部,93.42,2.71,2.83,235.39,1907.63,润滑系统异常
2023-09-14 01:19:00,DEV-032,质检部,53.06,2.34,11.52,219.71,1818.43,正常运行
2022-09-02 16:40:00,DEV-026,维修部,47.48,0.51,13.25,233.91,1870.93,正常运行
2022-04-30 14:53:00,DEV-085,维修部,98.07,3.44,12.08,202.02,2278.79,散热系统故障
2023-04-17 10:39:00,DEV-037,研发部,57.74,0.66,9.8,218.76,2153.99,正常运行
2023-03-03 03:55:00,DEV-032,研发部,57.66,0.86,11.65,245.01,2154.09,正常运行
2022-12-14 12:37:00,DEV-020,生产部,103.01,4.17,12.29,198.0,2050.91,散热系统故障
2022-11-14 00:09:00,DEV-051,生产部,85.4,4.46,7.77,223.2,2104.33,散热系统故障
2023-07-27 06:25:00,DEV-024,生产部,57.43,3.65,11.02,218.25,2659.72,传动系统异常
2023-11-17 11:40:00,DEV-071,维修部,45.1,1.12,9.77,169.76,1861.19,电力供应故障
2024-11-08 02:42:00,DEV-030,质检部,89.53,4.46,12.47,218.34,1965.8,散热系统故障
2022-12-19 16:56:00,DEV-051,生产部,85.67,2.43,3.28,198.31,1617.52,润滑系统异常
2022-05-31 12:51:00,DEV-021,维修部,69.16,1.78,12.99,180.0,2417.67,正常运行
2023-07-06 23:11:00,DEV-092,维修部,70.68,1.95,8.55,207.73,2028.1,正常运行
2022-07-13 17:12:00,DEV-065,维修部,43.38,1.27,13.16,227.58,2358.3,正常运行
2024-03-21 09:11:00,DEV-084,质检部,47.01,1.21,8.25,206.98,2162.52,正常运行
2022-11-29 21:22:00,DEV-022,维修部,48.34,3.0,13.33,229.06,1739.34,正常运行
2023-09-06 01:29:00,DEV-012,研发部,62.81,0.63,8.8,168.28,1759.82,电力供应故障
2022-10-06 02:40:00,DEV-035,研发部,53.85,1.81,11.48,197.09,2036.1,正常运行
2022-05-03 05:44:00,DEV-051,生产部,86.69,1.99,2.4,197.13,2059.83,润滑系统异常
2022-03-01 01:10:00,DEV-014,质检部,54.92,0.43,5.0,239.74,1808.98,正常运行
2023-05-03 09:19:00,DEV-062,维修部,68.69,3.63,8.49,237.22,2883.7,传动系统异常
2024-05-04 05:31:00,DEV-091,生产部,60.36,2.05,12.22,206.85,2132.09,正常运行
2023-09-10 04:32:00,DEV-062,生产部,85.04,4.11,10.95,236.08,2119.84,散热系统故障
2023-07-26 23:39:00,DEV-061,质检部,86.54,1.89,3.83,209.85,1803.94,润滑系统异常
2024-08-09 21:04:00,DEV-073,维修部,62.01,2.29,11.43,233.12,2136.11,正常运行
2023-11-29 01:59:00,DEV-016,生产部,54.49,1.82,7.96,216.95,1896.31,正常运行
2023-06-13 16:19:00,DEV-059,生产部,53.44,0.67,14.43,210.67,2307.11,正常运行
2022-03-31 05:08:00,DEV-049,维修部,53.4,1.64,10.3,229.17,2248.83,正常运行
2024-09-20 13:12:00,DEV-090,维修部,51.01,0.81,11.69,222.16,1687.41,正常运行
2023-11-10 09:36:00,DEV-031,质检部,62.82,2.76,10.72,250.0,1820.41,正常运行
2024-04-18 04:22:00,DEV-051,研发部,61.82,1.82,7.78,245.98,1513.24,正常运行
2024-02-07 19:55:00,DEV-088,维修部,47.19,0.7,11.9,212.35,1778.41,正常运行
2023-02-18 00:08:00,DEV-064,生产部,86.57,1.53,2.61,231.64,1695.16,润滑系统异常
2023-03-12 14:18:00,DEV-052,质检部,65.75,0.0,10.56,223.54,1996.35,正常运行
2024-04-17 03:01:00,DEV-081,维修部,77.68,1.99,12.14,217.42,1966.07,正常运行
2024-11-16 17:39:00,DEV-070,质检部,61.42,2.84,12.63,209.0,2396.02,正常运行
2022-10-10 17:30:00,DEV-075,质检部,66.63,2.44,10.54,200.55,2079.94,正常运行
2023-10-31 20:08:00,DEV-085,生产部,48.73,1.59,9.67,232.4,1979.2,正常运行
2024-04-26 14:39:00,DEV-079,生产部,73.76,1.17,15.0,208.83,1675.59,正常运行
2024-10-22 08:55:00,DEV-009,研发部,66.23,0.5,9.92,185.96,1958.14,正常运行
2024-01-13 11:34:00,DEV-046,研发部,54.16,0.33,5.0,247.91,2025.94,正常运行
2022-07-05 13:00:00,DEV-003,生产部,77.35,0.64,10.98,218.48,1980.4,正常运行
2024-12-02 21:56:00,DEV-057,维修部,46.13,2.31,11.53,178.09,2069.87,电力供应故障
2022-11-14 03:20:00,DEV-007,维修部,60.87,2.73,14.0,231.67,2014.94,正常运行
2023-03-10 01:35:00,DEV-082,研发部,59.51,1.99,12.69,232.75,2346.13,正常运行
2024-11-29 12:42:00,DEV-074,生产部,55.11,2.59,10.94,206.64,2011.13,正常运行
2023-10-26 22:30:00,DEV-097,质检部,54.33,2.83,11.59,205.61,2706.3,传动系统异常
2023-06-30 08:09:00,DEV-075,维修部,71.17,1.65,7.81,248.36,2009.86,正常运行
2024-12-06 21:35:00,DEV-045,维修部,73.97,0.82,7.23,214.62,1835.19,正常运行
2023-08-11 19:21:00,DEV-076,生产部,47.41,0.7,7.83,225.5,1840.86,正常运行
2023-08-16 17:39:00,DEV-050,质检部,51.47,1.47,15.0,212.24,2044.76,正常运行
2024-05-18 13:43:00,DEV-072,维修部,51.07,0.39,9.7,237.09,1904.6,正常运行
2022-06-16 22:10:00,DEV-089,生产部,56.46,1.62,15.94,178.91,1525.12,电力供应故障
2023-05-25 16:29:00,DEV-008,维修部,70.97,0.81,9.44,210.31,2014.27,正常运行
2022-05-20 15:35:00,DEV-100,维修部,89.99,1.06,2.82,218.44,1567.93,润滑系统异常
2022-09-22 02:53:00,DEV-057,质检部,77.09,2.02,9.37,203.73,1637.4,正常运行
2023-03-21 16:15:00,DEV-068,质检部,62.05,2.14,15.0,238.73,2043.93,正常运行
2022-04-17 05:30:00,DEV-095,生产部,80.0,0.26,14.25,219.43,1838.29,正常运行
2024-06-26 16:22:00,DEV-082,研发部,58.2,2.25,10.65,241.16,1741.62,正常运行
2022-09-08 23:34:00,DEV-088,质检部,67.5,0.79,5.73,208.13,2067.89,正常运行
2023-02-05 22:56:00,DEV-045,维修部,49.71,1.18,10.8,240.41,2005.31,正常运行
2022-01-13 06:43:00,DEV-075,维修部,49.06,0.84,13.56,243.03,2107.75,正常运行
2023-10-30 20:07:00,DEV-018,维修部,55.68,2.99,13.6,247.24,1977.81,正常运行
2023-08-11 01:12:00,DEV-021,维修部,67.85,0.21,8.01,220.06,2008.55,正常运行
2024-02-06 17:16:00,DEV-005,研发部,66.5,0.86,8.5,246.17,2480.97,正常运行
2023-12-26 02:50:00,DEV-075,研发部,59.56,1.94,5.42,211.78,2062.37,正常运行
2023-11-29 02:17:00,DEV-011,维修部,58.28,1.36,8.8,217.68,2385.24,正常运行
2024-06-07 10:07:00,DEV-098,维修部,63.67,1.17,11.29,220.14,1967.96,正常运行
2024-10-29 03:38:00,DEV-038,生产部,52.65,0.38,5.0,219.54,1887.61,正常运行
2022-01-31 01:15:00,DEV-018,维修部,45.59,1.33,5.79,198.75,2247.02,正常运行
2023-02-23 09:11:00,DEV-071,质检部,48.24,1.62,11.77,235.05,2027.46,正常运行
2022-11-02 11:24:00,DEV-053,生产部,56.78,3.0,11.79,212.68,2164.19,正常运行
2022-12-20 23:44:00,DEV-040,研发部,53.28,0.03,14.83,207.94,2149.22,正常运行
2022-07-20 02:54:00,DEV-067,生产部,52.38,1.93,9.11,226.88,2067.54,正常运行
2023-11-29 01:13:00,DEV-015,生产部,62.35,2.09,5.0,237.12,1963.57,正常运行
2023-09-02 22:36:00,DEV-053,生产部,42.9,1.64,9.45,220.28,2069.52,正常运行
2023-12-23 19:22:00,DEV-058,维修部,49.37,0.24,8.32,203.91,1816.81,正常运行
2023-07-08 20:41:00,DEV-026,维修部,58.41,2.09,6.29,226.64,2241.19,正常运行
2024-06-23 03:22:00,DEV-100,质检部,60.1,0.64,12.1,197.48,1766.48,正常运行
2022-06-18 00:18:00,DEV-055,研发部,61.54,1.92,13.05,180.71,2126.96,正常运行
2022-08-21 05:19:00,DEV-058,生产部,55.32,1.59,7.51,224.83,1984.46,正常运行
2024-12-28 14:42:00,DEV-009,质检部,47.73,1.35,13.16,212.39,2293.89,正常运行
2022-12-30 23:19:00,DEV-025,生产部,47.51,0.69,12.26,178.67,1788.59,电力供应故障
2022-09-26 13:26:00,DEV-022,维修部,61.92,2.42,5.0,231.79,2407.67,正常运行
2024-05-05 15:19:00,DEV-018,维修部,67.43,0.76,14.97,219.02,1826.12,正常运行
2024-08-16 20:22:00,DEV-043,研发部,57.35,1.85,11.28,203.32,1765.7,正常运行
2022-03-25 05:18:00,DEV-065,生产部,71.22,2.55,9.33,202.8,1977.08,正常运行
2022-02-27 09:43:00,DEV-074,生产部,54.34,2.17,10.63,205.23,1998.81,正常运行
2023-09-27 18:30:00,DEV-001,生产部,46.6,1.11,5.54,203.12,2077.76,正常运行
2024-01-26 20:52:00,DEV-069,维修部,59.62,1.31,15.0,223.34,1983.9,正常运行
2024-08-05 11:00:00,DEV-039,研发部,60.87,1.46,10.84,214.83,2045.41,正常运行
2024-03-10 05:27:00,DEV-016,研发部,51.62,1.83,5.0,210.78,2025.83,正常运行
2022-10-30 21:21:00,DEV-014,研发部,55.96,1.42,7.03,222.44,1593.3,正常运行
2023-05-17 16:45:00,DEV-069,生产部,69.08,0.84,12.38,206.91,1871.1,正常运行
2024-02-27 06:22:00,DEV-043,生产部,66.8,3.0,10.11,247.21,1765.92,正常运行
2023-07-24 15:13:00,DEV-023,研发部,69.64,1.86,6.67,219.63,1787.36,正常运行
2023-12-27 05:06:00,DEV-053,质检部,60.89,1.24,8.18,209.26,2017.01,正常运行
2022-02-02 10:47:00,DEV-005,维修部,56.11,1.58,11.59,212.3,1904.8,正常运行
2024-05-01 23:11:00,DEV-088,质检部,50.18,1.87,10.6,211.0,2013.96,正常运行
2023-07-02 21:58:00,DEV-065,维修部,71.07,2.24,13.85,213.0,2159.15,正常运行
2022-02-04 16:31:00,DEV-091,生产部,71.21,2.07,8.82,196.19,1958.54,正常运行
2024-07-09 08:01:00,DEV-036,研发部,49.53,1.93,13.56,230.78,2199.21,正常运行
2024-01-27 12:21:00,DEV-015,维修部,96.43,1.46,3.9,221.12,1503.95,润滑系统异常
2023-07-23 10:44:00,DEV-034,质检部,68.85,0.42,11.73,184.03,1573.86,正常运行
2024-08-16 07:07:00,DEV-072,维修部,58.4,1.08,8.69,214.45,1730.55,正常运行
2022-06-11 00:47:00,DEV-046,质检部,95.53,1.83,2.8,211.49,1825.74,润滑系统异常
2024-08-20 00:26:00,DEV-095,维修部,74.28,2.16,7.08,249.75,2046.31,正常运行
2022-09-16 11:50:00,DEV-094,质检部,60.9,1.55,7.09,201.49,1783.1,正常运行
2024-03-12 21:02:00,DEV-073,维修部,58.83,0.92,8.8,248.06,2022.92,正常运行
2022-10-18 07:51:00,DEV-071,维修部,68.82,1.01,15.0,220.65,2060.39,正常运行
2022-01-12 15:15:00,DEV-036,维修部,57.39,0.47,6.38,200.8,1830.68,正常运行
2022-04-27 01:02:00,DEV-021,研发部,55.12,1.35,8.18,224.67,2093.92,正常运行
2024-03-10 09:21:00,DEV-099,质检部,46.98,1.59,15.79,177.38,1844.22,电力供应故障
2023-01-10 23:34:00,DEV-062,质检部,56.25,1.46,10.71,180.0,1838.47,正常运行
2023-03-06 01:37:00,DEV-084,维修部,60.73,0.94,6.79,232.04,2006.87,正常运行
2022-06-04 14:27:00,DEV-022,质检部,58.4,3.0,10.19,210.66,2022.07,正常运行
2022-10-04 13:04:00,DEV-097,研发部,71.14,0.15,7.84,209.52,2250.44,正常运行
2023-04-05 04:49:00,DEV-085,质检部,61.08,1.4,8.32,166.88,1513.63,电力供应故障
2023-02-05 14:29:00,DEV-086,生产部,55.74,2.14,6.54,221.53,2109.98,正常运行
2023-08-31 08:36:00,DEV-053,维修部,65.53,1.18,9.2,220.04,2315.76,正常运行
2024-11-14 07:11:00,DEV-054,生产部,43.11,1.46,8.5,175.76,1555.09,电力供应故障
2024-12-22 03:51:00,DEV-062,研发部,65.6,0.59,11.02,236.98,2030.83,正常运行
2023-12-02 12:46:00,DEV-033,研发部,58.82,3.0,10.86,207.26,2293.08,正常运行
2022-05-02 18:54:00,DEV-086,质检部,80.0,2.02,14.7,215.53,2432.73,正常运行
2022-12-29 12:24:00,DEV-055,维修部,80.0,2.25,11.27,226.08,2143.0,正常运行
2022-06-14 04:52:00,DEV-036,生产部,55.5,1.64,15.0,240.39,1838.61,正常运行
2022-06-17 06:21:00,DEV-029,质检部,61.37,1.77,7.67,215.19,1906.09,正常运行
2024-06-02 05:17:00,DEV-024,生产部,67.28,2.15,6.69,205.69,2274.37,正常运行
2023-01-16 11:06:00,DEV-073,质检部,51.41,2.04,9.09,229.31,1500.0,正常运行
2022-04-06 01:11:00,DEV-028,生产部,57.29,1.13,13.63,219.74,2334.79,正常运行
2024-05-04 23:47:00,DEV-022,维修部,51.59,2.07,9.7,248.51,2068.17,正常运行
2024-08-10 05:00:00,DEV-083,研发部,58.5,0.6,11.69,231.04,1760.05,正常运行
2024-05-07 11:27:00,DEV-002,质检部,43.47,1.83,9.02,206.23,1500.0,正常运行
2024-12-08 05:24:00,DEV-082,质检部,69.99,1.53,15.27,166.37,1931.67,电力供应故障
2024-09-07 22:32:00,DEV-099,质检部,60.42,1.39,9.63,231.11,1909.51,正常运行
2022-02-24 04:34:00,DEV-082,研发部,74.77,3.77,13.3,197.89,2610.17,传动系统异常
2024-07-07 12:46:00,DEV-008,生产部,45.88,1.58,14.67,242.48,2146.94,正常运行
2023-08-05 19:04:00,DEV-060,维修部,54.94,0.78,12.55,207.87,1996.5,正常运行
2024-01-09 05:05:00,DEV-078,维修部,38.61,1.38,13.98,250.0,1927.39,正常运行
2023-06-27 19:01:00,DEV-052,生产部,80.0,1.39,10.63,228.9,2012.27,正常运行
2022-07-19 01:36:00,DEV-085,生产部,98.34,3.72,9.79,207.09,1874.89,散热系统故障
2022-04-22 19:12:00,DEV-021,维修部,67.53,2.43,9.26,229.34,2164.67,正常运行
2023-04-20 15:36:00,DEV-072,研发部,70.96,2.03,12.92,233.32,1814.66,正常运行
2022-05-12 11:58:00,DEV-014,生产部,79.6,1.22,12.71,223.26,2181.57,正常运行
2023-03-07 20:00:00,DEV-006,维修部,47.72,1.54,11.81,217.92,1810.63,正常运行
2022-02-19 15:47:00,DEV-039,生产部,58.74,2.03,10.7,215.56,2018.12,正常运行
2023-12-09 09:26:00,DEV-015,研发部,46.46,0.63,15.11,183.28,1910.74,电力供应故障
2022-10-26 08:06:00,DEV-075,质检部,76.8,2.67,13.28,227.84,1910.28,正常运行
2024-02-22 00:12:00,DEV-017,生产部,92.11,2.11,3.99,237.58,1690.18,润滑系统异常
2024-04-12 20:39:00,DEV-038,维修部,73.76,0.21,11.22,222.46,1939.42,正常运行
2022-09-25 20:51:00,DEV-059,研发部,57.63,1.51,6.51,203.95,2090.18,正常运行
2023-10-20 22:53:00,DEV-003,维修部,72.53,1.14,7.92,190.47,2020.69,正常运行
2023-03-19 01:08:00,DEV-085,质检部,74.6,0.12,8.2,223.43,2360.43,正常运行
2023-10-14 18:59:00,DEV-073,生产部,87.22,4.26,13.73,225.63,2093.35,散热系统故障
2022-07-24 18:03:00,DEV-091,质检部,72.74,0.0,8.79,180.0,1833.74,正常运行
2024-12-21 00:58:00,DEV-074,生产部,99.18,2.46,2.67,219.53,1877.29,润滑系统异常
2023-08-19 19:58:00,DEV-012,维修部,59.0,2.1,6.44,222.72,2242.99,正常运行
2023-03-25 16:39:00,DEV-050,维修部,55.5,2.0,6.8,217.86,2024.06,正常运行
2024-09-03 23:19:00,DEV-009,维修部,67.61,1.71,15.0,214.57,2056.02,正常运行
2024-07-08 02:48:00,DEV-041,维修部,56.45,1.86,9.76,186.75,2277.91,正常运行
2023-07-29 03:36:00,DEV-087,生产部,59.38,1.47,11.51,212.79,2219.34,正常运行
2022-08-12 18:54:00,DEV-064,研发部,52.35,1.51,5.0,197.35,1977.8,正常运行
2024-09-08 22:18:00,DEV-087,质检部,50.94,1.43,7.93,219.05,1727.56,正常运行
2023-12-12 11:58:00,DEV-006,生产部,91.72,4.27,9.09,216.79,2254.26,散热系统故障
2023-03-22 17:51:00,DEV-056,生产部,59.16,1.36,11.79,224.17,1930.84,正常运行
2024-12-11 18:21:00,DEV-027,生产部,40.06,1.77,13.99,166.22,1825.25,电力供应故障
2024-09-13 04:44:00,DEV-062,研发部,48.41,1.78,12.71,214.19,2142.5,正常运行
2023-01-17 07:32:00,DEV-099,研发部,47.15,3.0,9.77,234.05,1905.8,正常运行
2022-08-17 06:23:00,DEV-058,研发部,60.9,1.29,11.46,193.92,1821.21,正常运行
2023-11-17 16:43:00,DEV-074,生产部,98.69,2.69,3.19,226.7,1573.78,润滑系统异常
2022-06-16 11:32:00,DEV-047,生产部,75.11,2.48,5.0,202.36,1876.85,正常运行
2023-11-28 14:53:00,DEV-035,维修部,56.42,1.86,7.74,222.92,2251.87,正常运行
2022-05-19 22:19:00,DEV-081,生产部,57.84,0.62,9.08,242.55,1935.41,正常运行
2024-02-10 13:53:00,DEV-029,质检部,44.26,0.85,10.93,223.14,2118.98,正常运行
2024-08-27 09:52:00,DEV-074,维修部,64.24,1.05,11.24,223.76,2101.93,正常运行
2022-03-23 05:53:00,DEV-055,生产部,56.38,1.02,5.0,221.24,1994.95,正常运行
2023-01-25 22:04:00,DEV-061,质检部,42.07,0.78,13.04,235.04,1860.76,正常运行
2024-12-10 07:02:00,DEV-033,研发部,38.94,1.54,8.87,214.6,2321.61,正常运行
2023-07-18 23:40:00,DEV-023,研发部,57.38,1.61,11.72,223.69,1971.54,正常运行
2022-03-29 15:46:00,DEV-068,研发部,57.32,1.59,5.0,224.85,1844.3,正常运行
2024-04-27 13:56:00,DEV-058,维修部,57.64,2.64,10.21,213.56,2722.76,传动系统异常
2022-07-23 09:53:00,DEV-049,质检部,45.18,1.86,14.29,211.59,1788.68,正常运行
2023-08-20 10:38:00,DEV-009,质检部,56.2,0.78,12.43,221.75,1742.88,正常运行
2024-12-07 23:07:00,DEV-071,质检部,103.06,3.74,11.43,197.29,1980.46,散热系统故障
2022-10-02 17:15:00,DEV-021,维修部,69.02,1.05,8.42,216.97,2330.55,正常运行
2022-12-26 18:29:00,DEV-004,研发部,65.06,0.68,9.71,222.23,1864.11,正常运行
2024-07-14 22:01:00,DEV-077,维修部,57.61,1.4,9.91,213.45,1992.24,正常运行
2024-06-13 11:22:00,DEV-056,质检部,53.63,1.96,13.08,218.26,1928.78,正常运行
2023-10-09 20:08:00,DEV-018,研发部,69.5,1.68,7.7,222.14,1993.07,正常运行
2022-05-29 03:11:00,DEV-099,质检部,52.43,0.81,7.36,234.43,1989.43,正常运行
2022-02-28 09:06:00,DEV-100,质检部,50.4,1.32,9.4,201.45,1916.03,正常运行
2024-12-08 14:18:00,DEV-070,生产部,48.51,3.0,5.69,224.26,2030.05,正常运行
2023-12-02 08:51:00,DEV-012,生产部,52.28,1.96,10.98,222.92,1929.37,正常运行
2023-09-19 15:38:00,DEV-039,维修部,43.75,1.57,8.76,242.53,2282.27,正常运行
2024-04-29 01:09:00,DEV-080,维修部,60.52,1.89,6.14,219.44,2027.63,正常运行
2022-04-11 00:24:00,DEV-008,维修部,59.78,0.89,12.91,229.88,1500.1,正常运行
2022-02-05 19:51:00,DEV-086,研发部,59.15,0.43,7.57,248.53,1895.59,正常运行
2022-08-15 02:53:00,DEV-045,质检部,58.22,2.85,8.87,238.24,2706.49,传动系统异常
2023-06-09 06:56:00,DEV-036,维修部,55.51,2.22,8.19,224.57,2051.44,正常运行
2023-04-29 15:14:00,DEV-067,质检部,58.79,1.35,12.14,237.65,1954.47,正常运行
2022-03-24 00:09:00,DEV-024,维修部,46.74,0.39,14.62,221.04,2144.52,正常运行
2023-01-24 09:51:00,DEV-053,维修部,77.34,1.81,10.32,216.25,2058.43,正常运行
2022-10-28 02:25:00,DEV-035,研发部,62.21,1.02,6.61,219.46,2026.72,正常运行
2024-05-13 17:19:00,DEV-012,生产部,59.08,0.72,10.07,213.57,2161.55,正常运行
2023-05-17 04:35:00,DEV-043,质检部,58.45,0.33,11.69,229.09,2259.33,正常运行
2022-08-19 08:52:00,DEV-036,研发部,69.17,1.15,7.57,196.81,2084.11,正常运行
2024-10-26 06:33:00,DEV-008,质检部,42.19,0.89,13.88,164.87,1909.05,电力供应故障
2022-04-11 23:11:00,DEV-045,研发部,64.94,1.52,7.34,230.34,2062.92,正常运行
2024-11-17 03:15:00,DEV-083,质检部,53.51,2.23,7.99,226.53,1938.91,正常运行
2024-10-29 08:59:00,DEV-058,研发部,65.43,1.37,8.34,250.0,1847.38,正常运行
2023-09-01 06:44:00,DEV-089,维修部,71.58,1.26,8.23,178.33,2054.18,电力供应故障
2022-08-20 08:15:00,DEV-076,研发部,55.55,2.83,12.89,190.3,2650.87,传动系统异常
2023-05-21 05:49:00,DEV-013,生产部,57.81,0.19,9.22,238.17,1898.91,正常运行
2024-06-20 13:16:00,DEV-099,维修部,78.69,3.0,12.16,212.28,1999.35,正常运行
2022-01-04 08:24:00,DEV-059,生产部,72.19,0.64,9.01,234.97,2107.16,正常运行
2023-02-22 13:07:00,DEV-078,维修部,61.21,0.92,14.54,230.44,1848.12,正常运行
2023-02-11 18:46:00,DEV-075,研发部,91.28,3.18,9.64,217.6,1947.81,散热系统故障
2024-07-08 18:09:00,DEV-083,研发部,39.35,1.52,5.0,215.2,2328.68,正常运行
2022-11-27 10:23:00,DEV-082,研发部,64.97,1.39,11.94,242.85,1953.17,正常运行
2023-11-05 06:50:00,DEV-050,维修部,57.19,0.0,12.78,209.39,2191.96,正常运行
2023-10-21 01:09:00,DEV-080,质检部,62.12,0.39,5.2,201.74,2031.89,正常运行
2024-04-20 02:59:00,DEV-026,研发部,61.67,2.44,11.21,205.5,1840.79,正常运行
2023-05-19 13:02:00,DEV-067,生产部,45.22,0.59,9.19,233.39,1634.51,正常运行
2024-04-27 02:44:00,DEV-066,维修部,70.8,0.0,13.19,201.57,2042.55,正常运行
2022-04-11 06:06:00,DEV-100,研发部,64.27,0.05,13.54,246.6,2002.26,正常运行
2022-02-18 13:45:00,DEV-010,质检部,53.31,2.09,8.09,232.13,1974.08,正常运行
2024-09-23 09:31:00,DEV-067,生产部,49.43,1.48,13.74,172.92,1505.35,电力供应故障
2022-06-29 05:35:00,DEV-045,研发部,67.46,3.79,11.32,198.28,2725.9,传动系统异常
2023-09-20 21:20:00,DEV-057,研发部,48.94,1.62,10.23,235.28,2058.23,正常运行
2023-06-28 16:50:00,DEV-074,研发部,79.48,3.04,6.86,210.17,2788.32,传动系统异常
2024-10-03 10:48:00,DEV-010,质检部,36.08,0.73,8.71,220.74,1967.73,正常运行
2024-06-16 13:12:00,DEV-032,研发部,62.25,2.58,7.69,214.34,2500.0,正常运行
2023-12-19 15:56:00,DEV-094,生产部,50.47,1.12,8.78,161.34,1906.59,电力供应故障
2024-02-08 04:05:00,DEV-001,生产部,57.42,0.56,12.2,192.41,1981.56,正常运行
2024-08-10 14:12:00,DEV-079,生产部,63.57,2.3,12.27,231.39,1954.35,正常运行
2022-03-02 00:29:00,DEV-090,生产部,49.18,2.74,5.0,250.0,2106.4,正常运行
2024-10-13 14:51:00,DEV-042,研发部,60.77,1.57,11.3,240.91,2177.33,正常运行
2024-03-21 17:22:00,DEV-010,质检部,52.62,0.0,12.09,244.69,2111.61,正常运行
2022-06-04 18:56:00,DEV-023,生产部,65.24,1.6,10.74,223.18,1604.48,正常运行
2024-02-20 16:22:00,DEV-024,研发部,90.71,1.9,2.8,216.26,1823.05,润滑系统异常
2022-11-19 11:28:00,DEV-030,维修部,58.78,3.42,6.37,218.08,2622.44,传动系统异常
2022-05-14 15:31:00,DEV-082,维修部,90.99,3.94,11.54,209.92,1819.7,散热系统故障
2023-12-13 10:46:00,DEV-050,研发部,44.64,1.96,9.45,213.68,2142.52,正常运行
2022-06-07 23:26:00,DEV-032,研发部,90.47,2.97,3.5,213.98,2115.49,润滑系统异常
2022-06-24 08:33:00,DEV-044,维修部,54.49,1.15,8.99,223.47,2219.57,正常运行
2023-10-22 17:24:00,DEV-021,研发部,68.69,0.66,5.0,235.82,2171.22,正常运行
2024-02-23 20:18:00,DEV-074,研发部,52.99,1.96,7.42,198.75,1666.33,正常运行
2024-06-25 09:32:00,DEV-002,质检部,66.21,1.26,14.72,227.25,1735.32,正常运行
2022-05-28 15:02:00,DEV-036,维修部,64.27,1.18,10.93,241.36,2282.75,正常运行
2024-09-18 04:21:00,DEV-024,研发部,49.67,0.0,12.54,225.78,1757.8,正常运行
2022-02-27 13:30:00,DEV-046,生产部,69.78,0.74,8.4,206.13,1956.39,正常运行
2024-06-27 11:36:00,DEV-018,维修部,60.07,1.5,10.1,212.31,1911.3,正常运行
2022-01-21 05:10:00,DEV-077,生产部,53.82,3.01,8.55,225.5,2671.45,传动系统异常
2022-09-14 15:38:00,DEV-061,生产部,57.08,1.29,11.0,217.04,2059.9,正常运行
2022-06-14 14:25:00,DEV-062,质检部,48.34,0.87,15.0,228.59,2104.47,正常运行
2022-05-12 22:06:00,DEV-090,维修部,58.63,2.26,14.84,239.72,2327.99,正常运行
2024-10-01 12:55:00,DEV-055,研发部,59.9,0.98,6.93,201.97,2020.65,正常运行
2024-01-20 04:16:00,DEV-075,研发部,52.89,1.87,7.84,244.91,1970.63,正常运行
2024-02-25 05:53:00,DEV-094,质检部,62.84,0.88,12.64,210.82,2151.3,正常运行
2024-10-12 09:28:00,DEV-001,质检部,76.12,1.24,8.8,250.0,1750.25,正常运行
2024-01-07 13:13:00,DEV-010,研发部,61.05,1.35,10.19,210.21,2112.52,正常运行
2022-09-27 04:34:00,DEV-016,研发部,58.74,3.96,13.57,226.66,2973.5,传动系统异常
2024-06-08 19:35:00,DEV-021,质检部,47.3,0.62,11.98,231.98,2035.11,正常运行
2024-09-21 20:54:00,DEV-098,维修部,46.91,2.23,11.22,218.95,1840.5,正常运行
2023-10-13 13:46:00,DEV-062,生产部,59.38,3.88,14.69,214.84,2716.08,传动系统异常
2023-09-20 16:34:00,DEV-016,研发部,63.0,1.54,9.69,200.18,2071.95,正常运行
2024-12-05 22:53:00,DEV-050,维修部,55.17,1.48,7.85,219.33,1532.81,正常运行
2024-12-02 03:59:00,DEV-064,研发部,51.33,1.57,13.47,186.17,2185.38,正常运行
2022-06-05 18:26:00,DEV-024,维修部,74.27,1.24,10.81,212.22,2343.67,正常运行
2023-04-28 12:46:00,DEV-030,维修部,49.37,0.8,6.22,207.02,2012.22,正常运行
2023-10-02 23:05:00,DEV-027,生产部,68.81,1.18,10.2,213.78,2083.61,正常运行
2023-06-04 04:15:00,DEV-073,维修部,68.59,2.56,7.05,204.3,2281.43,正常运行
2022-05-19 23:48:00,DEV-010,研发部,45.66,0.65,8.7,243.47,1950.65,正常运行
2023-08-03 12:16:00,DEV-006,研发部,46.31,1.02,8.35,244.44,1940.72,正常运行
2023-03-29 05:09:00,DEV-081,生产部,65.85,0.37,6.1,232.77,2300.11,正常运行
2023-11-04 13:37:00,DEV-014,维修部,62.08,1.18,6.89,208.23,2241.66,正常运行
2023-04-26 03:45:00,DEV-034,质检部,49.88,1.26,5.0,214.58,1987.16,正常运行
2022-07-24 05:25:00,DEV-003,研发部,64.13,1.85,10.94,220.99,1500.0,正常运行
2023-03-10 02:01:00,DEV-021,维修部,63.91,3.02,11.67,237.24,2965.6,传动系统异常
2024-11-25 20:17:00,DEV-002,研发部,66.24,0.55,11.33,222.63,1969.61,正常运行
2022-07-01 13:12:00,DEV-088,质检部,70.32,0.37,11.33,232.76,2178.37,正常运行
2023-09-24 05:54:00,DEV-009,生产部,55.29,0.99,15.0,207.16,2007.11,正常运行
2022-02-27 07:55:00,DEV-069,维修部,64.29,1.68,5.7,248.94,1979.45,正常运行
2024-04-08 19:35:00,DEV-087,生产部,56.96,3.0,11.4,244.53,1861.21,正常运行
2022-01-07 02:50:00,DEV-044,维修部,72.03,0.45,10.03,231.01,2185.87,正常运行
2022-06-22 22:04:00,DEV-021,质检部,62.02,2.81,7.8,247.27,2155.03,正常运行
2022-04-14 21:00:00,DEV-036,质检部,45.98,1.8,5.0,193.52,1720.39,正常运行
2023-05-09 17:20:00,DEV-097,研发部,62.14,1.1,12.39,195.61,1900.83,正常运行
2024-09-21 11:59:00,DEV-018,维修部,66.82,2.59,5.0,240.22,2259.48,正常运行
2022-01-27 04:06:00,DEV-088,维修部,44.93,2.29,9.48,201.3,1834.7,正常运行
2024-01-04 03:46:00,DEV-021,研发部,54.97,0.0,14.11,249.01,1970.48,正常运行
2024-01-29 22:26:00,DEV-076,生产部,68.63,1.75,14.8,223.04,2146.45,正常运行
2024-12-08 18:15:00,DEV-011,研发部,86.29,3.63,11.39,196.67,2028.07,散热系统故障
2022-07-11 06:11:00,DEV-010,研发部,63.04,1.36,9.02,220.86,2056.97,正常运行
2023-11-07 18:12:00,DEV-017,维修部,89.33,1.47,1.44,208.2,1976.62,润滑系统异常
2024-12-28 08:36:00,DEV-072,生产部,63.81,2.02,12.68,249.38,1882.84,正常运行
2022-02-09 07:07:00,DEV-091,质检部,58.13,0.76,8.38,224.68,1910.08,正常运行
2023-01-11 11:47:00,DEV-041,维修部,50.31,3.46,12.89,228.83,2911.83,传动系统异常
2024-01-16 08:22:00,DEV-072,质检部,75.33,2.3,10.41,250.0,1874.33,正常运行
2024-11-11 15:28:00,DEV-022,维修部,52.07,1.85,8.5,222.36,1757.26,正常运行
2024-03-26 19:44:00,DEV-092,维修部,45.59,2.27,13.38,190.79,2195.69,正常运行
2022-12-24 06:59:00,DEV-090,研发部,56.91,1.52,11.75,192.92,2200.19,正常运行
2022-11-10 07:20:00,DEV-071,质检部,76.07,2.7,6.07,192.08,1982.05,正常运行
2024-12-10 09:16:00,DEV-018,生产部,86.29,2.72,2.86,237.82,1513.83,润滑系统异常
2024-01-12 16:39:00,DEV-034,研发部,96.48,4.47,9.63,236.88,2440.05,散热系统故障
2023-02-24 21:23:00,DEV-055,研发部,74.79,0.66,10.95,222.33,2070.22,正常运行
2024-03-01 17:31:00,DEV-007,质检部,69.43,2.19,15.0,241.32,1966.85,正常运行
2022-04-14 14:43:00,DEV-036,维修部,69.28,0.8,10.14,207.32,2026.96,正常运行
2023-11-03 13:51:00,DEV-040,质检部,56.76,2.14,5.0,204.17,1535.67,正常运行
2022-07-10 13:08:00,DEV-068,维修部,67.54,0.83,12.02,225.21,1815.7,正常运行
2022-11-05 19:41:00,DEV-083,研发部,75.62,0.09,10.93,180.0,1942.1,正常运行
2022-08-16 16:08:00,DEV-036,维修部,72.62,2.26,11.24,228.63,1667.35,正常运行
2024-12-04 21:58:00,DEV-033,研发部,67.31,2.29,5.95,230.05,2135.39,正常运行
2023-03-19 07:55:00,DEV-075,维修部,54.16,1.27,6.79,225.2,2074.88,正常运行
2023-10-28 23:21:00,DEV-010,质检部,61.77,2.37,5.57,226.85,1949.89,正常运行
2022-02-24 03:06:00,DEV-014,生产部,72.12,1.28,7.11,250.0,2034.9,正常运行
2023-10-19 04:14:00,DEV-057,生产部,103.33,4.27,12.38,239.34,2288.0,散热系统故障
2023-05-23 19:08:00,DEV-024,维修部,65.72,2.02,9.65,202.65,1863.59,正常运行
2022-10-04 20:27:00,DEV-049,生产部,79.19,3.35,9.98,199.37,2853.52,传动系统异常
2023-12-01 23:49:00,DEV-043,研发部,46.9,1.89,14.44,231.38,2166.59,正常运行
2023-06-03 14:29:00,DEV-049,生产部,91.63,1.95,2.87,219.17,1761.98,润滑系统异常
2023-04-20 09:24:00,DEV-014,研发部,54.18,3.57,9.02,215.59,2904.96,传动系统异常
2023-01-30 04:43:00,DEV-099,维修部,51.19,2.98,9.01,213.91,2817.48,传动系统异常
2023-12-12 22:20:00,DEV-056,研发部,59.72,0.74,11.11,221.82,2099.32,正常运行
2023-03-26 02:40:00,DEV-100,研发部,54.79,0.71,5.0,242.62,1799.95,正常运行
2023-10-14 15:52:00,DEV-083,维修部,67.98,1.32,13.03,207.63,1998.19,正常运行
2022-10-10 15:05:00,DEV-091,生产部,68.9,1.96,11.5,220.75,2001.41,正常运行
2022-02-08 16:11:00,DEV-004,研发部,63.15,1.37,9.86,250.0,1757.51,正常运行
2024-08-28 03:41:00,DEV-093,生产部,60.0,2.82,8.66,202.79,2191.63,正常运行
2024-02-20 10:20:00,DEV-034,生产部,75.19,1.79,10.51,241.92,1825.57,正常运行
2024-02-24 04:38:00,DEV-053,生产部,61.49,1.23,8.16,215.46,1922.36,正常运行
2022-02-05 08:39:00,DEV-050,研发部,61.65,1.31,12.28,183.85,1579.25,电力供应故障
2024-05-15 11:18:00,DEV-008,维修部,44.42,1.18,11.5,227.99,1782.44,正常运行
2024-06-20 12:10:00,DEV-057,生产部,50.72,1.95,7.57,193.96,1959.64,正常运行
2024-12-22 04:51:00,DEV-035,生产部,61.7,1.03,8.48,234.26,2085.07,正常运行
2024-11-02 01:59:00,DEV-074,维修部,87.1,4.19,8.02,192.93,2080.86,散热系统故障
2024-01-01 23:16:00,DEV-019,研发部,65.1,1.76,7.2,225.94,2395.74,正常运行
2022-06-24 05:01:00,DEV-018,质检部,61.06,2.04,10.39,214.26,2168.15,正常运行
2023-02-14 18:33:00,DEV-065,质检部,76.03,3.31,13.86,225.1,2883.36,传动系统异常
2023-05-10 06:54:00,DEV-026,质检部,62.02,0.63,15.0,229.93,2007.61,正常运行
2022-04-14 21:56:00,DEV-089,生产部,64.94,1.08,11.69,230.65,2171.02,正常运行
2024-11-13 02:21:00,DEV-012,生产部,50.37,1.52,7.16,218.97,1930.03,正常运行
2022-02-08 09:41:00,DEV-100,研发部,67.28,1.79,15.51,184.56,2162.82,电力供应故障
2024-08-05 12:03:00,DEV-034,研发部,67.58,3.0,12.48,203.37,1874.22,正常运行
2022-12-14 17:19:00,DEV-029,生产部,80.0,0.0,5.36,239.86,2315.12,正常运行
2022-06-01 09:44:00,DEV-017,质检部,59.55,2.03,7.58,235.05,2024.36,正常运行
2022-04-16 15:38:00,DEV-007,研发部,46.92,1.22,10.13,192.46,2277.73,正常运行
2022-12-18 00:04:00,DEV-013,生产部,74.15,0.8,9.66,213.21,1766.43,正常运行
2022-10-27 18:46:00,DEV-010,质检部,66.65,2.12,8.9,212.79,1681.16,正常运行
2022-05-11 13:43:00,DEV-062,研发部,43.9,2.1,6.75,214.92,2293.29,正常运行
2023-08-31 01:21:00,DEV-046,维修部,73.01,1.08,7.93,193.06,2114.26,正常运行
2022-12-31 20:32:00,DEV-011,质检部,52.6,2.19,10.45,224.48,1843.48,正常运行
2022-10-03 17:37:00,DEV-079,研发部,63.15,0.97,9.47,210.11,1859.03,正常运行
2022-01-22 19:49:00,DEV-085,生产部,68.96,0.8,9.76,220.12,2015.64,正常运行
2024-06-09 01:08:00,DEV-081,维修部,60.07,2.14,6.36,243.71,1886.67,正常运行
2024-06-18 08:20:00,DEV-098,质检部,95.8,2.32,3.3,218.75,1682.55,润滑系统异常
2024-04-06 16:12:00,DEV-088,维修部,74.0,1.14,11.02,219.79,2274.48,正常运行
2022-04-09 10:10:00,DEV-042,研发部,66.54,2.19,6.78,239.24,1908.0,正常运行
2022-09-10 09:24:00,DEV-099,研发部,63.92,1.13,8.99,229.01,1604.97,正常运行
2024-02-09 12:51:00,DEV-096,研发部,60.33,2.62,6.86,214.05,1966.21,正常运行
2024-07-08 14:25:00,DEV-098,维修部,91.83,3.14,7.76,201.19,2454.76,散热系统故障
2023-02-18 20:59:00,DEV-062,生产部,77.65,3.0,10.27,231.82,1643.87,正常运行
2022-02-27 08:18:00,DEV-033,质检部,61.26,0.88,11.06,183.92,1701.72,电力供应故障
2022-02-05 09:48:00,DEV-010,质检部,70.06,0.79,9.75,214.97,1917.7,正常运行
2023-12-12 12:26:00,DEV-046,质检部,67.48,2.62,9.2,220.44,1940.83,正常运行
2022-12-20 07:15:00,DEV-099,维修部,47.9,2.18,10.38,198.49,1969.65,正常运行
2024-10-05 11:20:00,DEV-015,质检部,58.08,1.55,5.0,225.19,2051.9,正常运行
2024-09-24 02:57:00,DEV-067,维修部,56.36,0.69,8.9,232.29,2022.92,正常运行
2024-03-20 04:10:00,DEV-053,质检部,50.34,1.07,8.6,197.76,1836.46,正常运行
2024-06-11 15:19:00,DEV-057,质检部,66.6,0.0,9.94,224.4,2049.88,正常运行
2022-03-31 23:31:00,DEV-012,维修部,70.33,1.3,9.53,228.84,1674.3,正常运行
2022-08-17 10:21:00,DEV-006,生产部,57.57,1.72,9.49,176.39,1819.62,电力供应故障
2022-02-08 12:44:00,DEV-053,生产部,92.66,1.25,3.53,217.45,2091.22,润滑系统异常
2022-02-28 12:40:00,DEV-064,质检部,51.47,1.81,7.3,216.84,2104.03,正常运行
2024-08-11 04:10:00,DEV-049,质检部,104.35,3.15,13.22,212.26,1851.62,散热系统故障
2022-05-10 18:50:00,DEV-034,维修部,57.3,0.72,8.67,225.66,2151.4,正常运行
2023-03-12 07:33:00,DEV-033,维修部,70.61,1.55,11.62,190.22,2261.18,正常运行
2022-03-28 00:18:00,DEV-026,维修部,88.36,2.54,2.37,195.37,1691.28,润滑系统异常
2022-11-15 08:05:00,DEV-056,生产部,44.16,2.64,10.48,214.06,1924.4,正常运行
2024-01-05 09:56:00,DEV-034,研发部,48.34,1.51,5.72,231.72,1830.67,正常运行
2022-09-20 20:17:00,DEV-071,维修部,46.74,2.1,8.36,222.45,1913.03,正常运行
2024-01-08 18:25:00,DEV-014,研发部,60.92,1.67,13.64,248.61,1946.48,正常运行
2022-11-29 19:46:00,DEV-068,研发部,99.64,3.66,6.64,221.12,1836.32,散热系统故障
2022-01-19 21:04:00,DEV-060,维修部,72.18,0.81,7.94,217.73,1859.27,正常运行
2024-11-16 12:56:00,DEV-085,生产部,78.31,3.74,11.85,232.23,2840.22,传动系统异常
2023-01-08 19:45:00,DEV-065,维修部,47.83,1.11,5.81,218.57,2078.08,正常运行
2023-04-15 09:57:00,DEV-071,维修部,65.76,1.35,5.0,203.94,1719.43,正常运行
2023-03-18 19:11:00,DEV-020,生产部,45.85,1.16,8.97,207.97,1967.74,正常运行
2023-04-06 09:20:00,DEV-080,维修部,72.13,0.5,11.09,227.79,1975.74,正常运行
2023-11-21 11:39:00,DEV-010,维修部,57.43,0.78,12.37,202.88,1958.31,正常运行
2022-05-23 09:25:00,DEV-018,维修部,73.77,1.65,10.88,225.6,1947.48,正常运行
2023-02-14 21:39:00,DEV-034,生产部,43.41,2.75,9.85,201.3,1771.6,正常运行
2022-10-01 17:45:00,DEV-052,研发部,50.05,0.99,12.99,215.85,1994.92,正常运行
2022-07-23 20:13:00,DEV-056,研发部,59.22,1.35,12.73,212.74,1743.06,正常运行
2024-08-13 18:46:00,DEV-080,生产部,49.52,0.98,6.95,201.34,2332.86,正常运行
2022-08-31 00:47:00,DEV-054,生产部,48.85,1.47,8.7,237.37,1903.24,正常运行
2023-11-21 15:05:00,DEV-074,质检部,43.0,1.29,12.81,216.94,2089.11,正常运行
2022-10-28 19:02:00,DEV-097,生产部,80.0,1.3,8.98,216.29,1919.84,正常运行
2022-02-07 00:13:00,DEV-056,生产部,74.28,1.88,14.57,213.71,1732.89,正常运行
2022-06-03 01:58:00,DEV-095,生产部,72.12,0.82,7.37,207.45,2063.77,正常运行
2022-10-01 11:53:00,DEV-052,生产部,64.77,1.67,7.63,198.42,1746.02,正常运行
2024-12-14 17:40:00,DEV-044,质检部,59.06,0.87,10.61,207.6,1804.2,正常运行
2023-04-29 02:51:00,DEV-039,质检部,50.03,1.64,12.73,201.48,2019.92,正常运行
2022-05-21 00:04:00,DEV-008,维修部,68.03,1.2,10.64,206.23,2346.23,正常运行
2022-04-19 01:20:00,DEV-030,质检部,71.85,1.9,5.0,207.15,1774.79,正常运行
2022-07-08 21:49:00,DEV-022,研发部,39.99,1.38,7.91,199.97,2086.73,正常运行
2024-11-08 01:58:00,DEV-001,质检部,72.67,0.92,13.2,210.16,2153.52,正常运行
2024-04-10 03:00:00,DEV-001,研发部,57.45,2.7,5.0,236.37,2249.22,正常运行
2024-02-24 08:43:00,DEV-027,研发部,48.45,0.8,12.29,249.59,2276.49,正常运行
2024-06-25 05:26:00,DEV-094,质检部,74.95,1.67,9.37,232.65,1820.13,正常运行
2023-09-22 04:41:00,DEV-089,生产部,74.49,2.35,5.0,198.99,2002.87,正常运行
2023-05-10 08:17:00,DEV-060,质检部,48.57,0.66,5.0,216.59,1971.65,正常运行
2022-04-21 06:10:00,DEV-054,质检部,57.26,1.55,8.06,230.47,2078.7,正常运行
2023-11-06 09:13:00,DEV-084,生产部,59.07,0.92,12.27,215.89,1928.99,正常运行
2024-05-29 14:46:00,DEV-045,维修部,73.8,2.78,8.93,250.0,2391.05,正常运行
2023-04-11 22:45:00,DEV-015,质检部,46.25,0.42,15.0,232.9,1881.26,正常运行
2024-06-22 09:11:00,DEV-031,生产部,51.57,2.17,7.65,217.6,1828.28,正常运行
2024-09-15 15:21:00,DEV-096,研发部,46.81,1.14,6.78,241.39,1919.31,正常运行
2024-05-19 06:32:00,DEV-090,维修部,56.49,0.38,5.44,226.76,2201.35,正常运行
2024-04-26 01:44:00,DEV-039,生产部,62.31,0.32,13.17,212.02,1922.29,正常运行
2024-05-29 15:23:00,DEV-071,研发部,55.7,0.94,12.6,200.41,2191.85,正常运行
2024-05-06 15:11:00,DEV-022,生产部,62.73,2.32,13.87,224.61,2058.35,正常运行
2023-12-25 15:18:00,DEV-099,生产部,59.08,1.24,8.97,188.93,2198.67,正常运行
2024-12-27 09:10:00,DEV-052,维修部,63.34,0.41,14.57,238.84,1986.62,正常运行
2022-05-20 16:05:00,DEV-079,维修部,79.35,1.56,8.08,204.96,1779.64,正常运行
2024-12-25 03:24:00,DEV-013,研发部,87.13,3.84,12.47,196.41,1869.67,散热系统故障
2024-08-24 20:52:00,DEV-092,维修部,66.72,0.13,11.89,186.37,1944.82,正常运行
2024-03-17 23:45:00,DEV-012,生产部,57.5,0.74,9.17,228.45,1693.49,正常运行
2023-06-06 06:59:00,DEV-098,研发部,57.35,0.48,8.16,233.69,2136.03,正常运行
2023-09-17 12:17:00,DEV-069,质检部,57.96,0.04,8.7,244.91,1919.94,正常运行
2024-09-15 11:33:00,DEV-071,生产部,50.46,1.59,10.39,214.39,1832.94,正常运行
2024-04-25 14:49:00,DEV-067,维修部,69.35,3.12,7.08,226.02,2924.45,传动系统异常
2024-08-01 10:38:00,DEV-036,研发部,62.62,3.0,9.0,229.68,1997.52,正常运行
2023-06-15 08:25:00,DEV-053,维修部,66.33,1.39,15.0,195.79,2485.79,正常运行
2022-10-29 09:06:00,DEV-034,生产部,52.65,3.96,8.95,235.06,2988.47,传动系统异常
2024-11-26 13:18:00,DEV-041,维修部,61.98,1.88,8.36,231.68,2093.08,正常运行
2024-01-25 08:18:00,DEV-076,质检部,69.45,1.9,7.36,231.14,1872.48,正常运行
2022-02-10 15:26:00,DEV-094,生产部,37.4,1.37,15.0,232.67,1832.46,正常运行
2022-03-18 17:30:00,DEV-031,质检部,87.67,1.19,2.02,221.21,1673.56,润滑系统异常
2024-11-20 09:17:00,DEV-032,维修部,61.18,1.81,10.41,237.84,2069.12,正常运行
2024-04-27 14:41:00,DEV-043,维修部,44.41,1.99,10.96,220.29,2121.22,正常运行
2022-01-03 12:13:00,DEV-071,研发部,54.45,0.15,5.0,206.91,2158.73,正常运行
2024-03-04 21:20:00,DEV-097,质检部,67.12,0.72,9.3,242.14,1825.27,正常运行
2023-12-11 00:03:00,DEV-076,生产部,48.62,1.65,10.89,202.16,2210.8,正常运行
2022-12-13 22:40:00,DEV-007,生产部,67.42,1.21,8.49,206.56,1813.82,正常运行
2023-09-26 20:31:00,DEV-083,研发部,67.6,2.11,8.6,216.53,1993.5,正常运行
2024-10-07 19:45:00,DEV-001,质检部,55.43,0.73,9.07,218.33,2213.27,正常运行
2023-02-16 22:29:00,DEV-085,生产部,50.45,1.42,6.41,234.8,2125.9,正常运行
2023-07-04 17:18:00,DEV-098,维修部,55.5,1.24,11.6,217.14,1695.53,正常运行
2022-03-27 11:24:00,DEV-065,研发部,48.3,0.17,10.88,212.67,2051.98,正常运行
2023-01-18 14:36:00,DEV-044,质检部,70.97,0.34,8.93,225.43,2010.87,正常运行
2024-11-16 20:12:00,DEV-013,生产部,53.4,2.08,9.93,221.23,1999.61,正常运行
2022-04-02 10:18:00,DEV-002,生产部,52.23,0.59,12.15,216.07,2065.15,正常运行
2022-06-15 11:16:00,DEV-094,研发部,93.0,4.15,10.0,226.28,2153.63,散热系统故障
2022-03-30 10:28:00,DEV-001,维修部,49.47,3.0,14.97,227.09,1542.63,正常运行
2024-01-15 10:20:00,DEV-053,质检部,57.48,1.33,15.0,238.08,2081.66,正常运行
2022-12-23 23:24:00,DEV-085,维修部,49.7,1.66,11.98,189.03,1893.57,正常运行
2023-05-31 13:02:00,DEV-091,维修部,66.72,2.43,8.28,222.72,1832.85,正常运行
2023-09-27 07:18:00,DEV-042,研发部,66.59,0.74,11.78,167.16,2125.87,电力供应故障
2023-01-11 05:24:00,DEV-065,生产部,61.37,1.24,11.51,195.67,1977.33,正常运行
2023-06-21 03:23:00,DEV-093,生产部,57.97,1.86,14.79,207.8,2175.73,正常运行
2023-07-27 07:02:00,DEV-092,生产部,59.25,1.46,14.23,236.74,1920.15,正常运行
2023-03-02 09:31:00,DEV-097,生产部,62.19,2.84,5.41,243.36,2015.08,正常运行
2022-03-14 23:41:00,DEV-064,维修部,94.46,2.3,2.75,199.17,1922.4,润滑系统异常
2023-06-14 06:48:00,DEV-023,研发部,42.83,1.53,5.0,228.87,2014.38,正常运行
2022-01-25 01:11:00,DEV-033,生产部,47.54,0.97,12.06,223.09,2100.34,正常运行
2022-10-18 04:15:00,DEV-026,维修部,62.15,1.05,5.34,246.19,2279.86,正常运行
2023-08-31 17:16:00,DEV-070,生产部,90.57,2.86,2.33,230.13,2149.03,润滑系统异常
2024-10-05 23:11:00,DEV-008,研发部,66.33,2.22,9.38,209.34,1866.18,正常运行
2023-03-02 02:20:00,DEV-032,研发部,64.59,1.9,10.39,231.08,1653.24,正常运行
2024-06-11 15:16:00,DEV-066,研发部,59.76,2.47,11.31,219.98,1969.45,正常运行
2024-09-24 17:59:00,DEV-079,质检部,93.21,4.03,10.82,238.78,2456.45,散热系统故障
2022-06-30 20:20:00,DEV-093,维修部,40.74,2.69,11.83,208.5,1813.38,正常运行
2022-04-26 02:27:00,DEV-020,维修部,53.02,1.82,7.64,226.85,1926.59,正常运行
2023-07-11 03:08:00,DEV-093,生产部,70.91,1.27,8.05,232.48,1842.45,正常运行
2024-03-13 16:20:00,DEV-006,生产部,56.89,2.09,11.11,213.06,1953.6,正常运行
2022-01-12 15:23:00,DEV-094,质检部,69.29,2.29,8.22,223.26,2389.17,正常运行
2024-11-01 10:18:00,DEV-034,研发部,61.18,3.9,13.77,209.71,2879.58,传动系统异常
2022-09-20 23:38:00,DEV-017,生产部,49.99,0.54,6.0,195.66,2046.64,正常运行
2022-02-12 17:41:00,DEV-002,质检部,61.75,1.94,7.67,188.71,2159.23,正常运行
2024-11-04 02:05:00,DEV-095,维修部,62.33,0.85,5.0,194.6,1558.33,正常运行
2024-12-06 20:45:00,DEV-014,研发部,56.49,1.01,12.39,219.98,1964.57,正常运行
2024-03-28 17:18:00,DEV-039,生产部,90.57,3.14,8.24,206.06,2478.14,散热系统故障
2024-12-28 14:51:00,DEV-059,研发部,60.73,1.23,13.85,236.32,2088.7,正常运行
2022-06-02 17:45:00,DEV-071,质检部,62.97,2.18,15.0,228.5,1967.1,正常运行
2023-04-28 05:02:00,DEV-010,质检部,62.14,2.48,9.88,212.63,2448.18,正常运行
2022-04-25 01:52:00,DEV-024,研发部,61.8,1.45,5.58,213.9,1893.04,正常运行
2024-05-21 02:48:00,DEV-085,质检部,55.17,1.46,7.6,197.69,1581.11,正常运行
2022-10-30 08:46:00,DEV-081,维修部,72.37,1.12,7.87,245.95,2284.51,正常运行
2022-04-28 08:21:00,DEV-100,质检部,69.94,2.24,15.0,221.63,2369.98,正常运行
2023-12-09 22:13:00,DEV-043,生产部,70.97,0.89,13.85,166.77,2063.79,电力供应故障
2024-10-09 14:35:00,DEV-051,质检部,57.5,1.25,13.32,215.3,2258.41,正常运行
2022-11-03 03:06:00,DEV-008,研发部,71.22,0.61,9.26,214.43,1996.77,正常运行
2023-09-07 02:06:00,DEV-077,质检部,94.4,4.11,6.39,213.13,1930.68,散热系统故障
2024-01-16 13:37:00,DEV-040,维修部,57.83,2.32,11.83,224.35,1945.73,正常运行
2023-09-25 23:32:00,DEV-013,研发部,96.47,1.23,3.67,221.66,1940.32,润滑系统异常
2023-02-17 23:35:00,DEV-030,研发部,55.14,1.67,12.65,213.03,1875.55,正常运行
2022-01-17 12:10:00,DEV-031,维修部,53.16,1.52,6.53,212.94,2206.6,正常运行
2024-06-17 06:28:00,DEV-091,质检部,92.46,2.06,1.12,205.61,2168.95,润滑系统异常
2022-11-15 10:27:00,DEV-087,研发部,75.11,0.24,5.19,207.22,1959.89,正常运行
2023-10-23 20:00:00,DEV-099,生产部,55.17,1.98,7.52,223.59,1756.04,正常运行
2022-12-17 04:34:00,DEV-071,研发部,64.17,1.47,10.1,226.66,1943.9,正常运行
2023-04-28 11:33:00,DEV-082,质检部,70.29,1.96,8.3,226.48,1771.57,正常运行
2022-01-11 08:48:00,DEV-014,生产部,35.0,0.37,10.74,235.44,1660.64,正常运行
2023-08-15 20:50:00,DEV-008,生产部,62.32,1.06,14.69,210.37,2049.76,正常运行
2024-11-11 17:48:00,DEV-088,维修部,73.95,3.69,9.63,233.23,2970.49,传动系统异常
2024-05-09 23:12:00,DEV-092,质检部,61.31,1.36,10.25,218.04,2225.65,正常运行
2024-02-17 09:39:00,DEV-091,生产部,68.95,2.8,12.75,194.19,2365.54,正常运行
2022-10-20 20:32:00,DEV-002,生产部,96.98,2.75,2.53,214.51,1935.12,润滑系统异常
2022-03-23 11:03:00,DEV-012,维修部,61.82,1.3,6.99,240.4,2396.32,正常运行
2023-02-22 16:42:00,DEV-029,研发部,49.88,0.18,12.47,221.1,1742.01,正常运行
2022-07-04 19:49:00,DEV-040,研发部,71.6,0.48,6.24,231.49,1767.04,正常运行
2024-10-13 07:20:00,DEV-005,研发部,38.22,0.66,10.52,224.86,2149.17,正常运行
2023-07-08 09:31:00,DEV-013,维修部,70.41,0.57,11.82,211.13,1926.69,正常运行
2022-10-03 23:35:00,DEV-009,维修部,60.09,0.43,11.78,233.65,1982.07,正常运行
2024-05-05 14:37:00,DEV-071,质检部,65.29,1.78,10.82,226.21,2104.8,正常运行
2023-01-08 07:08:00,DEV-021,研发部,50.36,3.84,6.4,223.18,2910.22,传动系统异常
2022-02-22 17:37:00,DEV-074,维修部,63.81,1.14,7.3,229.05,1837.62,正常运行
2024-03-02 10:17:00,DEV-068,质检部,57.82,1.69,11.24,227.98,2142.21,正常运行
2024-12-18 23:37:00,DEV-060,维修部,49.49,1.76,8.2,175.71,2166.13,电力供应故障
2023-02-25 08:04:00,DEV-008,生产部,99.05,1.02,3.16,212.97,1976.17,润滑系统异常
2023-01-19 04:57:00,DEV-084,质检部,70.52,2.21,11.74,250.0,1972.88,正常运行
2024-06-17 01:54:00,DEV-017,维修部,80.0,0.66,7.84,250.0,2027.22,正常运行
2024-05-19 12:11:00,DEV-049,维修部,76.93,1.06,11.19,210.81,2079.84,正常运行
2022-01-03 03:22:00,DEV-049,维修部,71.18,3.73,11.11,195.54,2873.03,传动系统异常
2022-12-09 19:36:00,DEV-098,研发部,58.93,0.46,8.88,203.53,2007.83,正常运行
2024-02-25 18:18:00,DEV-087,生产部,57.81,0.16,9.38,219.66,2197.96,正常运行
2022-11-03 23:31:00,DEV-051,生产部,90.5,2.46,2.28,191.24,1546.19,润滑系统异常
2022-03-20 19:33:00,DEV-099,生产部,70.4,0.93,8.57,244.59,2044.35,正常运行
2024-10-29 03:38:00,DEV-053,研发部,69.71,0.48,10.41,206.47,1947.69,正常运行
2024-06-10 13:50:00,DEV-034,生产部,70.59,2.53,14.19,216.1,2005.69,正常运行
2022-09-07 07:55:00,DEV-085,维修部,57.0,2.85,15.0,229.6,2193.97,正常运行
2024-12-19 07:43:00,DEV-087,研发部,66.14,2.91,10.58,213.32,2830.31,传动系统异常
2022-09-30 15:51:00,DEV-006,维修部,53.78,0.97,11.6,202.68,1864.84,正常运行
2024-11-19 12:15:00,DEV-012,维修部,75.93,2.67,7.33,221.05,1869.87,正常运行
2023-05-29 17:29:00,DEV-012,生产部,66.93,3.99,12.71,215.87,2755.73,传动系统异常
2024-01-28 19:05:00,DEV-074,维修部,85.41,3.59,12.54,206.33,2254.33,散热系统故障
2022-11-12 08:44:00,DEV-082,质检部,49.92,3.0,10.63,222.89,1889.61,正常运行
2024-07-31 08:06:00,DEV-078,生产部,53.7,2.42,14.11,167.99,2166.12,电力供应故障
2023-10-09 11:51:00,DEV-046,质检部,50.62,1.78,5.0,216.09,2027.02,正常运行
2024-11-21 14:48:00,DEV-013,质检部,99.51,1.36,2.87,199.4,1646.97,润滑系统异常
2023-10-31 05:44:00,DEV-041,生产部,53.31,2.06,11.3,199.33,2123.82,正常运行
2023-04-16 03:26:00,DEV-056,质检部,43.75,1.6,6.97,215.84,2143.03,正常运行
2024-06-21 02:54:00,DEV-042,维修部,50.02,1.74,12.3,238.4,1979.97,正常运行
2024-07-24 11:30:00,DEV-059,维修部,52.39,2.8,10.75,220.18,2874.75,传动系统异常
2023-06-27 02:53:00,DEV-033,生产部,66.29,1.25,9.51,219.62,1881.83,正常运行
2024-03-22 02:53:00,DEV-100,生产部,59.88,1.77,16.0,172.82,1886.03,电力供应故障
2023-09-15 15:20:00,DEV-031,质检部,50.57,1.27,11.93,210.59,2014.61,正常运行
2024-12-09 03:09:00,DEV-058,质检部,65.01,1.11,6.53,212.24,1754.79,正常运行
2022-02-18 18:54:00,DEV-095,质检部,54.76,2.31,10.35,217.5,1898.19,正常运行
2022-02-21 18:26:00,DEV-007,生产部,49.19,1.63,10.42,187.83,2166.52,正常运行
2023-12-28 12:17:00,DEV-056,生产部,61.69,0.9,15.0,232.37,1835.07,正常运行
2023-08-04 12:05:00,DEV-023,研发部,62.51,2.15,9.21,208.39,1879.48,正常运行
2023-05-07 15:25:00,DEV-044,研发部,86.37,3.9,13.7,192.3,2261.74,散热系统故障
2024-01-12 16:41:00,DEV-001,质检部,80.0,1.53,12.27,209.89,1694.94,正常运行
2022-08-12 02:51:00,DEV-010,维修部,74.24,3.0,10.79,239.13,1969.66,正常运行
2024-11-24 19:32:00,DEV-030,生产部,66.44,1.16,9.76,219.69,2321.25,正常运行
2022-05-16 22:04:00,DEV-016,生产部,57.02,2.19,15.0,212.74,2011.05,正常运行
2024-03-31 02:40:00,DEV-032,生产部,70.86,0.32,9.21,194.5,2105.66,正常运行
2022-03-09 06:10:00,DEV-054,维修部,65.63,1.9,12.74,227.21,2109.27,正常运行
2022-10-30 15:42:00,DEV-007,生产部,54.07,0.36,12.07,224.84,1790.83,正常运行
2024-10-01 14:22:00,DEV-071,维修部,44.16,0.24,12.69,212.75,2029.36,正常运行
2023-08-22 15:48:00,DEV-035,质检部,52.26,1.32,10.99,211.52,2028.68,正常运行
2023-09-08 12:49:00,DEV-035,质检部,61.23,2.21,10.62,218.98,1803.31,正常运行
2023-02-16 15:53:00,DEV-068,研发部,80.0,1.69,11.66,230.17,1679.11,正常运行
2023-09-01 05:40:00,DEV-019,生产部,57.51,1.12,13.36,244.0,2305.67,正常运行
2024-11-07 21:53:00,DEV-061,质检部,49.34,1.17,9.11,234.64,2183.69,正常运行
2022-07-18 02:28:00,DEV-024,研发部,48.37,3.0,6.35,222.31,1968.27,正常运行
2024-02-02 04:35:00,DEV-059,生产部,35.07,2.16,10.85,213.04,1585.89,正常运行
2023-04-26 21:55:00,DEV-046,研发部,68.79,1.96,10.46,211.51,1790.21,正常运行
2022-03-21 03:11:00,DEV-047,研发部,80.0,2.11,5.0,207.28,2253.32,正常运行
2022-09-01 03:21:00,DEV-016,研发部,49.27,1.98,9.4,223.74,2195.6,正常运行
2022-10-22 18:36:00,DEV-078,研发部,74.3,1.7,8.12,202.75,1500.0,正常运行
2022-08-31 14:29:00,DEV-062,维修部,66.48,1.48,8.3,224.58,2001.27,正常运行
2022-08-31 13:47:00,DEV-100,维修部,62.46,3.67,5.82,192.02,2732.0,传动系统异常
2024-06-29 16:14:00,DEV-079,维修部,73.73,0.79,15.8,162.14,1653.0,电力供应故障
2023-01-04 20:11:00,DEV-099,生产部,103.43,3.04,8.14,196.62,2173.19,散热系统故障
2024-06-12 10:53:00,DEV-033,维修部,89.69,4.14,8.6,212.02,1992.05,散热系统故障
2023-02-01 01:21:00,DEV-093,质检部,57.03,3.32,12.97,231.62,2938.61,传动系统异常
2024-06-12 21:15:00,DEV-097,生产部,67.97,2.81,5.0,210.54,2260.05,正常运行
2022-02-26 05:51:00,DEV-025,维修部,95.94,4.43,13.95,218.37,1921.66,散热系统故障
2022-08-24 07:04:00,DEV-036,质检部,56.49,0.0,14.11,203.71,2251.08,正常运行
2024-01-23 16:42:00,DEV-065,质检部,45.88,1.31,15.0,232.88,1924.2,正常运行
2023-09-16 15:06:00,DEV-010,研发部,56.06,0.88,14.56,215.28,2306.04,正常运行
2024-11-14 20:23:00,DEV-077,研发部,62.29,2.87,9.81,192.24,2156.07,正常运行
2022-12-08 17:03:00,DEV-029,生产部,48.29,1.39,13.07,175.91,2054.3,电力供应故障
2023-11-12 04:17:00,DEV-012,质检部,43.32,1.82,9.87,221.7,1812.13,正常运行
2022-11-28 18:32:00,DEV-041,质检部,58.93,2.78,9.58,224.53,2275.12,正常运行
2024-04-11 16:33:00,DEV-030,质检部,52.84,2.25,14.51,210.81,1990.69,正常运行
2022-12-27 13:24:00,DEV-058,生产部,56.66,3.31,13.3,197.37,2819.07,传动系统异常
2024-02-11 19:27:00,DEV-097,生产部,60.45,0.79,5.73,229.77,2018.88,正常运行
2024-12-15 08:41:00,DEV-003,维修部,85.14,3.95,11.91,235.89,2418.69,散热系统故障
2024-06-11 14:24:00,DEV-028,维修部,74.21,1.04,7.5,227.07,1889.56,正常运行
2024-02-19 06:03:00,DEV-082,质检部,67.69,1.01,11.09,224.67,1622.07,正常运行
2022-04-02 19:32:00,DEV-073,生产部,72.15,2.09,12.82,232.69,1935.33,正常运行
2022-08-07 09:13:00,DEV-066,生产部,42.76,0.73,12.75,219.23,1838.19,正常运行
2023-06-18 15:20:00,DEV-003,生产部,91.9,2.31,1.78,191.15,1598.86,润滑系统异常
2023-04-18 09:20:00,DEV-045,质检部,57.67,1.22,11.83,223.68,1960.51,正常运行
2022-03-31 07:58:00,DEV-015,研发部,57.78,1.66,12.3,195.76,2059.93,正常运行
2024-05-30 17:19:00,DEV-026,生产部,51.87,1.36,6.66,237.33,2040.68,正常运行
2022-09-23 01:24:00,DEV-046,维修部,65.78,1.08,8.7,211.84,2017.46,正常运行
2022-12-22 09:28:00,DEV-019,生产部,54.86,2.35,8.42,236.91,1881.56,正常运行
2023-11-03 11:44:00,DEV-004,维修部,66.84,2.3,10.65,216.75,1805.94,正常运行
2024-11-24 14:41:00,DEV-024,生产部,87.91,2.69,2.71,221.68,1631.24,润滑系统异常
2023-11-22 04:21:00,DEV-031,生产部,54.18,2.98,9.17,233.13,2713.44,传动系统异常
2024-04-26 17:03:00,DEV-023,维修部,45.71,0.97,12.1,186.43,1969.11,正常运行
2023-09-29 06:38:00,DEV-072,质检部,64.14,1.59,9.46,245.48,1917.09,正常运行
2024-10-14 20:38:00,DEV-044,生产部,55.53,0.12,10.32,218.59,1900.08,正常运行
2024-03-26 19:55:00,DEV-081,质检部,78.66,1.88,6.43,229.85,1805.06,正常运行
2024-05-19 10:05:00,DEV-073,质检部,74.41,2.78,9.95,214.24,2739.96,传动系统异常
2024-02-28 21:33:00,DEV-053,维修部,60.25,3.06,11.87,232.51,2728.87,传动系统异常
2024-12-08 14:51:00,DEV-084,研发部,65.58,2.22,10.18,226.58,1793.66,正常运行
2024-10-09 23:46:00,DEV-044,质检部,42.7,1.37,9.83,219.18,1989.34,正常运行
2023-01-26 03:14:00,DEV-071,维修部,66.56,1.87,14.42,223.39,1953.0,正常运行
2023-02-24 03:10:00,DEV-027,生产部,59.17,1.46,15.0,200.72,2049.61,正常运行
2022-08-31 09:29:00,DEV-082,研发部,66.79,1.57,10.77,208.43,2089.89,正常运行
2022-01-30 14:15:00,DEV-067,生产部,95.64,3.86,13.97,239.71,2096.82,散热系统故障
2024-03-06 23:03:00,DEV-008,生产部,71.98,2.66,11.05,224.45,2608.15,传动系统异常
2022-11-08 20:06:00,DEV-092,维修部,72.58,1.82,9.3,206.6,2159.57,正常运行
2024-01-09 09:58:00,DEV-056,研发部,48.64,0.67,11.84,225.78,1943.14,正常运行
2022-09-03 05:34:00,DEV-053,维修部,66.25,1.3,10.33,217.31,1983.46,正常运行
2023-01-12 14:27:00,DEV-025,研发部,70.7,3.03,13.44,200.87,2605.92,传动系统异常
2024-05-30 01:00:00,DEV-069,研发部,68.73,1.0,8.43,220.2,2075.55,正常运行
2022-06-15 08:41:00,DEV-089,研发部,54.48,0.92,9.15,212.7,1866.21,正常运行
2022-08-23 04:33:00,DEV-003,研发部,74.66,3.0,6.7,223.96,1841.34,正常运行
2022-09-20 07:39:00,DEV-069,生产部,44.87,0.46,13.85,212.89,2004.41,正常运行
2022-08-07 12:31:00,DEV-024,维修部,63.34,1.69,9.22,219.38,1919.22,正常运行
2022-05-24 20:04:00,DEV-028,维修部,55.89,2.29,10.31,224.01,1731.54,正常运行
2023-07-12 08:16:00,DEV-047,质检部,69.47,1.54,11.27,213.01,1926.56,正常运行
2022-12-11 17:00:00,DEV-063,生产部,87.87,1.51,1.37,225.67,1753.09,润滑系统异常
2022-07-09 00:00:00,DEV-090,维修部,53.9,1.25,5.55,216.57,2192.53,正常运行
2024-12-10 08:12:00,DEV-021,生产部,75.49,2.13,9.29,225.14,1826.04,正常运行
2023-06-09 03:41:00,DEV-019,生产部,73.37,2.45,9.68,234.99,2380.66,正常运行
2022-12-07 03:06:00,DEV-016,研发部,71.06,1.45,8.85,210.13,1921.51,正常运行
2022-12-05 21:02:00,DEV-042,生产部,70.97,0.0,14.6,236.84,1908.05,正常运行
2022-10-31 23:02:00,DEV-024,质检部,86.42,2.42,1.66,205.02,2162.42,润滑系统异常
2023-11-18 13:46:00,DEV-093,研发部,71.71,0.18,11.75,215.98,2033.33,正常运行
2022-02-21 11:54:00,DEV-031,质检部,65.88,2.54,6.74,199.21,1998.73,正常运行
2024-10-08 08:47:00,DEV-092,研发部,61.61,2.3,14.32,164.85,2013.37,电力供应故障
2024-05-06 18:12:00,DEV-098,质检部,66.76,1.87,6.69,234.83,1923.77,正常运行
2022-10-27 06:39:00,DEV-049,维修部,50.56,0.99,8.15,226.72,2064.93,正常运行
2022-04-13 17:52:00,DEV-060,质检部,56.59,1.23,9.41,216.62,1952.5,正常运行
2022-07-02 20:25:00,DEV-061,生产部,59.85,1.96,10.36,205.4,2239.31,正常运行
2023-04-06 06:42:00,DEV-012,维修部,53.32,1.07,14.45,160.8,1915.77,电力供应故障
2024-12-06 14:10:00,DEV-095,研发部,52.84,1.3,8.82,216.48,1995.71,正常运行
