id,record_time,status,+24V_max_current,-24V_max_current,+24V_working_current,-24V_working_current,+9V_working_current,circuit_disconnect_freq,circuit_disconnect_time,command_judge_time,first_pulse_time,second_pulse_time,third_pulse_time,photoelectric_freq,system_recognition,mode1_level,mode2_level,mode1_pulse_width,mode2_pulse_width
1,2024-01-01 08:00,正常,2.6,2.3,266,256,84,118,5.5,0.77,0.86,0.55,0.58,2.8,11.9,5.3,-5.2,32.96,35.02
2,2024-01-01 08:10,正常,2.6,2.7,278,283,98,120,4.2,0.8,0.82,0.57,0.54,2.8,12.0,5.1,-4.6,33.0,34.98
3,2024-01-01 08:20,模式1电平过低故障,2.2,2.5,232,254,98,111,3.7,0.73,0.86,0.53,0.54,1.7,11.9,4.4,-5.2,32.97,35.05
4,2024-01-01 08:30,正常,2.5,2.6,274,209,77,115,4.5,0.75,0.84,0.52,0.54,1.6,11.9,5.4,-5.0,33.03,35.04
5,2024-01-01 08:40,正常,2.4,2.8,244,264,78,120,5.2,0.74,0.88,0.56,0.54,2.3,12.1,5.4,-4.7,33.02,34.95
6,2024-01-01 08:50,模式2电平过低故障,2.4,2.2,237,233,96,130,4.2,0.71,0.87,0.55,0.53,1.3,12.0,4.8,-5.8,32.95,35.05
7,2024-01-01 09:00,正常,2.2,2.5,277,277,77,116,3.0,0.71,0.83,0.53,0.55,2.8,11.9,4.9,-5.1,32.99,35.04
8,2024-01-01 09:10,第一脉冲时间过长故障,2.1,2.7,284,212,76,121,5.2,0.73,0.91,0.53,0.54,2.7,12.0,4.8,-5.2,33.04,35.03
9,2024-01-01 09:20,正常,2.9,2.3,270,287,87,127,4.4,0.71,0.86,0.53,0.52,2.5,12.0,5.3,-4.9,33.03,35.05
10,2024-01-01 09:30,正常,2.2,2.3,238,263,82,119,4.8,0.8,0.85,0.52,0.56,2.3,12.0,5.3,-4.7,33.01,34.97
11,2024-01-01 09:40,光电频率过低故障,2.0,2.6,234,248,98,120,3.0,0.76,0.85,0.54,0.57,0.6,11.9,5.4,-4.7,33.01,35.0
12,2024-01-01 09:50,第二脉冲时间过短故障,2.9,2.7,266,261,83,121,4.8,0.74,0.87,0.5,0.53,1.6,11.9,4.6,-4.6,33.03,35.01
13,2024-01-01 10:00,正常,2.4,2.5,220,254,82,125,3.8,0.75,0.84,0.52,0.56,1.6,12.1,4.6,-5.1,32.97,34.98
14,2024-01-01 10:10,正常,2.7,2.2,211,229,77,125,5.5,0.71,0.88,0.53,0.58,1.0,12.0,4.9,-4.8,33.02,35.04
15,2024-01-01 10:20,正常,2.3,2.5,266,230,78,125,5.4,0.71,0.88,0.57,0.55,1.8,11.9,4.8,-5.4,33.0,34.96
16,2024-01-01 10:30,+24V稳定电流超标故障,2.0,2.6,337,204,92,121,4.2,0.72,0.87,0.55,0.55,1.6,11.9,4.8,-5.5,33.0,35.01
17,2024-01-01 10:40,电路断开频率过高故障,2.7,2.6,256,266,82,147,3.6,0.74,0.84,0.52,0.57,2.1,12.1,4.5,-5.0,32.98,35.01
18,2024-01-01 10:50,指令判断时间过长故障,2.3,2.8,229,261,78,111,4.7,0.89,0.84,0.57,0.54,1.8,12.0,5.3,-4.5,32.96,34.98
19,2024-01-01 11:00,正常,2.2,2.1,230,278,95,114,3.0,0.72,0.82,0.53,0.53,1.7,11.9,4.6,-4.9,32.99,35.02
20,2024-01-01 11:10,正常,2.7,2.2,213,270,70,111,4.0,0.78,0.87,0.57,0.53,1.1,12.0,5.4,-5.4,32.99,35.0
21,2024-01-01 11:20,正常,2.0,2.6,238,236,80,104,4.6,0.79,0.85,0.54,0.57,2.2,12.0,4.6,-5.2,32.97,35.0
22,2024-01-01 11:30,系统识别电压过高故障,2.4,2.9,269,259,90,117,4.9,0.72,0.84,0.57,0.53,3.0,12.3,4.6,-5.3,33.04,34.99
23,2024-01-01 11:40,正常,2.2,2.3,263,249,70,113,4.0,0.78,0.87,0.53,0.55,1.7,12.1,5.0,-4.6,32.99,35.0
24,2024-01-01 11:50,正常,2.8,2.9,203,251,87,117,4.8,0.76,0.84,0.53,0.57,1.1,12.1,5.5,-4.6,32.98,34.98
25,2024-01-01 12:00,正常,2.6,2.0,201,282,71,123,4.6,0.77,0.84,0.56,0.54,1.1,12.1,5.3,-5.1,33.04,35.03
26,2024-01-01 12:10,指令判断时间过短故障,2.7,2.8,290,217,87,103,5.1,0.63,0.85,0.52,0.53,1.1,12.1,5.2,-4.6,33.01,35.03
27,2024-01-01 12:20,系统识别电压过低故障,2.1,2.3,228,216,86,120,3.1,0.75,0.86,0.55,0.53,1.5,11.7,5.3,-5.0,33.04,35.05
28,2024-01-01 12:30,光电频率过高故障,2.8,2.7,208,252,97,118,3.3,0.73,0.87,0.57,0.55,3.4,12.1,5.4,-5.1,32.97,35.03
29,2024-01-01 12:40,正常,2.2,2.8,216,215,81,120,4.9,0.8,0.82,0.52,0.53,2.8,12.0,5.2,-5.3,32.97,35.04
30,2024-01-01 12:50,正常,2.7,2.8,225,214,95,110,3.5,0.78,0.86,0.54,0.54,2.4,12.0,4.8,-4.8,32.98,34.97
31,2024-01-01 13:00,正常,2.7,2.7,203,241,84,120,4.6,0.76,0.86,0.53,0.57,1.2,12.1,4.9,-4.9,32.98,34.97
32,2024-01-01 13:10,指令判断时间过短故障,2.2,2.1,220,201,99,126,4.9,0.64,0.82,0.53,0.53,2.8,11.9,4.9,-4.6,32.99,35.01
33,2024-01-01 13:20,正常,2.1,2.5,262,252,73,108,3.7,0.8,0.85,0.56,0.57,1.8,12.1,5.5,-4.8,33.02,35.02
34,2024-01-01 13:30,模式1电平过低故障,2.5,2.7,234,209,83,127,3.4,0.72,0.84,0.56,0.54,1.4,11.9,4.0,-5.4,33.0,35.0
35,2024-01-01 13:40,正常,2.4,2.7,228,270,75,104,5.0,0.78,0.87,0.58,0.57,1.8,12.0,5.4,-5.0,32.95,35.05
36,2024-01-01 13:50,正常,2.7,2.8,210,244,86,129,3.3,0.77,0.85,0.56,0.53,2.4,12.0,4.6,-5.2,33.01,34.99
37,2024-01-01 14:00,正常,2.3,2.4,271,243,98,127,4.7,0.75,0.82,0.58,0.54,1.7,12.0,4.6,-4.6,33.01,34.98
38,2024-01-01 14:10,指令判断时间过短故障,2.0,2.2,209,239,83,123,4.5,0.61,0.88,0.53,0.54,2.8,12.0,5.2,-4.8,33.03,34.98
39,2024-01-01 14:20,模式2脉宽过短故障,2.8,2.3,239,287,71,104,4.4,0.76,0.86,0.53,0.55,1.4,12.0,5.2,-4.8,33.02,34.89
40,2024-01-01 14:30,正常,2.4,2.8,206,232,75,116,5.4,0.75,0.86,0.54,0.54,1.8,12.0,4.9,-5.1,32.99,35.01
41,2024-01-01 14:40,正常,2.7,2.7,288,211,83,120,4.3,0.75,0.87,0.54,0.54,2.7,12.1,5.4,-4.5,33.01,35.04
42,2024-01-01 14:50,正常,2.5,2.7,279,235,97,111,3.1,0.75,0.83,0.57,0.58,2.1,12.0,5.1,-4.9,33.03,34.99
43,2024-01-01 15:00,正常,2.0,2.6,242,287,88,130,4.5,0.74,0.85,0.54,0.57,1.3,11.9,5.1,-4.6,32.96,35.02
44,2024-01-01 15:10,第二脉冲时间过短故障,2.2,2.4,228,244,94,100,3.4,0.79,0.88,0.49,0.57,2.0,12.0,5.2,-4.6,32.97,35.02
45,2024-01-01 15:20,-24V稳定电流超标故障,2.3,2.3,231,311,78,119,3.0,0.76,0.87,0.56,0.57,1.9,12.0,4.9,-4.6,32.99,34.98
46,2024-01-01 15:30,正常,2.9,2.5,277,234,83,103,3.1,0.76,0.83,0.55,0.56,2.7,12.1,5.1,-5.2,33.0,35.03
47,2024-01-01 15:40,第一脉冲时间过长故障,2.4,2.8,266,206,88,128,4.7,0.71,0.91,0.54,0.55,1.1,12.0,4.9,-5.1,33.05,35.03
48,2024-01-01 15:50,第一脉冲时间过短故障,2.3,2.8,285,263,98,105,3.8,0.7,0.79,0.56,0.53,2.9,12.1,5.4,-5.2,33.01,35.0
49,2024-01-01 16:00,正常,2.1,2.3,267,218,86,115,3.6,0.76,0.86,0.53,0.53,1.2,12.0,5.3,-4.9,32.98,34.95
50,2024-01-01 16:10,正常,2.5,2.4,268,290,89,119,4.2,0.73,0.84,0.55,0.53,1.9,12.0,4.8,-5.1,32.97,35.03
51,2024-01-01 16:20,第三脉冲时间过长故障,2.6,2.5,251,227,86,117,4.2,0.73,0.86,0.53,0.59,1.4,12.0,5.2,-5.0,32.98,35.01
52,2024-01-01 16:30,模式2脉宽过短故障,2.5,2.2,278,261,72,116,3.4,0.77,0.87,0.53,0.56,1.0,12.0,4.8,-5.4,33.01,34.9
53,2024-01-01 16:40,正常,2.6,2.1,237,250,90,122,4.6,0.79,0.82,0.53,0.58,2.0,12.0,4.6,-4.7,33.04,35.01
54,2024-01-01 16:50,模式2电平过高故障,2.2,2.5,214,237,96,119,3.7,0.71,0.87,0.54,0.58,2.1,12.0,5.2,-4.4,32.98,35.0
55,2024-01-01 17:00,系统识别电压过低故障,2.7,2.6,231,258,94,101,5.2,0.75,0.83,0.58,0.57,2.3,11.6,4.9,-5.5,33.02,34.97
56,2024-01-01 17:10,正常,2.3,2.0,257,261,83,113,5.4,0.71,0.86,0.56,0.54,1.9,12.0,4.7,-5.3,33.04,34.98
57,2024-01-01 17:20,电路断开频率过高故障,2.3,2.8,284,225,87,131,5.1,0.73,0.88,0.52,0.58,2.0,12.0,5.4,-5.2,33.02,35.03
58,2024-01-01 17:30,正常,2.7,2.8,221,240,96,126,5.3,0.8,0.85,0.56,0.55,2.9,12.0,4.8,-5.2,32.97,34.99
59,2024-01-01 17:40,正常,2.1,2.7,280,289,81,108,4.0,0.74,0.87,0.53,0.56,1.1,12.0,5.3,-4.7,32.95,35.0
60,2024-01-01 17:50,正常,2.0,2.8,217,283,74,128,3.1,0.77,0.84,0.57,0.52,2.1,11.9,5.1,-4.9,33.0,35.0
61,2024-01-01 18:00,正常,2.6,2.1,247,265,85,107,5.0,0.79,0.85,0.53,0.55,1.7,11.9,4.8,-4.8,33.05,35.04
62,2024-01-01 18:10,正常,2.2,2.0,244,211,98,129,3.8,0.71,0.84,0.55,0.55,1.6,12.1,5.3,-5.0,32.99,34.98
63,2024-01-01 18:20,模式1脉宽过短故障,2.4,2.4,203,263,81,121,5.0,0.79,0.87,0.55,0.56,2.9,12.0,5.2,-4.9,32.92,34.99
64,2024-01-01 18:30,正常,2.4,2.6,267,264,72,101,5.1,0.8,0.82,0.56,0.56,2.6,12.1,4.8,-5.4,33.03,34.98
65,2024-01-01 18:40,正常,2.2,2.8,262,212,97,123,4.1,0.74,0.88,0.55,0.53,1.7,12.0,4.8,-4.8,33.01,34.97
66,2024-01-01 18:50,正常,2.3,2.2,282,222,74,103,3.0,0.74,0.87,0.57,0.55,1.4,12.0,5.3,-4.7,32.95,35.05
67,2024-01-01 19:00,正常,2.8,2.0,261,227,99,127,4.2,0.72,0.84,0.52,0.56,1.3,12.1,5.1,-5.0,33.03,34.98
68,2024-01-01 19:10,模式2电平过高故障,2.1,2.8,290,289,91,123,3.3,0.73,0.84,0.54,0.55,1.1,12.1,5.4,-4.2,32.97,34.98
69,2024-01-01 19:20,正常,2.1,2.2,205,240,91,108,4.5,0.79,0.88,0.54,0.56,1.7,12.0,5.2,-4.9,33.05,35.0
70,2024-01-01 19:30,正常,2.1,2.6,210,257,84,121,5.2,0.72,0.86,0.55,0.56,2.2,12.1,5.5,-4.9,33.02,35.01
71,2024-01-01 19:40,正常,2.7,2.1,246,274,96,129,3.7,0.77,0.83,0.57,0.55,1.9,12.1,5.3,-4.7,32.96,35.0
72,2024-01-01 19:50,光电频率过高故障,2.7,2.6,259,268,86,101,3.3,0.78,0.86,0.52,0.56,3.8,12.0,5.3,-5.0,33.02,35.01
73,2024-01-01 20:00,正常,2.2,2.6,235,221,89,103,3.9,0.75,0.87,0.58,0.57,2.8,11.9,5.3,-4.8,32.95,34.95
74,2024-01-01 20:10,+24V最大电流超标故障,3.1,2.3,280,200,81,126,3.0,0.75,0.87,0.53,0.54,1.9,12.1,5.3,-4.9,32.97,34.96
75,2024-01-01 20:20,系统识别电压过低故障,2.5,2.2,266,283,97,120,4.7,0.76,0.85,0.55,0.55,2.3,11.5,5.1,-4.8,32.98,35.03
76,2024-01-01 20:30,电路断开时间超标故障,2.5,2.6,216,275,78,117,6.7,0.75,0.84,0.55,0.57,1.9,12.0,5.2,-5.5,33.03,35.0
77,2024-01-01 20:40,第一脉冲时间过短故障,2.0,2.3,246,200,94,126,4.1,0.7,0.8,0.54,0.57,1.7,12.1,5.0,-5.2,33.04,34.97
78,2024-01-01 20:50,电路断开时间超标故障,2.4,2.3,230,276,86,130,6.9,0.71,0.86,0.54,0.55,2.2,12.0,4.6,-5.4,32.99,34.99
79,2024-01-01 21:00,指令判断时间过短故障,2.4,2.8,254,253,71,117,4.8,0.64,0.85,0.56,0.57,2.5,12.0,5.0,-4.8,32.98,34.95
80,2024-01-01 21:10,正常,2.1,2.3,205,289,86,126,3.4,0.75,0.86,0.52,0.55,2.5,11.9,5.3,-4.8,32.96,34.96
81,2024-01-01 21:20,第三脉冲时间过短故障,2.8,2.1,217,259,70,108,5.1,0.71,0.86,0.52,0.51,3.0,11.9,5.0,-4.8,33.0,35.03
82,2024-01-01 21:30,正常,2.5,2.4,228,288,88,113,3.8,0.8,0.88,0.54,0.53,1.2,12.1,4.8,-5.4,33.02,35.03
83,2024-01-01 21:40,正常,2.5,2.7,200,286,92,119,4.2,0.76,0.87,0.55,0.54,2.8,12.0,5.0,-5.4,32.99,35.05
84,2024-01-01 21:50,正常,2.4,2.8,220,214,71,111,3.9,0.74,0.83,0.55,0.58,1.3,12.0,4.8,-5.3,33.02,34.96
85,2024-01-01 22:00,正常,2.1,2.2,272,239,76,112,4.0,0.75,0.87,0.56,0.53,2.0,12.0,5.2,-4.9,32.97,34.99
86,2024-01-01 22:10,-24V最大电流超标故障,2.7,3.4,245,261,99,100,3.6,0.79,0.88,0.53,0.57,1.8,12.1,5.3,-4.7,33.03,35.04
87,2024-01-01 22:20,正常,2.5,2.8,229,269,80,105,3.5,0.71,0.86,0.58,0.55,2.5,12.1,4.8,-4.9,33.04,34.96
88,2024-01-01 22:30,第一脉冲时间过长故障,2.5,2.5,234,260,87,114,5.1,0.72,0.91,0.52,0.52,2.2,12.0,5.0,-5.4,33.04,35.05
89,2024-01-01 22:40,模式1电平过低故障,2.6,2.8,244,251,86,122,4.0,0.71,0.87,0.55,0.54,1.3,11.9,4.4,-4.9,33.01,35.03
90,2024-01-01 22:50,正常,2.9,2.9,238,230,80,106,3.6,0.8,0.86,0.53,0.52,2.1,12.0,4.6,-5.5,32.95,34.98
91,2024-01-01 23:00,模式1电平过高故障,2.3,2.2,255,289,82,111,4.8,0.73,0.87,0.56,0.55,1.8,12.0,6.0,-5.1,32.98,34.95
92,2024-01-01 23:10,-24V稳定电流超标故障,2.3,2.5,239,343,78,127,5.3,0.79,0.82,0.54,0.54,2.5,11.9,5.3,-5.0,33.03,35.04
93,2024-01-01 23:20,模式2电平过高故障,2.9,2.7,266,263,72,117,5.5,0.77,0.86,0.53,0.56,2.0,12.0,5.0,-3.9,32.99,35.02
94,2024-01-01 23:30,-24V最大电流超标故障,2.8,3.5,207,219,99,111,4.7,0.79,0.84,0.56,0.54,1.9,11.9,4.6,-5.5,32.97,35.02
95,2024-01-01 23:40,正常,2.2,2.5,285,235,74,107,3.4,0.76,0.88,0.55,0.56,2.8,12.0,5.4,-5.0,32.99,34.99
96,2024-01-01 23:50,系统识别电压过低故障,2.2,2.9,287,273,88,124,5.4,0.73,0.83,0.57,0.54,1.3,11.8,5.4,-4.7,32.99,35.01
97,2024-01-02 00:00,正常,2.6,2.0,219,217,92,105,4.6,0.75,0.83,0.53,0.58,2.2,12.0,4.7,-5.5,32.96,34.99
98,2024-01-02 00:10,正常,2.0,2.2,250,210,93,125,3.5,0.72,0.87,0.56,0.54,2.5,11.9,5.0,-5.0,33.02,35.02
99,2024-01-02 00:20,第三脉冲时间过短故障,2.2,2.9,252,264,86,109,5.5,0.77,0.86,0.55,0.5,2.9,12.0,4.9,-5.2,33.04,35.04
100,2024-01-02 00:30,第一脉冲时间过长故障,2.3,2.1,283,269,80,120,4.8,0.73,0.92,0.52,0.57,2.3,12.0,4.5,-5.0,33.04,35.01
101,2024-01-02 00:40,正常,2.2,2.9,243,241,73,115,3.4,0.79,0.86,0.56,0.57,2.7,12.1,5.3,-4.7,33.01,35.03
102,2024-01-02 00:50,指令判断时间过长故障,2.1,2.5,290,248,73,129,3.8,0.88,0.83,0.55,0.53,2.6,11.9,5.2,-5.0,32.96,34.99
103,2024-01-02 01:00,第一脉冲时间过短故障,2.6,2.6,224,223,90,121,4.2,0.77,0.8,0.56,0.58,2.5,12.1,5.4,-5.0,33.03,34.95
104,2024-01-02 01:10,正常,2.8,2.3,216,273,89,115,5.2,0.71,0.84,0.53,0.58,1.1,12.0,5.4,-4.7,32.96,35.02
105,2024-01-02 01:20,模式2脉宽过长故障,2.8,2.7,265,223,94,114,4.8,0.72,0.85,0.57,0.53,2.2,12.0,5.3,-4.6,32.98,35.14
106,2024-01-02 01:30,正常,2.7,2.4,218,210,73,104,3.1,0.76,0.87,0.54,0.53,2.5,12.0,5.0,-4.9,32.98,35.01
107,2024-01-02 01:40,模式2脉宽过短故障,2.1,2.1,259,283,73,101,3.2,0.75,0.85,0.55,0.57,2.6,12.1,4.6,-5.2,32.96,34.93
108,2024-01-02 01:50,正常,2.0,2.9,246,227,73,120,3.7,0.79,0.87,0.55,0.55,1.6,12.0,5.4,-5.5,33.0,35.0
109,2024-01-02 02:00,正常,2.0,2.5,236,286,90,108,3.4,0.79,0.86,0.57,0.53,1.6,12.1,5.5,-5.3,33.04,34.97
110,2024-01-02 02:10,正常,2.8,2.8,217,259,71,118,3.9,0.71,0.87,0.56,0.54,1.2,12.0,5.1,-4.7,32.98,35.0
111,2024-01-02 02:20,正常,2.1,2.5,222,204,98,126,3.6,0.7,0.84,0.58,0.57,1.8,12.0,4.9,-4.6,32.99,34.99
112,2024-01-02 02:30,模式1脉宽过短故障,2.4,2.2,263,264,93,126,3.4,0.77,0.84,0.53,0.58,1.7,11.9,4.7,-5.3,32.88,34.97
113,2024-01-02 02:40,正常,2.8,2.2,214,249,88,107,3.7,0.7,0.84,0.54,0.55,2.5,11.9,5.1,-5.3,32.98,35.01
114,2024-01-02 02:50,第二脉冲时间过长故障,2.4,2.9,237,228,88,120,3.8,0.8,0.85,0.59,0.53,1.4,12.0,4.8,-4.7,32.98,35.03
115,2024-01-02 03:00,正常,2.2,2.1,214,212,81,123,5.3,0.73,0.85,0.53,0.55,1.7,12.0,5.0,-5.3,33.0,34.96
116,2024-01-02 03:10,正常,2.1,2.4,238,240,70,115,4.9,0.78,0.87,0.58,0.56,2.5,12.1,4.5,-5.1,32.96,35.0
117,2024-01-02 03:20,第三脉冲时间过长故障,2.4,2.7,218,260,96,117,4.4,0.73,0.85,0.56,0.62,2.3,12.0,4.9,-5.1,33.04,34.99
118,2024-01-02 03:30,系统识别电压过低故障,2.8,2.6,271,257,93,128,3.3,0.74,0.85,0.52,0.58,2.6,11.6,5.3,-5.3,32.98,34.97
119,2024-01-02 03:40,正常,2.4,2.8,251,204,87,104,3.4,0.71,0.87,0.57,0.58,1.9,12.1,5.1,-5.0,32.97,35.02
120,2024-01-02 03:50,正常,2.3,2.8,228,220,89,125,3.3,0.77,0.86,0.56,0.57,2.6,12.1,5.4,-4.5,33.02,34.97
121,2024-01-02 04:00,正常,2.2,2.5,263,227,71,103,4.3,0.76,0.88,0.55,0.55,2.9,12.0,5.4,-5.4,33.05,34.97
122,2024-01-02 04:10,正常,2.1,2.8,250,242,96,119,4.7,0.79,0.83,0.57,0.54,3.0,12.0,5.3,-5.3,32.96,34.95
123,2024-01-02 04:20,第三脉冲时间过长故障,2.1,2.8,231,203,98,101,3.6,0.75,0.87,0.58,0.62,2.8,11.9,5.2,-4.7,32.97,35.0
124,2024-01-02 04:30,正常,2.6,2.9,286,284,88,119,4.8,0.77,0.84,0.54,0.53,2.2,12.0,5.2,-4.8,33.03,35.03
125,2024-01-02 04:40,电路断开频率过高故障,2.7,2.3,289,203,83,135,3.3,0.75,0.84,0.57,0.57,1.5,12.1,4.9,-4.6,32.96,35.04
126,2024-01-02 04:50,正常,2.8,2.8,259,206,77,107,4.8,0.71,0.86,0.57,0.56,1.2,12.0,5.0,-4.7,33.03,35.01
127,2024-01-02 05:00,正常,2.6,2.6,204,211,83,118,3.6,0.75,0.84,0.54,0.54,1.8,12.1,4.9,-4.6,33.04,34.95
128,2024-01-02 05:10,正常,2.9,2.3,263,250,71,116,5.1,0.77,0.84,0.53,0.55,2.3,12.0,5.0,-4.9,33.02,35.05
129,2024-01-02 05:20,正常,2.4,2.2,285,271,91,106,4.1,0.79,0.86,0.57,0.57,1.4,12.1,5.4,-5.5,33.03,34.97
130,2024-01-02 05:30,正常,2.8,2.2,207,211,70,110,5.1,0.75,0.88,0.58,0.55,2.7,12.1,5.4,-5.1,33.0,35.04
131,2024-01-02 05:40,光电频率过低故障,2.5,2.7,210,278,99,112,3.8,0.74,0.85,0.53,0.52,0.1,12.0,4.7,-4.7,33.04,35.0
132,2024-01-02 05:50,正常,2.7,2.3,232,239,83,121,4.4,0.7,0.88,0.58,0.54,2.5,11.9,4.9,-4.8,33.03,35.0
133,2024-01-02 06:00,正常,2.4,2.3,269,206,92,113,4.7,0.79,0.85,0.58,0.56,1.0,12.0,4.8,-5.2,33.0,34.95
134,2024-01-02 06:10,光电频率过高故障,2.7,2.0,214,290,78,121,4.6,0.77,0.82,0.55,0.53,3.5,12.0,4.7,-4.8,32.95,35.03
135,2024-01-02 06:20,系统识别电压过低故障,2.6,2.9,209,243,70,121,3.6,0.71,0.87,0.55,0.55,2.5,11.8,5.0,-4.9,33.04,35.03
136,2024-01-02 06:30,正常,2.2,2.9,250,222,70,115,5.2,0.71,0.87,0.53,0.53,2.9,12.1,5.0,-4.9,32.96,35.01
137,2024-01-02 06:40,正常,2.5,2.0,287,223,73,100,4.2,0.77,0.82,0.52,0.57,1.4,12.0,5.3,-5.2,33.02,35.0
138,2024-01-02 06:50,正常,2.2,2.2,219,278,77,120,5.1,0.71,0.85,0.55,0.56,1.9,12.0,4.7,-4.8,33.04,34.98
139,2024-01-02 07:00,正常,2.8,2.7,255,249,98,125,4.1,0.79,0.88,0.54,0.55,2.5,11.9,5.0,-5.3,33.0,34.98
140,2024-01-02 07:10,第三脉冲时间过短故障,2.8,2.1,217,232,87,117,3.4,0.75,0.86,0.54,0.5,2.9,11.9,5.3,-4.6,32.98,35.02
141,2024-01-02 07:20,第三脉冲时间过短故障,2.6,2.3,235,203,76,124,3.4,0.79,0.88,0.57,0.5,1.7,12.1,5.3,-5.2,33.04,34.98
142,2024-01-02 07:30,模式2脉宽过长故障,2.5,2.6,216,230,97,129,4.4,0.71,0.87,0.53,0.56,2.2,12.0,5.2,-5.1,32.96,35.06
143,2024-01-02 07:40,正常,2.4,2.5,218,221,90,110,3.8,0.79,0.84,0.57,0.56,1.1,11.9,4.6,-4.9,33.03,34.96
144,2024-01-02 07:50,正常,2.8,2.6,229,214,86,126,4.3,0.71,0.85,0.52,0.57,1.3,11.9,5.4,-5.3,32.97,35.03
145,2024-01-02 08:00,正常,2.2,2.7,221,270,75,101,3.7,0.78,0.85,0.57,0.54,2.9,11.9,4.8,-5.3,33.0,35.04
146,2024-01-02 08:10,正常,2.4,2.6,239,282,91,124,5.0,0.73,0.87,0.54,0.58,2.9,12.1,4.9,-5.3,33.0,34.97
147,2024-01-02 08:20,正常,2.4,2.8,204,260,80,119,4.3,0.75,0.85,0.57,0.57,2.6,12.0,5.2,-4.9,32.95,34.97
148,2024-01-02 08:30,正常,2.3,2.5,281,217,94,119,3.3,0.72,0.85,0.57,0.53,1.5,11.9,5.4,-5.5,33.01,35.04
149,2024-01-02 08:40,正常,2.8,2.6,239,289,86,108,4.5,0.74,0.85,0.55,0.58,1.9,12.0,5.0,-4.9,32.96,34.96
150,2024-01-02 08:50,电路断开时间超标故障,2.5,2.5,221,230,75,111,6.7,0.72,0.85,0.57,0.52,2.4,11.9,4.6,-4.5,33.05,34.98
151,2024-01-02 09:00,模式2电平过低故障,2.8,2.8,215,280,79,129,3.3,0.73,0.86,0.53,0.56,1.8,12.0,5.2,-6.1,32.98,34.99
152,2024-01-02 09:10,正常,2.2,2.8,242,251,99,120,5.3,0.77,0.86,0.56,0.57,1.1,11.9,4.6,-5.4,32.97,34.97
153,2024-01-02 09:20,正常,2.8,2.7,284,254,81,128,4.0,0.71,0.86,0.55,0.57,1.1,12.0,5.3,-5.0,33.05,35.04
154,2024-01-02 09:30,模式1脉宽过长故障,2.6,2.1,255,224,95,122,3.5,0.79,0.86,0.53,0.57,1.6,12.1,5.2,-5.4,33.09,35.05
155,2024-01-02 09:40,系统识别电压过高故障,2.7,2.1,216,257,79,126,4.4,0.71,0.87,0.55,0.55,1.4,12.5,5.1,-4.5,32.97,35.04
156,2024-01-02 09:50,正常,2.3,2.4,240,246,89,124,4.3,0.76,0.87,0.56,0.55,2.5,12.1,5.4,-5.3,33.04,34.99
157,2024-01-02 10:00,正常,2.3,2.9,253,287,84,127,5.2,0.73,0.82,0.55,0.55,2.6,12.0,5.3,-5.2,33.04,35.01
158,2024-01-02 10:10,第一脉冲时间过长故障,2.1,2.5,228,286,70,126,4.0,0.76,0.91,0.53,0.56,1.6,12.1,4.8,-4.6,32.98,34.97
159,2024-01-02 10:20,电路断开频率过低故障,2.3,2.5,286,239,83,93,3.3,0.79,0.82,0.53,0.56,1.6,12.0,4.7,-4.5,33.0,35.03
160,2024-01-02 10:30,正常,2.1,2.8,240,275,99,104,4.9,0.71,0.84,0.56,0.53,1.7,11.9,5.3,-5.0,33.03,35.0
161,2024-01-02 10:40,正常,2.1,2.6,216,233,84,105,3.6,0.8,0.88,0.57,0.54,1.6,11.9,5.4,-5.0,33.03,35.01
162,2024-01-02 10:50,正常,2.4,2.5,253,216,86,108,4.8,0.77,0.86,0.55,0.54,1.2,12.0,4.6,-5.0,33.03,34.97
163,2024-01-02 11:00,系统识别电压过低故障,2.0,2.0,211,277,76,101,4.5,0.76,0.87,0.53,0.53,2.9,11.5,4.8,-4.8,32.99,35.05
164,2024-01-02 11:10,正常,2.4,2.8,221,252,98,118,3.7,0.71,0.85,0.54,0.57,1.5,12.0,4.7,-5.0,32.99,35.05
165,2024-01-02 11:20,模式2脉宽过短故障,2.7,2.1,210,281,79,107,4.0,0.76,0.87,0.54,0.55,1.9,12.1,5.3,-4.7,32.99,34.86
166,2024-01-02 11:30,指令判断时间过长故障,2.1,2.4,206,266,82,106,4.7,0.86,0.83,0.56,0.58,1.6,12.0,5.0,-5.4,32.97,35.05
167,2024-01-02 11:40,正常,2.6,2.2,288,267,78,100,4.8,0.8,0.82,0.55,0.58,2.3,12.1,4.9,-5.1,32.99,35.02
168,2024-01-02 11:50,电路断开频率过高故障,2.5,2.4,259,227,79,143,4.7,0.76,0.86,0.58,0.57,1.1,12.1,5.2,-4.6,33.03,34.98
169,2024-01-02 12:00,正常,2.8,2.9,289,230,86,103,3.8,0.76,0.86,0.57,0.58,2.1,12.0,4.7,-5.1,32.96,35.04
170,2024-01-02 12:10,指令判断时间过短故障,2.5,2.4,206,240,74,106,4.7,0.68,0.84,0.53,0.58,1.7,11.9,5.0,-4.7,32.96,35.02
171,2024-01-02 12:20,模式1脉宽过长故障,2.6,2.3,209,238,86,122,4.1,0.74,0.85,0.56,0.56,1.6,12.0,4.8,-4.6,33.07,35.01
172,2024-01-02 12:30,正常,2.7,2.5,218,279,94,122,3.2,0.8,0.85,0.53,0.57,1.1,11.9,5.3,-5.2,32.98,34.98
173,2024-01-02 12:40,正常,2.3,2.9,207,228,84,121,4.1,0.72,0.86,0.55,0.53,2.3,12.0,4.8,-5.5,33.04,35.04
174,2024-01-02 12:50,正常,2.2,2.5,262,218,93,130,4.3,0.77,0.83,0.54,0.54,3.0,12.0,5.1,-5.0,33.03,35.01
175,2024-01-02 13:00,第一脉冲时间过长故障,2.8,2.3,213,206,83,125,4.6,0.76,0.91,0.57,0.53,2.0,11.9,4.9,-5.5,32.96,35.04
176,2024-01-02 13:10,正常,2.6,2.7,268,228,75,102,3.7,0.78,0.85,0.56,0.58,1.7,12.1,5.4,-4.8,33.01,35.02
177,2024-01-02 13:20,正常,2.3,2.3,220,264,99,124,4.1,0.71,0.87,0.53,0.53,2.0,12.1,5.3,-5.4,33.05,35.03
178,2024-01-02 13:30,正常,2.9,2.6,270,240,90,129,4.8,0.76,0.86,0.55,0.57,1.2,11.9,5.0,-5.0,33.0,34.98
179,2024-01-02 13:40,正常,2.6,2.6,229,232,95,102,4.1,0.76,0.85,0.55,0.56,2.6,12.0,4.9,-5.0,33.02,34.97
180,2024-01-02 13:50,正常,2.0,2.2,216,285,99,121,3.6,0.76,0.83,0.57,0.54,1.6,12.0,4.5,-5.2,32.99,34.95
181,2024-01-02 14:00,正常,2.3,2.1,237,243,86,114,4.3,0.75,0.87,0.58,0.57,2.9,12.1,5.1,-4.8,33.05,35.0
182,2024-01-02 14:10,正常,2.5,2.6,201,240,80,108,4.3,0.73,0.85,0.55,0.56,1.8,12.1,4.6,-4.9,33.04,35.03
183,2024-01-02 14:20,正常,2.7,2.0,227,287,83,120,4.2,0.75,0.87,0.56,0.55,2.9,12.0,5.4,-5.3,32.98,35.04
184,2024-01-02 14:30,正常,2.7,2.6,202,263,81,109,3.2,0.78,0.88,0.52,0.55,2.2,11.9,4.8,-4.9,33.04,34.97
185,2024-01-02 14:40,正常,2.1,2.6,241,262,84,112,4.3,0.78,0.83,0.53,0.53,1.7,12.1,5.2,-4.9,32.97,35.04
186,2024-01-02 14:50,模式1电平过低故障,2.6,2.3,226,237,73,106,3.8,0.77,0.83,0.53,0.57,1.0,12.0,3.9,-5.3,33.0,35.02
187,2024-01-02 15:00,正常,2.7,2.3,217,228,79,100,4.0,0.74,0.83,0.57,0.57,1.8,12.0,5.1,-5.2,33.0,35.02
188,2024-01-02 15:10,正常,2.8,2.1,247,220,98,112,4.4,0.77,0.83,0.53,0.55,1.6,12.0,4.8,-4.6,32.97,35.04
189,2024-01-02 15:20,正常,2.5,2.3,278,254,89,107,3.3,0.73,0.86,0.56,0.57,3.0,12.0,5.3,-4.8,32.99,35.02
190,2024-01-02 15:30,正常,2.3,2.6,207,272,92,104,3.9,0.73,0.86,0.54,0.56,1.5,11.9,5.3,-4.7,32.99,35.02
191,2024-01-02 15:40,模式2电平过高故障,2.4,2.2,209,237,70,128,5.1,0.78,0.82,0.57,0.57,2.6,12.0,4.9,-4.2,32.98,35.01
192,2024-01-02 15:50,正常,2.8,2.7,217,206,88,115,3.4,0.74,0.87,0.54,0.54,1.1,12.1,4.9,-5.5,32.99,35.04
193,2024-01-02 16:00,模式1电平过低故障,2.8,2.6,201,219,98,112,3.5,0.72,0.83,0.53,0.54,1.7,12.0,4.2,-5.5,32.96,35.0
194,2024-01-02 16:10,正常,2.6,2.0,234,229,76,117,4.5,0.72,0.87,0.55,0.55,2.0,12.0,5.1,-4.6,32.96,34.95
195,2024-01-02 16:20,正常,2.8,2.6,278,276,70,103,3.6,0.75,0.82,0.53,0.55,1.8,12.0,4.8,-4.8,32.96,35.05
196,2024-01-02 16:30,正常,2.3,2.4,287,283,81,118,5.4,0.76,0.88,0.54,0.54,2.5,12.0,5.2,-5.5,32.99,35.05
197,2024-01-02 16:40,正常,2.4,2.6,247,225,88,110,4.3,0.8,0.85,0.55,0.52,1.5,12.0,5.5,-5.3,33.01,34.96
198,2024-01-02 16:50,正常,2.6,2.8,252,206,93,130,5.5,0.71,0.82,0.53,0.54,2.7,12.0,4.8,-4.7,32.96,35.0
199,2024-01-02 17:00,+24V稳定电流超标故障,2.2,2.5,390,288,80,110,4.5,0.75,0.83,0.56,0.54,1.8,12.0,4.7,-5.1,33.0,35.03
200,2024-01-02 17:10,正常,2.6,2.1,267,280,94,116,3.3,0.74,0.85,0.55,0.58,1.5,12.1,5.4,-5.1,32.96,34.96
201,2024-01-02 17:20,正常,2.7,2.1,284,284,98,123,5.2,0.74,0.82,0.55,0.55,1.7,12.1,5.0,-5.3,32.97,34.95
202,2024-01-02 17:30,正常,2.2,2.6,281,273,88,118,3.4,0.74,0.85,0.57,0.53,2.0,12.1,5.3,-5.1,33.03,35.04
203,2024-01-02 17:40,光电频率过高故障,2.4,2.3,248,286,82,123,5.2,0.8,0.83,0.55,0.55,3.7,12.1,5.4,-4.9,32.99,34.96
204,2024-01-02 17:50,模式1脉宽过短故障,2.3,2.8,269,207,82,116,4.7,0.73,0.86,0.55,0.55,2.0,12.1,5.4,-5.4,32.92,35.01
205,2024-01-02 18:00,正常,2.1,2.7,225,286,93,120,5.3,0.77,0.86,0.55,0.56,1.8,12.1,4.9,-4.8,32.99,34.98
206,2024-01-02 18:10,正常,2.0,2.3,230,215,85,101,3.4,0.73,0.84,0.57,0.52,2.7,11.9,5.2,-4.6,33.01,35.02
207,2024-01-02 18:20,正常,2.8,2.4,267,229,78,115,4.6,0.71,0.87,0.52,0.54,2.6,12.1,5.3,-5.0,32.98,35.02
208,2024-01-02 18:30,正常,2.7,2.5,211,221,87,110,4.7,0.72,0.86,0.56,0.57,3.0,12.1,4.7,-4.9,33.05,35.03
209,2024-01-02 18:40,模式2脉宽过长故障,2.9,2.6,242,242,97,107,3.4,0.72,0.87,0.56,0.57,1.4,12.0,4.7,-4.9,33.01,35.07
210,2024-01-02 18:50,正常,2.0,2.5,243,264,75,119,3.5,0.7,0.87,0.55,0.57,2.4,12.0,5.2,-5.2,33.04,34.97
211,2024-01-02 19:00,正常,2.5,2.4,278,287,82,121,4.5,0.73,0.84,0.54,0.52,1.5,12.0,4.9,-5.0,32.98,35.01
212,2024-01-02 19:10,正常,2.2,2.5,214,285,74,122,4.4,0.79,0.88,0.57,0.56,2.7,12.1,5.1,-5.2,32.95,34.95
213,2024-01-02 19:20,光电频率过低故障,2.8,2.6,259,274,74,103,4.5,0.7,0.83,0.53,0.55,0.3,11.9,4.7,-5.1,32.96,34.96
214,2024-01-02 19:30,模式2电平过低故障,2.6,2.7,247,228,77,126,3.8,0.77,0.88,0.53,0.56,2.1,11.9,5.1,-5.7,33.05,34.99
215,2024-01-02 19:40,正常,2.6,2.6,258,223,91,128,5.5,0.73,0.83,0.53,0.54,2.7,12.0,4.8,-4.6,32.98,34.98
216,2024-01-02 19:50,正常,2.2,2.4,270,240,74,115,5.0,0.79,0.82,0.57,0.52,1.4,12.0,5.1,-4.9,33.04,35.04
217,2024-01-02 20:00,模式2脉宽过长故障,2.4,2.6,234,201,78,123,5.0,0.77,0.83,0.55,0.54,1.2,12.1,4.6,-4.7,33.01,35.14
218,2024-01-02 20:10,正常,2.8,2.8,221,222,87,124,5.1,0.74,0.87,0.52,0.53,2.8,11.9,5.0,-5.1,33.02,35.02
219,2024-01-02 20:20,正常,2.4,2.3,204,282,92,119,4.3,0.72,0.88,0.53,0.56,2.3,12.0,4.6,-5.2,33.0,35.0
220,2024-01-02 20:30,光电频率过高故障,2.0,2.4,227,234,98,116,3.4,0.78,0.85,0.55,0.54,3.2,12.0,5.2,-4.8,33.0,35.0
221,2024-01-02 20:40,正常,2.3,2.5,232,252,76,102,4.0,0.74,0.87,0.57,0.55,1.3,12.0,4.9,-4.9,32.97,35.03
222,2024-01-02 20:50,正常,2.3,2.7,249,263,94,106,5.1,0.73,0.84,0.56,0.57,1.6,12.0,4.8,-4.8,33.0,35.0
223,2024-01-02 21:00,正常,2.3,2.2,234,253,81,102,4.5,0.75,0.87,0.52,0.53,2.2,12.0,5.2,-5.4,32.99,35.03
224,2024-01-02 21:10,正常,2.1,2.1,232,224,82,128,3.6,0.74,0.85,0.54,0.57,1.8,12.0,5.2,-5.0,33.0,34.98
225,2024-01-02 21:20,正常,2.1,2.1,260,271,88,120,4.5,0.76,0.84,0.52,0.53,1.6,12.1,5.0,-4.6,32.98,35.02
226,2024-01-02 21:30,正常,2.6,2.3,219,278,93,100,4.4,0.79,0.85,0.54,0.54,1.5,12.0,4.7,-4.9,33.0,35.01
227,2024-01-02 21:40,正常,2.9,2.3,232,234,81,124,3.3,0.73,0.82,0.58,0.57,2.6,11.9,5.4,-5.1,33.04,35.03
228,2024-01-02 21:50,正常,2.5,2.2,233,253,70,119,5.4,0.75,0.83,0.53,0.55,2.0,11.9,5.5,-5.5,33.0,34.98
229,2024-01-02 22:00,-24V稳定电流超标故障,2.0,2.4,228,372,71,103,4.5,0.77,0.85,0.52,0.57,1.7,12.1,5.3,-4.6,32.98,34.99
230,2024-01-02 22:10,正常,2.4,2.7,213,227,81,127,3.7,0.77,0.85,0.55,0.57,1.1,12.0,5.3,-5.1,32.96,34.96
231,2024-01-02 22:20,第二脉冲时间过短故障,2.4,2.2,214,262,85,128,3.1,0.72,0.85,0.51,0.55,1.7,12.1,5.1,-4.9,32.95,34.96
232,2024-01-02 22:30,正常,2.2,2.7,247,219,99,110,4.2,0.75,0.83,0.58,0.52,2.2,12.0,5.5,-5.3,32.95,35.02
233,2024-01-02 22:40,正常,2.0,2.8,209,262,92,130,5.2,0.79,0.83,0.53,0.53,2.3,12.1,5.0,-4.9,33.02,35.04
234,2024-01-02 22:50,模式2电平过低故障,2.7,2.5,261,205,97,129,4.2,0.79,0.87,0.56,0.52,2.7,12.0,4.9,-5.7,33.02,34.98
235,2024-01-02 23:00,正常,2.3,2.2,214,239,83,124,4.7,0.73,0.83,0.56,0.57,3.0,12.0,5.0,-5.0,33.0,35.02
236,2024-01-02 23:10,正常,2.1,2.5,227,241,81,113,3.7,0.75,0.86,0.54,0.55,1.1,11.9,5.4,-4.7,33.01,34.98
237,2024-01-02 23:20,正常,2.6,2.7,224,277,71,125,3.1,0.75,0.85,0.55,0.52,1.2,12.0,4.8,-4.7,33.03,35.01
238,2024-01-02 23:30,正常,2.2,2.6,206,286,72,104,4.5,0.75,0.84,0.53,0.55,2.0,12.0,4.9,-5.4,32.96,35.02
239,2024-01-02 23:40,正常,2.8,2.6,245,213,95,101,3.3,0.73,0.83,0.57,0.54,2.8,12.1,4.9,-5.0,33.0,34.98
240,2024-01-02 23:50,正常,2.2,2.6,260,227,85,116,3.4,0.77,0.84,0.55,0.52,1.2,12.0,4.7,-5.2,32.98,35.01
241,2024-01-03 00:00,正常,2.8,2.7,251,288,95,112,5.2,0.72,0.86,0.54,0.54,2.4,11.9,4.8,-5.3,32.97,34.95
242,2024-01-03 00:10,正常,2.2,2.3,264,241,76,121,4.6,0.71,0.83,0.53,0.53,2.8,12.0,4.8,-5.5,32.97,35.03
243,2024-01-03 00:20,正常,2.3,2.0,229,288,90,110,3.9,0.74,0.86,0.58,0.58,1.1,11.9,4.9,-5.5,32.99,35.04
244,2024-01-03 00:30,正常,2.4,2.1,265,287,82,112,3.1,0.8,0.87,0.57,0.52,3.0,11.9,4.7,-5.5,32.97,34.99
245,2024-01-03 00:40,正常,2.5,2.1,244,247,96,122,4.8,0.76,0.85,0.54,0.55,3.0,12.0,4.9,-4.7,33.01,34.97
246,2024-01-03 00:50,正常,2.4,2.1,245,253,75,105,3.5,0.79,0.87,0.55,0.57,1.6,11.9,5.5,-5.3,33.0,35.0
247,2024-01-03 01:00,-24V最大电流超标故障,2.5,3.4,273,284,89,109,4.7,0.78,0.82,0.57,0.56,2.2,12.0,5.4,-4.9,32.97,34.99
248,2024-01-03 01:10,正常,2.5,2.7,263,205,90,130,3.8,0.75,0.85,0.57,0.54,1.4,11.9,5.4,-4.9,33.05,34.97
249,2024-01-03 01:20,正常,2.4,2.6,213,244,82,126,5.2,0.73,0.87,0.56,0.52,1.0,12.0,4.7,-4.5,33.03,35.05
250,2024-01-03 01:30,电路断开频率过高故障,2.9,2.1,207,208,73,133,3.3,0.79,0.87,0.55,0.57,2.3,11.9,4.9,-4.6,33.0,34.99
251,2024-01-03 01:40,正常,2.3,2.3,224,224,84,109,3.3,0.71,0.87,0.54,0.54,1.9,12.0,5.4,-5.2,32.96,34.95
252,2024-01-03 01:50,正常,2.7,2.3,253,218,75,122,3.5,0.72,0.86,0.54,0.56,1.3,11.9,4.8,-5.3,33.05,34.96
253,2024-01-03 02:00,模式1电平过低故障,2.8,2.1,273,239,83,106,4.4,0.78,0.86,0.53,0.57,1.2,12.0,3.8,-4.9,33.04,34.96
254,2024-01-03 02:10,正常,2.1,2.5,262,214,93,124,4.3,0.75,0.87,0.52,0.58,2.5,12.1,5.1,-4.9,32.96,35.03
255,2024-01-03 02:20,第三脉冲时间过短故障,2.8,2.1,208,268,73,126,5.0,0.78,0.84,0.54,0.51,3.0,12.0,5.0,-5.0,33.0,35.01
256,2024-01-03 02:30,正常,2.4,2.8,242,242,86,120,5.1,0.72,0.87,0.55,0.55,2.9,11.9,4.9,-5.2,33.0,35.01
257,2024-01-03 02:40,正常,2.7,2.4,215,247,80,122,4.3,0.79,0.83,0.54,0.58,1.7,12.0,5.2,-4.9,33.0,35.0
258,2024-01-03 02:50,模式2脉宽过短故障,2.7,2.1,274,227,96,102,3.9,0.75,0.86,0.56,0.55,2.0,12.0,4.8,-5.1,33.03,34.93
259,2024-01-03 03:00,正常,2.1,2.0,236,265,91,114,3.5,0.74,0.86,0.54,0.57,1.2,12.0,4.5,-5.3,32.99,34.96
260,2024-01-03 03:10,+24V最大电流超标故障,3.3,2.3,208,241,91,124,3.3,0.73,0.84,0.58,0.52,2.8,11.9,5.3,-4.9,33.0,34.97
261,2024-01-03 03:20,+9V稳定电流超标故障,2.0,2.4,227,221,107,112,4.5,0.75,0.87,0.53,0.54,2.1,12.0,4.6,-4.5,32.97,35.01
262,2024-01-03 03:30,正常,2.7,2.5,213,265,74,107,5.4,0.7,0.88,0.57,0.56,1.8,12.1,4.8,-4.9,32.96,35.01
263,2024-01-03 03:40,正常,2.5,2.1,267,248,81,111,4.8,0.71,0.85,0.55,0.54,2.7,12.1,5.5,-5.5,32.99,35.03
264,2024-01-03 03:50,正常,2.5,2.7,251,200,93,116,5.0,0.7,0.85,0.56,0.52,1.5,12.1,4.7,-4.5,32.96,35.03
265,2024-01-03 04:00,+24V稳定电流超标故障,2.0,2.2,319,254,88,127,5.0,0.72,0.84,0.55,0.54,1.2,11.9,4.9,-4.9,33.01,35.04
266,2024-01-03 04:10,-24V最大电流超标故障,2.1,3.8,269,208,89,112,4.3,0.77,0.85,0.55,0.58,1.2,11.9,4.8,-5.0,33.05,34.98
267,2024-01-03 04:20,正常,2.1,2.6,255,235,82,105,5.4,0.79,0.86,0.57,0.54,2.7,11.9,5.1,-5.3,32.98,34.97
268,2024-01-03 04:30,第二脉冲时间过短故障,2.2,2.8,239,253,95,105,4.5,0.75,0.86,0.49,0.57,2.9,12.1,5.2,-4.7,33.03,34.95
269,2024-01-03 04:40,+24V最大电流超标故障,4.0,2.7,237,239,86,118,4.7,0.71,0.87,0.54,0.53,2.1,12.0,5.3,-4.9,33.03,34.97
270,2024-01-03 04:50,正常,2.7,2.1,286,216,90,103,4.7,0.7,0.83,0.54,0.57,1.9,12.1,5.0,-5.0,32.99,35.0
271,2024-01-03 05:00,第一脉冲时间过短故障,2.5,2.5,262,201,73,127,4.2,0.7,0.8,0.57,0.53,2.8,12.0,4.6,-4.6,33.01,34.97
272,2024-01-03 05:10,正常,2.6,2.7,235,217,96,102,4.1,0.78,0.86,0.53,0.58,2.2,12.0,5.3,-4.8,33.02,34.97
273,2024-01-03 05:20,+24V最大电流超标故障,3.7,2.0,204,229,73,113,4.4,0.7,0.86,0.52,0.56,3.0,12.0,4.5,-5.4,32.95,35.0
274,2024-01-03 05:30,正常,2.4,2.3,289,263,78,127,3.6,0.71,0.82,0.57,0.55,2.6,12.1,5.0,-5.0,33.01,35.01
275,2024-01-03 05:40,正常,2.9,2.5,272,280,86,108,3.7,0.76,0.85,0.54,0.54,2.4,12.0,4.9,-5.1,33.03,34.96
276,2024-01-03 05:50,第三脉冲时间过短故障,2.2,2.2,257,216,92,130,5.5,0.72,0.83,0.56,0.5,1.9,12.1,5.0,-4.7,33.02,34.96
277,2024-01-03 06:00,正常,2.4,2.4,262,284,85,117,3.8,0.72,0.87,0.56,0.54,1.8,11.9,5.2,-4.7,32.95,34.96
278,2024-01-03 06:10,第二脉冲时间过短故障,2.7,2.6,267,204,90,112,4.9,0.71,0.83,0.5,0.56,2.3,11.9,5.3,-4.5,32.97,35.04
279,2024-01-03 06:20,+24V稳定电流超标故障,2.8,2.9,343,280,89,100,4.8,0.8,0.84,0.57,0.53,2.3,12.1,5.5,-5.0,33.02,34.99
280,2024-01-03 06:30,模式1电平过高故障,2.1,2.1,241,240,82,110,3.8,0.71,0.84,0.53,0.55,1.3,11.9,5.9,-5.2,33.01,35.02
281,2024-01-03 06:40,模式2电平过高故障,2.2,2.6,200,229,73,103,4.9,0.75,0.86,0.56,0.58,1.0,12.0,5.5,-4.4,32.96,35.02
282,2024-01-03 06:50,正常,2.6,2.3,251,223,94,104,3.5,0.78,0.85,0.54,0.56,1.3,11.9,4.6,-5.0,32.97,34.96
283,2024-01-03 07:00,正常,2.5,2.7,263,206,74,101,3.7,0.78,0.84,0.55,0.56,2.7,12.1,5.0,-5.1,33.01,34.99
284,2024-01-03 07:10,正常,2.4,2.5,226,255,94,109,3.5,0.76,0.87,0.56,0.54,1.7,12.0,4.8,-5.2,33.03,35.02
285,2024-01-03 07:20,正常,2.6,2.1,232,274,74,129,4.7,0.77,0.83,0.54,0.52,1.9,12.0,5.1,-5.1,33.05,35.04
286,2024-01-03 07:30,正常,2.5,2.4,207,259,85,126,3.3,0.74,0.88,0.53,0.57,2.2,12.1,5.2,-5.2,33.03,35.01
287,2024-01-03 07:40,正常,2.6,2.0,253,263,92,109,3.2,0.73,0.84,0.55,0.54,2.8,12.0,4.9,-4.5,33.05,34.97
288,2024-01-03 07:50,正常,2.2,2.1,213,253,86,105,4.9,0.8,0.84,0.55,0.54,2.2,12.1,5.2,-5.2,33.03,34.97
289,2024-01-03 08:00,正常,2.0,2.2,245,257,81,120,4.1,0.71,0.83,0.54,0.57,1.2,11.9,5.1,-4.9,33.04,34.97
290,2024-01-03 08:10,正常,2.4,2.2,263,208,95,122,3.3,0.77,0.82,0.56,0.56,1.6,12.0,5.4,-5.3,33.01,34.96
291,2024-01-03 08:20,第二脉冲时间过短故障,2.9,2.5,231,238,92,107,4.1,0.71,0.82,0.5,0.57,2.3,12.0,5.3,-5.3,33.05,35.05
292,2024-01-03 08:30,正常,2.3,2.5,281,273,83,120,4.2,0.8,0.84,0.57,0.55,2.0,11.9,4.8,-5.5,33.01,35.05
293,2024-01-03 08:40,正常,2.9,2.3,255,269,93,123,4.3,0.72,0.88,0.54,0.53,2.8,12.0,5.4,-4.6,32.98,35.03
294,2024-01-03 08:50,光电频率过低故障,2.2,2.5,243,287,95,125,3.2,0.72,0.83,0.53,0.56,0.1,12.0,4.7,-5.1,33.0,34.95
295,2024-01-03 09:00,正常,2.9,2.2,247,223,75,116,4.4,0.76,0.82,0.52,0.54,1.1,11.9,5.4,-4.9,32.99,34.97
296,2024-01-03 09:10,模式2脉宽过短故障,2.8,2.9,252,252,74,103,5.5,0.8,0.86,0.55,0.57,1.3,11.9,5.5,-4.6,32.98,34.93
297,2024-01-03 09:20,正常,2.3,2.6,265,268,73,105,3.2,0.71,0.86,0.52,0.55,2.8,12.1,4.9,-5.3,33.02,35.0
298,2024-01-03 09:30,电路断开频率过高故障,2.1,2.6,245,272,76,146,5.2,0.79,0.83,0.54,0.56,3.0,12.1,4.7,-5.0,32.97,34.99
299,2024-01-03 09:40,正常,2.7,2.4,251,258,96,107,3.8,0.75,0.86,0.54,0.56,2.3,12.0,5.2,-4.6,33.03,34.99
300,2024-01-03 09:50,正常,2.8,2.0,288,282,85,127,3.0,0.76,0.85,0.55,0.57,1.4,11.9,4.9,-4.7,32.98,35.03
301,2024-01-03 10:00,正常,2.8,2.6,284,213,90,112,4.0,0.76,0.84,0.56,0.52,1.9,12.1,4.6,-4.9,33.05,34.98
302,2024-01-03 10:10,+24V最大电流超标故障,3.5,2.8,240,256,76,122,3.6,0.76,0.87,0.53,0.52,2.4,12.0,4.8,-5.5,33.0,34.97
303,2024-01-03 10:20,正常,2.6,2.2,214,232,97,117,5.0,0.79,0.87,0.55,0.57,2.3,12.1,5.0,-4.5,32.98,35.04
304,2024-01-03 10:30,正常,2.3,2.8,282,260,81,121,3.9,0.75,0.86,0.55,0.53,1.9,12.0,5.1,-5.2,32.98,35.03
305,2024-01-03 10:40,电路断开时间超标故障,2.6,2.1,239,243,93,111,6.0,0.76,0.87,0.56,0.54,2.3,11.9,5.2,-5.0,32.97,35.01
306,2024-01-03 10:50,正常,2.8,2.4,250,264,88,117,4.9,0.8,0.85,0.54,0.54,2.0,11.9,5.0,-4.6,32.97,34.99
307,2024-01-03 11:00,正常,2.7,2.0,201,231,98,112,4.0,0.76,0.86,0.57,0.54,2.4,12.1,4.8,-4.8,32.97,34.95
308,2024-01-03 11:10,正常,2.1,2.8,203,260,88,126,3.8,0.77,0.85,0.57,0.55,2.0,11.9,5.3,-5.0,32.99,34.99
309,2024-01-03 11:20,模式2脉宽过短故障,2.7,2.7,289,258,77,115,3.5,0.73,0.83,0.57,0.54,1.9,11.9,4.6,-4.9,33.01,34.92
310,2024-01-03 11:30,第三脉冲时间过长故障,2.2,2.5,230,271,82,124,3.9,0.71,0.85,0.57,0.6,1.4,11.9,4.7,-4.8,33.02,35.0
311,2024-01-03 11:40,+9V稳定电流超标故障,2.6,2.5,214,232,127,102,3.2,0.77,0.82,0.55,0.56,2.5,12.0,5.3,-4.6,32.98,34.96
312,2024-01-03 11:50,正常,2.5,2.6,257,260,89,111,3.0,0.79,0.87,0.53,0.57,2.7,12.0,4.7,-5.2,33.0,35.04
313,2024-01-03 12:00,正常,2.1,2.1,234,218,75,106,3.4,0.8,0.84,0.57,0.56,2.8,12.0,5.3,-5.4,32.96,35.02
314,2024-01-03 12:10,模式2脉宽过长故障,2.7,2.8,275,233,92,107,3.3,0.75,0.86,0.57,0.54,2.9,11.9,4.5,-5.0,32.96,35.11
315,2024-01-03 12:20,+9V稳定电流超标故障,2.3,2.6,270,226,120,120,3.5,0.74,0.86,0.52,0.57,2.6,12.1,5.2,-5.1,33.02,34.96
316,2024-01-03 12:30,模式1电平过高故障,2.2,2.1,211,271,81,128,3.8,0.8,0.82,0.53,0.52,1.6,12.0,6.0,-4.5,33.04,35.03
317,2024-01-03 12:40,正常,2.2,2.4,207,222,94,112,5.2,0.74,0.84,0.57,0.56,1.3,12.0,4.6,-5.1,32.99,35.04
318,2024-01-03 12:50,正常,2.3,2.5,277,246,75,125,4.5,0.78,0.83,0.52,0.58,2.1,12.1,5.1,-4.6,33.04,35.03
319,2024-01-03 13:00,正常,2.2,2.3,257,233,82,113,3.1,0.77,0.83,0.52,0.53,2.2,12.0,4.8,-5.3,33.04,35.01
320,2024-01-03 13:10,电路断开时间超标故障,2.1,2.6,260,226,80,108,5.9,0.71,0.86,0.56,0.55,2.9,12.1,5.0,-4.9,33.0,34.99
321,2024-01-03 13:20,正常,2.2,2.8,242,233,70,130,4.7,0.72,0.85,0.54,0.53,2.9,12.0,5.5,-5.0,32.98,34.96
322,2024-01-03 13:30,模式2脉宽过短故障,2.5,2.2,288,205,85,110,5.3,0.71,0.87,0.58,0.54,2.1,11.9,4.7,-4.7,33.02,34.89
323,2024-01-03 13:40,模式2电平过高故障,2.0,2.8,279,204,73,124,3.2,0.73,0.86,0.56,0.56,1.8,12.0,4.7,-4.3,32.98,34.99
324,2024-01-03 13:50,正常,2.8,2.6,245,269,99,129,3.3,0.76,0.85,0.53,0.57,1.8,12.0,4.9,-5.4,32.99,34.96
325,2024-01-03 14:00,模式1电平过低故障,2.3,2.1,283,253,90,126,3.1,0.79,0.85,0.54,0.54,2.3,12.0,4.3,-5.4,32.97,35.0
326,2024-01-03 14:10,正常,2.3,2.2,204,238,84,130,3.8,0.72,0.85,0.52,0.56,1.9,12.1,5.1,-4.9,32.97,34.98
327,2024-01-03 14:20,正常,2.6,2.8,245,270,76,102,4.0,0.79,0.86,0.55,0.57,1.1,12.0,4.6,-4.8,32.97,35.02
328,2024-01-03 14:30,正常,2.6,2.4,223,226,97,123,4.1,0.7,0.86,0.54,0.57,2.0,12.1,5.2,-5.4,33.01,35.03
329,2024-01-03 14:40,正常,2.3,2.4,252,205,82,110,3.1,0.75,0.87,0.58,0.52,1.2,12.0,5.3,-4.9,32.97,34.99
330,2024-01-03 14:50,正常,2.2,2.3,211,215,90,110,4.3,0.8,0.87,0.57,0.56,1.1,12.0,5.1,-4.7,32.99,35.0
331,2024-01-03 15:00,正常,2.2,2.7,255,247,97,117,4.4,0.71,0.87,0.53,0.54,1.2,12.1,4.5,-4.9,32.99,35.0
332,2024-01-03 15:10,正常,2.6,2.6,235,285,83,118,4.9,0.73,0.85,0.57,0.53,1.5,12.0,5.4,-5.3,33.02,34.97
333,2024-01-03 15:20,指令判断时间过短故障,2.8,2.5,217,221,71,113,4.5,0.66,0.84,0.52,0.56,1.3,12.0,5.3,-4.8,32.98,35.02
334,2024-01-03 15:30,正常,2.2,2.7,249,274,72,119,4.6,0.71,0.83,0.56,0.57,1.8,11.9,5.2,-5.1,33.0,34.97
335,2024-01-03 15:40,模式2电平过高故障,2.3,2.1,246,263,75,130,4.6,0.76,0.85,0.52,0.53,2.7,12.0,4.8,-4.1,32.96,34.98
336,2024-01-03 15:50,指令判断时间过长故障,2.2,2.5,281,228,78,124,4.7,0.87,0.87,0.55,0.53,2.4,12.0,5.5,-5.0,32.96,35.01
337,2024-01-03 16:00,正常,2.8,2.4,270,249,97,105,4.9,0.8,0.84,0.54,0.57,1.0,12.1,4.7,-5.5,33.01,35.01
338,2024-01-03 16:10,-24V最大电流超标故障,2.7,3.2,205,260,93,113,3.8,0.74,0.84,0.58,0.54,1.6,12.0,4.7,-5.5,32.99,35.0
339,2024-01-03 16:20,正常,2.6,2.2,241,229,91,125,3.9,0.72,0.84,0.56,0.57,1.8,12.0,4.7,-4.8,32.96,34.99
340,2024-01-03 16:30,模式2电平过低故障,2.1,2.2,257,280,98,117,4.1,0.77,0.86,0.53,0.55,1.8,12.0,4.6,-5.8,32.99,34.96
341,2024-01-03 16:40,正常,2.3,2.3,200,274,81,105,3.7,0.71,0.87,0.53,0.57,2.1,11.9,5.4,-4.9,32.99,35.02
342,2024-01-03 16:50,光电频率过低故障,2.5,2.7,202,272,87,121,4.0,0.71,0.83,0.55,0.57,0.3,12.0,5.4,-5.3,33.05,35.01
343,2024-01-03 17:00,正常,2.8,2.3,214,275,93,113,4.9,0.77,0.84,0.56,0.54,2.6,12.0,5.2,-4.9,32.97,34.98
344,2024-01-03 17:10,正常,2.3,2.1,258,278,90,103,4.7,0.73,0.83,0.52,0.53,1.5,12.0,4.6,-5.3,33.05,34.98
345,2024-01-03 17:20,模式1脉宽过长故障,2.9,2.9,261,240,73,127,4.7,0.76,0.83,0.57,0.52,2.5,12.0,4.6,-4.6,33.13,35.01
346,2024-01-03 17:30,正常,2.3,2.7,247,218,80,108,3.4,0.76,0.85,0.57,0.55,2.1,12.1,4.8,-5.2,32.99,34.95
347,2024-01-03 17:40,模式1电平过低故障,2.8,2.5,225,242,76,101,3.4,0.8,0.84,0.55,0.56,1.4,12.0,4.1,-5.4,33.0,34.96
348,2024-01-03 17:50,+24V稳定电流超标故障,2.7,2.2,318,202,99,113,3.7,0.77,0.83,0.54,0.53,2.7,11.9,4.8,-5.3,32.98,35.02
349,2024-01-03 18:00,-24V最大电流超标故障,2.5,3.2,253,268,90,124,5.5,0.72,0.83,0.56,0.53,1.7,12.0,4.9,-5.3,33.04,35.01
350,2024-01-03 18:10,正常,2.2,2.1,226,203,71,130,4.3,0.73,0.82,0.56,0.54,2.2,12.0,5.2,-5.3,32.96,35.03
351,2024-01-03 18:20,模式1电平过低故障,2.1,2.8,224,246,72,120,4.0,0.79,0.84,0.58,0.55,1.7,11.9,3.9,-5.5,32.97,35.02
352,2024-01-03 18:30,正常,2.4,2.6,228,209,88,126,4.9,0.75,0.85,0.55,0.54,2.4,12.1,4.8,-5.3,32.99,35.02
353,2024-01-03 18:40,正常,2.1,2.7,269,269,93,115,4.7,0.77,0.83,0.53,0.58,2.0,11.9,5.4,-4.5,33.04,34.97
354,2024-01-03 18:50,电路断开频率过低故障,2.9,2.6,249,286,99,93,3.9,0.72,0.86,0.55,0.52,2.3,11.9,4.6,-5.2,33.02,34.99
355,2024-01-03 19:00,正常,2.8,2.4,283,216,87,127,3.2,0.79,0.87,0.55,0.55,2.9,12.1,4.8,-4.7,33.02,34.97
356,2024-01-03 19:10,正常,2.9,2.2,244,238,74,113,3.5,0.76,0.83,0.56,0.58,2.6,12.0,4.7,-4.6,32.97,34.96
357,2024-01-03 19:20,第一脉冲时间过长故障,2.2,2.3,231,225,73,101,3.0,0.74,0.89,0.55,0.53,1.1,11.9,4.7,-5.4,33.01,34.99
358,2024-01-03 19:30,第三脉冲时间过长故障,2.6,2.1,262,209,77,109,5.2,0.79,0.85,0.53,0.6,2.3,12.1,5.1,-5.1,33.0,35.0
359,2024-01-03 19:40,第一脉冲时间过长故障,2.0,2.9,262,284,70,120,3.7,0.72,0.9,0.54,0.58,1.0,12.0,5.3,-4.7,32.96,34.95
360,2024-01-03 19:50,第二脉冲时间过长故障,2.0,2.2,276,211,91,112,3.4,0.77,0.83,0.6,0.53,2.5,11.9,4.9,-5.5,33.05,35.04
361,2024-01-03 20:00,正常,2.5,2.7,205,257,85,106,5.1,0.79,0.82,0.54,0.53,2.9,12.0,4.9,-4.6,33.02,35.03
362,2024-01-03 20:10,模式2电平过低故障,2.5,2.3,263,229,80,118,4.9,0.77,0.85,0.57,0.53,2.0,12.1,5.5,-5.9,33.04,34.96
363,2024-01-03 20:20,模式2电平过低故障,2.5,2.4,204,250,80,124,3.4,0.71,0.86,0.54,0.53,2.3,12.0,5.1,-5.6,33.03,35.04
364,2024-01-03 20:30,正常,2.5,2.8,242,265,97,127,5.3,0.75,0.88,0.55,0.57,2.3,11.9,5.1,-5.0,33.0,35.04
365,2024-01-03 20:40,正常,2.9,2.5,249,231,72,112,3.8,0.76,0.84,0.54,0.56,2.1,12.0,5.0,-4.8,32.99,35.04
366,2024-01-03 20:50,光电频率过低故障,2.1,2.8,239,289,92,117,4.7,0.79,0.84,0.56,0.55,0.6,11.9,5.0,-5.0,33.01,35.0
367,2024-01-03 21:00,第三脉冲时间过长故障,2.6,2.9,267,202,81,115,4.5,0.73,0.85,0.54,0.59,2.4,11.9,5.3,-4.8,32.95,35.02
368,2024-01-03 21:10,正常,2.4,2.1,201,281,82,124,3.5,0.72,0.86,0.58,0.57,2.2,12.0,5.5,-4.7,32.97,35.0
369,2024-01-03 21:20,正常,2.2,2.5,276,271,87,106,3.9,0.78,0.82,0.55,0.55,2.6,12.0,5.3,-4.6,32.97,35.0
370,2024-01-03 21:30,正常,2.3,2.2,281,228,97,127,4.3,0.71,0.84,0.54,0.53,2.3,12.0,5.3,-4.5,33.0,34.95
371,2024-01-03 21:40,正常,2.4,2.3,263,224,87,130,3.4,0.73,0.83,0.54,0.56,3.0,12.0,4.8,-5.1,32.98,35.0
372,2024-01-03 21:50,正常,2.2,2.8,255,270,76,113,3.3,0.7,0.87,0.55,0.52,1.2,12.0,4.8,-4.6,33.0,35.03
373,2024-01-03 22:00,第二脉冲时间过短故障,2.3,2.8,212,283,86,128,4.4,0.79,0.86,0.51,0.57,1.7,12.0,4.7,-5.4,32.99,35.04
374,2024-01-03 22:10,正常,2.7,2.6,214,274,86,126,4.3,0.78,0.84,0.54,0.53,2.5,12.0,4.7,-5.4,33.02,34.98
375,2024-01-03 22:20,模式1电平过低故障,2.3,2.9,231,225,71,124,5.0,0.76,0.82,0.52,0.58,2.8,12.0,4.2,-4.7,33.03,34.98
376,2024-01-03 22:30,光电频率过高故障,2.3,2.8,215,255,86,100,5.0,0.76,0.87,0.54,0.56,3.6,11.9,4.5,-5.3,33.03,35.05
377,2024-01-03 22:40,正常,2.3,2.4,260,221,94,106,3.9,0.7,0.87,0.56,0.52,1.6,12.1,5.3,-5.3,32.97,35.01
378,2024-01-03 22:50,正常,2.7,2.1,235,288,88,121,3.2,0.71,0.83,0.55,0.53,1.0,11.9,4.8,-4.6,32.97,34.97
379,2024-01-03 23:00,第一脉冲时间过短故障,2.9,2.6,260,227,86,115,4.7,0.77,0.79,0.54,0.58,1.4,12.1,4.8,-4.7,32.96,34.98
380,2024-01-03 23:10,正常,2.3,2.6,201,264,74,119,5.1,0.71,0.85,0.53,0.57,2.0,12.0,5.2,-4.8,32.98,35.04
381,2024-01-03 23:20,正常,2.1,2.5,289,272,80,124,5.0,0.75,0.83,0.57,0.52,3.0,12.1,5.1,-4.6,32.97,35.01
382,2024-01-03 23:30,+9V稳定电流超标故障,2.1,2.5,243,258,105,126,4.5,0.73,0.85,0.52,0.53,1.7,11.9,5.1,-5.2,33.04,34.98
383,2024-01-03 23:40,正常,2.3,2.3,213,271,83,123,5.2,0.74,0.88,0.55,0.54,1.9,12.0,5.3,-5.2,32.99,35.0
384,2024-01-03 23:50,正常,2.4,2.5,283,284,79,119,4.0,0.75,0.88,0.57,0.56,2.8,11.9,4.9,-4.8,33.0,35.01
385,2024-01-04 00:00,正常,2.1,2.4,245,205,93,125,4.5,0.7,0.84,0.56,0.57,2.8,12.1,4.7,-4.5,33.02,34.96
386,2024-01-04 00:10,正常,2.5,2.2,231,201,87,119,3.5,0.74,0.85,0.54,0.57,2.0,12.0,5.1,-4.6,32.96,35.0
387,2024-01-04 00:20,正常,2.7,2.9,289,259,89,121,3.5,0.71,0.86,0.53,0.55,2.6,12.0,4.9,-5.1,32.98,35.03
388,2024-01-04 00:30,模式2电平过低故障,2.7,2.3,232,271,85,128,3.7,0.76,0.83,0.55,0.53,2.0,12.0,5.4,-6.2,33.05,34.97
389,2024-01-04 00:40,电路断开频率过低故障,2.6,2.2,222,286,81,91,5.5,0.73,0.87,0.56,0.54,2.4,11.9,5.3,-4.5,32.99,34.98
390,2024-01-04 00:50,正常,2.6,2.7,253,217,74,129,3.2,0.72,0.87,0.53,0.52,1.5,12.1,5.4,-5.4,33.03,34.97
391,2024-01-04 01:00,正常,2.7,2.6,289,266,72,108,4.8,0.78,0.82,0.52,0.56,1.2,12.1,5.3,-5.1,33.03,34.99
392,2024-01-04 01:10,模式1电平过低故障,2.3,2.0,245,233,88,130,5.0,0.76,0.87,0.54,0.55,1.1,12.0,4.0,-4.9,33.02,34.95
393,2024-01-04 01:20,正常,2.4,2.7,225,258,73,122,3.2,0.71,0.87,0.56,0.52,1.3,12.0,5.5,-5.5,33.03,35.03
394,2024-01-04 01:30,正常,2.7,2.7,227,281,94,126,4.9,0.77,0.83,0.54,0.58,2.2,12.1,4.8,-4.6,32.97,35.04
395,2024-01-04 01:40,第二脉冲时间过长故障,2.7,2.2,289,247,94,114,4.0,0.74,0.86,0.61,0.54,1.3,12.1,5.3,-5.3,33.04,35.02
396,2024-01-04 01:50,模式1电平过高故障,2.4,2.5,250,256,87,126,3.4,0.72,0.85,0.53,0.54,1.6,11.9,5.6,-5.1,32.98,34.96
397,2024-01-04 02:00,正常,2.7,2.4,274,240,97,119,4.7,0.71,0.86,0.53,0.55,2.9,11.9,5.3,-4.6,33.01,35.03
398,2024-01-04 02:10,正常,2.3,2.8,280,284,74,122,5.4,0.79,0.84,0.54,0.58,2.1,12.1,5.2,-5.1,33.01,35.02
399,2024-01-04 02:20,正常,2.4,2.8,237,273,93,114,5.3,0.7,0.83,0.54,0.58,2.0,11.9,4.6,-5.3,32.97,34.98
400,2024-01-04 02:30,正常,2.4,2.4,271,216,86,130,3.2,0.76,0.84,0.57,0.56,2.2,12.1,4.6,-4.6,32.99,35.02
401,2024-01-04 02:40,电路断开频率过低故障,2.4,2.2,202,248,79,92,4.4,0.73,0.83,0.53,0.57,1.4,12.0,4.7,-4.7,33.02,35.04
402,2024-01-04 02:50,正常,2.1,2.8,237,224,75,108,4.6,0.78,0.84,0.53,0.58,1.2,12.0,5.1,-4.7,32.97,34.97
403,2024-01-04 03:00,正常,2.8,2.3,260,203,91,111,4.3,0.73,0.82,0.54,0.57,1.9,12.0,5.2,-4.8,32.97,35.03
404,2024-01-04 03:10,第二脉冲时间过长故障,2.4,2.7,274,228,70,118,3.2,0.71,0.82,0.61,0.56,1.4,12.0,4.8,-5.5,32.96,35.05
405,2024-01-04 03:20,正常,2.5,2.1,208,241,80,124,3.4,0.73,0.85,0.58,0.57,2.4,12.1,4.5,-4.8,32.95,35.01
406,2024-01-04 03:30,正常,2.0,2.6,232,249,70,106,4.8,0.76,0.83,0.56,0.53,1.4,12.1,5.3,-5.0,32.95,34.98
407,2024-01-04 03:40,正常,2.1,2.7,231,211,99,114,4.4,0.7,0.84,0.55,0.58,2.0,12.0,5.0,-5.4,33.0,35.03
408,2024-01-04 03:50,+9V稳定电流超标故障,2.2,2.2,280,208,134,116,4.0,0.79,0.83,0.54,0.54,1.7,12.0,5.5,-5.1,33.04,34.99
409,2024-01-04 04:00,第一脉冲时间过短故障,2.0,2.7,281,266,86,119,4.6,0.76,0.8,0.57,0.56,2.8,12.0,4.5,-4.7,32.99,34.96
410,2024-01-04 04:10,正常,2.1,2.7,208,210,85,112,5.1,0.74,0.85,0.52,0.57,3.0,11.9,5.3,-5.3,33.02,35.01
411,2024-01-04 04:20,正常,2.3,2.5,242,235,98,108,3.6,0.74,0.87,0.54,0.55,1.0,11.9,4.8,-5.1,32.99,35.03
412,2024-01-04 04:30,正常,2.6,2.6,287,213,92,125,4.8,0.71,0.86,0.57,0.57,2.8,11.9,5.0,-5.4,32.98,35.01
413,2024-01-04 04:40,模式1脉宽过长故障,2.7,2.2,239,261,80,110,4.8,0.76,0.83,0.57,0.56,2.2,12.1,4.8,-4.9,33.12,34.98
414,2024-01-04 04:50,正常,2.4,2.6,275,202,86,109,3.8,0.71,0.83,0.54,0.53,1.7,12.0,5.3,-5.0,33.03,34.97
415,2024-01-04 05:00,正常,2.6,2.6,259,220,85,128,4.7,0.78,0.83,0.58,0.57,2.8,12.1,5.3,-4.8,32.99,35.04
416,2024-01-04 05:10,模式1电平过高故障,2.6,2.3,238,287,81,104,4.3,0.72,0.85,0.55,0.54,1.5,11.9,5.8,-4.9,32.96,34.97
417,2024-01-04 05:20,正常,2.5,2.7,233,217,78,111,5.3,0.78,0.85,0.54,0.52,2.5,11.9,4.6,-5.3,33.01,34.99
418,2024-01-04 05:30,正常,2.1,2.3,233,230,91,115,4.7,0.78,0.82,0.53,0.57,2.8,11.9,4.8,-5.3,33.01,35.02
419,2024-01-04 05:40,第二脉冲时间过长故障,2.6,2.7,242,280,96,116,3.2,0.77,0.86,0.61,0.55,2.1,12.1,5.5,-4.8,32.98,35.03
420,2024-01-04 05:50,正常,2.6,2.2,259,251,79,108,5.2,0.78,0.85,0.58,0.55,2.0,12.0,4.6,-4.6,32.99,35.03
421,2024-01-04 06:00,+9V稳定电流超标故障,2.6,2.2,221,232,139,108,3.2,0.77,0.87,0.53,0.52,1.7,12.0,4.7,-5.0,33.05,35.05
422,2024-01-04 06:10,正常,2.4,2.8,238,238,81,117,4.7,0.72,0.87,0.58,0.57,1.9,11.9,5.0,-5.3,32.95,35.01
423,2024-01-04 06:20,正常,2.4,2.3,217,229,70,118,4.6,0.76,0.82,0.56,0.58,1.4,12.0,4.9,-4.5,32.98,35.04
424,2024-01-04 06:30,光电频率过低故障,2.6,2.5,216,227,73,114,4.9,0.75,0.87,0.52,0.57,0.3,12.0,5.4,-4.9,33.03,34.96
425,2024-01-04 06:40,正常,2.7,2.7,248,250,75,105,4.7,0.77,0.85,0.54,0.58,2.6,11.9,5.2,-5.3,32.95,35.02
426,2024-01-04 06:50,正常,2.7,2.3,245,218,95,107,4.8,0.74,0.86,0.57,0.54,1.6,12.0,5.1,-5.0,33.03,35.02
427,2024-01-04 07:00,指令判断时间过长故障,2.3,2.6,221,271,77,105,5.2,0.86,0.86,0.53,0.56,1.4,11.9,5.4,-4.7,33.04,35.03
428,2024-01-04 07:10,正常,2.3,2.4,271,205,81,100,3.3,0.76,0.88,0.56,0.55,2.4,11.9,5.4,-4.9,33.03,34.96
429,2024-01-04 07:20,正常,2.4,2.7,200,284,78,107,4.6,0.72,0.84,0.54,0.55,2.6,12.0,5.2,-4.5,33.02,35.03
430,2024-01-04 07:30,正常,2.4,2.0,225,284,88,114,3.5,0.72,0.82,0.56,0.54,1.1,11.9,5.5,-4.7,33.02,34.95
431,2024-01-04 07:40,正常,2.2,2.6,286,269,91,109,3.5,0.73,0.87,0.53,0.56,1.9,12.0,5.0,-4.6,33.04,35.0
432,2024-01-04 07:50,正常,2.7,2.0,252,212,89,124,3.6,0.7,0.85,0.54,0.55,1.7,12.0,5.4,-4.7,33.04,35.0
433,2024-01-04 08:00,+24V最大电流超标故障,3.6,2.7,255,285,74,128,4.4,0.72,0.88,0.56,0.57,2.5,12.0,5.3,-5.2,32.99,35.01
434,2024-01-04 08:10,正常,2.6,2.7,235,223,80,109,3.2,0.74,0.87,0.57,0.52,2.0,12.1,4.8,-5.0,33.01,34.98
435,2024-01-04 08:20,+24V稳定电流超标故障,2.9,2.5,388,263,74,116,5.3,0.76,0.85,0.54,0.54,2.3,12.0,5.2,-5.1,33.04,34.99
436,2024-01-04 08:30,模式2脉宽过长故障,2.7,2.7,273,270,88,127,4.3,0.7,0.84,0.53,0.55,1.7,12.0,5.0,-5.4,33.0,35.07
437,2024-01-04 08:40,正常,2.4,2.0,287,281,82,114,4.4,0.8,0.87,0.54,0.56,2.3,12.0,4.8,-4.7,33.0,35.01
438,2024-01-04 08:50,正常,2.5,2.6,285,216,70,126,5.3,0.77,0.86,0.54,0.52,2.5,12.0,4.6,-4.5,33.02,35.02
439,2024-01-04 09:00,正常,2.2,2.8,247,243,80,109,4.9,0.76,0.86,0.57,0.56,1.8,12.0,4.8,-5.0,33.02,34.99
440,2024-01-04 09:10,+24V稳定电流超标故障,2.7,2.3,312,289,86,123,4.4,0.71,0.85,0.52,0.56,2.4,12.1,5.4,-5.0,33.01,35.01
441,2024-01-04 09:20,正常,2.7,2.4,266,285,94,118,5.4,0.74,0.85,0.53,0.53,1.9,12.1,4.6,-4.9,33.01,35.0
442,2024-01-04 09:30,第三脉冲时间过长故障,2.4,2.1,285,203,73,103,5.4,0.76,0.84,0.52,0.6,1.8,11.9,4.8,-5.4,32.95,34.96
443,2024-01-04 09:40,正常,2.4,2.3,272,244,71,109,4.1,0.76,0.86,0.53,0.54,1.9,12.1,5.5,-5.1,32.96,35.03
444,2024-01-04 09:50,正常,2.8,2.6,266,240,95,103,3.7,0.77,0.82,0.54,0.53,2.6,12.0,4.6,-4.8,33.01,35.01
445,2024-01-04 10:00,光电频率过低故障,2.6,2.2,201,212,99,110,4.5,0.77,0.85,0.53,0.57,0.6,11.9,5.2,-5.1,33.02,35.04
446,2024-01-04 10:10,正常,2.2,2.1,231,269,94,126,4.2,0.71,0.88,0.54,0.55,1.9,12.1,5.1,-4.7,33.01,34.95
447,2024-01-04 10:20,正常,2.5,2.7,214,219,85,102,5.2,0.74,0.85,0.56,0.57,1.2,12.1,4.9,-4.7,32.98,35.01
448,2024-01-04 10:30,正常,2.6,2.0,271,266,92,114,3.8,0.74,0.86,0.56,0.55,2.5,11.9,4.6,-5.5,32.97,35.04
449,2024-01-04 10:40,正常,2.5,2.7,241,207,98,123,5.2,0.76,0.86,0.57,0.56,2.1,11.9,4.7,-5.2,33.04,35.01
450,2024-01-04 10:50,正常,2.1,2.8,271,204,91,121,4.9,0.71,0.88,0.52,0.53,1.2,11.9,4.6,-5.2,33.02,34.96
451,2024-01-04 11:00,第三脉冲时间过长故障,2.7,2.4,254,231,79,101,4.0,0.76,0.87,0.53,0.59,2.6,12.0,5.4,-4.7,32.97,35.01
452,2024-01-04 11:10,正常,2.5,2.7,213,251,82,100,4.8,0.71,0.83,0.53,0.55,1.8,11.9,5.3,-5.2,33.05,34.98
453,2024-01-04 11:20,正常,2.7,2.2,206,246,93,116,4.1,0.74,0.84,0.53,0.52,2.1,12.1,5.0,-4.9,33.01,35.04
454,2024-01-04 11:30,+24V稳定电流超标故障,2.8,2.4,373,217,95,108,4.6,0.77,0.84,0.57,0.58,2.3,12.0,4.9,-4.8,32.96,35.03
455,2024-01-04 11:40,正常,2.7,2.9,283,228,83,116,5.4,0.74,0.87,0.54,0.53,1.2,12.0,5.1,-5.1,33.0,35.04
456,2024-01-04 11:50,电路断开频率过高故障,2.5,2.7,263,273,93,150,4.3,0.71,0.86,0.53,0.56,2.7,12.0,5.4,-5.4,33.02,35.05
457,2024-01-04 12:00,模式2脉宽过长故障,2.5,2.3,230,268,85,126,4.3,0.76,0.86,0.53,0.55,1.9,11.9,4.8,-5.3,32.96,35.15
458,2024-01-04 12:10,正常,2.4,2.5,225,249,72,117,4.2,0.79,0.85,0.57,0.56,1.5,12.1,4.7,-4.8,33.02,34.96
459,2024-01-04 12:20,正常,2.3,2.5,227,267,94,127,5.0,0.8,0.84,0.53,0.58,1.4,12.1,4.6,-5.4,32.98,35.0
460,2024-01-04 12:30,正常,2.7,2.7,253,226,89,116,4.1,0.75,0.84,0.56,0.55,2.1,12.0,4.9,-5.1,33.0,34.96
461,2024-01-04 12:40,正常,2.8,2.7,230,220,81,122,4.7,0.74,0.83,0.56,0.55,2.7,11.9,5.4,-4.8,32.95,35.0
462,2024-01-04 12:50,模式2脉宽过长故障,2.7,2.1,200,264,97,121,3.0,0.76,0.84,0.53,0.54,2.6,11.9,4.6,-4.6,32.98,35.13
463,2024-01-04 13:00,第二脉冲时间过长故障,2.3,2.7,273,280,89,129,5.3,0.79,0.82,0.6,0.57,2.9,12.1,5.3,-4.9,33.03,35.01
464,2024-01-04 13:10,正常,2.3,2.3,257,270,98,125,5.3,0.78,0.87,0.56,0.54,2.9,11.9,4.5,-4.7,32.97,35.01
465,2024-01-04 13:20,系统识别电压过高故障,2.3,2.4,264,219,96,120,3.7,0.77,0.85,0.55,0.55,1.3,12.3,5.4,-4.7,33.01,34.97
466,2024-01-04 13:30,模式2脉宽过长故障,2.0,2.8,255,253,90,126,3.0,0.72,0.85,0.57,0.57,2.3,12.1,5.0,-5.2,33.02,35.06
467,2024-01-04 13:40,电路断开频率过高故障,2.0,2.2,244,263,96,146,4.6,0.7,0.84,0.55,0.57,1.5,12.1,4.9,-5.5,33.01,34.95
468,2024-01-04 13:50,正常,2.5,2.3,244,266,90,114,4.9,0.74,0.87,0.58,0.56,1.9,12.0,5.4,-5.3,33.01,35.02
469,2024-01-04 14:00,正常,2.3,2.2,273,267,76,120,3.8,0.77,0.85,0.58,0.55,2.3,12.0,4.5,-5.3,33.03,34.97
470,2024-01-04 14:10,正常,2.6,2.3,231,240,94,108,3.9,0.77,0.83,0.55,0.56,1.4,11.9,4.6,-4.9,32.97,34.99
471,2024-01-04 14:20,正常,2.2,2.2,245,248,78,129,5.2,0.72,0.82,0.53,0.58,2.5,12.0,4.9,-4.7,32.98,34.95
472,2024-01-04 14:30,光电频率过高故障,2.7,2.1,289,265,82,124,4.4,0.74,0.85,0.54,0.54,3.7,12.0,5.2,-5.1,33.05,34.99
473,2024-01-04 14:40,正常,2.5,2.2,250,220,75,116,4.0,0.73,0.87,0.56,0.54,1.5,12.0,4.8,-5.1,33.03,35.02
474,2024-01-04 14:50,模式1电平过高故障,2.7,2.9,262,279,96,111,3.0,0.72,0.85,0.55,0.53,2.5,12.0,5.7,-4.8,33.02,34.96
475,2024-01-04 15:00,正常,2.2,2.5,274,216,74,129,4.6,0.73,0.84,0.57,0.58,2.7,11.9,4.6,-4.7,32.95,34.98
476,2024-01-04 15:10,正常,2.3,2.3,235,280,80,121,4.6,0.75,0.84,0.55,0.57,1.2,12.0,5.4,-5.4,33.02,34.97
477,2024-01-04 15:20,正常,2.9,2.3,254,286,91,120,4.1,0.75,0.82,0.55,0.55,1.5,11.9,4.6,-4.7,32.95,34.95
478,2024-01-04 15:30,正常,2.6,2.1,275,260,79,102,4.2,0.78,0.88,0.52,0.56,1.3,12.0,5.3,-5.1,32.96,34.99
479,2024-01-04 15:40,正常,2.6,2.1,208,287,79,103,3.9,0.79,0.86,0.53,0.55,1.8,11.9,5.1,-4.8,32.97,35.0
480,2024-01-04 15:50,正常,2.4,2.2,229,251,94,110,5.0,0.8,0.84,0.53,0.52,1.9,11.9,5.4,-4.9,32.99,35.03
481,2024-01-04 16:00,模式1电平过高故障,2.9,2.7,244,224,80,102,5.4,0.76,0.86,0.55,0.54,1.1,12.0,5.9,-5.1,33.01,35.05
482,2024-01-04 16:10,正常,2.4,2.1,220,249,81,111,3.2,0.71,0.88,0.55,0.56,2.7,11.9,4.8,-4.7,33.0,35.0
483,2024-01-04 16:20,正常,2.0,2.3,244,277,97,123,3.9,0.72,0.86,0.55,0.55,2.8,12.1,5.0,-5.2,33.0,35.01
484,2024-01-04 16:30,第一脉冲时间过短故障,2.3,2.6,289,227,74,104,5.0,0.74,0.8,0.54,0.58,2.5,12.0,4.7,-5.3,33.02,34.98
485,2024-01-04 16:40,电路断开时间超标故障,2.4,2.5,211,264,73,128,6.4,0.72,0.84,0.54,0.55,2.0,12.0,5.0,-4.9,32.98,35.02
486,2024-01-04 16:50,光电频率过高故障,2.4,2.3,245,282,97,113,4.8,0.77,0.85,0.55,0.53,3.8,12.0,5.2,-5.0,32.98,34.97
487,2024-01-04 17:00,正常,2.3,2.4,213,222,74,103,3.2,0.77,0.87,0.55,0.55,3.0,11.9,4.8,-5.1,32.96,34.97
488,2024-01-04 17:10,第三脉冲时间过短故障,2.8,2.8,259,210,76,114,4.0,0.77,0.85,0.52,0.5,1.1,12.1,4.6,-5.4,33.02,35.02
489,2024-01-04 17:20,电路断开频率过低故障,2.3,2.4,283,204,86,84,3.7,0.79,0.82,0.56,0.52,2.5,12.0,4.7,-5.2,32.96,35.03
490,2024-01-04 17:30,正常,2.8,2.8,255,277,76,112,4.6,0.73,0.83,0.56,0.54,2.3,11.9,5.3,-4.5,33.0,35.0
491,2024-01-04 17:40,正常,2.1,2.5,231,254,80,129,3.4,0.78,0.86,0.52,0.58,2.2,11.9,4.8,-4.7,33.01,35.04
492,2024-01-04 17:50,正常,2.1,2.2,204,255,92,125,3.7,0.74,0.87,0.52,0.58,1.9,12.0,4.5,-5.4,32.96,35.03
493,2024-01-04 18:00,正常,2.7,2.6,268,237,88,115,3.7,0.76,0.87,0.54,0.54,1.4,12.0,5.0,-5.1,32.95,35.02
494,2024-01-04 18:10,第三脉冲时间过短故障,2.5,2.6,264,253,87,116,4.1,0.74,0.85,0.54,0.51,2.8,11.9,4.5,-5.5,33.02,34.98
495,2024-01-04 18:20,正常,2.2,2.3,290,222,85,102,3.5,0.72,0.83,0.55,0.55,1.4,12.0,5.1,-4.8,33.02,35.01
496,2024-01-04 18:30,正常,2.7,2.7,229,232,97,123,5.4,0.71,0.88,0.53,0.56,1.6,12.0,4.5,-4.8,33.05,34.96
497,2024-01-04 18:40,正常,2.4,2.0,203,200,75,109,4.2,0.71,0.86,0.55,0.53,1.1,12.1,4.6,-4.9,32.99,35.05
498,2024-01-04 18:50,正常,2.0,2.8,281,266,97,124,5.1,0.79,0.83,0.52,0.57,2.2,12.1,4.9,-5.3,32.96,34.95
499,2024-01-04 19:00,正常,2.4,2.3,224,283,75,111,4.0,0.76,0.87,0.54,0.55,1.1,12.0,5.2,-4.6,32.99,34.95
500,2024-01-04 19:10,电路断开频率过高故障,2.2,2.9,290,221,99,131,3.6,0.73,0.84,0.53,0.56,1.4,12.1,5.5,-5.4,33.02,34.96
501,2024-01-04 19:20,正常,2.5,2.4,274,223,82,121,4.0,0.71,0.85,0.53,0.52,1.5,12.0,4.6,-5.2,33.01,35.04
502,2024-01-04 19:30,正常,2.6,2.3,276,240,83,116,3.1,0.76,0.87,0.55,0.54,1.2,11.9,4.9,-5.1,32.96,34.95
503,2024-01-04 19:40,+24V稳定电流超标故障,2.4,2.1,367,273,96,111,4.5,0.71,0.85,0.57,0.56,2.9,12.0,5.1,-5.1,33.05,35.04
504,2024-01-04 19:50,正常,2.4,2.1,279,263,92,109,3.8,0.74,0.84,0.58,0.54,2.1,12.0,5.4,-4.7,33.02,35.03
505,2024-01-04 20:00,电路断开频率过高故障,2.1,2.3,237,245,82,140,3.6,0.76,0.87,0.57,0.56,2.5,12.1,4.9,-5.3,32.95,34.97
506,2024-01-04 20:10,正常,2.7,2.4,211,260,88,129,5.1,0.76,0.84,0.56,0.57,2.4,11.9,5.5,-4.8,33.0,35.01
507,2024-01-04 20:20,第三脉冲时间过短故障,2.5,2.1,231,266,75,122,4.3,0.8,0.85,0.57,0.5,1.0,12.0,4.8,-4.6,33.01,35.05
508,2024-01-04 20:30,正常,2.8,2.5,264,252,70,107,5.2,0.75,0.82,0.52,0.55,1.5,12.0,5.1,-4.6,32.99,35.05
509,2024-01-04 20:40,正常,2.4,2.8,281,228,71,125,3.6,0.71,0.86,0.55,0.53,2.0,12.0,5.3,-5.1,32.95,35.01
510,2024-01-04 20:50,正常,2.5,2.1,262,250,87,119,4.6,0.76,0.87,0.56,0.56,2.9,12.0,4.7,-4.7,32.96,35.02
511,2024-01-04 21:00,正常,2.5,2.2,280,209,72,105,4.6,0.78,0.86,0.55,0.57,1.1,12.1,5.5,-5.3,33.05,35.04
512,2024-01-04 21:10,正常,2.8,2.7,248,222,97,113,3.6,0.8,0.82,0.57,0.56,2.2,12.0,4.6,-5.0,33.01,35.0
513,2024-01-04 21:20,指令判断时间过长故障,2.3,2.3,263,240,88,117,4.9,0.86,0.87,0.53,0.56,2.8,12.0,5.1,-5.0,33.0,34.97
514,2024-01-04 21:30,正常,2.5,2.6,251,241,88,107,3.7,0.72,0.86,0.55,0.55,1.3,12.0,5.1,-4.7,32.97,35.0
515,2024-01-04 21:40,正常,2.6,2.2,258,266,76,107,3.5,0.77,0.82,0.55,0.57,2.5,12.1,5.0,-4.6,32.99,35.04
516,2024-01-04 21:50,模式2脉宽过长故障,2.7,2.4,272,265,79,107,5.4,0.71,0.88,0.55,0.57,3.0,12.0,5.2,-4.7,32.96,35.12
517,2024-01-04 22:00,正常,2.5,2.8,247,237,88,127,4.8,0.7,0.85,0.57,0.53,2.3,12.0,5.2,-4.6,32.95,35.05
518,2024-01-04 22:10,正常,2.5,2.6,220,266,88,111,4.6,0.71,0.84,0.53,0.56,2.3,12.0,5.0,-4.7,33.0,35.03
519,2024-01-04 22:20,正常,2.5,2.5,260,227,99,126,5.1,0.76,0.87,0.56,0.58,1.2,12.0,5.0,-4.6,32.95,35.02
520,2024-01-04 22:30,正常,2.7,2.4,271,253,83,107,3.2,0.76,0.88,0.55,0.55,2.7,12.1,5.2,-4.5,33.03,34.99
521,2024-01-04 22:40,正常,2.4,2.4,249,241,97,114,5.1,0.73,0.87,0.58,0.57,2.6,11.9,5.1,-4.9,33.03,35.02
522,2024-01-04 22:50,正常,2.2,2.2,243,268,91,113,3.9,0.78,0.86,0.57,0.56,2.6,12.1,4.6,-5.1,33.01,34.97
523,2024-01-04 23:00,正常,2.3,2.0,241,223,86,123,4.5,0.78,0.84,0.55,0.55,1.7,12.1,4.9,-5.1,33.01,34.99
524,2024-01-04 23:10,正常,2.5,2.5,240,227,86,115,3.6,0.74,0.85,0.54,0.55,1.8,11.9,5.5,-4.7,33.03,35.02
525,2024-01-04 23:20,正常,2.4,2.3,260,254,91,111,5.3,0.8,0.82,0.54,0.57,3.0,12.1,4.6,-5.4,33.0,34.96
526,2024-01-04 23:30,正常,2.3,2.8,261,232,94,102,4.8,0.78,0.84,0.57,0.54,1.6,12.1,5.0,-4.6,33.03,34.97
527,2024-01-04 23:40,+9V稳定电流超标故障,2.8,2.8,271,237,122,119,4.6,0.77,0.86,0.55,0.53,2.1,11.9,4.9,-5.3,32.97,35.04
528,2024-01-04 23:50,模式2电平过低故障,2.3,2.2,224,212,86,111,3.4,0.8,0.86,0.52,0.55,1.3,11.9,4.5,-6.0,32.97,35.01
529,2024-01-05 00:00,-24V最大电流超标故障,2.6,3.6,266,248,87,118,4.7,0.72,0.83,0.57,0.52,2.0,12.0,4.6,-5.1,32.99,34.97
530,2024-01-05 00:10,系统识别电压过高故障,2.8,2.6,275,288,79,130,4.9,0.78,0.85,0.52,0.58,2.8,12.5,5.0,-5.2,32.98,34.96
531,2024-01-05 00:20,正常,2.4,2.7,244,284,78,129,4.2,0.71,0.82,0.56,0.55,2.7,11.9,5.1,-4.5,32.95,34.97
532,2024-01-05 00:30,正常,2.9,2.4,263,257,91,104,5.4,0.71,0.88,0.53,0.57,1.0,12.1,5.1,-5.1,33.01,35.04
533,2024-01-05 00:40,光电频率过低故障,2.4,2.5,252,247,98,102,3.9,0.71,0.85,0.55,0.53,0.4,12.0,4.9,-5.3,33.02,35.01
534,2024-01-05 00:50,正常,2.6,2.8,212,204,79,123,3.7,0.75,0.86,0.56,0.57,1.5,11.9,4.9,-5.4,33.01,35.01
535,2024-01-05 01:00,-24V最大电流超标故障,2.6,3.4,222,266,97,125,5.0,0.75,0.84,0.58,0.53,2.0,11.9,5.1,-5.0,32.99,34.98
536,2024-01-05 01:10,正常,2.3,2.8,222,233,88,117,5.0,0.77,0.87,0.57,0.52,3.0,12.1,5.4,-4.5,32.98,34.97
537,2024-01-05 01:20,正常,2.2,2.6,253,212,97,125,5.3,0.76,0.87,0.53,0.53,1.6,12.0,4.6,-4.8,32.95,34.96
538,2024-01-05 01:30,正常,2.6,2.4,216,274,94,115,4.3,0.74,0.86,0.54,0.53,2.4,12.1,4.9,-4.6,33.0,34.95
539,2024-01-05 01:40,正常,2.7,2.9,246,268,87,104,4.8,0.75,0.83,0.54,0.55,1.7,11.9,5.4,-4.6,32.96,34.96
540,2024-01-05 01:50,第三脉冲时间过长故障,2.2,2.8,251,261,75,115,3.5,0.71,0.84,0.55,0.6,1.3,12.1,4.6,-5.0,33.04,34.95
541,2024-01-05 02:00,正常,2.6,2.7,207,262,98,103,3.4,0.8,0.82,0.52,0.55,1.5,12.1,4.8,-4.8,32.96,34.96
542,2024-01-05 02:10,正常,2.4,2.9,233,237,90,110,5.4,0.71,0.85,0.54,0.54,1.3,12.0,4.6,-5.4,33.02,34.96
543,2024-01-05 02:20,正常,2.2,2.6,258,264,72,127,4.9,0.72,0.86,0.56,0.53,2.8,11.9,4.9,-5.4,33.0,35.04
544,2024-01-05 02:30,第三脉冲时间过短故障,2.8,2.1,228,247,76,122,5.1,0.78,0.85,0.57,0.5,1.3,12.0,5.2,-4.8,32.99,34.97
545,2024-01-05 02:40,+24V最大电流超标故障,3.5,2.0,270,272,99,111,4.3,0.72,0.84,0.56,0.55,2.3,12.0,5.0,-5.5,32.97,35.04
546,2024-01-05 02:50,模式2脉宽过长故障,2.8,2.6,212,233,88,122,4.4,0.72,0.87,0.54,0.54,2.7,12.0,5.2,-5.3,33.0,35.1
547,2024-01-05 03:00,正常,2.0,2.2,226,229,94,114,3.1,0.71,0.83,0.55,0.53,1.3,12.1,4.6,-4.7,32.96,35.0
548,2024-01-05 03:10,光电频率过高故障,2.1,2.8,250,269,94,109,3.2,0.78,0.85,0.56,0.57,3.2,12.0,4.6,-5.5,33.03,34.96
549,2024-01-05 03:20,正常,2.9,2.7,210,221,85,107,4.6,0.7,0.84,0.56,0.53,2.1,12.0,4.5,-4.8,33.05,35.02
550,2024-01-05 03:30,模式2电平过高故障,2.5,2.7,215,256,80,116,3.0,0.71,0.86,0.53,0.53,1.8,12.1,5.2,-3.9,33.0,34.98
551,2024-01-05 03:40,正常,2.6,2.1,208,217,73,112,4.9,0.75,0.86,0.57,0.57,2.2,12.0,5.4,-5.1,33.01,34.96
552,2024-01-05 03:50,正常,2.7,2.5,275,216,98,104,4.5,0.72,0.83,0.54,0.56,2.4,12.0,4.5,-4.8,32.95,35.02
553,2024-01-05 04:00,正常,2.3,2.8,279,277,90,116,4.1,0.73,0.87,0.55,0.56,2.8,11.9,4.7,-4.8,32.97,34.99
554,2024-01-05 04:10,正常,2.8,2.5,260,279,73,128,3.4,0.77,0.84,0.57,0.57,1.4,12.0,4.8,-5.2,32.95,35.05
555,2024-01-05 04:20,正常,2.6,2.4,217,277,92,114,4.4,0.78,0.87,0.56,0.52,2.8,12.0,5.0,-5.2,33.02,34.97
556,2024-01-05 04:30,正常,2.5,2.9,224,274,97,121,3.6,0.78,0.87,0.53,0.54,2.6,12.0,4.9,-5.1,32.97,34.97
557,2024-01-05 04:40,模式2脉宽过短故障,2.7,2.6,283,220,87,103,4.2,0.77,0.86,0.54,0.55,1.5,12.1,4.7,-5.3,32.95,34.88
558,2024-01-05 04:50,正常,2.4,2.5,245,250,73,109,3.2,0.71,0.83,0.54,0.54,2.7,12.0,5.2,-5.1,32.98,34.98
559,2024-01-05 05:00,正常,2.1,2.6,209,267,83,124,3.0,0.77,0.84,0.54,0.58,2.6,11.9,5.4,-5.1,33.04,34.98
560,2024-01-05 05:10,模式2脉宽过长故障,2.4,2.7,207,278,86,128,5.3,0.72,0.87,0.57,0.57,2.6,12.0,5.2,-4.7,32.99,35.11
561,2024-01-05 05:20,第一脉冲时间过长故障,2.4,2.2,220,256,75,107,3.5,0.7,0.92,0.58,0.52,1.9,11.9,5.4,-5.5,32.96,35.03
562,2024-01-05 05:30,第一脉冲时间过短故障,2.9,2.3,228,253,99,127,4.0,0.77,0.81,0.54,0.56,1.3,12.0,5.5,-4.9,33.02,35.02
563,2024-01-05 05:40,+9V稳定电流超标故障,2.1,2.2,286,258,138,110,5.1,0.76,0.86,0.55,0.57,1.5,11.9,5.5,-4.7,32.98,34.96
564,2024-01-05 05:50,正常,2.1,2.4,203,286,86,107,5.2,0.76,0.85,0.58,0.54,2.0,12.1,4.7,-4.6,33.05,35.02
565,2024-01-05 06:00,正常,2.5,2.4,285,275,95,117,3.7,0.7,0.86,0.57,0.55,1.8,11.9,4.8,-5.5,32.95,35.01
566,2024-01-05 06:10,正常,2.5,2.8,252,215,90,117,5.0,0.79,0.88,0.57,0.57,1.5,11.9,4.6,-4.6,33.02,35.05
567,2024-01-05 06:20,正常,2.4,2.7,253,205,77,110,3.1,0.74,0.82,0.54,0.54,2.0,12.0,5.2,-5.4,32.98,34.98
568,2024-01-05 06:30,正常,2.4,2.4,281,261,97,125,4.3,0.71,0.86,0.56,0.55,2.3,12.1,4.6,-5.2,32.96,34.98
569,2024-01-05 06:40,正常,2.8,2.6,239,212,85,102,5.0,0.72,0.86,0.55,0.56,2.7,11.9,5.1,-4.6,33.03,34.97
570,2024-01-05 06:50,正常,2.8,2.4,231,272,90,106,4.2,0.72,0.85,0.57,0.56,2.9,12.0,4.7,-5.4,33.03,35.0
571,2024-01-05 07:00,正常,2.6,2.5,258,201,70,114,4.8,0.74,0.82,0.56,0.53,1.3,12.1,4.8,-5.4,33.04,35.01
572,2024-01-05 07:10,正常,2.1,2.9,220,220,99,130,5.5,0.71,0.86,0.53,0.52,1.2,12.0,5.4,-4.8,32.98,35.02
573,2024-01-05 07:20,指令判断时间过长故障,2.6,2.6,213,210,95,118,3.5,0.9,0.86,0.52,0.56,1.2,12.0,4.6,-4.9,32.98,35.04
574,2024-01-05 07:30,电路断开频率过低故障,2.3,2.1,258,284,70,82,5.1,0.78,0.85,0.57,0.54,1.5,11.9,5.2,-4.6,33.04,35.0
575,2024-01-05 07:40,正常,2.5,2.1,271,280,88,120,3.4,0.71,0.87,0.57,0.52,2.3,11.9,5.1,-4.7,32.98,35.02
576,2024-01-05 07:50,系统识别电压过低故障,2.0,2.2,236,247,94,100,3.6,0.79,0.87,0.55,0.52,2.0,11.8,5.4,-5.1,32.99,35.01
577,2024-01-05 08:00,正常,2.5,2.7,276,242,90,122,4.6,0.76,0.83,0.54,0.57,2.4,12.0,5.0,-5.1,33.05,35.05
578,2024-01-05 08:10,模式2电平过低故障,2.1,2.3,285,276,72,113,5.1,0.7,0.83,0.55,0.52,2.2,11.9,5.4,-5.6,32.96,35.04
579,2024-01-05 08:20,正常,2.3,2.7,221,232,87,114,3.8,0.77,0.86,0.56,0.56,1.7,11.9,5.2,-5.4,33.02,35.04
580,2024-01-05 08:30,第二脉冲时间过短故障,2.8,2.0,226,257,92,107,4.4,0.76,0.84,0.5,0.57,1.8,12.1,4.6,-5.3,33.0,34.98
581,2024-01-05 08:40,正常,2.1,2.7,273,225,90,103,5.4,0.73,0.84,0.54,0.54,2.9,12.0,5.1,-5.3,32.97,35.02
582,2024-01-05 08:50,正常,2.6,2.5,208,280,72,117,3.6,0.8,0.82,0.52,0.57,2.2,12.0,5.1,-5.4,32.98,34.98
583,2024-01-05 09:00,正常,2.7,2.4,274,279,84,123,4.8,0.78,0.84,0.53,0.54,2.7,12.1,4.9,-4.8,33.02,34.99
584,2024-01-05 09:10,模式1脉宽过短故障,2.3,2.5,253,281,81,110,4.3,0.77,0.87,0.55,0.54,1.9,12.0,5.1,-4.9,32.86,35.0
585,2024-01-05 09:20,正常,2.9,2.1,272,264,98,111,3.0,0.71,0.88,0.52,0.56,2.5,12.1,4.8,-5.2,32.96,34.97
586,2024-01-05 09:30,模式1脉宽过长故障,2.3,2.7,262,230,99,129,3.0,0.76,0.85,0.54,0.55,1.8,11.9,5.3,-5.4,33.1,35.01
587,2024-01-05 09:40,正常,2.3,2.6,245,277,81,107,3.1,0.74,0.87,0.54,0.53,2.3,12.1,4.7,-4.7,32.95,34.97
588,2024-01-05 09:50,系统识别电压过高故障,2.6,2.7,274,247,99,123,5.5,0.77,0.85,0.54,0.53,1.5,12.4,5.5,-5.5,33.04,35.05
589,2024-01-05 10:00,正常,2.4,2.5,220,218,97,117,3.9,0.77,0.84,0.56,0.57,1.7,11.9,5.0,-4.8,33.03,35.0
590,2024-01-05 10:10,系统识别电压过低故障,2.3,2.7,206,220,76,119,3.1,0.8,0.88,0.58,0.54,1.7,11.6,4.6,-5.4,33.03,35.02
591,2024-01-05 10:20,光电频率过低故障,2.3,2.1,260,284,81,102,4.0,0.72,0.85,0.56,0.56,0.2,11.9,4.9,-5.5,32.98,35.02
592,2024-01-05 10:30,第一脉冲时间过短故障,2.8,2.8,228,215,83,114,4.4,0.7,0.8,0.56,0.57,2.5,12.0,5.5,-5.2,33.01,35.03
593,2024-01-05 10:40,正常,2.5,2.2,271,228,78,130,4.6,0.77,0.85,0.55,0.53,1.2,11.9,5.2,-5.5,33.05,35.05
594,2024-01-05 10:50,光电频率过低故障,2.3,2.6,200,253,78,128,3.6,0.7,0.88,0.53,0.54,0.8,12.0,5.1,-4.9,33.03,35.04
595,2024-01-05 11:00,正常,2.5,2.8,253,256,87,112,3.2,0.79,0.83,0.53,0.56,2.4,12.0,4.7,-5.0,33.02,34.97
596,2024-01-05 11:10,第二脉冲时间过长故障,2.6,2.2,217,288,85,105,4.9,0.7,0.84,0.59,0.53,1.3,12.0,5.1,-5.0,32.96,35.02
597,2024-01-05 11:20,电路断开时间超标故障,2.6,2.8,272,237,78,108,6.1,0.79,0.84,0.54,0.55,1.6,12.1,5.5,-4.9,32.97,34.99
598,2024-01-05 11:30,第三脉冲时间过短故障,2.6,2.0,200,216,94,104,3.0,0.76,0.84,0.55,0.51,1.7,12.1,4.7,-5.2,33.04,35.02
599,2024-01-05 11:40,正常,2.3,2.5,219,244,89,127,3.1,0.74,0.88,0.56,0.53,2.4,12.0,5.3,-4.7,32.96,35.03
600,2024-01-05 11:50,正常,2.4,2.2,211,207,81,112,4.5,0.75,0.88,0.56,0.58,2.0,11.9,5.2,-5.4,33.0,35.05
601,2024-01-05 12:00,正常,2.2,2.9,277,257,78,105,4.5,0.71,0.87,0.56,0.57,1.8,12.1,4.8,-4.5,33.02,35.0
602,2024-01-05 12:10,正常,2.4,2.1,287,253,73,105,4.9,0.71,0.83,0.57,0.54,1.1,11.9,4.5,-4.8,33.04,35.01
603,2024-01-05 12:20,正常,2.6,2.8,204,266,96,106,5.2,0.79,0.83,0.58,0.54,3.0,12.0,5.4,-4.5,33.02,34.99
604,2024-01-05 12:30,正常,2.4,2.2,270,274,80,106,3.2,0.74,0.87,0.55,0.54,2.9,12.0,5.0,-5.3,33.04,34.97
605,2024-01-05 12:40,第三脉冲时间过短故障,2.3,2.8,284,263,88,123,3.6,0.7,0.84,0.56,0.5,2.0,12.1,5.5,-5.0,32.99,34.95
606,2024-01-05 12:50,正常,2.4,2.8,252,218,94,121,3.1,0.74,0.85,0.58,0.56,2.6,12.1,4.7,-4.8,33.03,35.03
607,2024-01-05 13:00,第二脉冲时间过长故障,2.5,2.9,264,241,96,116,4.1,0.75,0.85,0.6,0.53,2.4,12.0,5.2,-5.3,32.95,34.98
608,2024-01-05 13:10,正常,2.3,2.3,247,281,85,124,4.3,0.78,0.83,0.54,0.57,1.9,11.9,5.3,-4.9,33.0,35.02
609,2024-01-05 13:20,电路断开时间超标故障,2.8,2.9,210,260,88,122,6.3,0.71,0.85,0.52,0.56,1.4,12.0,5.1,-4.5,32.97,34.97
610,2024-01-05 13:30,-24V稳定电流超标故障,2.8,2.5,250,363,93,123,3.7,0.77,0.82,0.55,0.57,2.4,11.9,4.9,-4.5,33.0,34.97
611,2024-01-05 13:40,正常,2.3,2.7,254,267,76,120,3.8,0.71,0.86,0.54,0.55,2.9,12.0,5.4,-4.7,32.99,35.03
612,2024-01-05 13:50,正常,2.5,2.2,279,208,91,110,5.1,0.71,0.84,0.57,0.58,2.1,11.9,5.4,-5.5,33.04,35.0
613,2024-01-05 14:00,正常,2.4,2.1,236,205,99,112,4.5,0.71,0.82,0.55,0.56,1.5,11.9,5.4,-5.0,32.97,34.98
614,2024-01-05 14:10,第二脉冲时间过长故障,2.8,2.8,202,283,87,106,4.0,0.76,0.85,0.61,0.53,2.9,12.0,5.5,-5.1,32.96,35.03
615,2024-01-05 14:20,正常,2.3,2.5,209,277,73,103,3.7,0.71,0.88,0.56,0.56,2.9,12.1,5.0,-5.3,32.96,35.0
616,2024-01-05 14:30,模式1脉宽过长故障,2.1,2.3,225,261,86,101,4.5,0.7,0.84,0.53,0.53,2.2,12.0,5.1,-5.0,33.09,34.99
617,2024-01-05 14:40,第三脉冲时间过长故障,2.5,2.4,208,263,92,116,3.8,0.75,0.88,0.53,0.6,2.1,12.1,4.9,-5.1,33.0,35.0
618,2024-01-05 14:50,正常,2.5,2.7,225,213,96,127,3.5,0.77,0.82,0.55,0.54,1.6,11.9,4.6,-4.9,33.03,35.0
619,2024-01-05 15:00,指令判断时间过长故障,2.1,2.1,241,279,96,112,4.9,0.87,0.86,0.53,0.55,1.3,12.0,5.1,-5.0,32.96,35.0
620,2024-01-05 15:10,正常,2.2,2.3,258,224,74,109,3.5,0.78,0.83,0.57,0.53,2.0,11.9,5.1,-4.8,32.96,35.02
621,2024-01-05 15:20,正常,2.2,2.4,287,240,81,105,5.0,0.73,0.86,0.57,0.54,1.4,12.0,5.4,-4.8,33.02,35.04
622,2024-01-05 15:30,电路断开时间超标故障,2.7,2.2,232,219,95,109,6.5,0.72,0.83,0.53,0.57,2.8,12.0,5.1,-5.4,33.01,35.02
623,2024-01-05 15:40,正常,2.9,2.1,236,219,79,106,4.0,0.78,0.85,0.55,0.57,1.7,11.9,5.0,-4.7,33.04,34.99
624,2024-01-05 15:50,正常,2.8,2.8,236,250,98,115,3.7,0.8,0.84,0.57,0.58,2.8,12.1,4.5,-4.8,32.95,34.99
625,2024-01-05 16:00,正常,2.4,2.5,234,206,76,122,4.2,0.75,0.84,0.55,0.55,2.4,11.9,5.2,-4.5,32.96,35.02
626,2024-01-05 16:10,模式1电平过高故障,2.5,2.6,200,275,93,107,3.3,0.76,0.85,0.57,0.52,3.0,12.0,6.3,-4.7,33.0,35.05
627,2024-01-05 16:20,正常,2.4,2.4,246,212,97,126,4.9,0.71,0.87,0.57,0.54,2.2,11.9,4.8,-5.3,33.0,34.99
628,2024-01-05 16:30,模式1脉宽过长故障,2.3,2.4,230,219,96,108,4.7,0.73,0.83,0.54,0.58,2.3,12.1,5.0,-5.2,33.07,34.99
629,2024-01-05 16:40,模式1脉宽过长故障,2.6,2.2,239,213,98,100,3.6,0.78,0.87,0.56,0.54,2.7,12.0,5.1,-5.4,33.13,35.03
630,2024-01-05 16:50,正常,2.2,2.2,288,275,70,109,5.1,0.77,0.83,0.57,0.52,2.7,11.9,4.9,-5.0,32.95,34.97
631,2024-01-05 17:00,正常,2.7,2.7,253,258,72,130,3.4,0.75,0.88,0.57,0.56,2.8,12.1,5.2,-4.6,33.04,35.0
632,2024-01-05 17:10,正常,2.7,2.0,270,277,72,118,3.2,0.75,0.83,0.57,0.58,2.0,12.1,5.1,-5.4,32.99,35.03
633,2024-01-05 17:20,正常,2.2,2.8,241,232,79,127,5.1,0.74,0.83,0.54,0.57,2.7,12.1,4.6,-5.5,32.99,35.01
634,2024-01-05 17:30,正常,2.2,2.5,258,227,90,120,3.2,0.78,0.83,0.52,0.52,1.6,12.0,5.3,-4.8,33.0,34.97
635,2024-01-05 17:40,正常,2.9,2.5,274,270,90,117,4.5,0.8,0.83,0.56,0.56,2.9,12.0,4.8,-4.6,33.03,35.01
636,2024-01-05 17:50,模式1脉宽过短故障,2.8,2.3,233,275,79,105,3.3,0.72,0.86,0.57,0.55,2.6,12.0,4.7,-4.6,32.85,35.03
637,2024-01-05 18:00,正常,2.2,2.0,274,251,90,125,3.3,0.78,0.85,0.56,0.57,1.6,12.0,5.3,-4.8,33.05,34.99
638,2024-01-05 18:10,第三脉冲时间过短故障,2.3,2.3,226,267,70,128,4.7,0.72,0.84,0.58,0.5,1.3,12.0,5.2,-4.9,32.95,35.03
639,2024-01-05 18:20,模式1电平过低故障,2.5,2.7,228,202,81,129,3.2,0.72,0.86,0.55,0.55,1.2,12.1,4.2,-5.2,32.99,35.01
640,2024-01-05 18:30,正常,2.6,2.5,256,280,78,108,5.3,0.79,0.82,0.53,0.56,2.0,12.1,5.0,-4.8,32.97,34.97
641,2024-01-05 18:40,正常,2.7,2.4,247,207,76,117,5.2,0.75,0.88,0.57,0.54,2.6,12.1,5.4,-5.4,33.01,34.99
642,2024-01-05 18:50,模式1脉宽过长故障,2.8,2.8,213,276,77,121,5.1,0.77,0.86,0.57,0.54,2.4,11.9,4.7,-4.5,33.13,35.0
643,2024-01-05 19:00,正常,2.9,2.7,257,253,96,122,3.6,0.8,0.82,0.53,0.58,2.2,12.0,4.9,-4.9,32.95,35.01
644,2024-01-05 19:10,第二脉冲时间过长故障,2.6,2.5,283,203,81,110,5.3,0.78,0.84,0.6,0.54,2.3,12.0,4.9,-4.7,33.05,35.04
645,2024-01-05 19:20,正常,2.3,2.2,209,275,90,120,5.4,0.71,0.87,0.57,0.54,1.9,12.0,4.9,-4.5,32.99,35.0
646,2024-01-05 19:30,第一脉冲时间过长故障,2.2,2.0,205,286,83,128,3.5,0.76,0.92,0.52,0.53,1.8,12.0,4.6,-4.9,33.05,34.99
647,2024-01-05 19:40,第一脉冲时间过短故障,2.6,2.3,211,235,96,112,4.6,0.74,0.81,0.55,0.55,1.8,12.1,5.0,-4.6,33.0,35.02
648,2024-01-05 19:50,第一脉冲时间过长故障,2.9,2.4,223,207,86,108,3.3,0.74,0.9,0.53,0.54,2.8,12.0,5.1,-5.2,32.96,35.05
649,2024-01-05 20:00,模式2电平过低故障,2.7,2.2,289,256,72,117,4.8,0.77,0.83,0.56,0.53,2.4,12.0,4.9,-6.1,32.97,35.04
650,2024-01-05 20:10,正常,2.2,2.8,210,212,83,120,5.5,0.71,0.84,0.56,0.55,2.1,11.9,5.5,-5.1,32.99,34.98
651,2024-01-05 20:20,正常,2.6,2.5,271,279,74,107,5.2,0.75,0.84,0.53,0.57,1.1,12.0,4.6,-4.6,33.03,34.98
652,2024-01-05 20:30,正常,2.4,2.4,230,247,84,106,3.8,0.72,0.85,0.55,0.54,3.0,12.0,4.8,-5.1,32.99,34.99
653,2024-01-05 20:40,正常,2.6,2.8,275,262,81,105,3.5,0.75,0.83,0.58,0.55,2.2,11.9,4.8,-4.8,33.01,35.01
654,2024-01-05 20:50,+9V稳定电流超标故障,2.7,2.2,213,207,121,122,4.5,0.76,0.88,0.56,0.54,1.2,12.0,5.0,-4.6,33.05,34.98
655,2024-01-05 21:00,正常,2.1,2.4,235,271,71,117,3.7,0.78,0.87,0.56,0.57,2.1,11.9,4.8,-5.3,33.01,34.98
656,2024-01-05 21:10,光电频率过低故障,2.5,2.4,251,273,91,112,3.4,0.72,0.88,0.52,0.55,0.4,12.1,5.2,-5.4,32.97,35.04
657,2024-01-05 21:20,正常,2.6,2.5,258,257,76,104,4.0,0.74,0.85,0.56,0.52,1.1,11.9,5.0,-5.0,33.02,35.01
658,2024-01-05 21:30,正常,2.6,2.2,259,219,98,107,4.5,0.76,0.86,0.53,0.55,1.1,11.9,4.7,-5.4,33.02,34.95
659,2024-01-05 21:40,正常,2.8,2.3,253,226,70,126,3.8,0.79,0.86,0.53,0.54,2.2,12.0,5.3,-4.7,32.98,35.03
660,2024-01-05 21:50,模式2脉宽过短故障,2.5,2.9,251,227,96,115,4.9,0.77,0.87,0.58,0.58,1.4,11.9,4.9,-4.9,33.04,34.86
661,2024-01-05 22:00,正常,2.6,2.5,254,260,84,110,4.6,0.73,0.87,0.54,0.56,1.1,12.1,5.0,-5.4,32.98,35.04
662,2024-01-05 22:10,正常,2.9,2.1,252,213,72,101,4.7,0.78,0.83,0.53,0.52,2.0,12.0,4.7,-4.9,33.01,35.01
663,2024-01-05 22:20,正常,2.9,2.1,218,250,91,127,5.0,0.75,0.87,0.57,0.57,2.4,12.1,4.6,-4.5,33.01,35.02
664,2024-01-05 22:30,第一脉冲时间过短故障,2.7,2.3,266,283,71,107,4.8,0.75,0.81,0.56,0.54,1.8,12.0,4.6,-4.9,33.05,35.0
665,2024-01-05 22:40,模式2脉宽过短故障,2.6,2.4,267,246,91,107,4.8,0.74,0.82,0.54,0.56,2.9,11.9,5.4,-4.9,32.96,34.88
666,2024-01-05 22:50,光电频率过高故障,2.1,2.4,254,290,84,102,3.8,0.79,0.87,0.54,0.53,3.9,12.1,4.7,-5.2,32.96,35.04
667,2024-01-05 23:00,模式1电平过低故障,2.6,2.5,245,207,89,114,4.3,0.76,0.88,0.54,0.53,1.7,12.0,3.9,-4.7,33.01,34.96
668,2024-01-05 23:10,指令判断时间过短故障,2.1,2.3,267,259,83,110,4.8,0.62,0.82,0.57,0.54,1.5,12.0,5.3,-5.5,33.02,35.04
669,2024-01-05 23:20,正常,2.1,2.0,267,202,95,123,5.3,0.75,0.88,0.55,0.54,1.3,12.0,5.3,-4.6,33.04,35.02
670,2024-01-05 23:30,第三脉冲时间过长故障,2.8,2.6,270,217,74,110,4.1,0.74,0.82,0.53,0.59,1.2,12.0,5.4,-4.6,32.98,35.01
671,2024-01-05 23:40,正常,2.2,2.3,232,264,85,102,5.1,0.77,0.82,0.57,0.57,1.8,12.0,5.2,-4.9,33.04,34.97
672,2024-01-05 23:50,正常,2.5,2.6,247,235,83,116,3.6,0.74,0.87,0.53,0.52,2.1,12.1,5.3,-4.5,32.98,34.95
673,2024-01-06 00:00,正常,2.8,2.3,239,226,84,116,3.3,0.71,0.82,0.53,0.56,2.5,12.0,5.1,-4.6,33.02,35.04
674,2024-01-06 00:10,正常,2.1,2.1,211,271,88,105,3.1,0.71,0.85,0.53,0.54,1.3,12.0,4.7,-5.3,33.03,34.98
675,2024-01-06 00:20,正常,2.6,2.9,237,271,75,104,3.5,0.78,0.84,0.56,0.52,2.9,12.0,5.4,-4.8,33.01,35.02
676,2024-01-06 00:30,第二脉冲时间过长故障,2.4,2.3,267,217,90,122,4.9,0.76,0.86,0.61,0.53,2.6,11.9,5.2,-5.1,32.97,35.05
677,2024-01-06 00:40,正常,2.1,2.9,259,240,98,120,3.6,0.77,0.86,0.58,0.55,1.9,11.9,4.8,-5.0,32.98,34.98
678,2024-01-06 00:50,正常,2.6,2.5,223,201,79,120,3.8,0.75,0.85,0.55,0.57,2.8,12.0,5.3,-5.0,33.0,35.04
679,2024-01-06 01:00,正常,2.6,2.2,219,259,84,130,4.4,0.75,0.83,0.56,0.54,1.8,12.0,5.3,-4.8,32.98,35.03
680,2024-01-06 01:10,正常,2.3,2.0,231,261,82,101,5.1,0.76,0.85,0.53,0.57,1.6,12.0,4.6,-5.3,33.02,34.97
681,2024-01-06 01:20,正常,2.1,2.5,284,208,78,124,3.1,0.72,0.87,0.54,0.56,1.2,11.9,5.1,-5.0,33.03,34.97
682,2024-01-06 01:30,指令判断时间过长故障,2.3,2.8,255,211,96,117,3.9,0.87,0.85,0.52,0.58,2.0,12.0,5.5,-5.4,32.97,35.02
683,2024-01-06 01:40,正常,2.0,2.5,242,252,97,116,4.0,0.77,0.86,0.57,0.56,1.9,12.0,4.8,-5.4,32.99,35.03
684,2024-01-06 01:50,正常,2.4,2.9,245,251,72,122,5.4,0.75,0.86,0.54,0.57,1.9,12.0,4.7,-5.5,32.99,35.0
685,2024-01-06 02:00,正常,2.3,2.9,283,266,98,124,4.6,0.73,0.87,0.58,0.58,1.1,12.0,5.1,-5.5,33.04,35.04
686,2024-01-06 02:10,正常,2.6,2.7,247,288,74,102,3.5,0.72,0.83,0.52,0.53,1.9,11.9,4.7,-4.9,32.98,34.98
687,2024-01-06 02:20,第二脉冲时间过短故障,2.6,2.8,279,259,92,110,4.0,0.74,0.84,0.5,0.54,1.9,12.1,5.1,-5.0,33.03,35.04
688,2024-01-06 02:30,系统识别电压过低故障,2.2,2.6,288,207,85,115,4.7,0.78,0.86,0.52,0.56,2.7,11.5,4.7,-4.7,32.99,34.96
689,2024-01-06 02:40,第一脉冲时间过长故障,2.5,2.9,273,207,71,102,3.6,0.71,0.91,0.54,0.55,1.4,12.0,4.7,-4.8,32.97,34.98
690,2024-01-06 02:50,电路断开时间超标故障,2.2,2.7,277,253,71,127,5.9,0.71,0.84,0.57,0.56,2.4,12.0,5.2,-4.9,32.95,35.04
691,2024-01-06 03:00,正常,2.2,2.1,270,231,88,105,4.3,0.78,0.83,0.57,0.53,1.4,12.1,5.3,-4.8,33.0,34.97
692,2024-01-06 03:10,正常,2.5,2.1,255,269,88,123,3.3,0.7,0.86,0.54,0.56,2.0,12.0,4.9,-4.6,32.96,34.96
693,2024-01-06 03:20,正常,2.1,2.2,241,231,82,111,5.3,0.73,0.85,0.56,0.52,2.3,12.1,4.7,-4.8,33.01,35.04
694,2024-01-06 03:30,正常,2.3,2.6,211,257,95,123,3.9,0.7,0.82,0.53,0.52,1.9,11.9,5.0,-4.7,32.99,34.99
695,2024-01-06 03:40,正常,2.7,2.4,246,264,88,100,4.0,0.78,0.87,0.53,0.57,1.9,12.0,5.1,-5.0,33.04,35.04
696,2024-01-06 03:50,-24V最大电流超标故障,2.0,3.8,202,282,79,128,5.2,0.79,0.88,0.52,0.54,1.1,12.0,4.5,-5.5,33.01,34.96
697,2024-01-06 04:00,模式2电平过高故障,2.8,2.4,217,207,77,102,4.0,0.71,0.88,0.58,0.56,1.5,11.9,4.7,-3.8,32.99,34.95
698,2024-01-06 04:10,正常,2.4,2.8,224,256,86,114,4.7,0.72,0.83,0.56,0.54,1.5,12.0,5.1,-4.8,33.04,34.99
699,2024-01-06 04:20,第一脉冲时间过短故障,2.2,2.1,234,235,82,124,3.6,0.76,0.81,0.57,0.52,2.9,12.0,4.9,-4.8,32.97,35.01
700,2024-01-06 04:30,正常,2.0,2.0,279,279,99,122,3.9,0.73,0.83,0.55,0.55,1.2,12.0,4.6,-4.7,33.0,35.03
701,2024-01-06 04:40,正常,2.5,2.2,245,242,77,119,4.5,0.73,0.85,0.52,0.54,2.4,11.9,4.5,-4.8,33.01,35.0
702,2024-01-06 04:50,电路断开时间超标故障,2.5,2.3,237,259,84,125,6.2,0.71,0.83,0.57,0.56,1.5,12.0,4.7,-5.1,33.05,35.04
703,2024-01-06 05:00,正常,2.0,2.2,220,275,79,125,3.4,0.72,0.86,0.56,0.55,2.5,12.1,4.9,-4.6,32.99,35.0
704,2024-01-06 05:10,正常,2.6,2.3,243,255,90,120,3.4,0.73,0.84,0.54,0.56,2.6,12.0,5.0,-5.4,32.96,34.95
705,2024-01-06 05:20,指令判断时间过长故障,2.0,2.2,249,285,94,109,3.5,0.85,0.84,0.56,0.53,2.9,11.9,5.3,-4.6,32.96,35.0
706,2024-01-06 05:30,正常,2.3,2.6,205,277,71,122,3.4,0.74,0.86,0.55,0.52,2.8,12.0,5.0,-5.1,32.97,34.96
707,2024-01-06 05:40,+9V稳定电流超标故障,2.5,2.3,274,274,131,130,3.2,0.75,0.85,0.55,0.55,1.2,12.1,5.1,-4.5,32.96,35.04
708,2024-01-06 05:50,正常,2.2,2.1,244,249,84,116,4.6,0.77,0.87,0.55,0.54,2.1,11.9,4.9,-5.3,33.0,35.04
709,2024-01-06 06:00,正常,2.4,2.6,222,273,86,123,4.1,0.79,0.86,0.53,0.58,2.4,12.0,5.2,-4.8,33.03,34.97
710,2024-01-06 06:10,光电频率过高故障,2.2,2.8,282,247,73,126,4.0,0.79,0.86,0.55,0.55,3.4,11.9,4.8,-4.9,32.99,35.04
711,2024-01-06 06:20,正常,2.6,2.2,246,248,98,103,4.4,0.77,0.86,0.52,0.52,2.6,11.9,5.2,-5.1,33.04,34.95
712,2024-01-06 06:30,正常,2.7,2.1,237,238,91,125,5.4,0.72,0.83,0.53,0.53,1.7,12.1,4.5,-5.0,33.02,35.01
713,2024-01-06 06:40,正常,2.2,2.2,282,231,81,104,4.0,0.71,0.87,0.52,0.58,2.7,12.0,4.5,-5.0,32.97,34.96
714,2024-01-06 06:50,+9V稳定电流超标故障,2.3,2.0,216,202,110,112,5.1,0.75,0.86,0.57,0.54,2.3,12.0,4.8,-4.9,32.97,35.04
715,2024-01-06 07:00,光电频率过高故障,2.4,2.3,262,282,89,101,5.3,0.8,0.85,0.56,0.54,3.9,11.9,5.0,-5.0,33.03,34.98
716,2024-01-06 07:10,正常,2.1,2.6,282,253,90,105,3.2,0.79,0.83,0.56,0.57,2.3,12.0,5.3,-5.2,33.01,34.95
717,2024-01-06 07:20,第二脉冲时间过短故障,2.3,2.6,234,263,70,116,3.6,0.8,0.86,0.51,0.53,2.6,12.0,5.0,-5.1,32.95,35.03
718,2024-01-06 07:30,电路断开频率过低故障,2.6,2.2,269,241,77,89,3.3,0.76,0.87,0.57,0.54,2.4,12.1,5.2,-5.4,33.03,34.96
719,2024-01-06 07:40,正常,2.7,2.8,213,235,82,102,4.1,0.73,0.82,0.55,0.52,2.4,11.9,4.6,-4.5,33.04,34.96
720,2024-01-06 07:50,+24V最大电流超标故障,3.1,2.1,267,253,74,128,4.8,0.8,0.87,0.57,0.58,2.0,12.0,4.6,-4.8,33.05,35.01
721,2024-01-06 08:00,模式1电平过高故障,2.3,2.3,283,251,81,111,3.5,0.72,0.87,0.52,0.57,1.4,12.0,5.9,-4.9,33.0,34.99
722,2024-01-06 08:10,正常,2.9,2.3,253,200,98,102,4.1,0.71,0.88,0.55,0.52,2.6,12.1,4.9,-5.4,33.04,34.96
723,2024-01-06 08:20,正常,2.5,2.7,203,264,72,111,3.4,0.74,0.83,0.56,0.58,1.2,11.9,5.1,-5.2,33.04,35.02
724,2024-01-06 08:30,正常,2.8,2.4,205,238,90,106,4.7,0.75,0.85,0.53,0.53,1.2,12.0,4.7,-4.9,33.0,34.98
725,2024-01-06 08:40,正常,2.2,2.9,220,257,72,126,4.8,0.76,0.86,0.54,0.53,2.3,12.0,4.7,-4.9,32.99,34.96
726,2024-01-06 08:50,正常,2.5,2.7,266,210,86,111,3.6,0.78,0.87,0.53,0.56,1.9,12.0,4.8,-5.1,32.95,35.03
727,2024-01-06 09:00,+24V稳定电流超标故障,2.7,2.8,382,227,97,123,4.1,0.78,0.84,0.54,0.55,1.4,12.0,5.4,-5.4,33.02,34.97
728,2024-01-06 09:10,正常,2.0,2.8,230,279,83,103,3.2,0.71,0.82,0.55,0.53,1.6,12.0,5.3,-4.8,33.05,35.0
729,2024-01-06 09:20,正常,2.2,2.6,260,220,72,103,3.5,0.71,0.85,0.54,0.52,1.5,12.0,4.9,-5.2,32.97,35.0
730,2024-01-06 09:30,正常,2.2,2.0,215,210,91,121,3.4,0.77,0.83,0.52,0.56,2.3,12.1,5.0,-4.7,33.04,34.98
731,2024-01-06 09:40,模式1脉宽过长故障,2.6,2.3,234,212,73,120,4.2,0.77,0.82,0.57,0.54,1.1,12.0,4.7,-4.6,33.12,34.98
732,2024-01-06 09:50,系统识别电压过高故障,2.8,2.8,263,250,70,122,3.5,0.75,0.86,0.55,0.56,2.4,12.3,4.9,-5.0,33.02,35.0
733,2024-01-06 10:00,正常,2.5,2.8,240,251,74,127,3.7,0.75,0.82,0.54,0.56,1.5,12.0,4.7,-5.0,33.02,34.98
734,2024-01-06 10:10,正常,2.2,2.3,274,262,85,106,5.3,0.77,0.82,0.57,0.56,2.9,12.0,5.2,-5.0,33.0,35.04
735,2024-01-06 10:20,正常,2.8,2.6,214,244,88,107,4.1,0.76,0.83,0.55,0.57,2.9,12.1,5.2,-5.0,32.95,34.99
736,2024-01-06 10:30,模式2电平过低故障,2.5,2.3,216,212,96,123,5.5,0.74,0.87,0.54,0.56,2.5,12.0,5.3,-6.2,33.03,35.02
737,2024-01-06 10:40,模式2脉宽过长故障,2.5,2.0,254,280,93,117,3.3,0.71,0.84,0.53,0.57,1.3,12.0,4.9,-5.4,32.97,35.08
738,2024-01-06 10:50,正常,2.9,2.7,278,242,88,125,5.1,0.72,0.87,0.55,0.54,1.0,12.0,5.2,-5.3,33.03,35.0
739,2024-01-06 11:00,正常,2.8,2.5,234,253,98,113,3.3,0.8,0.84,0.57,0.53,1.8,12.0,4.6,-5.2,33.0,35.03
740,2024-01-06 11:10,正常,2.6,2.4,205,278,73,115,3.3,0.79,0.88,0.55,0.55,1.1,12.0,5.4,-4.8,32.95,35.05
741,2024-01-06 11:20,正常,2.8,2.0,282,200,78,130,4.0,0.79,0.88,0.54,0.57,1.2,11.9,4.5,-4.7,33.0,35.02
742,2024-01-06 11:30,电路断开频率过低故障,2.6,2.4,232,203,98,95,5.1,0.71,0.88,0.55,0.56,1.6,11.9,4.7,-4.7,32.98,35.04
743,2024-01-06 11:40,正常,2.4,2.6,285,221,80,107,3.8,0.71,0.86,0.54,0.57,1.6,11.9,5.5,-4.8,32.95,34.99
744,2024-01-06 11:50,正常,2.3,2.3,250,227,82,120,4.1,0.73,0.85,0.57,0.55,1.1,12.1,5.0,-5.2,33.04,35.0
745,2024-01-06 12:00,正常,2.8,2.2,206,204,86,110,3.7,0.73,0.88,0.53,0.56,1.9,12.0,5.2,-4.7,33.03,34.99
746,2024-01-06 12:10,正常,2.0,2.6,272,203,88,116,4.5,0.79,0.86,0.57,0.52,1.2,12.0,4.7,-5.0,33.0,34.99
747,2024-01-06 12:20,模式1电平过低故障,2.7,2.5,213,223,85,105,3.5,0.74,0.85,0.53,0.52,2.7,11.9,4.2,-5.3,32.96,34.97
748,2024-01-06 12:30,正常,2.8,2.4,273,277,84,111,4.4,0.76,0.88,0.55,0.57,1.3,12.1,5.0,-5.3,32.99,34.99
749,2024-01-06 12:40,正常,2.7,2.5,246,249,89,123,3.3,0.76,0.88,0.52,0.58,1.5,12.0,5.0,-5.4,32.99,34.97
750,2024-01-06 12:50,第二脉冲时间过长故障,2.1,2.1,285,219,73,105,3.8,0.72,0.84,0.59,0.56,1.7,11.9,5.3,-5.0,32.98,34.98
751,2024-01-06 13:00,正常,2.3,2.0,257,225,91,122,3.7,0.77,0.85,0.57,0.58,1.7,12.0,5.0,-5.4,32.96,35.03
752,2024-01-06 13:10,正常,2.6,2.1,259,237,92,105,4.1,0.77,0.84,0.53,0.52,1.5,12.1,5.0,-4.9,32.95,34.96
753,2024-01-06 13:20,正常,2.6,2.5,249,263,81,125,4.5,0.77,0.85,0.56,0.56,2.7,12.0,4.8,-4.6,32.98,35.01
754,2024-01-06 13:30,正常,2.3,2.2,245,229,93,101,4.9,0.71,0.85,0.56,0.55,2.2,11.9,5.5,-5.1,33.03,34.95
755,2024-01-06 13:40,正常,2.1,2.8,210,274,86,130,3.5,0.73,0.86,0.55,0.54,2.3,11.9,5.4,-5.0,33.05,35.04
756,2024-01-06 13:50,电路断开时间超标故障,2.1,2.9,261,252,79,104,6.2,0.71,0.83,0.53,0.53,1.1,12.1,5.4,-4.9,32.99,34.99
757,2024-01-06 14:00,正常,2.7,2.5,243,229,97,120,3.8,0.71,0.82,0.57,0.56,1.3,12.1,5.4,-5.1,32.95,34.98
758,2024-01-06 14:10,第一脉冲时间过长故障,2.3,2.1,270,243,72,112,3.8,0.79,0.92,0.53,0.53,1.0,12.1,5.4,-5.3,33.05,35.04
759,2024-01-06 14:20,正常,2.6,2.3,282,260,76,116,4.3,0.77,0.83,0.54,0.56,2.0,11.9,4.6,-4.7,32.95,35.0
760,2024-01-06 14:30,正常,2.7,2.7,234,226,79,120,3.3,0.7,0.86,0.55,0.56,2.4,12.0,5.2,-5.0,33.0,35.02
761,2024-01-06 14:40,第三脉冲时间过短故障,2.1,2.5,259,280,78,106,3.4,0.7,0.83,0.55,0.49,1.4,12.1,5.4,-4.7,32.99,34.97
762,2024-01-06 14:50,正常,2.1,2.4,218,249,77,116,4.3,0.73,0.87,0.53,0.55,2.6,12.1,4.9,-4.8,33.03,35.02
763,2024-01-06 15:00,正常,2.2,2.8,210,244,87,101,4.2,0.79,0.83,0.57,0.57,2.4,11.9,5.1,-4.6,32.99,35.0
764,2024-01-06 15:10,正常,2.8,2.7,259,225,72,118,4.1,0.78,0.87,0.54,0.56,1.6,12.0,4.7,-5.2,33.04,35.0
765,2024-01-06 15:20,正常,2.1,2.2,290,247,85,117,5.2,0.75,0.83,0.58,0.57,2.0,12.0,5.2,-4.9,32.97,34.98
766,2024-01-06 15:30,正常,2.9,2.4,261,274,86,120,5.0,0.76,0.87,0.56,0.58,2.2,12.1,4.5,-5.0,33.05,34.97
767,2024-01-06 15:40,系统识别电压过高故障,2.9,2.4,235,289,96,124,4.9,0.76,0.86,0.53,0.57,1.5,12.5,5.1,-4.9,32.97,34.97
768,2024-01-06 15:50,正常,2.5,2.6,268,222,94,108,5.0,0.79,0.85,0.57,0.57,2.0,12.0,4.9,-5.4,33.0,35.02
769,2024-01-06 16:00,正常,2.3,2.1,224,238,92,110,4.1,0.73,0.87,0.55,0.53,1.3,11.9,5.3,-4.7,33.05,34.99
770,2024-01-06 16:10,光电频率过低故障,2.1,2.9,232,249,81,127,4.0,0.78,0.84,0.57,0.54,0.5,12.0,4.5,-4.7,33.05,34.99
771,2024-01-06 16:20,正常,2.7,2.0,268,231,87,118,3.1,0.78,0.82,0.53,0.57,2.7,12.0,5.4,-5.1,33.02,35.05
772,2024-01-06 16:30,正常,2.6,2.5,233,265,73,117,5.0,0.73,0.82,0.56,0.58,2.9,12.1,4.6,-4.9,33.04,35.05
773,2024-01-06 16:40,模式1脉宽过长故障,2.7,2.6,253,268,81,111,3.1,0.78,0.83,0.53,0.53,2.5,11.9,4.8,-4.7,33.08,35.05
774,2024-01-06 16:50,第三脉冲时间过长故障,2.5,2.7,219,217,91,108,5.3,0.71,0.83,0.55,0.61,3.0,12.0,4.9,-5.4,33.03,34.97
775,2024-01-06 17:00,正常,2.6,2.6,250,255,95,130,3.4,0.78,0.85,0.55,0.58,3.0,12.0,4.8,-4.5,32.97,35.04
776,2024-01-06 17:10,模式1脉宽过短故障,2.5,2.8,282,272,82,117,4.6,0.79,0.87,0.57,0.57,2.3,12.0,5.3,-5.4,32.9,34.96
777,2024-01-06 17:20,正常,2.8,2.0,246,221,74,110,5.0,0.75,0.88,0.52,0.52,1.3,12.1,5.3,-5.1,32.99,34.95
778,2024-01-06 17:30,正常,2.3,2.9,290,226,70,105,3.7,0.72,0.82,0.57,0.57,1.9,12.0,5.1,-4.9,33.01,35.03
779,2024-01-06 17:40,系统识别电压过低故障,2.8,2.4,283,265,72,105,4.9,0.78,0.88,0.54,0.55,1.1,11.7,5.3,-5.1,33.05,34.96
780,2024-01-06 17:50,正常,2.5,2.1,277,244,80,111,4.5,0.72,0.83,0.57,0.56,2.6,12.0,5.0,-5.5,32.96,34.97
781,2024-01-06 18:00,指令判断时间过短故障,2.4,2.2,208,232,88,115,3.5,0.67,0.87,0.57,0.56,1.9,11.9,5.3,-4.9,33.0,35.02
782,2024-01-06 18:10,模式1电平过高故障,2.5,2.7,245,223,92,124,4.6,0.74,0.86,0.56,0.57,2.4,11.9,6.1,-5.4,33.02,34.99
783,2024-01-06 18:20,正常,2.5,2.2,216,240,76,102,4.7,0.71,0.87,0.56,0.54,1.6,11.9,4.9,-4.6,33.04,35.0
784,2024-01-06 18:30,系统识别电压过高故障,2.3,2.0,244,219,98,107,3.8,0.77,0.83,0.53,0.56,1.2,12.5,4.7,-4.6,33.02,34.98
785,2024-01-06 18:40,正常,2.8,2.3,270,217,80,128,3.9,0.71,0.86,0.53,0.56,2.8,12.0,5.0,-4.7,32.96,35.04
786,2024-01-06 18:50,-24V最大电流超标故障,2.5,3.5,211,262,70,125,3.3,0.79,0.84,0.58,0.56,2.4,12.0,4.6,-4.6,32.99,35.03
787,2024-01-06 19:00,正常,2.6,2.7,254,236,95,121,4.3,0.77,0.83,0.53,0.54,1.5,12.0,5.1,-5.4,32.98,35.02
788,2024-01-06 19:10,正常,2.7,2.2,279,239,77,123,3.0,0.76,0.85,0.54,0.55,1.8,12.1,5.4,-5.4,33.05,34.95
789,2024-01-06 19:20,模式1脉宽过长故障,2.8,2.3,254,251,98,111,4.9,0.78,0.84,0.56,0.57,1.6,12.1,5.1,-5.3,33.15,35.0
790,2024-01-06 19:30,正常,2.1,2.3,238,273,71,123,3.5,0.8,0.86,0.53,0.53,2.0,11.9,4.6,-5.4,33.01,35.02
791,2024-01-06 19:40,指令判断时间过长故障,2.4,2.2,289,250,94,100,5.3,0.85,0.84,0.57,0.56,2.1,12.0,4.6,-4.7,32.98,34.96
792,2024-01-06 19:50,第一脉冲时间过长故障,2.3,2.1,230,217,96,103,4.1,0.8,0.9,0.57,0.53,2.3,12.0,4.8,-4.8,32.99,34.99
793,2024-01-06 20:00,正常,2.1,2.2,226,239,99,113,4.6,0.78,0.83,0.57,0.54,1.5,12.1,5.4,-5.4,32.98,34.97
794,2024-01-06 20:10,正常,2.0,2.9,218,287,89,106,3.2,0.76,0.83,0.57,0.53,1.3,11.9,5.5,-4.8,33.03,35.03
795,2024-01-06 20:20,正常,2.6,2.1,260,214,91,127,4.7,0.77,0.88,0.56,0.56,2.4,12.1,4.7,-4.7,33.03,35.02
796,2024-01-06 20:30,正常,2.6,2.1,253,201,89,112,4.3,0.75,0.83,0.58,0.53,2.1,12.1,4.8,-5.5,33.01,35.04
797,2024-01-06 20:40,指令判断时间过长故障,2.4,2.7,241,235,73,105,3.6,0.84,0.86,0.52,0.54,2.2,12.0,5.2,-5.2,32.98,34.97
798,2024-01-06 20:50,电路断开频率过低故障,2.2,2.2,264,270,84,86,4.0,0.78,0.83,0.54,0.53,2.0,12.1,5.2,-4.6,32.99,34.97
799,2024-01-06 21:00,正常,2.1,2.6,256,208,89,105,3.8,0.74,0.85,0.55,0.56,1.8,12.0,5.5,-4.7,33.02,35.03
800,2024-01-06 21:10,模式1脉宽过短故障,2.8,2.4,287,260,89,130,5.0,0.73,0.87,0.53,0.56,2.6,12.0,5.3,-5.3,32.9,34.97
801,2024-01-06 21:20,正常,2.3,2.0,243,256,78,121,4.4,0.74,0.87,0.52,0.57,2.8,12.0,5.3,-5.0,33.01,35.02
802,2024-01-06 21:30,正常,2.3,2.6,263,236,77,122,5.2,0.79,0.84,0.57,0.53,2.6,12.0,4.9,-5.2,32.97,35.01
803,2024-01-06 21:40,正常,2.3,2.4,290,242,80,114,4.6,0.73,0.84,0.54,0.57,1.2,12.0,4.6,-5.5,32.96,34.95
804,2024-01-06 21:50,电路断开时间超标故障,2.5,2.7,225,220,92,128,6.2,0.8,0.85,0.54,0.56,1.8,11.9,5.4,-4.9,32.97,34.98
805,2024-01-06 22:00,正常,2.6,2.7,263,271,72,109,4.0,0.72,0.86,0.57,0.52,2.8,12.0,5.3,-5.3,33.01,34.99
806,2024-01-06 22:10,正常,2.5,2.5,206,278,99,102,3.6,0.74,0.85,0.54,0.57,2.4,12.0,5.3,-5.2,32.98,35.01
807,2024-01-06 22:20,第二脉冲时间过短故障,2.4,2.2,209,282,92,124,3.0,0.76,0.85,0.49,0.53,1.1,11.9,5.1,-5.0,33.03,35.0
808,2024-01-06 22:30,正常,2.6,2.6,230,203,81,105,4.2,0.74,0.82,0.53,0.57,2.1,12.0,5.2,-5.1,33.03,34.98
809,2024-01-06 22:40,正常,2.6,2.3,268,245,81,103,3.1,0.77,0.85,0.55,0.54,1.4,12.0,4.8,-5.2,33.04,35.02
810,2024-01-06 22:50,正常,2.6,2.1,208,276,94,120,3.6,0.79,0.86,0.57,0.53,2.3,11.9,5.2,-5.1,33.03,35.0
811,2024-01-06 23:00,正常,2.2,2.9,277,276,97,124,3.1,0.79,0.86,0.53,0.54,1.4,12.0,5.0,-4.8,33.0,35.04
812,2024-01-06 23:10,正常,2.3,2.6,286,202,82,124,4.6,0.76,0.87,0.57,0.52,1.2,12.0,4.9,-5.2,33.02,34.99
813,2024-01-06 23:20,正常,2.7,2.4,247,202,86,122,4.7,0.77,0.83,0.57,0.56,2.3,12.0,4.9,-5.1,33.01,34.99
814,2024-01-06 23:30,正常,2.4,2.7,245,282,93,100,3.6,0.7,0.85,0.54,0.57,2.0,12.0,5.2,-4.7,33.01,35.0
815,2024-01-06 23:40,正常,2.3,2.4,237,254,96,117,3.8,0.79,0.86,0.55,0.52,2.4,12.1,4.5,-4.6,32.97,35.01
816,2024-01-06 23:50,正常,2.4,2.2,265,289,74,101,4.2,0.7,0.83,0.55,0.52,1.2,12.0,5.1,-5.3,32.96,34.97
817,2024-01-07 00:00,正常,2.3,2.2,207,220,73,100,3.1,0.74,0.88,0.54,0.53,1.1,12.1,4.8,-5.4,33.0,34.98
818,2024-01-07 00:10,正常,2.5,2.4,234,213,92,114,3.0,0.78,0.84,0.56,0.56,1.7,11.9,5.0,-5.4,33.03,34.97
819,2024-01-07 00:20,正常,2.1,2.7,269,222,79,101,4.8,0.75,0.86,0.54,0.52,2.4,12.0,5.4,-5.3,33.0,35.04
820,2024-01-07 00:30,正常,2.7,2.1,224,232,78,115,3.4,0.74,0.83,0.57,0.53,2.6,12.0,5.2,-5.3,33.04,35.01
821,2024-01-07 00:40,正常,2.2,2.5,224,285,85,117,4.9,0.7,0.83,0.55,0.56,1.5,11.9,5.3,-4.7,33.03,35.02
822,2024-01-07 00:50,模式1脉宽过短故障,2.7,2.7,287,211,96,107,5.1,0.75,0.87,0.53,0.56,2.6,12.0,5.3,-4.9,32.9,35.03
823,2024-01-07 01:00,正常,2.4,2.5,268,238,99,105,3.6,0.76,0.86,0.53,0.54,2.3,11.9,4.5,-5.2,32.99,34.98
824,2024-01-07 01:10,正常,2.1,2.1,236,229,88,114,4.7,0.72,0.82,0.55,0.57,1.7,12.0,5.0,-4.6,33.02,34.95
825,2024-01-07 01:20,模式1脉宽过长故障,2.1,2.1,210,253,84,113,5.4,0.77,0.85,0.53,0.55,2.0,12.1,5.4,-4.8,33.11,35.0
826,2024-01-07 01:30,正常,2.6,2.0,230,240,74,112,5.4,0.8,0.88,0.52,0.54,2.5,12.1,4.8,-4.5,32.97,34.96
827,2024-01-07 01:40,正常,2.5,2.6,262,203,90,120,4.0,0.73,0.85,0.58,0.57,2.2,12.0,4.9,-5.3,33.0,35.0
828,2024-01-07 01:50,正常,2.7,2.2,218,251,92,120,4.0,0.72,0.84,0.54,0.52,1.5,12.0,5.3,-5.3,33.04,35.02
829,2024-01-07 02:00,+24V稳定电流超标故障,2.6,2.5,318,251,83,130,3.5,0.77,0.83,0.54,0.53,1.9,12.1,5.3,-5.5,32.99,35.05
830,2024-01-07 02:10,正常,2.3,2.5,201,200,95,101,4.0,0.79,0.87,0.55,0.57,2.2,12.0,5.0,-5.1,33.01,34.98
831,2024-01-07 02:20,正常,2.6,2.4,221,218,96,113,4.9,0.75,0.87,0.55,0.56,1.2,11.9,5.5,-5.5,33.0,35.02
832,2024-01-07 02:30,正常,2.7,2.7,277,279,86,125,4.8,0.73,0.86,0.52,0.52,2.9,12.0,5.2,-5.2,32.99,35.03
833,2024-01-07 02:40,系统识别电压过高故障,2.1,2.5,251,275,92,100,3.3,0.76,0.85,0.57,0.53,1.0,12.3,4.9,-5.2,32.98,35.04
834,2024-01-07 02:50,正常,2.7,2.2,207,218,83,103,3.9,0.75,0.88,0.53,0.55,1.1,12.0,5.1,-5.0,32.99,35.01
835,2024-01-07 03:00,第三脉冲时间过长故障,2.7,2.0,254,207,71,119,4.2,0.79,0.87,0.55,0.59,1.9,11.9,4.8,-4.7,32.98,34.99
836,2024-01-07 03:10,第三脉冲时间过短故障,2.8,2.6,205,259,82,102,5.3,0.8,0.88,0.52,0.5,2.1,12.0,5.1,-5.1,33.04,35.02
837,2024-01-07 03:20,正常,2.4,2.8,262,280,89,102,4.4,0.75,0.84,0.55,0.57,2.3,12.0,5.3,-4.6,32.97,35.02
838,2024-01-07 03:30,正常,2.9,2.7,221,269,74,108,4.6,0.78,0.86,0.56,0.56,1.3,12.0,5.4,-5.0,33.04,35.02
839,2024-01-07 03:40,光电频率过低故障,2.9,2.5,259,249,72,101,4.0,0.74,0.82,0.56,0.58,0.5,12.1,4.6,-5.2,32.97,35.02
840,2024-01-07 03:50,正常,2.3,2.7,258,271,82,108,3.8,0.77,0.85,0.57,0.54,2.0,12.0,4.8,-5.2,32.96,35.04
841,2024-01-07 04:00,正常,2.9,2.5,275,285,83,101,4.0,0.71,0.88,0.54,0.56,2.3,12.0,4.6,-5.4,33.04,34.95
842,2024-01-07 04:10,正常,2.5,2.9,281,265,89,130,4.5,0.72,0.86,0.54,0.55,2.7,11.9,5.4,-4.7,33.01,34.99
843,2024-01-07 04:20,正常,2.2,2.9,222,225,87,113,5.0,0.78,0.84,0.57,0.52,2.5,12.0,5.2,-5.2,33.03,34.97
844,2024-01-07 04:30,正常,2.7,2.1,236,268,85,120,3.8,0.73,0.85,0.55,0.52,2.2,12.1,5.4,-4.6,33.01,34.97
845,2024-01-07 04:40,正常,2.1,2.5,264,232,74,114,3.0,0.74,0.83,0.55,0.53,1.5,12.0,4.7,-5.2,32.98,35.03
846,2024-01-07 04:50,正常,2.8,2.8,277,258,74,101,5.0,0.74,0.82,0.53,0.53,2.7,12.0,4.9,-4.9,32.98,34.99
847,2024-01-07 05:00,正常,2.3,2.0,243,290,71,104,3.2,0.77,0.84,0.54,0.55,2.9,12.0,5.2,-5.3,33.02,35.03
848,2024-01-07 05:10,正常,2.3,2.3,211,216,98,111,3.7,0.74,0.82,0.58,0.56,1.9,11.9,5.5,-4.6,33.01,34.99
849,2024-01-07 05:20,正常,2.6,2.3,230,267,85,119,4.3,0.8,0.87,0.54,0.55,2.8,11.9,5.5,-4.9,33.03,34.98
850,2024-01-07 05:30,正常,2.4,2.4,231,203,74,109,3.4,0.77,0.88,0.57,0.58,2.4,12.1,5.0,-4.5,33.03,35.0
851,2024-01-07 05:40,正常,2.3,2.2,262,278,79,105,3.5,0.74,0.82,0.53,0.57,2.7,12.0,5.0,-5.4,33.01,35.03
852,2024-01-07 05:50,系统识别电压过高故障,2.1,2.5,256,247,72,102,4.6,0.8,0.85,0.53,0.56,2.1,12.5,4.7,-4.8,32.98,34.97
853,2024-01-07 06:00,-24V稳定电流超标故障,2.4,2.5,265,310,86,102,5.3,0.78,0.84,0.56,0.55,1.9,12.0,5.1,-4.7,32.98,34.99
854,2024-01-07 06:10,正常,2.4,2.8,228,244,91,102,3.7,0.76,0.85,0.56,0.57,1.5,11.9,5.5,-5.2,33.05,35.02
855,2024-01-07 06:20,正常,2.3,2.0,236,283,77,128,5.1,0.72,0.82,0.57,0.53,2.5,12.0,4.7,-4.8,32.99,35.01
856,2024-01-07 06:30,模式1脉宽过短故障,2.6,2.7,260,264,86,127,3.5,0.72,0.88,0.54,0.55,2.4,12.0,4.9,-5.5,32.92,35.04
857,2024-01-07 06:40,正常,2.7,2.3,266,208,83,115,3.1,0.79,0.86,0.57,0.52,1.2,12.1,5.2,-4.7,33.04,35.04
858,2024-01-07 06:50,电路断开时间超标故障,2.0,2.8,217,220,88,123,6.5,0.77,0.83,0.57,0.52,2.6,11.9,5.1,-4.5,33.03,34.97
859,2024-01-07 07:00,正常,2.5,2.5,242,247,85,130,4.1,0.74,0.82,0.53,0.54,1.9,12.1,5.0,-5.0,33.01,35.04
860,2024-01-07 07:10,正常,2.1,2.8,256,247,70,130,4.9,0.76,0.84,0.55,0.56,1.1,11.9,5.1,-5.4,32.99,35.03
861,2024-01-07 07:20,-24V稳定电流超标故障,2.4,2.6,228,353,95,109,4.9,0.78,0.84,0.53,0.52,1.3,11.9,5.2,-5.3,32.96,34.95
862,2024-01-07 07:30,正常,2.7,2.7,272,272,76,117,3.4,0.74,0.84,0.54,0.54,1.2,12.1,4.7,-5.0,32.95,35.01
863,2024-01-07 07:40,正常,2.5,2.6,218,275,86,113,4.7,0.76,0.84,0.54,0.55,1.8,11.9,4.6,-5.1,32.99,35.01
864,2024-01-07 07:50,正常,2.3,2.0,283,217,75,130,4.0,0.75,0.84,0.56,0.53,1.7,11.9,4.6,-5.4,32.95,35.03
865,2024-01-07 08:00,正常,2.2,2.2,246,209,94,114,4.2,0.8,0.87,0.55,0.54,2.5,12.0,5.3,-4.8,33.04,34.99
866,2024-01-07 08:10,正常,2.6,2.2,268,226,75,115,5.2,0.8,0.87,0.56,0.57,1.6,12.1,4.6,-5.4,32.96,35.0
867,2024-01-07 08:20,第一脉冲时间过短故障,2.7,2.5,230,229,78,127,5.4,0.78,0.8,0.57,0.54,2.8,12.0,4.8,-4.8,33.03,35.05
868,2024-01-07 08:30,系统识别电压过低故障,2.9,2.4,243,255,87,113,4.0,0.76,0.87,0.58,0.52,1.3,11.5,5.1,-5.3,32.99,34.96
869,2024-01-07 08:40,-24V最大电流超标故障,2.4,3.2,209,213,90,123,3.7,0.74,0.84,0.56,0.55,1.9,12.0,4.6,-5.0,33.02,35.05
870,2024-01-07 08:50,正常,2.3,2.6,215,230,72,122,4.6,0.72,0.85,0.53,0.52,1.1,12.0,4.8,-4.6,33.03,34.97
871,2024-01-07 09:00,电路断开频率过低故障,2.4,2.1,232,275,90,97,4.2,0.74,0.85,0.57,0.54,1.8,12.1,4.9,-4.8,32.95,34.99
872,2024-01-07 09:10,正常,2.6,2.8,249,213,96,123,4.7,0.77,0.85,0.52,0.54,1.8,12.0,4.9,-4.5,33.05,35.02
873,2024-01-07 09:20,正常,2.4,2.1,259,252,75,130,4.4,0.76,0.88,0.53,0.53,2.2,12.1,4.5,-5.0,33.01,34.96
874,2024-01-07 09:30,指令判断时间过短故障,2.3,2.4,271,214,75,108,3.3,0.67,0.83,0.55,0.57,1.9,11.9,5.4,-5.0,32.98,35.02
875,2024-01-07 09:40,正常,2.2,2.5,283,276,90,117,3.7,0.73,0.87,0.55,0.52,2.3,12.1,4.6,-5.1,33.0,34.99
876,2024-01-07 09:50,+24V稳定电流超标故障,2.4,2.6,393,262,70,116,4.6,0.74,0.85,0.56,0.52,2.7,12.0,5.3,-4.5,32.97,35.02
877,2024-01-07 10:00,正常,2.5,2.0,252,276,71,105,3.1,0.71,0.84,0.54,0.55,1.4,12.0,4.5,-5.4,33.05,34.95
878,2024-01-07 10:10,正常,2.8,2.7,265,207,76,110,4.9,0.74,0.83,0.55,0.56,1.4,12.0,5.2,-5.3,32.97,34.97
879,2024-01-07 10:20,模式1电平过高故障,2.8,2.3,252,247,99,122,3.4,0.73,0.86,0.52,0.56,2.6,11.9,6.2,-5.1,32.95,34.98
880,2024-01-07 10:30,正常,2.5,2.7,281,240,71,116,5.3,0.72,0.83,0.55,0.55,2.1,12.0,5.0,-5.1,32.99,34.98
881,2024-01-07 10:40,正常,2.7,2.0,239,215,91,105,3.2,0.76,0.84,0.55,0.54,2.3,12.1,4.8,-4.7,33.01,35.01
882,2024-01-07 10:50,正常,2.2,2.2,212,254,71,107,5.3,0.77,0.88,0.55,0.54,1.4,12.0,5.4,-4.9,33.01,34.95
883,2024-01-07 11:00,正常,2.6,2.5,279,251,71,123,4.8,0.73,0.87,0.55,0.55,2.3,12.0,5.2,-5.2,32.97,35.03
884,2024-01-07 11:10,正常,2.8,2.6,216,254,91,106,3.4,0.78,0.87,0.55,0.58,2.2,11.9,5.1,-4.6,33.0,34.96
885,2024-01-07 11:20,正常,2.0,2.5,284,209,81,110,3.6,0.71,0.87,0.57,0.55,1.7,11.9,5.4,-4.7,33.02,34.95
886,2024-01-07 11:30,正常,2.2,2.6,207,210,96,130,3.6,0.73,0.84,0.56,0.55,1.6,12.1,5.5,-5.0,33.03,34.98
887,2024-01-07 11:40,正常,2.6,2.3,266,205,90,111,5.5,0.75,0.83,0.56,0.52,2.4,12.0,5.4,-4.9,33.03,35.01
888,2024-01-07 11:50,正常,2.3,2.2,284,210,97,119,3.8,0.72,0.83,0.53,0.55,1.2,12.0,5.4,-4.6,33.02,34.97
889,2024-01-07 12:00,正常,2.3,2.9,214,247,70,129,5.5,0.74,0.86,0.56,0.56,2.3,12.0,4.8,-5.3,32.95,35.04
890,2024-01-07 12:10,正常,2.5,2.3,283,284,72,118,4.1,0.78,0.87,0.57,0.54,2.0,12.1,4.5,-5.0,33.04,35.02
891,2024-01-07 12:20,正常,2.2,2.2,288,210,97,123,3.7,0.7,0.83,0.54,0.54,1.0,12.0,4.9,-5.4,33.02,34.96
892,2024-01-07 12:30,正常,2.7,2.0,275,263,79,111,4.3,0.79,0.83,0.55,0.53,1.9,12.1,4.6,-5.2,33.0,35.03
893,2024-01-07 12:40,正常,2.7,2.6,209,256,71,104,3.8,0.75,0.84,0.57,0.56,1.9,12.0,5.0,-5.1,32.95,35.02
894,2024-01-07 12:50,光电频率过低故障,2.3,2.3,258,259,83,100,4.7,0.79,0.83,0.56,0.55,0.6,12.1,4.7,-5.5,33.03,34.99
895,2024-01-07 13:00,正常,2.5,2.0,266,260,77,124,4.6,0.75,0.84,0.53,0.55,2.2,12.0,5.4,-4.6,33.01,35.0
896,2024-01-07 13:10,正常,2.8,2.2,250,246,76,123,3.4,0.72,0.85,0.55,0.53,1.2,12.0,4.8,-5.0,32.96,35.04
897,2024-01-07 13:20,正常,2.4,2.9,221,221,78,126,3.9,0.78,0.83,0.53,0.53,2.1,12.0,4.6,-5.2,33.03,34.97
898,2024-01-07 13:30,正常,2.8,2.4,228,253,84,105,4.6,0.77,0.84,0.54,0.53,2.5,12.0,4.7,-5.1,32.97,35.02
899,2024-01-07 13:40,正常,2.5,2.7,213,265,83,102,4.1,0.78,0.85,0.58,0.53,1.6,11.9,4.7,-4.5,33.01,35.0
900,2024-01-07 13:50,-24V稳定电流超标故障,2.2,2.5,256,328,71,124,3.4,0.72,0.84,0.56,0.53,2.3,12.0,5.2,-4.7,32.97,35.01
901,2024-01-07 14:00,正常,2.1,2.4,273,257,73,122,4.0,0.8,0.85,0.56,0.56,2.8,12.1,4.9,-5.3,32.96,34.96
902,2024-01-07 14:10,模式1电平过高故障,2.4,2.7,275,237,86,110,5.5,0.77,0.87,0.55,0.58,1.6,11.9,5.6,-5.3,33.03,35.0
903,2024-01-07 14:20,正常,2.7,2.9,242,238,91,123,5.2,0.78,0.82,0.57,0.54,2.1,12.0,5.3,-5.4,33.02,34.99
904,2024-01-07 14:30,正常,2.1,2.8,203,279,73,130,5.3,0.71,0.87,0.54,0.54,2.3,12.0,5.0,-5.2,33.04,35.01
905,2024-01-07 14:40,正常,2.2,2.7,275,246,92,109,3.7,0.71,0.85,0.57,0.58,1.3,12.0,4.7,-4.9,33.02,34.99
906,2024-01-07 14:50,正常,2.5,2.5,214,234,71,112,3.1,0.79,0.85,0.57,0.57,1.6,12.0,5.0,-4.6,33.03,34.95
907,2024-01-07 15:00,+24V最大电流超标故障,3.5,2.4,259,264,81,128,3.9,0.79,0.83,0.53,0.53,1.4,12.1,4.9,-5.4,33.0,35.01
908,2024-01-07 15:10,正常,2.3,2.2,227,269,78,116,4.5,0.71,0.86,0.55,0.57,2.0,12.0,4.7,-4.7,33.03,35.01
909,2024-01-07 15:20,模式2电平过低故障,2.4,2.3,218,250,78,116,4.9,0.74,0.83,0.54,0.55,1.9,12.0,4.8,-5.8,32.97,34.96
910,2024-01-07 15:30,-24V稳定电流超标故障,2.1,2.7,235,333,92,113,4.3,0.74,0.82,0.55,0.56,1.4,11.9,4.7,-4.6,33.03,34.99
911,2024-01-07 15:40,正常,2.8,2.2,249,217,89,129,4.5,0.79,0.87,0.53,0.55,1.8,12.1,4.8,-5.4,33.01,35.01
912,2024-01-07 15:50,光电频率过高故障,2.6,2.1,285,261,75,112,5.4,0.72,0.85,0.56,0.56,3.8,11.9,5.0,-5.0,32.96,35.01
913,2024-01-07 16:00,正常,2.2,2.4,285,225,96,123,3.4,0.74,0.85,0.55,0.54,2.5,12.0,5.4,-4.6,32.99,35.03
914,2024-01-07 16:10,指令判断时间过长故障,2.2,2.6,275,241,75,110,3.1,0.89,0.84,0.55,0.53,1.6,12.0,5.2,-4.9,33.03,34.96
915,2024-01-07 16:20,正常,2.0,2.3,266,226,82,101,3.7,0.77,0.87,0.54,0.57,2.9,11.9,4.9,-5.4,33.02,34.99
916,2024-01-07 16:30,正常,2.2,2.9,281,237,87,117,4.7,0.75,0.83,0.58,0.53,2.1,12.1,4.6,-4.8,32.99,35.03
917,2024-01-07 16:40,正常,2.5,2.7,231,244,75,107,3.0,0.77,0.86,0.53,0.54,1.2,12.0,5.0,-4.9,33.03,34.98
918,2024-01-07 16:50,正常,2.1,2.4,229,216,87,118,3.2,0.71,0.87,0.53,0.57,2.0,11.9,5.1,-5.3,33.04,35.02
919,2024-01-07 17:00,+24V稳定电流超标故障,2.5,2.2,397,246,73,103,4.7,0.79,0.87,0.57,0.57,2.8,12.1,5.2,-5.2,32.96,34.95
920,2024-01-07 17:10,正常,2.1,2.7,212,258,72,125,4.5,0.71,0.83,0.56,0.56,1.2,11.9,5.2,-5.1,33.0,35.02
921,2024-01-07 17:20,正常,2.6,2.7,249,238,86,120,3.9,0.71,0.86,0.55,0.57,2.9,11.9,4.6,-4.9,33.03,35.04
922,2024-01-07 17:30,指令判断时间过短故障,2.3,2.3,277,270,97,120,4.1,0.69,0.85,0.56,0.56,1.8,11.9,5.5,-5.5,33.01,35.01
923,2024-01-07 17:40,正常,2.4,2.3,227,288,93,116,4.1,0.79,0.83,0.55,0.53,2.6,12.0,5.1,-5.4,32.96,34.96
924,2024-01-07 17:50,正常,2.7,2.1,203,228,89,107,4.8,0.71,0.87,0.53,0.58,2.8,12.0,4.6,-5.1,32.96,35.03
925,2024-01-07 18:00,系统识别电压过低故障,2.6,2.1,211,282,77,123,4.5,0.76,0.83,0.56,0.55,1.5,11.8,5.1,-5.4,32.96,34.97
926,2024-01-07 18:10,第一脉冲时间过长故障,2.4,2.7,224,269,74,123,5.0,0.78,0.91,0.52,0.58,1.8,12.0,5.2,-5.5,33.03,35.01
927,2024-01-07 18:20,电路断开频率过高故障,2.1,2.1,223,248,96,142,5.1,0.76,0.85,0.55,0.58,2.1,11.9,5.0,-5.4,32.98,34.98
928,2024-01-07 18:30,正常,2.4,2.3,279,280,84,110,5.1,0.75,0.85,0.57,0.58,1.2,11.9,4.9,-5.4,32.96,34.97
929,2024-01-07 18:40,正常,2.3,2.6,241,254,74,125,5.2,0.8,0.87,0.58,0.54,2.5,12.1,5.2,-5.0,33.03,35.02
930,2024-01-07 18:50,模式2电平过高故障,2.1,2.6,231,260,91,121,4.8,0.75,0.85,0.55,0.55,2.6,12.0,5.2,-4.1,33.01,34.99
931,2024-01-07 19:00,模式1脉宽过长故障,2.9,2.9,242,274,98,116,5.2,0.77,0.84,0.57,0.55,2.2,12.0,5.0,-4.5,33.07,35.04
932,2024-01-07 19:10,正常,2.7,2.8,232,259,95,118,5.0,0.71,0.85,0.55,0.56,2.5,12.1,5.3,-5.2,32.97,34.99
933,2024-01-07 19:20,指令判断时间过短故障,2.6,2.6,267,220,83,119,5.0,0.61,0.82,0.57,0.52,1.1,11.9,4.9,-4.9,32.99,34.97
934,2024-01-07 19:30,正常,2.6,2.5,204,218,93,119,3.6,0.77,0.85,0.53,0.52,1.0,12.0,4.8,-4.7,32.99,34.99
935,2024-01-07 19:40,-24V稳定电流超标故障,2.8,2.8,210,383,90,109,3.5,0.78,0.82,0.52,0.55,1.0,12.1,4.5,-5.3,33.0,34.97
936,2024-01-07 19:50,正常,2.7,2.6,249,259,78,128,3.7,0.75,0.84,0.56,0.53,2.8,12.1,4.7,-5.4,33.0,34.95
937,2024-01-07 20:00,电路断开频率过高故障,2.4,2.5,243,284,98,150,3.1,0.74,0.88,0.57,0.52,1.9,11.9,5.5,-4.8,33.03,35.0
938,2024-01-07 20:10,正常,2.1,2.8,284,202,96,106,4.1,0.77,0.86,0.57,0.57,2.0,12.0,5.1,-5.5,32.97,34.99
939,2024-01-07 20:20,正常,2.0,2.5,231,219,92,116,4.1,0.7,0.87,0.52,0.58,2.3,12.1,5.1,-4.6,33.01,35.03
940,2024-01-07 20:30,-24V最大电流超标故障,2.3,3.5,209,281,73,102,5.2,0.79,0.83,0.57,0.52,2.8,12.1,4.7,-5.1,33.0,34.95
941,2024-01-07 20:40,正常,2.0,2.8,246,230,73,114,4.6,0.74,0.85,0.56,0.53,1.6,12.0,4.7,-5.1,33.04,34.98
942,2024-01-07 20:50,模式2脉宽过长故障,2.0,2.3,242,286,80,106,5.4,0.73,0.83,0.54,0.58,1.3,12.0,5.2,-4.9,33.03,35.07
943,2024-01-07 21:00,正常,2.4,2.7,218,223,93,120,5.3,0.74,0.83,0.54,0.53,2.7,12.0,4.7,-5.2,32.98,34.98
944,2024-01-07 21:10,正常,2.8,2.8,290,202,75,127,5.2,0.71,0.83,0.56,0.57,1.3,12.1,5.3,-4.7,33.04,35.02
945,2024-01-07 21:20,光电频率过高故障,2.3,2.5,229,222,70,100,3.9,0.76,0.85,0.53,0.56,3.6,12.0,5.2,-5.4,32.96,35.05
946,2024-01-07 21:30,第三脉冲时间过短故障,2.3,2.4,274,254,70,109,4.4,0.79,0.87,0.55,0.5,1.5,12.0,5.3,-4.9,33.04,34.96
947,2024-01-07 21:40,正常,2.3,2.5,201,203,97,115,4.2,0.75,0.86,0.54,0.52,2.5,12.1,4.9,-5.2,33.0,34.97
948,2024-01-07 21:50,模式2脉宽过长故障,2.2,2.7,264,242,79,109,3.6,0.75,0.84,0.53,0.53,2.2,12.0,5.0,-5.5,33.01,35.13
949,2024-01-07 22:00,正常,2.4,2.5,201,205,86,105,3.1,0.7,0.87,0.54,0.53,2.5,11.9,5.4,-5.0,32.99,35.0
950,2024-01-07 22:10,正常,2.9,2.1,259,257,82,103,4.0,0.79,0.88,0.56,0.54,1.4,11.9,4.6,-5.2,33.0,35.02
951,2024-01-07 22:20,正常,2.5,2.9,256,254,83,112,5.5,0.75,0.87,0.54,0.56,2.0,12.0,4.7,-4.5,33.0,34.97
952,2024-01-07 22:30,电路断开频率过低故障,2.4,2.4,289,214,99,89,3.9,0.79,0.87,0.55,0.55,2.1,12.0,5.3,-4.6,33.01,35.01
953,2024-01-07 22:40,正常,2.2,2.6,239,215,77,125,5.0,0.78,0.87,0.57,0.52,2.7,11.9,4.6,-4.9,32.96,34.96
954,2024-01-07 22:50,正常,2.8,2.2,269,220,70,116,3.3,0.74,0.88,0.55,0.57,1.5,12.0,5.0,-4.6,33.04,35.0
955,2024-01-07 23:00,正常,2.1,2.1,200,227,92,111,3.0,0.73,0.83,0.58,0.58,2.1,12.0,5.0,-5.2,33.0,34.99
956,2024-01-07 23:10,正常,2.7,2.9,240,270,85,108,3.1,0.7,0.83,0.52,0.57,2.8,12.0,4.6,-5.3,33.03,35.04
957,2024-01-07 23:20,正常,2.2,2.6,253,201,97,100,4.5,0.79,0.85,0.57,0.55,1.0,12.1,5.4,-4.8,33.04,35.04
958,2024-01-07 23:30,正常,2.6,2.2,262,217,84,110,3.9,0.74,0.87,0.56,0.53,2.9,11.9,5.0,-4.6,33.01,34.99
959,2024-01-07 23:40,-24V最大电流超标故障,2.8,3.2,209,216,88,116,3.1,0.72,0.84,0.56,0.56,1.7,12.0,4.7,-5.1,33.0,35.04
960,2024-01-07 23:50,第三脉冲时间过短故障,2.3,2.6,243,254,87,112,5.5,0.71,0.86,0.57,0.49,1.0,11.9,5.3,-4.6,32.97,34.96
961,2024-01-08 00:00,-24V稳定电流超标故障,2.3,2.7,204,355,75,106,5.0,0.72,0.88,0.57,0.55,2.1,12.0,5.3,-4.9,33.05,35.01
962,2024-01-08 00:10,模式1脉宽过长故障,2.0,2.8,262,265,94,119,5.1,0.74,0.84,0.55,0.56,2.8,12.0,5.4,-5.3,33.15,34.95
963,2024-01-08 00:20,正常,2.7,2.3,268,200,87,115,4.0,0.78,0.85,0.55,0.58,1.9,11.9,5.0,-4.7,32.96,35.03
964,2024-01-08 00:30,正常,2.6,2.0,261,250,79,114,3.1,0.72,0.86,0.56,0.53,2.2,12.1,4.5,-4.6,33.01,35.01
965,2024-01-08 00:40,模式1脉宽过短故障,2.9,2.4,281,274,94,122,5.2,0.72,0.82,0.53,0.54,2.6,12.1,5.2,-4.6,32.89,35.03
966,2024-01-08 00:50,第一脉冲时间过长故障,2.0,2.7,270,265,77,125,4.0,0.79,0.9,0.53,0.55,2.7,12.0,5.2,-4.8,33.0,34.96
967,2024-01-08 01:00,正常,2.8,2.9,264,280,77,103,4.9,0.77,0.85,0.55,0.53,2.0,12.0,5.4,-4.5,33.05,35.04
968,2024-01-08 01:10,正常,2.9,2.4,241,238,79,118,4.5,0.75,0.84,0.54,0.55,1.2,12.1,4.9,-5.3,33.01,35.0
969,2024-01-08 01:20,电路断开时间超标故障,2.4,2.5,221,208,80,123,6.0,0.78,0.83,0.57,0.54,1.3,12.0,4.8,-5.0,33.03,34.96
970,2024-01-08 01:30,系统识别电压过低故障,2.1,2.6,215,220,70,103,3.6,0.73,0.83,0.53,0.53,1.1,11.6,5.0,-4.7,32.97,34.98
971,2024-01-08 01:40,系统识别电压过高故障,2.3,2.6,241,275,82,112,3.1,0.79,0.83,0.55,0.54,1.2,12.3,5.5,-4.7,32.98,35.04
972,2024-01-08 01:50,系统识别电压过低故障,2.1,2.4,244,234,98,119,3.5,0.71,0.88,0.55,0.53,2.8,11.5,4.8,-5.5,33.02,34.96
973,2024-01-08 02:00,正常,2.7,2.0,256,214,95,129,5.2,0.79,0.85,0.55,0.55,1.5,12.0,5.4,-4.7,33.01,35.04
974,2024-01-08 02:10,第三脉冲时间过长故障,2.6,2.4,273,213,87,121,3.9,0.77,0.85,0.54,0.59,1.3,12.0,4.8,-5.0,32.97,35.02
975,2024-01-08 02:20,正常,2.4,2.1,274,254,97,129,5.2,0.73,0.82,0.53,0.56,1.8,12.0,4.9,-4.8,32.97,34.96
976,2024-01-08 02:30,模式2电平过高故障,2.6,2.7,268,231,84,129,4.6,0.79,0.83,0.56,0.53,2.7,11.9,5.4,-4.0,32.98,35.0
977,2024-01-08 02:40,正常,2.6,2.2,212,215,87,105,5.0,0.77,0.83,0.54,0.52,1.2,12.0,5.4,-4.9,33.04,34.96
978,2024-01-08 02:50,正常,2.1,2.6,204,274,85,123,5.1,0.71,0.83,0.52,0.55,2.6,12.1,4.7,-4.9,32.99,34.99
979,2024-01-08 03:00,-24V最大电流超标故障,2.6,3.5,276,269,99,110,3.6,0.71,0.83,0.58,0.55,1.9,12.0,4.6,-5.3,33.04,35.02
980,2024-01-08 03:10,指令判断时间过长故障,2.1,2.3,203,205,96,118,4.0,0.82,0.82,0.55,0.54,2.0,11.9,5.2,-5.2,33.02,35.02
981,2024-01-08 03:20,正常,2.5,2.2,231,245,96,126,4.7,0.79,0.87,0.56,0.53,1.6,12.0,5.0,-5.2,33.05,34.99
982,2024-01-08 03:30,正常,2.4,2.6,225,282,96,122,4.1,0.74,0.83,0.56,0.54,2.9,12.0,4.8,-5.4,33.01,35.04
983,2024-01-08 03:40,正常,2.4,2.3,227,240,79,121,5.3,0.71,0.88,0.53,0.54,1.2,12.0,5.2,-4.9,33.0,34.99
984,2024-01-08 03:50,正常,2.9,2.3,246,284,83,129,3.7,0.72,0.83,0.58,0.54,2.0,12.0,4.7,-4.6,33.02,35.04
985,2024-01-08 04:00,正常,2.8,2.1,219,279,74,117,3.9,0.74,0.87,0.56,0.53,1.8,12.0,5.2,-4.7,33.04,34.97
986,2024-01-08 04:10,正常,2.6,2.5,285,225,88,130,4.0,0.78,0.86,0.56,0.57,2.5,12.0,4.5,-5.0,33.04,34.99
987,2024-01-08 04:20,正常,2.6,2.2,212,208,99,112,4.2,0.77,0.87,0.58,0.53,2.6,12.0,5.0,-4.5,33.03,35.01
988,2024-01-08 04:30,指令判断时间过短故障,2.6,2.7,239,235,93,105,4.6,0.61,0.87,0.52,0.55,2.0,11.9,4.6,-4.9,32.98,34.98
989,2024-01-08 04:40,正常,2.9,2.9,237,231,93,116,4.9,0.71,0.83,0.52,0.55,2.4,12.0,4.6,-5.3,33.02,35.01
990,2024-01-08 04:50,正常,2.2,2.3,219,286,84,108,3.0,0.71,0.87,0.54,0.56,1.6,12.1,5.0,-4.8,32.98,34.97
991,2024-01-08 05:00,正常,2.9,2.0,204,240,89,107,4.0,0.77,0.86,0.53,0.57,1.9,11.9,4.7,-4.7,33.0,34.96
992,2024-01-08 05:10,第二脉冲时间过短故障,2.0,2.8,211,209,94,111,3.9,0.72,0.84,0.51,0.56,2.7,12.0,5.1,-5.4,33.0,35.02
993,2024-01-08 05:20,指令判断时间过长故障,2.7,2.2,266,257,80,115,4.0,0.84,0.86,0.54,0.53,1.6,11.9,4.7,-5.0,32.98,34.99
994,2024-01-08 05:30,模式2脉宽过短故障,2.7,2.0,207,224,78,127,4.8,0.74,0.83,0.55,0.57,2.2,12.0,5.4,-5.2,33.03,34.9
995,2024-01-08 05:40,正常,2.4,2.8,263,236,97,117,3.7,0.74,0.83,0.56,0.54,1.1,12.0,5.5,-4.5,33.04,34.99
996,2024-01-08 05:50,电路断开时间超标故障,2.9,2.2,207,254,74,127,6.5,0.71,0.83,0.57,0.57,1.2,12.0,5.4,-4.6,33.04,34.97
997,2024-01-08 06:00,正常,2.1,2.1,220,247,82,127,3.7,0.78,0.82,0.54,0.54,1.3,12.1,5.4,-5.0,32.98,35.03
998,2024-01-08 06:10,模式2脉宽过短故障,2.1,2.7,202,274,92,103,3.7,0.72,0.87,0.56,0.53,1.6,12.0,5.1,-4.7,33.0,34.9
999,2024-01-08 06:20,正常,2.0,2.4,269,256,88,126,3.1,0.76,0.82,0.57,0.54,1.5,12.1,5.5,-4.6,32.95,35.01
1000,2024-01-08 06:30,正常,2.1,2.7,230,251,70,117,5.0,0.77,0.87,0.57,0.54,1.6,12.0,4.6,-5.3,33.04,34.98
1001,2024-01-08 06:40,正常,2.6,2.5,219,242,71,126,5.5,0.79,0.84,0.54,0.58,1.9,12.0,4.9,-4.8,32.97,35.05
1002,2024-01-08 06:50,正常,2.3,2.4,242,240,78,111,3.2,0.75,0.87,0.54,0.57,2.2,12.1,5.2,-5.4,33.01,34.97
1003,2024-01-08 07:00,模式2脉宽过短故障,2.8,2.9,282,285,75,110,4.8,0.77,0.88,0.57,0.58,1.0,12.1,5.2,-4.7,32.97,34.87
1004,2024-01-08 07:10,-24V稳定电流超标故障,2.1,2.1,262,354,95,102,3.4,0.78,0.85,0.57,0.56,1.3,12.0,4.9,-4.9,32.96,35.04
1005,2024-01-08 07:20,模式2脉宽过短故障,2.6,2.0,239,253,91,114,3.3,0.71,0.83,0.53,0.54,2.4,12.0,5.4,-4.7,33.01,34.91
1006,2024-01-08 07:30,正常,2.3,2.6,244,267,91,112,4.6,0.79,0.88,0.54,0.54,3.0,12.0,5.0,-5.2,33.03,35.0
1007,2024-01-08 07:40,指令判断时间过长故障,2.7,2.0,225,283,96,118,3.4,0.86,0.84,0.54,0.57,2.3,12.0,4.7,-5.0,32.96,35.0
1008,2024-01-08 07:50,正常,2.7,2.4,202,213,88,104,4.7,0.78,0.88,0.54,0.55,2.7,12.1,4.7,-5.0,32.95,35.01
1009,2024-01-08 08:00,+24V稳定电流超标故障,2.3,2.4,348,208,74,108,4.9,0.71,0.85,0.58,0.57,2.8,12.0,4.6,-5.3,32.97,35.04
1010,2024-01-08 08:10,正常,2.2,2.3,207,274,81,119,4.0,0.75,0.84,0.55,0.53,1.3,12.1,4.8,-5.3,32.98,35.03
1011,2024-01-08 08:20,第一脉冲时间过长故障,2.4,2.2,260,267,84,126,4.9,0.75,0.91,0.55,0.57,1.2,12.0,5.3,-5.5,33.05,35.04
1012,2024-01-08 08:30,正常,2.7,2.5,258,245,72,127,4.7,0.77,0.87,0.52,0.54,2.3,12.0,5.5,-4.7,33.04,35.03
1013,2024-01-08 08:40,模式2脉宽过长故障,2.3,2.4,201,227,72,130,4.4,0.76,0.84,0.55,0.52,1.2,11.9,5.4,-5.3,33.04,35.09
1014,2024-01-08 08:50,正常,2.6,2.2,206,246,97,125,3.8,0.7,0.84,0.56,0.55,2.9,11.9,4.8,-4.8,32.97,35.03
1015,2024-01-08 09:00,正常,2.5,2.9,254,260,80,101,4.4,0.78,0.88,0.52,0.57,2.6,11.9,5.4,-4.5,32.98,35.0
1016,2024-01-08 09:10,光电频率过高故障,2.6,2.7,224,223,85,113,3.6,0.77,0.85,0.55,0.56,3.8,12.1,4.8,-5.1,32.98,34.99
1017,2024-01-08 09:20,-24V最大电流超标故障,2.5,4.0,239,278,94,120,4.0,0.76,0.87,0.56,0.54,2.0,12.1,5.3,-4.7,33.03,34.95
1018,2024-01-08 09:30,正常,2.5,2.5,253,228,80,106,4.5,0.75,0.84,0.56,0.58,2.8,11.9,5.1,-4.6,32.96,34.99
1019,2024-01-08 09:40,正常,2.5,2.4,219,209,90,113,3.1,0.8,0.85,0.52,0.57,1.3,11.9,5.2,-5.0,32.97,34.98
1020,2024-01-08 09:50,电路断开频率过低故障,2.8,2.6,283,248,94,81,3.9,0.79,0.84,0.57,0.57,2.3,12.1,4.9,-5.0,33.01,35.05
1021,2024-01-08 10:00,正常,2.6,2.3,268,221,86,100,3.6,0.75,0.88,0.57,0.55,1.3,11.9,4.5,-5.3,33.03,35.05
1022,2024-01-08 10:10,正常,2.5,2.9,243,243,81,116,3.2,0.7,0.84,0.55,0.56,1.6,12.0,4.7,-4.8,33.02,35.04
1023,2024-01-08 10:20,第二脉冲时间过长故障,2.2,2.2,201,251,83,121,5.2,0.8,0.82,0.59,0.57,1.4,12.0,5.1,-5.2,32.98,35.01
1024,2024-01-08 10:30,正常,2.1,2.4,268,233,84,113,5.0,0.78,0.87,0.58,0.53,1.4,11.9,5.0,-5.5,33.05,35.04
1025,2024-01-08 10:40,指令判断时间过短故障,2.7,2.3,264,251,78,114,5.0,0.63,0.86,0.53,0.58,2.6,12.1,5.0,-5.1,32.96,35.01
1026,2024-01-08 10:50,正常,2.6,2.4,276,274,93,118,4.9,0.73,0.87,0.56,0.53,1.1,12.0,4.6,-5.1,33.0,34.98
1027,2024-01-08 11:00,正常,2.6,2.8,248,221,80,109,3.7,0.75,0.83,0.55,0.55,1.0,11.9,4.9,-4.9,33.02,35.0
1028,2024-01-08 11:10,正常,2.6,2.4,213,248,99,111,3.1,0.71,0.86,0.54,0.54,2.9,12.0,5.5,-5.4,32.98,35.01
1029,2024-01-08 11:20,模式2脉宽过长故障,2.0,2.8,211,246,76,108,3.6,0.72,0.83,0.55,0.56,1.5,11.9,4.8,-5.3,33.03,35.06
1030,2024-01-08 11:30,正常,2.6,2.9,290,269,77,114,5.1,0.72,0.83,0.54,0.56,2.1,12.0,4.6,-5.1,33.03,34.97
1031,2024-01-08 11:40,第一脉冲时间过长故障,2.6,2.7,202,266,96,117,4.1,0.78,0.9,0.54,0.56,2.3,11.9,4.5,-5.5,33.01,35.01
1032,2024-01-08 11:50,光电频率过高故障,2.7,2.1,208,243,76,123,3.1,0.78,0.83,0.57,0.57,3.4,11.9,4.5,-5.2,32.97,35.03
1033,2024-01-08 12:00,正常,2.0,2.2,283,233,95,107,4.2,0.73,0.86,0.54,0.53,2.9,12.0,4.6,-4.7,32.98,34.97
1034,2024-01-08 12:10,正常,2.1,2.2,206,212,72,105,4.0,0.78,0.83,0.52,0.58,1.6,12.0,5.0,-4.8,33.02,34.97
1035,2024-01-08 12:20,正常,2.0,2.4,220,202,91,126,4.9,0.8,0.83,0.55,0.54,1.1,12.1,5.1,-5.4,32.96,35.05
1036,2024-01-08 12:30,正常,2.5,2.2,253,239,91,122,4.2,0.76,0.86,0.54,0.54,2.1,12.1,5.1,-4.6,32.96,35.03
1037,2024-01-08 12:40,正常,2.2,2.0,272,209,83,128,5.1,0.78,0.83,0.54,0.57,1.6,12.0,5.4,-5.5,33.01,34.97
1038,2024-01-08 12:50,正常,2.6,2.2,240,240,82,104,5.4,0.72,0.86,0.55,0.58,3.0,12.0,5.0,-5.3,33.04,34.99
1039,2024-01-08 13:00,正常,2.2,2.2,254,237,87,106,5.2,0.79,0.87,0.58,0.57,1.0,12.1,4.9,-5.4,32.97,35.0
1040,2024-01-08 13:10,正常,2.8,2.7,256,206,88,109,5.1,0.71,0.87,0.56,0.52,2.0,12.0,5.1,-5.2,33.03,35.02
1041,2024-01-08 13:20,正常,2.4,2.2,204,253,87,103,4.4,0.79,0.84,0.54,0.57,2.7,11.9,5.0,-5.4,33.02,35.05
1042,2024-01-08 13:30,模式1电平过高故障,2.6,2.5,210,209,97,111,4.8,0.71,0.87,0.57,0.54,1.4,11.9,5.7,-5.0,33.01,34.99
1043,2024-01-08 13:40,正常,2.2,2.2,226,250,71,122,4.9,0.7,0.84,0.54,0.54,1.1,11.9,5.1,-5.0,33.05,34.98
1044,2024-01-08 13:50,正常,2.9,2.1,247,217,97,107,4.9,0.74,0.84,0.57,0.56,1.3,12.0,4.7,-5.0,32.96,34.95
1045,2024-01-08 14:00,正常,2.9,2.7,265,204,81,108,3.7,0.71,0.84,0.58,0.52,1.1,12.0,4.6,-4.7,33.01,35.03
1046,2024-01-08 14:10,正常,2.5,2.3,207,284,87,120,3.9,0.72,0.88,0.53,0.58,1.9,11.9,5.3,-5.3,33.05,34.98
1047,2024-01-08 14:20,正常,2.0,2.3,276,238,81,124,4.2,0.74,0.86,0.55,0.58,2.7,12.0,5.3,-5.2,32.98,34.95
1048,2024-01-08 14:30,第二脉冲时间过长故障,2.2,2.4,229,259,79,118,4.1,0.7,0.86,0.6,0.57,2.3,12.1,4.6,-5.4,32.97,34.99
1049,2024-01-08 14:40,系统识别电压过高故障,2.4,2.7,216,233,91,130,3.6,0.73,0.84,0.54,0.55,1.4,12.5,5.1,-4.5,33.03,35.03
1050,2024-01-08 14:50,+9V稳定电流超标故障,2.7,2.1,249,268,119,121,3.4,0.75,0.87,0.55,0.58,2.4,11.9,5.5,-4.9,32.96,34.95
1051,2024-01-08 15:00,正常,2.4,2.7,240,200,93,107,5.1,0.78,0.87,0.56,0.54,2.3,11.9,4.9,-5.2,32.99,35.02
1052,2024-01-08 15:10,正常,2.7,2.3,252,257,88,130,3.8,0.75,0.88,0.57,0.58,1.0,12.0,5.4,-4.6,33.05,35.01
1053,2024-01-08 15:20,正常,2.5,2.8,275,267,81,129,5.0,0.72,0.82,0.54,0.54,2.3,12.0,5.0,-5.2,32.98,35.04
1054,2024-01-08 15:30,模式1电平过高故障,2.6,2.4,268,219,91,129,4.6,0.79,0.83,0.54,0.53,1.0,12.0,5.7,-5.5,32.97,34.98
1055,2024-01-08 15:40,模式2脉宽过长故障,2.6,2.3,226,272,71,123,4.7,0.73,0.88,0.53,0.54,2.4,12.1,5.4,-5.3,32.98,35.07
1056,2024-01-08 15:50,第一脉冲时间过长故障,2.8,2.8,222,258,97,101,4.1,0.79,0.9,0.58,0.53,1.9,11.9,4.5,-5.4,33.02,35.04
1057,2024-01-08 16:00,第三脉冲时间过长故障,2.1,2.4,258,203,82,118,3.8,0.74,0.88,0.56,0.61,1.2,12.0,5.4,-4.5,32.97,35.03
1058,2024-01-08 16:10,+24V稳定电流超标故障,2.3,2.8,382,274,89,130,5.1,0.71,0.87,0.55,0.57,2.3,12.0,5.0,-5.5,33.0,35.02
1059,2024-01-08 16:20,正常,2.4,2.3,239,286,93,117,3.1,0.77,0.87,0.54,0.55,1.7,12.0,5.2,-5.2,32.97,34.99
1060,2024-01-08 16:30,+24V最大电流超标故障,3.3,2.4,209,245,97,130,4.0,0.76,0.83,0.52,0.52,1.1,12.1,4.7,-5.1,32.97,35.03
1061,2024-01-08 16:40,正常,2.9,2.9,238,230,82,100,4.5,0.77,0.83,0.57,0.57,2.0,12.1,4.6,-5.0,32.97,34.98
1062,2024-01-08 16:50,正常,2.5,2.2,217,206,87,118,5.2,0.74,0.86,0.54,0.56,2.5,12.1,5.2,-5.4,33.03,35.01
1063,2024-01-08 17:00,正常,2.3,2.5,236,236,87,115,3.1,0.73,0.85,0.57,0.57,1.4,12.0,4.9,-5.2,33.02,35.04
1064,2024-01-08 17:10,正常,2.1,2.9,260,220,71,112,4.7,0.71,0.83,0.52,0.56,1.8,12.0,5.3,-5.3,33.04,35.02
1065,2024-01-08 17:20,正常,2.4,2.2,245,241,93,112,5.3,0.7,0.87,0.53,0.56,1.4,12.0,5.3,-5.2,32.95,34.98
1066,2024-01-08 17:30,正常,2.6,2.3,222,251,98,126,5.0,0.78,0.87,0.56,0.58,2.1,12.0,5.1,-5.4,32.97,34.97
1067,2024-01-08 17:40,指令判断时间过长故障,2.2,2.2,207,268,73,129,3.3,0.86,0.84,0.57,0.55,3.0,11.9,4.5,-5.2,33.0,35.01
1068,2024-01-08 17:50,-24V稳定电流超标故障,2.8,2.6,271,360,87,129,5.3,0.72,0.84,0.58,0.55,1.8,12.0,5.3,-5.0,32.99,35.0
1069,2024-01-08 18:00,模式1脉宽过短故障,2.1,2.5,205,239,98,116,3.0,0.76,0.82,0.55,0.57,2.7,12.0,5.4,-5.3,32.9,34.96
1070,2024-01-08 18:10,正常,2.2,2.5,209,280,79,113,4.1,0.8,0.86,0.56,0.58,2.2,11.9,5.3,-4.5,32.98,34.99
1071,2024-01-08 18:20,正常,2.1,2.6,262,241,72,114,3.2,0.79,0.82,0.53,0.54,1.5,12.0,4.9,-5.4,33.0,34.99
1072,2024-01-08 18:30,模式2电平过低故障,2.5,2.6,202,267,98,122,3.1,0.74,0.84,0.55,0.58,2.3,12.0,5.4,-5.6,33.02,34.98
1073,2024-01-08 18:40,第一脉冲时间过长故障,2.7,2.2,201,279,70,125,5.1,0.72,0.89,0.53,0.58,2.9,12.1,5.4,-4.8,32.98,35.01
1074,2024-01-08 18:50,正常,2.2,2.2,269,249,88,119,4.5,0.71,0.82,0.56,0.53,1.9,11.9,4.5,-5.5,33.0,34.96
1075,2024-01-08 19:00,第二脉冲时间过短故障,2.9,2.4,235,228,89,124,3.3,0.75,0.85,0.5,0.56,1.1,12.1,4.5,-5.4,32.98,34.97
1076,2024-01-08 19:10,正常,2.3,2.5,266,227,98,127,4.1,0.77,0.87,0.54,0.53,2.3,11.9,5.0,-4.6,32.99,34.99
1077,2024-01-08 19:20,正常,2.1,2.0,275,279,85,102,3.7,0.8,0.86,0.56,0.55,2.5,12.1,4.7,-5.2,33.05,34.96
1078,2024-01-08 19:30,正常,2.6,2.5,275,251,99,107,3.8,0.77,0.84,0.57,0.58,1.6,12.0,4.7,-5.4,33.03,34.97
1079,2024-01-08 19:40,正常,2.7,2.8,222,256,72,106,4.2,0.73,0.84,0.56,0.53,3.0,12.1,5.3,-5.4,33.03,34.98
1080,2024-01-08 19:50,模式1脉宽过短故障,2.3,2.1,220,232,88,102,4.8,0.77,0.86,0.56,0.55,2.9,11.9,5.4,-4.5,32.91,34.97
1081,2024-01-08 20:00,正常,2.6,2.1,247,287,76,127,4.1,0.7,0.84,0.54,0.53,2.2,12.1,5.3,-4.7,33.04,34.99
1082,2024-01-08 20:10,第一脉冲时间过长故障,2.6,2.2,233,275,98,104,3.4,0.77,0.92,0.58,0.54,1.9,11.9,5.2,-5.1,33.03,35.04
1083,2024-01-08 20:20,正常,2.2,2.6,250,224,81,130,3.9,0.79,0.87,0.56,0.54,1.8,12.1,4.6,-5.1,33.0,35.05
1084,2024-01-08 20:30,模式2脉宽过短故障,2.4,2.4,272,233,95,103,3.7,0.72,0.83,0.57,0.56,2.5,12.1,4.9,-4.5,33.0,34.92
1085,2024-01-08 20:40,正常,2.5,2.1,266,248,81,126,4.9,0.8,0.84,0.52,0.53,1.7,11.9,4.9,-4.7,32.95,35.01
1086,2024-01-08 20:50,系统识别电压过低故障,2.6,2.3,286,246,72,111,5.3,0.73,0.85,0.53,0.54,1.5,11.8,4.8,-5.3,32.96,34.97
1087,2024-01-08 21:00,+24V稳定电流超标故障,2.6,2.3,381,228,88,100,4.9,0.72,0.83,0.57,0.53,2.8,12.0,4.7,-5.4,33.0,34.98
1088,2024-01-08 21:10,正常,2.5,2.8,251,224,79,116,5.2,0.7,0.82,0.55,0.54,2.7,12.0,4.7,-4.5,33.0,35.04
1089,2024-01-08 21:20,正常,2.6,2.5,230,239,79,112,4.3,0.78,0.82,0.55,0.57,2.1,11.9,5.4,-4.8,32.98,35.02
1090,2024-01-08 21:30,正常,2.6,2.5,285,212,91,118,4.5,0.76,0.82,0.57,0.54,1.5,12.1,5.0,-4.7,33.04,34.97
1091,2024-01-08 21:40,正常,2.3,2.5,277,253,75,121,3.0,0.79,0.86,0.56,0.54,2.1,12.0,5.2,-5.1,33.01,34.99
1092,2024-01-08 21:50,模式2电平过高故障,2.6,2.4,217,252,74,108,4.4,0.76,0.83,0.54,0.54,2.5,11.9,5.3,-4.0,33.02,34.99
1093,2024-01-08 22:00,指令判断时间过长故障,2.4,2.6,238,271,87,122,3.2,0.86,0.84,0.56,0.53,2.1,11.9,4.8,-5.1,32.96,35.03
1094,2024-01-08 22:10,模式1脉宽过短故障,2.2,2.8,290,239,76,113,4.8,0.79,0.88,0.54,0.58,1.7,11.9,5.4,-5.5,32.88,35.05
1095,2024-01-08 22:20,正常,2.8,2.5,225,219,89,125,4.7,0.71,0.83,0.54,0.57,2.4,12.0,5.2,-4.8,32.98,34.99
1096,2024-01-08 22:30,正常,2.7,2.3,250,251,76,121,3.6,0.77,0.83,0.55,0.55,1.4,12.0,5.5,-5.2,33.02,34.98
1097,2024-01-08 22:40,正常,2.7,2.7,219,201,88,103,5.2,0.76,0.84,0.54,0.52,1.1,11.9,5.1,-4.6,32.95,34.99
1098,2024-01-08 22:50,模式1电平过低故障,2.6,2.1,233,245,71,117,4.2,0.79,0.85,0.56,0.57,2.6,12.0,4.1,-5.5,32.96,35.01
1099,2024-01-08 23:00,电路断开频率过高故障,2.2,2.9,219,288,95,141,4.8,0.71,0.86,0.55,0.55,1.6,12.1,4.8,-5.3,32.96,34.98
1100,2024-01-08 23:10,正常,2.4,2.1,257,288,90,106,5.3,0.72,0.87,0.56,0.57,1.5,11.9,5.1,-4.9,32.98,34.99
1101,2024-01-08 23:20,正常,2.7,2.1,228,227,87,124,4.3,0.72,0.83,0.56,0.53,3.0,12.0,5.0,-5.3,33.04,34.98
1102,2024-01-08 23:30,正常,2.0,2.3,272,200,76,128,3.8,0.71,0.85,0.57,0.58,2.9,12.0,4.8,-5.4,33.03,34.97
1103,2024-01-08 23:40,正常,2.1,2.7,213,258,70,118,5.3,0.72,0.88,0.57,0.53,1.4,12.1,4.9,-4.6,32.97,34.98
1104,2024-01-08 23:50,+24V最大电流超标故障,3.2,2.2,267,203,91,123,4.0,0.76,0.85,0.55,0.56,1.8,12.0,4.6,-4.9,32.97,34.96
1105,2024-01-09 00:00,正常,2.2,2.9,271,278,84,129,3.3,0.78,0.83,0.54,0.55,2.9,12.0,5.4,-5.1,32.98,35.03
1106,2024-01-09 00:10,正常,2.1,2.8,269,284,83,110,5.0,0.71,0.83,0.55,0.56,2.5,12.0,5.3,-5.0,32.98,34.95
1107,2024-01-09 00:20,第一脉冲时间过长故障,2.7,2.2,226,289,81,116,5.1,0.72,0.91,0.52,0.56,2.5,11.9,5.0,-5.2,32.95,35.01
1108,2024-01-09 00:30,正常,2.6,2.3,242,258,73,100,4.6,0.79,0.83,0.55,0.54,1.3,12.1,5.1,-4.9,33.01,35.02
1109,2024-01-09 00:40,正常,2.1,2.7,205,235,80,121,5.2,0.71,0.83,0.52,0.54,1.7,11.9,5.2,-4.5,33.02,34.96
1110,2024-01-09 00:50,正常,2.1,2.5,239,239,99,101,4.3,0.76,0.86,0.56,0.55,1.6,12.0,5.0,-4.9,33.03,34.98
1111,2024-01-09 01:00,正常,2.4,2.3,208,257,94,120,5.0,0.79,0.84,0.54,0.52,2.9,12.0,4.5,-5.3,33.04,35.0
1112,2024-01-09 01:10,正常,2.8,2.2,285,256,92,121,4.9,0.73,0.83,0.57,0.53,1.8,12.0,5.0,-5.0,32.98,35.05
1113,2024-01-09 01:20,+9V稳定电流超标故障,2.3,2.1,262,289,125,125,3.4,0.79,0.88,0.58,0.58,2.6,12.1,4.7,-5.0,32.98,35.02
1114,2024-01-09 01:30,正常,2.1,2.1,245,202,83,115,4.2,0.72,0.86,0.54,0.54,1.0,12.0,4.6,-5.1,33.04,34.95
1115,2024-01-09 01:40,正常,2.1,2.4,252,200,97,116,4.5,0.75,0.86,0.57,0.55,1.8,12.0,4.7,-5.5,32.97,35.0
1116,2024-01-09 01:50,第一脉冲时间过长故障,2.7,2.4,254,276,79,103,4.4,0.76,0.9,0.55,0.54,2.4,11.9,5.1,-5.1,32.99,35.03
1117,2024-01-09 02:00,正常,2.8,2.6,285,256,88,125,3.3,0.75,0.86,0.55,0.53,2.0,11.9,4.9,-4.6,32.98,35.03
1118,2024-01-09 02:10,正常,2.9,2.7,281,210,86,101,3.5,0.77,0.85,0.56,0.56,1.7,12.0,4.5,-5.3,33.02,35.02
1119,2024-01-09 02:20,正常,2.6,2.4,276,284,82,101,3.2,0.7,0.85,0.56,0.55,2.2,12.1,5.4,-4.9,32.95,34.99
1120,2024-01-09 02:30,正常,2.8,2.5,255,280,77,125,4.3,0.73,0.84,0.55,0.54,2.8,12.0,5.1,-4.8,33.0,34.95
1121,2024-01-09 02:40,第二脉冲时间过短故障,2.1,2.8,251,253,70,117,4.3,0.74,0.87,0.5,0.53,1.6,12.1,4.6,-5.1,32.98,35.04
1122,2024-01-09 02:50,正常,2.6,2.7,280,252,92,107,3.2,0.72,0.85,0.56,0.52,2.1,11.9,5.3,-4.7,33.02,35.0
1123,2024-01-09 03:00,模式2脉宽过长故障,2.6,2.8,285,279,83,100,3.4,0.75,0.83,0.56,0.58,2.4,12.0,5.0,-5.2,33.02,35.07
1124,2024-01-09 03:10,第二脉冲时间过短故障,2.7,2.7,243,242,75,112,5.5,0.75,0.86,0.5,0.54,1.2,12.0,5.0,-4.6,33.04,35.04
1125,2024-01-09 03:20,正常,2.7,2.9,232,242,93,127,4.6,0.7,0.86,0.55,0.57,2.2,12.0,4.7,-5.2,33.01,35.04
1126,2024-01-09 03:30,正常,2.5,2.2,283,274,78,102,5.2,0.79,0.86,0.54,0.54,1.1,12.0,5.1,-5.2,33.04,34.97
1127,2024-01-09 03:40,正常,2.0,2.8,219,238,75,111,3.2,0.79,0.83,0.55,0.55,1.3,12.0,4.5,-4.8,33.01,34.99
1128,2024-01-09 03:50,模式2电平过低故障,2.5,2.4,270,283,84,126,3.1,0.74,0.88,0.54,0.55,2.7,11.9,5.4,-5.7,33.01,34.99
1129,2024-01-09 04:00,模式1电平过高故障,2.3,2.1,220,251,78,129,3.3,0.78,0.82,0.57,0.58,1.6,11.9,6.3,-5.3,32.98,34.97
1130,2024-01-09 04:10,正常,2.7,2.6,250,214,90,118,4.2,0.77,0.84,0.58,0.53,2.0,12.0,5.1,-5.2,32.97,34.95
1131,2024-01-09 04:20,正常,2.0,2.8,227,207,95,126,4.5,0.76,0.87,0.52,0.57,1.6,12.1,4.8,-4.6,33.0,34.99
1132,2024-01-09 04:30,正常,2.1,2.8,285,286,73,113,3.6,0.7,0.82,0.56,0.54,1.4,12.1,5.4,-5.0,33.04,35.01
1133,2024-01-09 04:40,-24V稳定电流超标故障,2.8,2.7,204,328,75,124,3.8,0.79,0.84,0.55,0.57,1.0,11.9,5.4,-4.6,32.99,35.0
1134,2024-01-09 04:50,正常,2.5,2.1,205,276,98,103,4.7,0.79,0.88,0.54,0.57,2.2,11.9,5.5,-5.5,33.02,34.96
1135,2024-01-09 05:00,光电频率过低故障,2.8,2.1,280,238,96,124,5.5,0.74,0.85,0.57,0.56,0.8,12.0,5.3,-4.7,32.96,35.01
1136,2024-01-09 05:10,正常,2.5,2.5,257,253,71,109,3.6,0.74,0.83,0.54,0.52,2.4,12.0,4.6,-4.7,32.96,34.97
1137,2024-01-09 05:20,+24V稳定电流超标故障,2.1,2.7,333,227,99,103,3.6,0.71,0.83,0.54,0.52,1.1,12.0,5.2,-5.2,33.03,34.98
1138,2024-01-09 05:30,正常,2.8,2.4,230,229,72,122,5.0,0.77,0.87,0.53,0.56,1.7,12.0,4.7,-5.2,33.05,34.97
1139,2024-01-09 05:40,正常,2.3,2.0,216,275,99,124,4.7,0.79,0.88,0.53,0.56,2.8,12.1,4.7,-5.1,32.98,34.99
1140,2024-01-09 05:50,光电频率过高故障,2.8,2.1,227,270,88,113,4.1,0.76,0.87,0.58,0.56,3.5,12.0,4.7,-4.7,33.03,34.97
1141,2024-01-09 06:00,正常,2.0,2.7,211,201,79,115,3.6,0.78,0.83,0.57,0.54,2.2,12.0,5.3,-4.7,32.99,35.02
1142,2024-01-09 06:10,正常,2.6,2.3,219,206,93,123,4.8,0.77,0.86,0.58,0.54,1.2,12.1,4.8,-5.0,32.99,34.98
1143,2024-01-09 06:20,模式2电平过低故障,2.3,2.5,260,275,85,110,4.2,0.7,0.85,0.57,0.55,1.5,12.1,5.4,-5.9,32.99,34.97
1144,2024-01-09 06:30,-24V最大电流超标故障,2.8,4.0,211,278,79,104,4.3,0.73,0.88,0.55,0.57,2.3,12.0,5.5,-5.4,33.04,35.02
1145,2024-01-09 06:40,正常,2.6,2.5,269,219,95,107,3.8,0.77,0.82,0.55,0.54,1.9,11.9,5.2,-4.9,32.96,35.01
1146,2024-01-09 06:50,正常,2.1,2.4,216,255,85,102,4.3,0.72,0.84,0.53,0.58,1.6,12.0,4.5,-4.6,32.95,35.03
1147,2024-01-09 07:00,电路断开频率过低故障,2.1,2.2,236,231,81,86,3.6,0.76,0.87,0.55,0.57,2.2,12.1,4.8,-5.3,32.98,34.98
1148,2024-01-09 07:10,第一脉冲时间过长故障,2.6,2.7,271,282,75,126,3.1,0.77,0.91,0.56,0.54,1.3,12.0,5.1,-4.9,33.0,35.03
1149,2024-01-09 07:20,模式2电平过高故障,2.7,2.4,215,221,90,126,3.7,0.73,0.86,0.55,0.54,2.7,12.1,4.9,-4.2,33.01,35.02
1150,2024-01-09 07:30,正常,2.6,2.5,205,272,92,129,4.6,0.77,0.83,0.56,0.57,1.2,11.9,4.9,-4.8,33.02,35.02
1151,2024-01-09 07:40,正常,2.3,2.6,228,277,83,121,3.1,0.77,0.87,0.52,0.54,2.2,12.1,5.0,-5.0,32.99,35.02
1152,2024-01-09 07:50,正常,2.8,2.4,222,289,78,106,4.6,0.7,0.86,0.55,0.54,2.5,12.0,5.2,-4.7,32.98,35.04
1153,2024-01-09 08:00,系统识别电压过低故障,2.6,2.3,200,237,73,115,5.4,0.74,0.88,0.53,0.57,1.9,11.7,4.7,-4.8,32.96,34.96
1154,2024-01-09 08:10,正常,2.3,2.5,217,217,88,108,3.8,0.7,0.83,0.54,0.53,1.5,11.9,5.2,-5.3,32.99,34.97
1155,2024-01-09 08:20,-24V最大电流超标故障,2.5,3.6,282,214,76,107,3.9,0.74,0.83,0.54,0.57,1.4,12.0,4.5,-5.3,32.96,35.01
1156,2024-01-09 08:30,正常,2.2,2.1,223,285,96,117,3.5,0.74,0.84,0.54,0.54,2.9,12.1,5.3,-4.8,33.02,35.02
1157,2024-01-09 08:40,模式2脉宽过长故障,2.5,2.2,204,284,99,116,3.5,0.71,0.84,0.57,0.53,2.5,12.0,5.1,-4.6,32.97,35.07
1158,2024-01-09 08:50,正常,2.7,2.2,234,286,90,130,3.6,0.74,0.86,0.54,0.57,2.8,12.0,5.0,-4.7,32.97,35.04
1159,2024-01-09 09:00,模式2脉宽过短故障,2.7,2.5,255,236,83,105,3.2,0.7,0.82,0.54,0.56,1.5,12.0,5.2,-5.0,33.01,34.9
1160,2024-01-09 09:10,正常,2.1,2.8,260,267,81,129,4.8,0.79,0.84,0.57,0.52,2.1,12.0,4.8,-5.3,33.03,34.95
1161,2024-01-09 09:20,正常,2.4,2.5,253,206,80,107,4.7,0.78,0.84,0.54,0.56,1.8,12.0,5.4,-5.4,32.97,35.01
1162,2024-01-09 09:30,正常,2.9,2.3,266,290,93,115,4.4,0.73,0.84,0.56,0.57,1.3,11.9,5.0,-4.6,32.98,35.01
1163,2024-01-09 09:40,指令判断时间过长故障,2.5,2.0,252,275,91,107,4.6,0.88,0.85,0.53,0.55,1.7,11.9,5.3,-5.2,33.03,34.99
1164,2024-01-09 09:50,指令判断时间过长故障,2.4,2.2,277,258,99,112,3.7,0.81,0.83,0.54,0.53,2.1,11.9,5.1,-5.4,33.0,35.01
1165,2024-01-09 10:00,模式2脉宽过长故障,2.3,2.8,212,209,87,116,3.7,0.72,0.85,0.58,0.56,1.1,12.0,5.4,-5.4,32.99,35.06
1166,2024-01-09 10:10,正常,2.0,2.3,201,222,73,100,4.0,0.75,0.88,0.56,0.53,1.0,12.1,4.6,-4.5,33.05,35.01
1167,2024-01-09 10:20,正常,2.3,2.2,273,236,88,102,3.5,0.72,0.84,0.55,0.54,1.0,12.1,4.7,-4.8,32.97,35.05
1168,2024-01-09 10:30,+9V稳定电流超标故障,2.7,2.6,289,267,110,122,4.7,0.78,0.84,0.55,0.52,1.7,12.0,4.9,-5.2,33.0,35.05
1169,2024-01-09 10:40,正常,2.1,2.4,272,204,77,116,5.3,0.75,0.87,0.55,0.55,2.2,12.0,5.0,-4.9,33.02,34.96
1170,2024-01-09 10:50,模式2脉宽过长故障,2.9,2.8,248,271,87,121,4.9,0.71,0.86,0.57,0.55,2.0,12.0,5.1,-4.6,32.96,35.12
1171,2024-01-09 11:00,电路断开频率过低故障,2.4,2.2,205,263,82,97,4.9,0.78,0.87,0.54,0.54,1.8,12.1,5.0,-4.6,33.04,35.0
1172,2024-01-09 11:10,光电频率过低故障,2.2,2.2,280,241,92,111,4.5,0.74,0.87,0.55,0.57,0.5,12.0,5.0,-5.0,32.97,34.96
1173,2024-01-09 11:20,正常,2.7,2.7,204,207,77,100,4.8,0.76,0.87,0.55,0.57,1.6,12.0,5.0,-5.2,32.95,34.98
1174,2024-01-09 11:30,正常,2.2,2.2,204,234,79,108,4.1,0.76,0.86,0.58,0.53,2.9,12.0,4.8,-4.6,32.99,34.96
1175,2024-01-09 11:40,指令判断时间过长故障,2.8,2.4,208,257,75,117,3.4,0.86,0.85,0.54,0.56,2.3,12.0,5.4,-5.1,33.02,35.01
1176,2024-01-09 11:50,正常,2.7,2.6,218,280,98,125,5.5,0.78,0.87,0.58,0.55,2.3,12.0,5.5,-5.5,33.01,35.04
1177,2024-01-09 12:00,-24V稳定电流超标故障,2.6,2.4,226,396,82,118,3.1,0.71,0.85,0.58,0.54,1.4,12.1,4.5,-4.5,33.0,34.98
1178,2024-01-09 12:10,正常,2.2,2.2,271,229,83,118,3.1,0.77,0.83,0.54,0.56,1.6,12.1,5.0,-4.6,32.96,34.96
1179,2024-01-09 12:20,正常,2.1,2.4,261,216,72,119,3.2,0.75,0.86,0.58,0.56,2.5,12.0,4.6,-5.1,32.98,35.04
1180,2024-01-09 12:30,模式1电平过高故障,2.6,2.1,210,219,95,115,3.0,0.77,0.85,0.57,0.54,2.1,12.1,6.0,-4.8,32.97,35.02
1181,2024-01-09 12:40,正常,2.7,2.6,247,252,76,126,3.7,0.72,0.87,0.53,0.52,2.4,12.0,4.7,-5.5,33.01,35.02
1182,2024-01-09 12:50,正常,2.7,2.2,216,232,87,107,3.9,0.71,0.85,0.55,0.53,2.4,11.9,5.3,-5.3,33.04,35.02
1183,2024-01-09 13:00,指令判断时间过长故障,2.4,2.5,260,222,72,101,5.4,0.88,0.82,0.53,0.55,1.2,11.9,4.7,-4.7,33.0,35.05
1184,2024-01-09 13:10,正常,2.3,2.7,277,228,77,121,5.4,0.72,0.86,0.58,0.52,1.3,11.9,5.1,-5.2,32.99,34.97
1185,2024-01-09 13:20,模式1脉宽过长故障,2.8,2.0,239,201,70,128,3.2,0.7,0.84,0.56,0.57,1.0,12.0,4.8,-5.0,33.14,35.0
1186,2024-01-09 13:30,正常,2.9,2.3,223,264,91,118,5.4,0.75,0.86,0.56,0.53,2.5,12.0,4.7,-5.4,32.99,35.04
1187,2024-01-09 13:40,正常,2.7,2.8,285,257,97,106,3.2,0.76,0.85,0.52,0.57,1.9,11.9,4.5,-4.7,33.02,34.95
1188,2024-01-09 13:50,正常,2.1,2.5,249,278,96,107,4.6,0.73,0.83,0.56,0.56,1.9,11.9,5.4,-5.4,32.99,34.97
1189,2024-01-09 14:00,正常,2.7,2.2,218,222,85,127,4.1,0.71,0.85,0.55,0.56,2.6,12.1,5.0,-4.9,32.98,34.97
1190,2024-01-09 14:10,模式1脉宽过长故障,2.3,2.0,265,261,84,106,5.1,0.7,0.83,0.54,0.54,2.7,11.9,5.0,-4.6,33.09,35.03
1191,2024-01-09 14:20,正常,2.1,2.9,263,201,91,104,5.0,0.71,0.85,0.52,0.56,2.8,12.0,4.8,-4.8,32.95,35.0
1192,2024-01-09 14:30,正常,2.7,2.7,241,262,97,118,4.1,0.74,0.88,0.55,0.56,1.1,12.0,5.1,-5.1,33.04,34.98
1193,2024-01-09 14:40,正常,2.5,2.9,201,238,86,110,3.2,0.77,0.83,0.54,0.54,2.8,12.0,5.0,-4.8,32.95,34.98
1194,2024-01-09 14:50,正常,2.7,2.2,204,247,92,114,5.4,0.76,0.88,0.58,0.58,2.8,12.0,4.6,-5.4,33.02,35.0
1195,2024-01-09 15:00,模式2电平过低故障,2.3,2.3,224,218,78,125,3.7,0.72,0.85,0.58,0.57,2.0,12.0,5.3,-5.9,32.97,35.02
1196,2024-01-09 15:10,正常,2.5,2.6,203,255,76,126,3.1,0.8,0.87,0.56,0.53,1.3,12.0,4.5,-4.8,32.97,34.96
1197,2024-01-09 15:20,正常,2.0,2.3,234,253,96,113,3.1,0.73,0.83,0.56,0.54,2.3,12.1,5.4,-5.4,33.0,35.03
1198,2024-01-09 15:30,正常,2.6,2.6,252,224,82,115,4.8,0.79,0.88,0.53,0.53,1.1,12.1,4.5,-4.9,33.0,35.01
1199,2024-01-09 15:40,正常,2.6,2.3,207,288,78,106,3.9,0.73,0.88,0.53,0.58,1.3,12.0,5.2,-4.5,33.02,34.95
1200,2024-01-09 15:50,模式1电平过低故障,2.6,2.7,258,261,93,104,4.7,0.76,0.84,0.53,0.56,2.4,12.0,4.0,-5.3,32.95,34.96
1201,2024-01-09 16:00,正常,2.2,2.9,231,288,84,125,3.5,0.79,0.86,0.55,0.54,2.2,12.1,5.4,-5.1,33.02,35.03
1202,2024-01-09 16:10,模式2脉宽过长故障,2.4,2.0,219,250,84,104,3.0,0.77,0.84,0.52,0.55,1.6,12.0,5.2,-4.8,33.03,35.08
1203,2024-01-09 16:20,正常,2.5,2.5,259,260,96,124,4.4,0.75,0.84,0.57,0.58,1.8,12.1,5.1,-5.4,32.95,35.03
1204,2024-01-09 16:30,光电频率过低故障,2.6,2.2,277,248,88,128,4.0,0.7,0.84,0.53,0.55,0.6,12.1,5.2,-5.0,32.99,34.99
1205,2024-01-09 16:40,正常,2.5,2.1,208,268,99,110,3.6,0.76,0.87,0.55,0.54,2.4,12.1,5.4,-5.0,32.99,34.96
1206,2024-01-09 16:50,正常,2.2,2.7,254,246,79,111,3.6,0.8,0.84,0.57,0.52,1.2,11.9,5.5,-4.8,33.04,35.0
1207,2024-01-09 17:00,正常,2.5,2.5,288,222,78,116,5.0,0.75,0.88,0.52,0.56,2.0,12.0,4.6,-4.6,33.03,34.96
1208,2024-01-09 17:10,正常,2.7,2.0,266,265,86,112,4.3,0.77,0.87,0.56,0.58,2.5,12.1,5.0,-5.3,33.02,34.96
1209,2024-01-09 17:20,正常,2.7,2.2,247,273,87,129,4.4,0.75,0.85,0.58,0.53,1.7,12.0,4.5,-5.4,33.02,35.0
1210,2024-01-09 17:30,第二脉冲时间过短故障,2.8,2.5,223,257,71,104,3.1,0.77,0.82,0.49,0.54,2.8,12.0,4.6,-4.6,33.01,35.01
1211,2024-01-09 17:40,第二脉冲时间过长故障,2.4,2.4,289,201,97,121,4.6,0.75,0.83,0.61,0.55,1.3,11.9,5.2,-5.5,33.03,34.98
1212,2024-01-09 17:50,+24V稳定电流超标故障,2.7,2.2,359,290,77,130,3.3,0.78,0.84,0.54,0.53,2.3,12.0,5.4,-4.8,32.98,35.02
1213,2024-01-09 18:00,模式1脉宽过短故障,2.2,2.5,226,224,96,114,4.0,0.76,0.83,0.54,0.54,1.9,12.1,5.3,-5.3,32.92,35.04
1214,2024-01-09 18:10,正常,2.4,2.6,226,254,99,107,4.8,0.79,0.85,0.55,0.56,1.5,12.1,5.0,-5.0,32.96,34.96
1215,2024-01-09 18:20,正常,2.1,2.2,240,288,70,102,3.9,0.75,0.84,0.57,0.52,2.8,12.0,4.8,-5.1,33.03,35.02
1216,2024-01-09 18:30,正常,2.6,2.2,257,205,82,100,5.3,0.73,0.87,0.53,0.53,1.9,12.0,5.4,-5.3,33.03,35.05
1217,2024-01-09 18:40,正常,2.4,2.4,267,207,83,108,5.2,0.73,0.83,0.52,0.55,1.9,11.9,5.2,-4.7,33.04,35.04
1218,2024-01-09 18:50,正常,2.7,2.9,240,284,94,109,4.7,0.79,0.87,0.52,0.52,2.5,12.0,4.6,-4.9,33.02,34.95
1219,2024-01-09 19:00,正常,2.6,2.2,237,216,87,109,3.2,0.72,0.85,0.54,0.56,1.2,11.9,5.4,-4.5,32.97,35.04
1220,2024-01-09 19:10,第二脉冲时间过长故障,2.3,2.6,202,240,77,130,5.3,0.7,0.87,0.6,0.56,2.9,11.9,5.0,-5.0,32.98,35.04
1221,2024-01-09 19:20,正常,2.7,2.7,247,262,70,117,3.9,0.72,0.84,0.55,0.53,2.5,12.1,4.9,-4.9,33.0,35.03
1222,2024-01-09 19:30,正常,2.2,2.3,223,261,85,109,3.2,0.71,0.87,0.53,0.53,1.4,12.0,4.8,-4.6,33.04,34.96
1223,2024-01-09 19:40,电路断开频率过高故障,2.4,2.1,233,208,85,141,4.1,0.74,0.87,0.53,0.58,2.9,12.0,5.0,-5.4,33.03,35.0
1224,2024-01-09 19:50,第二脉冲时间过短故障,2.9,2.9,214,282,98,115,4.4,0.73,0.85,0.5,0.58,1.9,11.9,4.7,-4.5,33.04,35.0
1225,2024-01-09 20:00,模式1电平过高故障,2.5,2.0,201,285,93,113,3.2,0.73,0.87,0.52,0.55,1.5,12.1,5.9,-4.9,33.01,35.03
1226,2024-01-09 20:10,模式1脉宽过长故障,2.3,2.6,282,238,96,119,4.2,0.75,0.84,0.56,0.57,1.5,12.1,4.6,-4.9,33.13,35.0
1227,2024-01-09 20:20,正常,2.2,2.9,277,264,79,111,5.4,0.78,0.84,0.55,0.56,1.2,12.1,4.7,-4.6,33.03,34.96
1228,2024-01-09 20:30,正常,2.7,2.5,203,251,88,118,4.2,0.71,0.86,0.55,0.53,2.8,12.0,5.3,-5.2,33.01,34.98
1229,2024-01-09 20:40,正常,2.0,2.9,262,257,88,109,4.7,0.78,0.86,0.57,0.56,1.5,11.9,5.3,-5.0,32.97,34.99
1230,2024-01-09 20:50,正常,2.1,2.5,202,244,79,106,5.3,0.72,0.86,0.52,0.57,2.6,12.0,4.7,-5.2,32.99,35.04
1231,2024-01-09 21:00,正常,2.9,2.5,276,248,80,118,4.0,0.75,0.84,0.56,0.53,1.1,12.0,5.3,-5.0,33.01,35.02
1232,2024-01-09 21:10,正常,2.0,2.8,212,237,86,106,5.1,0.74,0.85,0.55,0.53,1.4,12.0,5.2,-5.0,33.01,34.96
1233,2024-01-09 21:20,系统识别电压过高故障,2.2,2.6,276,258,73,109,3.8,0.75,0.84,0.55,0.55,1.4,12.3,5.1,-5.1,33.04,35.0
1234,2024-01-09 21:30,正常,2.4,2.3,221,223,71,114,3.1,0.73,0.83,0.53,0.54,2.7,12.0,5.2,-5.3,33.01,35.03
1235,2024-01-09 21:40,正常,2.4,2.2,273,228,75,123,4.7,0.78,0.84,0.53,0.55,1.1,11.9,4.8,-4.8,33.02,35.0
1236,2024-01-09 21:50,正常,2.3,2.7,204,287,72,108,5.4,0.73,0.83,0.54,0.53,1.3,12.0,4.7,-5.5,33.02,34.96
1237,2024-01-09 22:00,正常,2.4,2.7,240,212,75,102,3.2,0.79,0.88,0.57,0.52,2.3,12.0,4.6,-4.5,33.0,34.99
1238,2024-01-09 22:10,正常,2.3,2.8,220,206,74,120,3.8,0.75,0.86,0.54,0.55,1.8,11.9,5.0,-5.4,32.99,34.98
1239,2024-01-09 22:20,正常,2.2,2.7,245,233,70,120,3.2,0.74,0.86,0.54,0.53,2.4,11.9,4.8,-4.8,33.0,34.95
1240,2024-01-09 22:30,正常,2.3,2.6,265,260,95,130,4.3,0.7,0.84,0.53,0.57,1.6,12.0,5.2,-5.2,33.02,34.99
1241,2024-01-09 22:40,正常,2.3,2.7,219,265,81,113,4.6,0.76,0.83,0.58,0.56,1.2,12.0,4.7,-4.5,33.0,34.99
1242,2024-01-09 22:50,正常,2.3,2.5,226,258,74,121,4.5,0.71,0.87,0.55,0.53,1.7,12.1,5.1,-5.4,33.04,34.95
1243,2024-01-09 23:00,正常,2.0,2.3,254,203,84,122,3.3,0.7,0.85,0.53,0.56,2.4,12.0,5.2,-5.3,32.98,35.01
1244,2024-01-09 23:10,正常,2.5,2.2,238,241,78,122,3.2,0.75,0.86,0.58,0.57,2.0,12.0,4.9,-5.1,33.04,34.98
1245,2024-01-09 23:20,正常,2.2,2.7,226,280,83,121,4.8,0.71,0.86,0.58,0.56,2.4,11.9,5.1,-4.7,32.98,34.95
1246,2024-01-09 23:30,正常,2.0,2.5,229,237,71,102,4.3,0.77,0.85,0.57,0.57,2.9,11.9,5.1,-4.9,33.02,35.01
1247,2024-01-09 23:40,正常,2.0,2.7,240,255,98,122,3.7,0.73,0.84,0.55,0.57,1.8,12.0,5.0,-4.5,33.01,35.05
1248,2024-01-09 23:50,正常,2.3,2.8,215,223,80,130,4.1,0.79,0.85,0.54,0.52,2.8,12.1,5.5,-5.2,33.02,34.96
1249,2024-01-10 00:00,正常,2.0,2.0,206,248,76,124,4.6,0.78,0.84,0.58,0.58,2.9,12.0,4.7,-5.3,32.96,34.97
1250,2024-01-10 00:10,正常,2.1,2.3,282,229,98,103,3.0,0.75,0.87,0.56,0.56,2.0,12.0,5.1,-4.6,32.97,35.01
1251,2024-01-10 00:20,正常,2.5,2.5,254,283,98,111,3.6,0.71,0.86,0.54,0.54,1.4,12.0,5.2,-4.7,33.03,35.0
1252,2024-01-10 00:30,-24V稳定电流超标故障,2.4,2.0,277,354,91,127,3.8,0.72,0.82,0.54,0.55,2.2,11.9,4.9,-5.3,33.03,34.99
1253,2024-01-10 00:40,正常,2.7,2.2,227,273,82,127,4.5,0.78,0.88,0.57,0.57,2.5,11.9,5.0,-5.5,32.98,34.99
1254,2024-01-10 00:50,指令判断时间过短故障,2.1,2.0,274,263,83,119,4.3,0.69,0.83,0.57,0.58,1.5,12.0,5.4,-5.0,33.01,34.96
1255,2024-01-10 01:00,模式2电平过低故障,2.2,2.6,283,215,74,109,4.1,0.76,0.88,0.52,0.54,2.1,11.9,4.7,-5.9,33.04,35.0
1256,2024-01-10 01:10,第二脉冲时间过短故障,2.1,2.9,227,281,85,130,4.4,0.75,0.86,0.51,0.55,1.3,12.0,5.3,-5.1,33.04,34.99
1257,2024-01-10 01:20,正常,2.7,2.0,240,241,74,113,3.4,0.71,0.83,0.54,0.58,1.9,12.0,4.7,-5.1,33.02,35.0
1258,2024-01-10 01:30,正常,2.2,2.8,243,244,78,109,4.0,0.79,0.84,0.54,0.57,2.3,11.9,4.6,-5.3,33.0,35.03
1259,2024-01-10 01:40,正常,2.5,2.7,250,211,74,128,4.2,0.72,0.86,0.53,0.56,1.6,12.0,4.7,-5.2,33.04,34.95
1260,2024-01-10 01:50,正常,2.4,2.2,203,257,86,118,3.8,0.72,0.82,0.58,0.57,2.8,11.9,4.6,-4.6,33.01,34.99
1261,2024-01-10 02:00,正常,2.1,2.5,270,286,86,105,4.3,0.75,0.85,0.52,0.52,2.3,12.0,4.8,-4.9,33.0,35.05
1262,2024-01-10 02:10,模式1脉宽过长故障,2.2,2.1,215,212,85,126,4.4,0.74,0.87,0.53,0.54,2.6,12.0,4.7,-5.2,33.13,35.03
1263,2024-01-10 02:20,正常,2.6,2.5,273,200,81,126,3.9,0.73,0.87,0.58,0.57,2.2,12.0,4.7,-4.7,33.0,35.04
1264,2024-01-10 02:30,模式1电平过高故障,2.5,2.1,285,202,87,119,3.7,0.77,0.87,0.57,0.53,1.6,12.0,5.7,-5.3,32.98,34.97
1265,2024-01-10 02:40,模式1脉宽过长故障,2.5,2.4,285,241,88,118,5.1,0.79,0.87,0.57,0.57,2.0,12.0,4.8,-5.1,33.09,34.98
1266,2024-01-10 02:50,第二脉冲时间过长故障,2.1,2.7,242,290,79,111,5.1,0.78,0.83,0.6,0.53,1.8,12.0,4.7,-5.4,33.01,34.95
1267,2024-01-10 03:00,正常,2.7,2.6,254,231,93,111,3.8,0.74,0.87,0.56,0.55,1.6,11.9,4.7,-4.5,32.98,34.98
1268,2024-01-10 03:10,正常,2.5,2.6,251,227,97,104,5.2,0.78,0.86,0.53,0.56,1.0,12.1,4.6,-5.4,33.01,35.04
1269,2024-01-10 03:20,电路断开频率过低故障,2.4,2.7,216,287,77,85,4.3,0.78,0.85,0.57,0.52,1.9,12.0,5.1,-5.0,32.99,35.05
1270,2024-01-10 03:30,正常,2.4,2.7,238,200,99,103,4.7,0.71,0.85,0.57,0.55,1.1,12.0,4.5,-4.8,33.02,35.05
1271,2024-01-10 03:40,+24V稳定电流超标故障,2.0,2.8,333,266,91,120,5.1,0.76,0.84,0.56,0.55,2.8,12.0,4.8,-5.0,32.95,34.96
1272,2024-01-10 03:50,正常,2.2,2.1,260,225,85,115,3.0,0.78,0.84,0.56,0.53,2.1,12.0,4.7,-5.1,33.03,34.96
1273,2024-01-10 04:00,正常,2.1,2.3,278,220,76,125,4.6,0.78,0.82,0.54,0.56,2.8,12.0,5.3,-5.3,33.02,34.96
1274,2024-01-10 04:10,正常,2.2,2.1,230,279,88,122,4.7,0.77,0.87,0.52,0.57,1.7,12.1,4.6,-5.3,33.0,35.02
1275,2024-01-10 04:20,正常,2.1,2.6,272,219,83,127,4.7,0.77,0.85,0.52,0.58,3.0,12.1,4.5,-5.3,33.01,34.97
1276,2024-01-10 04:30,正常,2.5,2.2,227,244,80,115,3.8,0.7,0.82,0.57,0.58,1.6,12.0,5.0,-4.9,32.98,35.05
1277,2024-01-10 04:40,+24V最大电流超标故障,3.6,2.9,212,255,74,109,3.6,0.73,0.83,0.52,0.57,1.3,12.1,5.5,-4.8,33.0,34.99
1278,2024-01-10 04:50,光电频率过高故障,2.3,2.2,259,222,89,114,4.1,0.79,0.84,0.56,0.55,3.9,12.1,4.9,-5.3,33.02,35.0
1279,2024-01-10 05:00,正常,2.4,2.8,252,223,84,128,3.9,0.74,0.87,0.54,0.58,1.3,11.9,5.0,-5.1,33.05,35.02
1280,2024-01-10 05:10,正常,2.8,2.9,213,214,86,112,5.1,0.78,0.87,0.57,0.56,1.1,12.0,4.9,-5.0,33.0,34.98
1281,2024-01-10 05:20,正常,2.8,2.8,278,257,74,115,3.9,0.72,0.86,0.53,0.56,2.5,11.9,4.9,-5.3,33.02,34.98
1282,2024-01-10 05:30,第一脉冲时间过短故障,2.0,2.4,210,207,85,104,4.6,0.77,0.81,0.55,0.56,1.9,11.9,4.6,-5.4,32.98,34.96
1283,2024-01-10 05:40,正常,2.5,2.1,232,221,75,107,4.2,0.79,0.83,0.55,0.54,2.1,11.9,5.0,-4.9,32.95,35.04
1284,2024-01-10 05:50,正常,2.7,2.5,288,271,89,105,3.3,0.71,0.83,0.56,0.53,2.4,11.9,5.0,-4.8,32.95,34.95
1285,2024-01-10 06:00,正常,2.9,2.0,205,248,88,116,5.3,0.77,0.83,0.55,0.55,1.0,11.9,4.8,-5.0,33.04,35.01
1286,2024-01-10 06:10,正常,2.5,2.7,266,253,76,118,3.5,0.73,0.87,0.56,0.55,1.1,12.0,5.0,-4.6,33.0,35.04
1287,2024-01-10 06:20,正常,2.8,2.1,249,260,87,101,4.5,0.74,0.87,0.58,0.53,1.9,12.0,4.8,-5.1,32.96,35.04
1288,2024-01-10 06:30,+9V稳定电流超标故障,2.1,2.1,255,238,121,128,4.8,0.75,0.85,0.55,0.57,1.1,12.1,5.4,-4.6,32.95,34.96
1289,2024-01-10 06:40,正常,2.9,2.1,244,223,70,114,5.1,0.78,0.88,0.56,0.56,1.3,12.1,5.1,-5.2,33.01,35.02
1290,2024-01-10 06:50,正常,2.8,2.6,263,277,88,104,3.5,0.75,0.84,0.52,0.52,2.1,12.0,5.3,-4.7,32.98,34.99
1291,2024-01-10 07:00,正常,2.3,2.6,284,245,95,120,3.2,0.78,0.83,0.58,0.54,2.9,12.0,4.7,-4.9,32.98,34.99
1292,2024-01-10 07:10,光电频率过高故障,2.8,2.9,214,260,94,102,5.0,0.72,0.86,0.54,0.54,3.7,12.0,5.0,-5.0,33.04,34.98
1293,2024-01-10 07:20,电路断开频率过低故障,2.6,2.5,216,248,74,84,3.0,0.72,0.84,0.57,0.55,1.6,11.9,5.3,-5.3,32.99,35.03
1294,2024-01-10 07:30,正常,2.1,2.5,272,218,95,118,4.1,0.73,0.86,0.58,0.54,1.8,12.1,5.0,-4.5,32.96,35.0
1295,2024-01-10 07:40,第二脉冲时间过短故障,2.5,2.8,252,281,92,102,5.1,0.73,0.88,0.51,0.56,2.0,12.0,4.7,-4.8,33.0,34.96
1296,2024-01-10 07:50,正常,2.4,2.3,267,278,92,108,4.9,0.76,0.87,0.52,0.56,1.5,11.9,4.8,-5.3,32.99,35.01
1297,2024-01-10 08:00,正常,2.4,2.3,261,277,95,114,3.3,0.75,0.83,0.53,0.55,2.3,11.9,5.1,-4.9,33.01,35.02
1298,2024-01-10 08:10,正常,2.2,2.9,269,269,92,121,3.9,0.75,0.84,0.53,0.57,2.1,12.0,5.2,-5.3,32.96,34.99
1299,2024-01-10 08:20,电路断开频率过高故障,2.5,2.2,266,222,99,141,4.7,0.75,0.87,0.57,0.56,1.4,12.0,5.1,-4.9,33.0,34.98
1300,2024-01-10 08:30,正常,2.7,2.3,245,253,72,130,3.7,0.75,0.83,0.55,0.58,2.6,12.1,4.8,-4.5,32.96,34.96
1301,2024-01-10 08:40,正常,2.2,2.7,275,200,97,125,5.5,0.74,0.86,0.53,0.56,1.1,11.9,4.6,-4.9,33.05,34.95
1302,2024-01-10 08:50,正常,2.7,2.7,257,275,79,130,3.1,0.79,0.84,0.55,0.54,2.2,11.9,4.7,-4.9,33.02,35.04
1303,2024-01-10 09:00,正常,2.5,2.7,277,280,92,130,4.5,0.74,0.88,0.55,0.55,1.5,12.1,5.5,-4.8,32.97,34.96
1304,2024-01-10 09:10,正常,2.2,2.1,226,247,71,106,4.0,0.75,0.83,0.58,0.54,2.9,12.1,5.1,-4.5,32.97,34.96
1305,2024-01-10 09:20,+24V稳定电流超标故障,2.2,2.5,346,225,95,109,3.4,0.77,0.86,0.52,0.58,2.9,12.0,4.8,-5.2,32.97,35.03
1306,2024-01-10 09:30,模式2脉宽过短故障,2.2,2.3,288,226,91,127,5.0,0.75,0.88,0.57,0.54,1.8,12.0,5.4,-4.6,33.03,34.87
1307,2024-01-10 09:40,系统识别电压过高故障,2.2,2.8,217,267,92,110,3.1,0.7,0.84,0.54,0.55,1.8,12.4,4.9,-4.7,32.98,35.03
1308,2024-01-10 09:50,正常,2.3,2.8,252,253,99,100,3.3,0.71,0.86,0.55,0.56,2.6,11.9,4.5,-5.0,33.0,35.04
1309,2024-01-10 10:00,正常,2.5,2.4,281,229,89,124,4.1,0.71,0.84,0.56,0.56,1.8,12.0,5.5,-4.8,32.96,35.04
1310,2024-01-10 10:10,光电频率过高故障,2.7,2.6,281,282,78,107,4.1,0.78,0.86,0.54,0.54,3.8,11.9,5.0,-5.3,33.03,34.98
1311,2024-01-10 10:20,第三脉冲时间过长故障,2.9,2.2,278,201,85,112,3.9,0.78,0.87,0.54,0.61,2.8,12.0,5.2,-4.6,33.0,35.03
1312,2024-01-10 10:30,正常,2.8,2.3,263,276,78,110,3.4,0.77,0.86,0.54,0.57,2.9,11.9,5.5,-5.4,33.02,35.01
1313,2024-01-10 10:40,正常,2.1,2.2,274,229,79,100,5.3,0.74,0.83,0.54,0.52,2.4,12.0,4.7,-5.1,33.02,35.02
1314,2024-01-10 10:50,正常,2.6,2.2,201,267,72,118,3.8,0.79,0.85,0.58,0.53,1.6,12.0,5.0,-5.2,32.98,34.99
1315,2024-01-10 11:00,模式2电平过高故障,2.2,2.4,233,248,85,106,3.1,0.74,0.85,0.52,0.54,2.5,12.1,5.3,-4.0,32.98,35.01
1316,2024-01-10 11:10,光电频率过低故障,2.5,2.5,243,284,85,114,3.6,0.76,0.83,0.56,0.56,0.9,12.0,4.9,-5.4,32.99,34.99
1317,2024-01-10 11:20,指令判断时间过短故障,2.6,2.7,257,237,78,119,5.0,0.67,0.83,0.57,0.54,1.5,12.1,4.7,-4.9,32.98,34.96
1318,2024-01-10 11:30,电路断开频率过高故障,2.4,2.7,264,273,84,137,4.3,0.74,0.88,0.53,0.56,1.3,12.1,4.5,-5.4,32.95,35.04
1319,2024-01-10 11:40,正常,2.7,2.1,219,230,90,100,4.2,0.74,0.85,0.54,0.56,2.6,12.0,4.6,-4.8,32.95,35.03
1320,2024-01-10 11:50,第一脉冲时间过短故障,2.6,2.3,209,264,82,127,4.4,0.75,0.81,0.58,0.56,1.6,12.0,4.9,-5.3,32.96,34.98
1321,2024-01-10 12:00,正常,2.8,2.1,235,285,89,119,5.1,0.72,0.84,0.54,0.53,2.3,11.9,4.6,-4.9,33.01,35.04
1322,2024-01-10 12:10,正常,2.5,2.1,246,200,74,113,3.6,0.7,0.86,0.55,0.55,2.3,11.9,5.3,-5.4,33.04,34.96
1323,2024-01-10 12:20,正常,2.6,2.5,269,260,83,120,3.2,0.75,0.82,0.53,0.55,1.4,11.9,5.2,-5.3,32.97,34.97
1324,2024-01-10 12:30,正常,2.4,2.9,269,242,80,129,5.4,0.7,0.83,0.53,0.54,1.6,12.0,4.7,-5.5,33.0,34.95
1325,2024-01-10 12:40,光电频率过高故障,2.8,2.5,241,244,92,103,4.2,0.72,0.86,0.58,0.55,3.7,11.9,5.2,-5.2,33.01,34.97
1326,2024-01-10 12:50,正常,2.5,2.2,287,282,87,130,3.1,0.77,0.82,0.54,0.58,1.3,12.0,5.2,-4.8,33.0,34.95
1327,2024-01-10 13:00,正常,2.3,2.7,233,238,78,104,5.3,0.8,0.86,0.54,0.58,1.8,12.1,5.0,-5.3,32.98,35.01
1328,2024-01-10 13:10,正常,2.6,2.8,214,239,87,114,4.2,0.8,0.87,0.55,0.53,1.7,12.0,5.2,-4.9,33.0,34.96
1329,2024-01-10 13:20,正常,2.8,2.4,239,207,88,123,4.1,0.75,0.85,0.53,0.54,1.9,12.1,5.2,-5.0,33.02,34.97
1330,2024-01-10 13:30,正常,2.5,2.5,251,246,98,103,5.4,0.78,0.86,0.52,0.53,1.4,12.1,5.0,-4.7,33.01,34.96
1331,2024-01-10 13:40,正常,2.7,2.4,201,234,76,125,3.5,0.7,0.85,0.56,0.55,2.1,12.0,4.5,-4.6,33.0,35.02
1332,2024-01-10 13:50,正常,2.6,2.8,226,281,73,115,4.6,0.72,0.83,0.53,0.57,1.5,12.1,4.5,-4.8,33.04,35.03
1333,2024-01-10 14:00,正常,2.4,2.1,236,289,81,129,3.4,0.78,0.82,0.55,0.57,1.5,11.9,5.0,-5.0,33.04,35.01
1334,2024-01-10 14:10,模式2脉宽过短故障,2.6,2.0,216,260,78,108,4.9,0.79,0.84,0.52,0.56,2.7,11.9,5.2,-4.6,33.01,34.88
1335,2024-01-10 14:20,-24V稳定电流超标故障,2.3,2.3,203,342,73,104,3.1,0.74,0.83,0.54,0.54,2.9,12.0,5.2,-4.7,33.02,34.99
1336,2024-01-10 14:30,系统识别电压过高故障,2.0,2.3,231,267,92,122,3.8,0.78,0.84,0.53,0.57,2.4,12.3,5.1,-5.4,33.0,35.01
1337,2024-01-10 14:40,电路断开频率过低故障,2.1,2.6,200,261,72,96,4.7,0.8,0.84,0.58,0.53,1.1,12.0,5.1,-5.2,32.99,34.96
1338,2024-01-10 14:50,第二脉冲时间过短故障,2.6,2.3,209,206,88,101,5.3,0.74,0.87,0.49,0.55,2.6,12.1,5.1,-5.5,32.96,34.95
1339,2024-01-10 15:00,正常,2.2,2.2,245,290,72,128,5.1,0.73,0.85,0.55,0.55,2.3,12.0,4.9,-5.1,32.96,34.95
1340,2024-01-10 15:10,+9V稳定电流超标故障,2.5,2.9,235,253,122,125,3.7,0.78,0.83,0.57,0.54,1.6,12.1,4.7,-4.8,33.03,34.98
1341,2024-01-10 15:20,正常,2.8,2.4,212,225,89,116,3.6,0.73,0.85,0.56,0.57,1.7,11.9,4.6,-5.0,32.99,35.03
1342,2024-01-10 15:30,正常,2.1,2.2,210,282,87,109,4.1,0.77,0.85,0.56,0.56,2.2,11.9,5.1,-5.1,33.0,34.95
1343,2024-01-10 15:40,正常,2.5,2.1,245,250,76,117,3.2,0.73,0.85,0.55,0.52,2.3,11.9,4.9,-5.1,33.01,35.05
1344,2024-01-10 15:50,正常,2.3,2.6,217,225,93,122,3.8,0.73,0.82,0.54,0.52,1.7,11.9,4.7,-4.8,32.97,35.02
1345,2024-01-10 16:00,正常,2.6,2.5,238,264,86,108,4.0,0.76,0.86,0.57,0.57,1.4,12.0,4.9,-5.0,33.03,35.01
1346,2024-01-10 16:10,电路断开频率过高故障,2.7,2.3,221,271,74,132,5.1,0.79,0.86,0.55,0.54,2.5,11.9,4.6,-4.6,33.0,35.03
1347,2024-01-10 16:20,正常,2.1,2.4,241,206,75,128,5.1,0.77,0.84,0.54,0.56,2.9,12.0,4.6,-4.6,32.98,35.02
1348,2024-01-10 16:30,指令判断时间过短故障,2.8,2.5,238,201,75,130,4.8,0.62,0.83,0.56,0.53,2.4,12.0,4.6,-4.6,32.97,35.0
1349,2024-01-10 16:40,正常,2.3,2.7,267,253,86,105,4.4,0.75,0.85,0.55,0.54,1.2,12.0,4.7,-5.1,32.96,35.0
1350,2024-01-10 16:50,正常,2.5,2.7,245,269,85,105,3.0,0.76,0.87,0.58,0.53,1.5,12.0,4.6,-5.1,32.97,35.04
1351,2024-01-10 17:00,正常,2.0,2.6,222,228,79,115,3.8,0.77,0.84,0.55,0.52,1.7,12.0,5.0,-5.0,32.99,35.03
1352,2024-01-10 17:10,第三脉冲时间过长故障,2.2,2.4,261,286,70,130,3.6,0.74,0.86,0.55,0.61,2.2,12.0,5.1,-5.1,32.95,34.95
1353,2024-01-10 17:20,正常,2.3,2.9,241,256,94,105,5.2,0.73,0.84,0.56,0.53,1.3,12.0,5.2,-4.9,33.02,35.05
1354,2024-01-10 17:30,正常,2.7,2.9,235,200,99,101,3.4,0.7,0.87,0.53,0.56,2.4,12.0,4.8,-5.1,32.98,34.97
1355,2024-01-10 17:40,正常,2.5,2.1,267,217,78,120,4.2,0.78,0.82,0.56,0.57,2.9,12.0,5.0,-4.5,32.99,34.98
1356,2024-01-10 17:50,正常,2.9,2.3,244,211,90,104,3.9,0.8,0.85,0.55,0.56,2.5,12.0,5.4,-4.7,33.02,34.99
1357,2024-01-10 18:00,正常,2.2,2.5,264,282,99,111,4.1,0.72,0.86,0.55,0.57,2.6,11.9,5.2,-5.5,33.02,35.02
1358,2024-01-10 18:10,正常,2.6,2.3,288,246,70,101,4.3,0.71,0.85,0.55,0.53,2.8,12.1,4.9,-5.3,32.99,34.96
1359,2024-01-10 18:20,正常,2.4,2.1,270,204,88,111,5.1,0.76,0.86,0.57,0.54,1.5,12.0,5.4,-5.0,32.98,34.98
1360,2024-01-10 18:30,第一脉冲时间过长故障,2.0,2.3,275,256,86,121,5.2,0.7,0.91,0.57,0.55,2.8,12.0,5.0,-5.4,33.0,35.05
1361,2024-01-10 18:40,正常,2.9,2.6,204,220,84,113,4.4,0.72,0.85,0.55,0.58,1.8,11.9,5.0,-4.6,32.95,34.96
1362,2024-01-10 18:50,正常,2.9,2.6,228,211,75,123,4.6,0.7,0.85,0.56,0.57,1.1,11.9,4.8,-4.6,33.0,35.0
1363,2024-01-10 19:00,光电频率过高故障,2.3,2.1,276,238,71,125,5.0,0.73,0.82,0.53,0.53,3.4,12.0,4.6,-4.5,32.99,35.03
1364,2024-01-10 19:10,模式1电平过高故障,2.6,2.7,283,269,72,102,4.5,0.79,0.86,0.52,0.53,2.1,12.0,5.7,-5.3,33.02,35.0
1365,2024-01-10 19:20,正常,2.5,2.2,277,280,86,107,3.7,0.73,0.87,0.55,0.55,2.0,12.0,4.8,-5.3,32.99,34.97
1366,2024-01-10 19:30,+24V稳定电流超标故障,2.3,2.1,362,242,90,117,4.8,0.73,0.86,0.54,0.52,1.0,11.9,4.6,-4.5,33.02,34.99
1367,2024-01-10 19:40,第三脉冲时间过长故障,2.4,2.1,246,275,75,103,4.5,0.78,0.85,0.54,0.59,1.6,12.0,5.2,-5.3,33.03,35.0
1368,2024-01-10 19:50,第二脉冲时间过长故障,2.7,2.5,257,283,95,105,4.0,0.78,0.85,0.62,0.58,2.1,12.1,4.8,-4.9,32.98,35.04
1369,2024-01-10 20:00,正常,2.3,2.3,253,287,74,120,5.0,0.77,0.82,0.52,0.54,1.2,12.1,4.5,-4.9,33.0,35.02
1370,2024-01-10 20:10,正常,2.5,2.5,266,202,78,126,3.3,0.76,0.85,0.57,0.58,1.6,11.9,4.6,-4.8,32.98,35.05
1371,2024-01-10 20:20,正常,2.7,2.6,204,267,86,103,3.3,0.74,0.86,0.54,0.57,1.1,12.0,5.3,-4.7,32.96,34.96
1372,2024-01-10 20:30,正常,2.6,2.6,204,226,90,100,4.1,0.78,0.87,0.58,0.54,1.9,12.0,4.9,-5.4,33.04,35.02
1373,2024-01-10 20:40,第三脉冲时间过短故障,2.1,2.0,248,260,78,109,4.9,0.77,0.88,0.58,0.5,2.2,12.0,5.2,-5.3,33.0,35.0
1374,2024-01-10 20:50,正常,2.4,2.4,272,233,88,128,3.3,0.71,0.87,0.54,0.52,2.1,11.9,5.1,-5.1,33.05,35.0
1375,2024-01-10 21:00,正常,2.7,2.2,269,264,97,117,4.5,0.76,0.87,0.58,0.55,2.9,11.9,5.2,-4.8,33.03,34.98
1376,2024-01-10 21:10,正常,2.8,2.1,227,204,70,103,4.8,0.74,0.83,0.55,0.54,2.5,12.1,4.8,-5.0,32.98,35.01
1377,2024-01-10 21:20,正常,2.8,2.4,267,203,77,120,3.3,0.72,0.85,0.57,0.56,1.9,12.0,5.4,-4.8,32.96,35.0
1378,2024-01-10 21:30,电路断开频率过高故障,2.8,2.5,255,257,97,133,3.8,0.71,0.85,0.56,0.57,1.0,12.0,5.1,-5.4,33.03,35.04
1379,2024-01-10 21:40,正常,2.5,2.3,222,239,70,101,3.4,0.8,0.86,0.58,0.56,1.4,12.0,4.5,-5.3,33.0,35.02
1380,2024-01-10 21:50,电路断开频率过低故障,2.2,2.3,275,203,97,81,4.3,0.79,0.87,0.54,0.54,2.7,12.1,4.9,-5.2,32.98,34.99
1381,2024-01-10 22:00,+9V稳定电流超标故障,2.4,2.3,203,217,116,120,4.6,0.73,0.86,0.55,0.54,2.0,11.9,4.8,-4.6,33.05,35.03
1382,2024-01-10 22:10,指令判断时间过长故障,2.3,2.4,241,201,90,106,4.6,0.85,0.83,0.54,0.54,2.5,11.9,4.7,-5.1,32.98,35.01
1383,2024-01-10 22:20,系统识别电压过高故障,2.2,2.9,223,228,79,113,3.4,0.76,0.88,0.55,0.54,1.6,12.4,5.1,-5.4,33.02,34.95
1384,2024-01-10 22:30,正常,2.4,2.6,208,242,98,104,3.5,0.72,0.86,0.54,0.55,2.0,11.9,4.6,-5.0,32.96,34.99
1385,2024-01-10 22:40,正常,2.7,2.2,227,246,95,128,4.9,0.78,0.86,0.54,0.53,2.1,12.1,5.3,-4.6,33.01,35.0
1386,2024-01-10 22:50,正常,2.1,2.4,232,249,94,104,3.7,0.71,0.82,0.54,0.54,1.6,12.0,5.2,-5.0,33.04,35.03
1387,2024-01-10 23:00,正常,2.8,2.8,230,229,96,120,4.7,0.79,0.86,0.56,0.53,1.1,12.0,5.2,-5.0,32.96,35.01
1388,2024-01-10 23:10,正常,2.8,2.0,265,285,92,100,3.2,0.74,0.83,0.58,0.57,2.2,11.9,5.3,-5.1,32.98,34.98
1389,2024-01-10 23:20,模式1脉宽过短故障,2.9,2.7,202,218,88,111,3.2,0.73,0.84,0.54,0.52,1.4,12.1,4.8,-5.2,32.89,35.05
1390,2024-01-10 23:30,+24V稳定电流超标故障,2.7,2.3,331,276,95,119,4.8,0.73,0.84,0.52,0.52,2.3,11.9,4.5,-5.1,32.96,34.98
1391,2024-01-10 23:40,正常,2.9,2.1,255,245,99,115,3.9,0.79,0.83,0.57,0.55,1.2,11.9,5.1,-4.6,33.04,34.96
1392,2024-01-10 23:50,-24V最大电流超标故障,2.4,3.6,270,259,98,119,5.5,0.74,0.88,0.52,0.57,1.1,12.0,5.3,-5.0,33.01,34.98
1393,2024-01-11 00:00,正常,2.6,2.8,232,220,78,100,4.1,0.76,0.82,0.55,0.58,2.3,12.1,5.0,-5.1,33.04,34.99
1394,2024-01-11 00:10,正常,2.1,2.3,228,224,85,102,5.0,0.79,0.83,0.53,0.53,1.1,12.0,5.4,-5.2,32.96,34.98
1395,2024-01-11 00:20,正常,2.2,2.2,211,244,72,129,5.0,0.77,0.88,0.56,0.54,3.0,12.1,4.6,-5.2,33.0,34.98
1396,2024-01-11 00:30,模式1电平过低故障,2.1,2.6,286,231,85,115,4.1,0.71,0.87,0.57,0.54,2.6,11.9,3.9,-4.5,33.02,34.96
1397,2024-01-11 00:40,正常,2.7,2.5,283,233,85,114,3.8,0.74,0.85,0.56,0.54,3.0,12.0,4.6,-5.3,32.99,35.0
1398,2024-01-11 00:50,正常,2.7,2.9,247,244,80,113,4.7,0.74,0.85,0.52,0.58,2.0,12.1,5.2,-5.4,32.98,35.05
1399,2024-01-11 01:00,正常,2.5,2.7,280,270,75,102,4.2,0.73,0.82,0.52,0.57,1.5,12.0,4.9,-5.4,33.02,34.98
1400,2024-01-11 01:10,正常,2.7,2.2,215,245,87,127,4.7,0.74,0.86,0.57,0.53,1.9,12.0,5.2,-5.0,33.05,34.99
1401,2024-01-11 01:20,模式2脉宽过短故障,2.4,2.1,285,257,89,116,5.3,0.79,0.83,0.56,0.56,1.2,12.0,5.0,-5.4,33.0,34.91
1402,2024-01-11 01:30,正常,2.4,2.8,281,228,77,111,5.1,0.75,0.86,0.53,0.54,2.0,12.0,4.7,-5.1,33.01,35.04
1403,2024-01-11 01:40,电路断开时间超标故障,2.8,2.0,289,238,97,105,6.6,0.7,0.86,0.58,0.57,2.9,12.0,4.7,-5.2,32.97,35.03
1404,2024-01-11 01:50,正常,2.1,2.6,269,228,81,102,4.4,0.74,0.88,0.55,0.57,2.3,12.1,5.4,-5.2,32.98,35.03
1405,2024-01-11 02:00,正常,2.8,2.2,275,270,83,114,3.5,0.71,0.85,0.54,0.57,2.9,11.9,5.4,-5.5,33.01,35.04
1406,2024-01-11 02:10,正常,2.5,2.0,276,215,96,106,3.7,0.79,0.83,0.53,0.52,1.7,12.1,5.3,-4.6,32.96,35.04
1407,2024-01-11 02:20,模式2电平过高故障,2.5,2.3,256,217,75,124,5.5,0.74,0.87,0.56,0.52,1.7,11.9,5.0,-4.3,33.02,35.05
1408,2024-01-11 02:30,正常,2.5,2.8,274,273,98,120,3.3,0.79,0.86,0.56,0.54,1.2,12.0,5.5,-4.8,32.99,35.02
1409,2024-01-11 02:40,正常,2.3,2.7,248,206,86,126,5.4,0.72,0.83,0.57,0.54,2.3,12.1,5.3,-5.4,33.03,34.99
1410,2024-01-11 02:50,系统识别电压过高故障,2.3,2.5,270,224,96,105,4.7,0.78,0.86,0.53,0.53,2.6,12.5,4.9,-5.4,32.95,34.95
1411,2024-01-11 03:00,正常,2.6,2.3,269,208,98,119,3.4,0.78,0.86,0.53,0.57,1.3,12.0,5.2,-5.2,32.96,34.96
1412,2024-01-11 03:10,正常,2.8,2.7,286,220,87,130,4.2,0.71,0.86,0.56,0.53,1.9,12.0,4.6,-4.9,33.03,34.98
1413,2024-01-11 03:20,正常,2.1,2.4,236,271,74,124,3.5,0.76,0.83,0.55,0.58,1.9,12.0,5.0,-4.8,32.99,34.96
1414,2024-01-11 03:30,模式2脉宽过长故障,2.3,2.8,274,206,95,128,3.0,0.77,0.86,0.55,0.54,2.2,11.9,4.9,-5.4,33.03,35.15
1415,2024-01-11 03:40,模式1电平过高故障,2.6,2.8,271,274,90,121,5.3,0.7,0.87,0.54,0.53,1.5,12.1,6.2,-4.5,32.99,35.02
1416,2024-01-11 03:50,模式2电平过高故障,2.5,2.6,221,213,95,103,5.1,0.73,0.85,0.53,0.53,2.7,12.1,4.6,-4.2,33.03,34.96
1417,2024-01-11 04:00,正常,2.4,2.2,200,210,74,129,5.4,0.76,0.85,0.53,0.57,2.2,11.9,5.2,-5.1,32.95,34.97
1418,2024-01-11 04:10,正常,2.5,2.5,223,242,78,101,4.1,0.78,0.84,0.55,0.56,2.9,12.1,5.5,-5.0,32.95,34.97
1419,2024-01-11 04:20,第一脉冲时间过短故障,2.2,2.1,219,237,79,103,5.5,0.73,0.79,0.54,0.58,2.9,12.0,4.6,-4.9,33.03,34.97
1420,2024-01-11 04:30,正常,2.6,2.7,244,274,97,119,3.1,0.76,0.84,0.54,0.53,1.1,11.9,4.9,-5.0,33.04,35.04
1421,2024-01-11 04:40,正常,2.5,2.7,239,262,97,129,3.2,0.78,0.87,0.57,0.54,1.7,12.0,5.3,-4.7,33.05,34.97
1422,2024-01-11 04:50,正常,2.9,2.7,239,228,81,108,3.2,0.77,0.82,0.54,0.58,2.2,12.0,4.5,-5.1,33.0,35.01
1423,2024-01-11 05:00,-24V稳定电流超标故障,2.3,2.7,238,342,92,130,3.1,0.72,0.85,0.55,0.53,2.1,12.1,4.8,-5.0,32.99,35.04
1424,2024-01-11 05:10,模式2电平过低故障,2.7,2.8,270,289,86,104,5.0,0.76,0.85,0.58,0.53,1.4,12.0,5.0,-6.0,32.99,35.03
1425,2024-01-11 05:20,+24V稳定电流超标故障,2.7,2.1,387,244,80,110,5.0,0.75,0.85,0.55,0.53,1.1,12.1,5.2,-5.0,32.99,34.97
1426,2024-01-11 05:30,电路断开频率过低故障,2.1,2.1,260,239,98,85,3.1,0.74,0.85,0.57,0.57,2.7,11.9,5.2,-4.7,33.0,34.99
1427,2024-01-11 05:40,正常,2.7,2.2,240,210,84,100,4.9,0.7,0.87,0.55,0.52,1.0,12.0,5.4,-4.6,33.0,34.97
1428,2024-01-11 05:50,正常,2.5,2.7,272,211,84,124,4.4,0.74,0.82,0.53,0.56,2.2,11.9,5.2,-5.0,32.97,35.04
1429,2024-01-11 06:00,-24V最大电流超标故障,2.6,3.1,226,265,83,119,3.9,0.78,0.86,0.58,0.54,1.3,12.1,5.0,-5.4,33.05,34.98
1430,2024-01-11 06:10,正常,2.7,2.4,284,269,78,119,3.6,0.75,0.84,0.55,0.56,1.9,12.0,5.2,-4.6,32.96,34.98
1431,2024-01-11 06:20,正常,2.1,2.9,214,225,91,105,4.2,0.76,0.82,0.56,0.53,1.9,11.9,5.4,-5.4,33.03,35.02
1432,2024-01-11 06:30,正常,2.2,2.6,260,218,91,122,4.4,0.71,0.86,0.54,0.57,2.1,12.0,5.2,-4.8,32.95,34.96
1433,2024-01-11 06:40,第三脉冲时间过短故障,2.6,2.5,222,272,96,119,3.4,0.7,0.83,0.57,0.49,2.6,11.9,4.9,-4.6,32.97,35.05
1434,2024-01-11 06:50,第二脉冲时间过长故障,2.2,2.8,219,250,82,129,4.4,0.75,0.87,0.61,0.56,1.0,11.9,4.8,-4.7,32.99,35.02
1435,2024-01-11 07:00,正常,2.4,2.2,227,204,79,104,4.8,0.75,0.82,0.54,0.54,1.1,12.0,5.4,-5.1,33.0,34.98
1436,2024-01-11 07:10,正常,2.8,2.1,262,282,71,111,5.0,0.77,0.86,0.53,0.53,3.0,12.0,4.6,-4.5,33.01,35.02
1437,2024-01-11 07:20,+24V最大电流超标故障,3.7,2.7,285,228,80,105,4.9,0.77,0.87,0.53,0.53,3.0,12.0,4.8,-5.2,32.98,35.05
1438,2024-01-11 07:30,正常,2.6,2.3,202,259,88,124,3.5,0.72,0.85,0.56,0.54,1.1,12.1,5.5,-4.8,32.95,35.01
1439,2024-01-11 07:40,正常,2.4,2.6,259,237,78,128,3.7,0.79,0.84,0.53,0.56,1.7,11.9,4.8,-5.5,33.05,34.95
1440,2024-01-11 07:50,-24V最大电流超标故障,2.6,3.1,219,227,74,116,5.3,0.75,0.84,0.53,0.52,2.1,12.1,4.7,-4.5,33.02,35.04
1441,2024-01-11 08:00,正常,2.5,2.5,276,253,91,100,3.2,0.71,0.87,0.55,0.57,2.5,12.0,5.4,-5.0,33.04,35.04
1442,2024-01-11 08:10,正常,2.4,2.7,262,270,71,118,3.9,0.79,0.84,0.56,0.58,2.0,12.1,5.2,-4.5,33.05,34.95
1443,2024-01-11 08:20,正常,2.2,2.8,241,242,78,125,4.7,0.75,0.85,0.54,0.52,1.8,12.0,4.6,-4.5,33.03,35.02
1444,2024-01-11 08:30,指令判断时间过短故障,2.1,2.4,234,207,77,106,5.1,0.69,0.83,0.57,0.54,2.0,11.9,4.7,-4.9,32.99,35.0
1445,2024-01-11 08:40,正常,2.4,2.8,267,289,97,114,3.6,0.74,0.84,0.54,0.52,1.4,11.9,4.6,-4.5,32.99,34.99
1446,2024-01-11 08:50,正常,2.9,2.5,217,201,99,117,5.4,0.79,0.87,0.53,0.56,1.3,12.1,5.4,-5.0,32.97,35.05
1447,2024-01-11 09:00,正常,2.5,2.2,286,241,75,129,5.3,0.77,0.83,0.58,0.54,1.1,12.0,5.2,-4.9,32.98,34.96
1448,2024-01-11 09:10,正常,2.3,2.0,261,214,73,108,3.5,0.72,0.84,0.58,0.52,2.8,12.0,4.6,-4.8,32.98,34.95
1449,2024-01-11 09:20,正常,2.9,2.8,232,257,98,120,4.8,0.76,0.88,0.55,0.56,2.0,11.9,5.1,-5.5,32.98,34.96
1450,2024-01-11 09:30,指令判断时间过短故障,2.3,2.0,262,205,90,113,4.9,0.62,0.86,0.53,0.54,2.2,12.0,5.4,-4.9,33.04,34.96
1451,2024-01-11 09:40,正常,2.7,2.8,259,286,76,115,3.3,0.76,0.85,0.56,0.54,2.3,12.1,4.6,-4.6,33.05,35.0
1452,2024-01-11 09:50,正常,2.8,2.4,207,248,75,123,3.4,0.79,0.83,0.53,0.55,2.6,11.9,4.7,-5.4,32.99,34.95
1453,2024-01-11 10:00,正常,2.2,2.8,272,278,78,116,5.0,0.78,0.84,0.52,0.57,1.0,11.9,5.2,-5.4,33.02,35.04
1454,2024-01-11 10:10,第三脉冲时间过短故障,2.5,2.6,221,286,81,123,4.4,0.73,0.84,0.56,0.51,2.0,11.9,5.2,-4.7,32.99,35.04
1455,2024-01-11 10:20,正常,2.3,2.1,203,254,78,128,3.0,0.74,0.83,0.58,0.55,2.8,11.9,4.9,-4.8,33.0,35.03
1456,2024-01-11 10:30,-24V最大电流超标故障,2.2,3.8,219,280,74,130,5.4,0.77,0.84,0.53,0.57,2.9,12.0,4.5,-5.3,32.96,34.95
1457,2024-01-11 10:40,正常,2.5,2.7,261,202,87,105,4.4,0.73,0.86,0.54,0.58,1.8,12.1,4.6,-5.5,32.95,35.03
1458,2024-01-11 10:50,第一脉冲时间过长故障,2.2,2.3,241,234,72,120,3.4,0.78,0.91,0.54,0.58,1.4,12.1,5.3,-5.5,32.98,34.98
1459,2024-01-11 11:00,正常,2.3,2.6,222,257,82,118,3.7,0.78,0.83,0.54,0.54,2.3,11.9,5.4,-4.9,32.97,34.98
1460,2024-01-11 11:10,指令判断时间过长故障,2.2,2.7,261,245,96,108,4.4,0.84,0.83,0.57,0.57,1.1,11.9,5.1,-5.0,33.04,35.02
1461,2024-01-11 11:20,正常,2.9,2.7,223,288,74,105,3.5,0.79,0.83,0.57,0.53,2.2,12.0,4.9,-5.4,32.96,35.03
1462,2024-01-11 11:30,+9V稳定电流超标故障,2.8,2.8,207,283,131,117,4.0,0.72,0.86,0.56,0.54,2.0,12.0,4.9,-5.4,33.01,35.01
1463,2024-01-11 11:40,正常,2.2,2.3,200,255,75,126,3.2,0.71,0.84,0.53,0.54,1.7,12.0,4.7,-5.5,32.97,34.98
1464,2024-01-11 11:50,正常,2.5,2.6,200,290,78,122,4.1,0.75,0.82,0.54,0.56,1.2,12.0,5.0,-5.3,33.02,35.0
1465,2024-01-11 12:00,模式1脉宽过长故障,2.7,2.2,208,261,82,102,5.2,0.79,0.83,0.55,0.56,1.7,11.9,4.6,-5.3,33.12,34.96
1466,2024-01-11 12:10,正常,2.1,2.3,288,220,83,112,5.4,0.74,0.83,0.52,0.55,2.6,12.0,5.2,-5.5,32.96,35.0
1467,2024-01-11 12:20,-24V最大电流超标故障,2.9,3.5,216,244,90,129,4.4,0.71,0.83,0.53,0.54,1.3,12.0,5.0,-5.4,33.0,35.04
1468,2024-01-11 12:30,正常,2.1,2.2,205,234,79,100,3.1,0.79,0.88,0.58,0.52,2.1,12.0,5.0,-5.5,32.95,35.03
1469,2024-01-11 12:40,系统识别电压过低故障,2.0,2.9,276,236,71,105,4.9,0.72,0.83,0.53,0.53,1.9,11.6,4.8,-5.2,32.97,35.01
1470,2024-01-11 12:50,电路断开频率过高故障,2.3,2.6,249,276,72,135,4.0,0.71,0.85,0.57,0.57,2.8,12.0,5.1,-5.3,32.98,35.03
1471,2024-01-11 13:00,第二脉冲时间过长故障,2.4,2.8,215,287,88,116,4.8,0.71,0.88,0.62,0.54,2.6,12.0,5.0,-4.8,33.03,35.04
1472,2024-01-11 13:10,正常,2.3,2.6,262,219,88,113,3.7,0.76,0.87,0.56,0.52,1.8,12.0,4.7,-4.9,32.95,34.96
1473,2024-01-11 13:20,正常,2.5,2.9,221,289,78,115,4.0,0.73,0.86,0.55,0.53,2.8,12.0,5.1,-4.7,33.01,34.99
1474,2024-01-11 13:30,指令判断时间过短故障,2.0,2.8,223,270,94,125,5.4,0.64,0.86,0.57,0.56,1.9,12.1,4.7,-5.4,33.0,34.99
1475,2024-01-11 13:40,+9V稳定电流超标故障,2.6,2.5,206,283,144,109,5.0,0.73,0.82,0.55,0.58,2.1,12.0,5.4,-5.4,32.97,34.96
1476,2024-01-11 13:50,正常,2.7,2.2,215,256,76,118,5.1,0.77,0.83,0.54,0.53,2.7,12.1,4.8,-4.7,33.05,35.04
1477,2024-01-11 14:00,正常,2.6,2.6,267,246,70,117,3.8,0.76,0.83,0.55,0.56,1.1,11.9,5.1,-5.5,32.98,34.95
1478,2024-01-11 14:10,正常,2.3,2.9,211,206,95,126,4.8,0.72,0.82,0.53,0.57,1.7,12.0,4.9,-5.2,33.05,35.04
1479,2024-01-11 14:20,正常,2.1,2.4,217,246,90,109,3.8,0.79,0.85,0.56,0.56,1.6,12.1,4.9,-4.6,33.01,34.96
1480,2024-01-11 14:30,模式2电平过高故障,2.0,2.5,254,258,96,118,3.5,0.77,0.83,0.55,0.57,2.6,11.9,5.3,-4.2,33.05,34.98
1481,2024-01-11 14:40,正常,2.9,2.6,275,230,98,106,4.9,0.71,0.82,0.54,0.55,1.5,11.9,5.4,-4.8,32.95,35.0
1482,2024-01-11 14:50,正常,2.4,2.4,242,247,89,122,3.4,0.76,0.87,0.56,0.58,2.2,12.0,4.5,-5.5,32.98,34.96
1483,2024-01-11 15:00,正常,2.6,2.3,284,218,79,112,3.3,0.79,0.83,0.56,0.58,2.5,12.0,4.9,-4.7,33.03,35.01
1484,2024-01-11 15:10,正常,2.1,2.5,228,260,94,129,4.2,0.79,0.87,0.58,0.58,2.1,11.9,4.7,-5.5,32.99,34.97
1485,2024-01-11 15:20,正常,2.9,2.4,285,244,85,120,3.1,0.79,0.83,0.53,0.58,1.3,11.9,4.8,-4.6,32.98,35.0
1486,2024-01-11 15:30,正常,2.4,2.7,271,283,78,100,3.6,0.71,0.87,0.56,0.58,1.2,12.1,4.6,-5.4,32.95,35.03
1487,2024-01-11 15:40,指令判断时间过长故障,2.9,2.7,283,247,97,111,3.3,0.88,0.85,0.57,0.56,1.9,12.0,4.8,-5.0,33.04,34.99
1488,2024-01-11 15:50,正常,2.8,2.5,277,233,93,126,4.7,0.79,0.84,0.53,0.53,2.8,11.9,4.9,-4.8,32.98,34.95
1489,2024-01-11 16:00,正常,2.6,2.6,285,258,76,107,4.4,0.8,0.87,0.57,0.55,2.6,11.9,5.0,-4.6,32.97,34.98
1490,2024-01-11 16:10,第二脉冲时间过长故障,2.1,2.3,211,275,99,121,3.1,0.76,0.86,0.59,0.55,2.6,11.9,5.5,-5.1,33.01,34.98
1491,2024-01-11 16:20,系统识别电压过低故障,2.2,2.4,208,258,96,100,4.5,0.78,0.87,0.57,0.54,1.4,11.5,5.1,-5.0,33.0,34.98
1492,2024-01-11 16:30,正常,2.6,2.9,276,246,96,102,4.7,0.78,0.88,0.53,0.57,2.0,12.1,5.3,-4.9,33.0,34.95
1493,2024-01-11 16:40,正常,2.4,2.6,207,232,92,123,5.3,0.74,0.84,0.58,0.53,2.2,12.0,4.7,-5.0,33.0,35.02
1494,2024-01-11 16:50,正常,2.5,2.1,200,221,83,123,4.6,0.76,0.85,0.55,0.54,1.3,12.0,4.6,-5.1,32.95,35.01
1495,2024-01-11 17:00,正常,2.5,2.5,265,283,75,118,4.9,0.78,0.87,0.54,0.53,1.3,12.1,5.2,-5.1,32.95,35.03
1496,2024-01-11 17:10,正常,2.3,2.4,235,228,99,111,5.5,0.71,0.82,0.53,0.53,2.4,12.1,5.5,-5.2,32.97,35.05
1497,2024-01-11 17:20,正常,2.6,2.3,208,210,70,127,5.4,0.79,0.83,0.57,0.57,1.8,12.1,5.2,-5.3,32.96,35.01
1498,2024-01-11 17:30,正常,2.0,2.4,221,235,72,120,3.4,0.8,0.85,0.53,0.55,1.5,12.1,4.8,-4.9,33.03,34.98
1499,2024-01-11 17:40,正常,2.2,2.5,282,226,95,105,3.1,0.79,0.82,0.56,0.58,2.9,11.9,5.4,-4.8,33.04,35.0
1500,2024-01-11 17:50,正常,2.1,2.3,226,264,84,105,5.5,0.79,0.87,0.56,0.58,1.0,12.0,5.3,-5.2,33.03,34.97
1501,2024-01-11 18:00,第二脉冲时间过短故障,2.0,2.7,263,235,76,125,3.9,0.71,0.84,0.5,0.53,2.9,12.1,4.8,-4.5,33.03,34.97
1502,2024-01-11 18:10,正常,2.1,2.7,257,243,73,109,3.3,0.74,0.83,0.55,0.56,2.0,12.0,4.8,-4.8,33.02,35.02
1503,2024-01-11 18:20,+9V稳定电流超标故障,2.1,2.7,210,243,117,116,4.7,0.79,0.87,0.54,0.57,2.7,12.0,5.0,-5.0,33.05,35.02
1504,2024-01-11 18:30,系统识别电压过高故障,2.5,2.9,218,281,78,114,3.6,0.79,0.88,0.53,0.55,2.0,12.3,4.7,-4.8,33.04,34.97
1505,2024-01-11 18:40,模式1电平过低故障,2.1,2.0,200,271,80,108,3.1,0.71,0.87,0.57,0.53,1.3,12.0,3.8,-5.3,33.0,35.0
1506,2024-01-11 18:50,电路断开时间超标故障,2.7,2.1,258,264,77,117,6.1,0.75,0.83,0.58,0.56,1.9,12.1,5.1,-4.6,33.01,34.98
1507,2024-01-11 19:00,正常,2.6,2.5,255,259,92,125,5.0,0.7,0.85,0.56,0.54,1.7,12.0,4.6,-4.7,33.01,34.98
1508,2024-01-11 19:10,+24V最大电流超标故障,3.4,2.9,245,286,95,100,3.1,0.76,0.86,0.55,0.53,2.5,12.1,5.4,-4.9,32.96,34.99
1509,2024-01-11 19:20,正常,2.6,2.1,248,210,87,130,3.1,0.74,0.82,0.58,0.58,2.5,12.0,5.2,-4.8,33.0,34.99
1510,2024-01-11 19:30,正常,2.7,2.6,259,236,96,118,3.4,0.8,0.84,0.54,0.56,1.1,12.0,5.0,-5.0,33.04,34.98
1511,2024-01-11 19:40,正常,2.3,2.1,245,253,71,120,4.4,0.74,0.84,0.57,0.57,2.3,12.0,5.5,-5.4,33.05,35.02
1512,2024-01-11 19:50,指令判断时间过长故障,2.9,2.7,259,219,98,102,4.1,0.85,0.83,0.56,0.57,1.3,12.1,5.2,-5.0,33.01,35.04
1513,2024-01-11 20:00,正常,2.6,2.9,234,204,96,115,3.8,0.78,0.86,0.57,0.58,2.3,12.1,4.6,-5.1,33.02,34.97
1514,2024-01-11 20:10,电路断开时间超标故障,2.9,2.7,283,200,95,108,6.0,0.71,0.84,0.54,0.57,1.0,12.1,4.6,-5.0,33.01,34.97
1515,2024-01-11 20:20,正常,2.8,2.0,270,285,86,122,4.6,0.77,0.85,0.56,0.53,2.2,12.1,5.0,-5.4,33.0,34.98
1516,2024-01-11 20:30,电路断开频率过高故障,2.2,2.3,284,276,80,150,4.0,0.74,0.87,0.54,0.53,2.0,11.9,5.1,-4.7,33.01,35.01
1517,2024-01-11 20:40,正常,2.8,2.9,226,212,93,118,3.4,0.77,0.85,0.56,0.56,2.0,11.9,5.1,-5.3,32.98,35.02
1518,2024-01-11 20:50,正常,2.5,2.8,213,252,72,105,5.2,0.72,0.86,0.56,0.56,1.7,12.0,5.3,-5.1,32.96,34.96
1519,2024-01-11 21:00,正常,2.9,2.6,269,255,76,109,4.6,0.78,0.83,0.56,0.53,1.5,11.9,4.7,-5.2,32.97,35.0
1520,2024-01-11 21:10,正常,2.7,2.4,207,237,75,102,4.3,0.71,0.87,0.56,0.53,2.0,11.9,4.7,-4.7,33.0,34.98
1521,2024-01-11 21:20,模式1电平过低故障,2.5,2.8,253,266,90,129,3.0,0.79,0.85,0.56,0.57,1.9,11.9,4.4,-5.2,32.96,35.03
1522,2024-01-11 21:30,正常,2.3,2.5,210,204,83,101,3.5,0.71,0.87,0.53,0.57,2.0,12.0,4.6,-4.6,32.97,35.0
1523,2024-01-11 21:40,正常,2.0,2.5,284,224,77,101,3.6,0.71,0.83,0.57,0.53,1.6,12.0,4.6,-4.6,32.97,34.97
1524,2024-01-11 21:50,正常,2.0,2.1,246,247,73,103,4.7,0.71,0.86,0.57,0.53,1.4,12.0,4.9,-5.2,33.04,34.95
1525,2024-01-11 22:00,-24V最大电流超标故障,2.2,3.8,274,210,90,127,3.3,0.74,0.82,0.56,0.56,2.3,12.0,5.4,-4.6,32.99,34.96
1526,2024-01-11 22:10,正常,2.8,2.8,269,205,73,121,4.3,0.71,0.87,0.54,0.54,1.8,12.0,5.0,-4.7,33.0,35.04
1527,2024-01-11 22:20,+9V稳定电流超标故障,2.7,2.7,236,266,119,113,4.7,0.78,0.86,0.55,0.55,2.2,12.0,5.4,-5.3,32.99,35.01
1528,2024-01-11 22:30,正常,2.6,2.4,285,213,94,113,3.9,0.72,0.87,0.55,0.55,1.9,12.0,4.8,-4.6,33.01,35.01
1529,2024-01-11 22:40,正常,2.7,2.3,264,212,80,107,3.5,0.78,0.85,0.54,0.57,1.8,11.9,5.3,-5.4,33.04,35.0
1530,2024-01-11 22:50,正常,2.5,2.2,215,226,92,121,4.4,0.77,0.87,0.58,0.55,2.8,12.0,4.8,-4.7,32.96,35.02
1531,2024-01-11 23:00,电路断开时间超标故障,2.1,2.0,232,247,95,105,5.9,0.79,0.82,0.57,0.56,1.3,12.0,5.2,-4.9,33.05,34.98
1532,2024-01-11 23:10,电路断开频率过高故障,2.7,2.0,250,271,73,143,4.1,0.72,0.88,0.56,0.56,2.9,12.0,5.2,-5.5,33.05,34.99
1533,2024-01-11 23:20,+24V最大电流超标故障,3.9,2.6,240,251,71,116,4.0,0.77,0.84,0.58,0.57,2.7,12.0,5.2,-4.7,33.04,34.95
1534,2024-01-11 23:30,正常,2.6,2.4,230,236,99,115,5.5,0.75,0.88,0.54,0.58,2.5,12.1,4.7,-5.1,32.99,35.01
1535,2024-01-11 23:40,正常,2.9,2.6,233,237,97,103,3.1,0.8,0.86,0.55,0.57,2.3,12.1,5.1,-5.0,32.96,35.05
1536,2024-01-11 23:50,正常,2.7,2.2,282,265,95,102,5.0,0.73,0.83,0.55,0.57,2.7,12.0,4.7,-5.2,33.02,35.03
1537,2024-01-12 00:00,正常,2.1,2.8,289,262,99,118,5.0,0.77,0.87,0.58,0.55,1.3,11.9,4.5,-4.9,33.02,35.02
1538,2024-01-12 00:10,正常,2.1,2.2,243,243,86,111,4.5,0.73,0.85,0.57,0.57,2.9,12.0,4.7,-4.6,32.97,34.99
1539,2024-01-12 00:20,正常,2.1,2.1,287,245,91,103,4.8,0.78,0.87,0.55,0.52,2.2,11.9,5.0,-5.4,32.99,34.99
1540,2024-01-12 00:30,第三脉冲时间过短故障,2.2,2.7,205,224,84,119,3.7,0.74,0.83,0.53,0.49,2.4,12.0,4.8,-5.0,33.0,35.03
1541,2024-01-12 00:40,正常,2.1,2.6,285,275,71,110,3.9,0.78,0.82,0.58,0.53,1.7,12.1,5.0,-4.8,32.99,34.95
1542,2024-01-12 00:50,正常,2.7,2.3,244,225,72,124,4.0,0.74,0.87,0.54,0.53,1.5,12.1,5.2,-5.3,33.03,35.05
1543,2024-01-12 01:00,正常,2.5,2.5,231,287,99,105,4.8,0.77,0.85,0.54,0.53,2.3,12.0,5.0,-4.9,32.98,34.99
1544,2024-01-12 01:10,正常,2.4,2.7,257,280,76,104,4.7,0.76,0.83,0.52,0.55,2.5,11.9,5.0,-5.2,32.95,34.99
1545,2024-01-12 01:20,正常,2.9,2.7,233,213,78,123,5.1,0.72,0.85,0.53,0.57,3.0,12.0,5.0,-5.5,32.98,35.02
1546,2024-01-12 01:30,正常,2.8,2.4,288,268,79,104,3.5,0.79,0.86,0.58,0.55,1.3,12.1,5.5,-5.3,32.98,35.03
1547,2024-01-12 01:40,正常,2.6,2.4,282,203,99,103,4.3,0.72,0.83,0.57,0.57,2.5,11.9,4.6,-4.8,33.04,35.03
1548,2024-01-12 01:50,正常,2.2,2.1,240,212,71,129,3.7,0.77,0.82,0.53,0.52,1.1,11.9,4.5,-4.5,32.97,35.0
1549,2024-01-12 02:00,正常,2.1,2.8,241,207,92,126,3.3,0.73,0.84,0.52,0.57,1.3,12.1,5.4,-5.2,33.05,34.99
1550,2024-01-12 02:10,模式2脉宽过长故障,2.2,2.4,217,286,80,123,4.8,0.71,0.82,0.55,0.54,2.4,12.0,5.3,-5.0,33.01,35.12
1551,2024-01-12 02:20,正常,2.6,2.6,221,269,82,102,5.4,0.79,0.86,0.54,0.54,2.7,11.9,5.4,-5.1,33.02,35.05
1552,2024-01-12 02:30,正常,2.8,2.8,232,290,73,120,4.7,0.77,0.87,0.55,0.55,2.3,12.1,5.2,-5.5,33.02,34.98
1553,2024-01-12 02:40,+24V最大电流超标故障,3.6,2.0,268,221,94,121,3.4,0.78,0.84,0.57,0.53,2.0,12.1,5.5,-5.5,32.95,34.98
1554,2024-01-12 02:50,正常,2.9,2.5,271,257,93,115,5.5,0.73,0.88,0.55,0.55,2.3,11.9,4.6,-4.5,33.04,34.97
1555,2024-01-12 03:00,-24V最大电流超标故障,2.5,3.2,218,253,70,101,3.8,0.75,0.84,0.52,0.56,2.7,12.1,4.6,-5.4,33.01,35.03
1556,2024-01-12 03:10,正常,2.3,2.8,217,255,91,125,5.1,0.78,0.85,0.57,0.55,2.6,12.1,5.4,-5.2,32.96,35.05
1557,2024-01-12 03:20,正常,2.7,2.8,247,262,95,116,3.0,0.79,0.83,0.58,0.54,1.0,12.1,4.7,-5.2,32.97,35.05
1558,2024-01-12 03:30,+24V最大电流超标故障,3.9,2.9,286,261,76,109,3.3,0.8,0.86,0.53,0.54,1.3,11.9,5.1,-5.5,33.04,34.98
1559,2024-01-12 03:40,正常,2.8,2.2,224,286,97,127,3.6,0.79,0.83,0.54,0.56,2.1,12.0,5.2,-4.8,32.98,34.97
1560,2024-01-12 03:50,正常,2.6,2.4,210,277,74,112,4.6,0.75,0.84,0.53,0.53,1.1,12.1,5.2,-5.3,32.98,35.02
1561,2024-01-12 04:00,模式2脉宽过短故障,2.0,2.8,245,287,72,121,3.7,0.73,0.86,0.54,0.53,2.8,12.0,5.1,-5.1,32.96,34.91
1562,2024-01-12 04:10,正常,2.6,2.3,273,278,91,111,4.0,0.75,0.84,0.53,0.57,2.9,11.9,4.7,-5.1,32.96,34.95
1563,2024-01-12 04:20,正常,2.6,2.2,241,209,73,125,4.3,0.75,0.83,0.55,0.53,1.4,12.1,4.8,-4.6,33.0,35.04
1564,2024-01-12 04:30,模式2电平过高故障,2.9,2.5,279,287,72,122,3.5,0.79,0.84,0.56,0.57,1.3,12.0,4.6,-4.2,32.95,35.02
1565,2024-01-12 04:40,正常,2.9,2.2,215,290,77,112,4.2,0.74,0.88,0.56,0.58,2.2,12.1,4.9,-5.0,33.02,35.02
1566,2024-01-12 04:50,正常,2.2,2.7,205,262,80,104,4.1,0.71,0.88,0.58,0.55,2.5,12.1,4.5,-5.5,32.97,34.98
1567,2024-01-12 05:00,正常,2.9,2.1,277,205,99,100,4.9,0.79,0.88,0.56,0.55,1.0,11.9,5.2,-5.4,32.98,34.98
1568,2024-01-12 05:10,正常,2.1,2.2,205,204,86,130,4.6,0.76,0.87,0.57,0.56,2.9,12.0,5.1,-5.2,33.0,35.0
1569,2024-01-12 05:20,正常,2.8,2.4,241,233,90,103,5.0,0.7,0.83,0.56,0.54,1.6,12.0,5.5,-5.0,32.99,34.97
1570,2024-01-12 05:30,正常,2.4,2.9,257,250,75,120,5.1,0.79,0.85,0.54,0.55,1.8,12.1,5.0,-5.3,32.99,35.02
1571,2024-01-12 05:40,正常,2.4,2.8,206,236,97,123,4.2,0.71,0.85,0.57,0.53,1.3,12.1,4.9,-5.1,32.96,35.03
1572,2024-01-12 05:50,模式1脉宽过短故障,2.7,2.5,277,206,75,109,4.7,0.76,0.83,0.58,0.57,1.1,12.0,4.9,-4.9,32.89,35.01
1573,2024-01-12 06:00,正常,2.3,2.5,231,218,74,123,3.4,0.8,0.86,0.56,0.56,1.3,12.1,4.6,-5.0,33.03,34.98
1574,2024-01-12 06:10,正常,2.5,2.2,232,268,96,113,5.5,0.75,0.87,0.56,0.57,3.0,12.1,5.1,-4.9,32.97,35.04
1575,2024-01-12 06:20,正常,2.3,2.3,276,225,93,122,5.3,0.72,0.84,0.56,0.57,1.9,11.9,5.1,-5.4,33.05,35.04
1576,2024-01-12 06:30,第三脉冲时间过长故障,2.9,2.5,227,206,90,118,5.2,0.74,0.85,0.57,0.62,2.7,12.1,4.6,-5.4,32.97,34.98
1577,2024-01-12 06:40,正常,2.6,2.4,287,280,86,125,4.2,0.71,0.83,0.54,0.57,2.0,11.9,5.3,-4.7,33.04,34.98
1578,2024-01-12 06:50,光电频率过高故障,2.2,2.4,236,209,97,127,4.2,0.7,0.87,0.54,0.55,3.5,12.1,5.0,-4.8,32.99,35.01
1579,2024-01-12 07:00,正常,2.3,2.7,264,243,98,103,3.7,0.8,0.86,0.57,0.55,2.9,12.0,5.1,-4.7,32.97,35.04
1580,2024-01-12 07:10,正常,2.8,2.6,290,251,84,113,3.2,0.77,0.87,0.56,0.54,1.8,12.1,4.9,-4.8,33.02,34.95
1581,2024-01-12 07:20,正常,2.9,2.1,247,213,73,101,4.1,0.77,0.85,0.56,0.57,2.7,11.9,5.0,-4.8,33.03,34.98
1582,2024-01-12 07:30,正常,2.3,2.7,205,276,73,101,3.4,0.78,0.83,0.55,0.56,1.2,12.0,5.0,-5.4,33.01,34.99
1583,2024-01-12 07:40,正常,2.3,2.7,255,240,91,124,3.3,0.78,0.85,0.56,0.53,3.0,12.0,4.7,-4.7,32.95,34.96
1584,2024-01-12 07:50,电路断开频率过高故障,2.8,2.6,215,231,91,134,3.5,0.73,0.86,0.54,0.52,2.7,12.0,4.9,-4.9,33.0,35.0
1585,2024-01-12 08:00,第一脉冲时间过短故障,2.3,2.2,218,253,80,115,3.1,0.74,0.8,0.58,0.53,1.8,12.1,5.1,-5.4,32.95,35.0
1586,2024-01-12 08:10,模式1脉宽过短故障,2.0,2.8,290,287,74,119,5.5,0.8,0.85,0.54,0.58,1.2,12.0,5.1,-5.4,32.91,35.01
1587,2024-01-12 08:20,系统识别电压过高故障,2.7,2.6,222,245,98,103,4.4,0.76,0.84,0.52,0.57,2.5,12.3,4.5,-4.6,33.03,35.05
1588,2024-01-12 08:30,正常,2.8,2.7,218,228,99,101,4.5,0.78,0.83,0.56,0.57,2.1,12.1,4.6,-4.7,32.98,34.98
1589,2024-01-12 08:40,正常,2.8,2.6,248,215,77,122,5.2,0.75,0.88,0.56,0.57,1.6,12.0,4.8,-4.6,32.96,34.96
1590,2024-01-12 08:50,+24V最大电流超标故障,3.3,2.1,244,221,79,124,4.2,0.75,0.84,0.55,0.53,1.5,12.1,4.8,-4.9,33.0,35.01
1591,2024-01-12 09:00,系统识别电压过低故障,2.1,2.6,215,275,95,123,5.3,0.74,0.83,0.54,0.54,1.2,11.8,5.3,-5.2,33.0,35.02
1592,2024-01-12 09:10,模式2脉宽过短故障,2.0,2.6,227,212,99,117,4.6,0.71,0.85,0.55,0.56,1.8,12.0,5.1,-5.4,32.99,34.87
1593,2024-01-12 09:20,正常,2.1,2.9,213,225,95,130,3.6,0.72,0.83,0.55,0.53,1.7,12.0,5.2,-5.2,33.01,34.99
1594,2024-01-12 09:30,正常,2.6,2.4,267,278,91,119,3.2,0.79,0.87,0.54,0.58,1.3,12.0,5.4,-5.5,32.98,35.0
1595,2024-01-12 09:40,正常,2.9,2.1,279,251,79,121,4.6,0.74,0.83,0.54,0.54,1.2,12.0,5.4,-5.2,32.99,35.0
1596,2024-01-12 09:50,正常,2.3,2.6,265,215,85,120,3.0,0.75,0.85,0.54,0.53,2.1,11.9,5.2,-5.3,33.02,35.0
1597,2024-01-12 10:00,正常,2.5,2.4,274,209,92,106,4.0,0.74,0.84,0.55,0.55,1.2,11.9,5.4,-5.2,33.02,34.98
1598,2024-01-12 10:10,模式2脉宽过短故障,2.6,2.1,275,267,99,102,4.4,0.72,0.83,0.57,0.56,2.2,11.9,5.0,-5.4,32.97,34.87
1599,2024-01-12 10:20,正常,2.4,2.5,275,202,95,123,5.1,0.79,0.84,0.56,0.55,1.8,11.9,5.0,-5.2,33.05,35.02
1600,2024-01-12 10:30,正常,2.7,2.8,248,255,76,122,3.2,0.72,0.83,0.52,0.54,1.6,12.1,5.1,-5.2,32.98,34.95
1601,2024-01-12 10:40,模式2电平过高故障,2.1,2.1,217,227,79,109,4.3,0.72,0.85,0.54,0.54,1.7,12.1,4.6,-4.4,33.03,35.03
1602,2024-01-12 10:50,正常,2.7,2.1,245,272,71,102,3.3,0.75,0.85,0.53,0.53,2.3,12.0,4.7,-5.0,33.04,34.96
1603,2024-01-12 11:00,指令判断时间过短故障,2.2,2.7,248,229,95,100,4.1,0.66,0.86,0.53,0.57,1.8,11.9,5.4,-4.9,33.04,35.01
1604,2024-01-12 11:10,正常,2.9,2.2,250,207,93,129,5.1,0.74,0.85,0.56,0.55,2.3,12.1,5.2,-5.1,32.96,34.98
1605,2024-01-12 11:20,正常,2.8,2.6,233,252,94,121,4.9,0.72,0.84,0.53,0.57,2.8,11.9,5.0,-5.2,32.98,35.02
1606,2024-01-12 11:30,电路断开频率过低故障,2.7,2.8,223,204,72,94,5.0,0.79,0.86,0.57,0.56,1.2,12.1,5.4,-5.4,32.99,34.97
1607,2024-01-12 11:40,正常,2.8,2.9,281,256,71,110,3.4,0.71,0.85,0.56,0.53,2.9,12.0,5.2,-4.8,33.03,34.99
1608,2024-01-12 11:50,正常,2.3,2.5,210,271,75,127,5.2,0.79,0.87,0.58,0.58,1.8,12.0,4.9,-5.4,32.95,34.99
1609,2024-01-12 12:00,正常,2.6,2.1,266,215,99,102,4.8,0.75,0.86,0.56,0.53,2.7,12.0,5.3,-4.5,32.99,35.03
1610,2024-01-12 12:10,正常,2.7,2.3,283,278,87,114,4.0,0.76,0.86,0.53,0.56,1.7,12.0,5.1,-5.2,32.97,34.98
1611,2024-01-12 12:20,正常,2.2,2.2,264,209,88,101,4.3,0.72,0.85,0.55,0.54,1.7,12.0,5.0,-5.1,33.02,35.02
1612,2024-01-12 12:30,指令判断时间过长故障,2.5,2.2,227,214,78,103,5.4,0.89,0.83,0.57,0.58,1.0,11.9,5.3,-5.3,32.98,35.03
1613,2024-01-12 12:40,+9V稳定电流超标故障,2.6,2.6,270,237,108,123,5.5,0.72,0.86,0.55,0.56,2.1,12.0,5.2,-4.7,32.99,34.96
1614,2024-01-12 12:50,+9V稳定电流超标故障,2.8,2.0,233,213,117,100,4.1,0.72,0.86,0.55,0.53,1.4,12.0,4.7,-5.2,33.02,35.04
1615,2024-01-12 13:00,正常,2.4,2.3,243,212,73,128,3.4,0.78,0.82,0.57,0.56,2.2,12.1,5.2,-5.2,32.99,35.03
1616,2024-01-12 13:10,正常,2.2,2.5,281,226,93,121,5.0,0.78,0.86,0.53,0.57,2.8,12.0,4.8,-5.5,32.99,34.95
1617,2024-01-12 13:20,正常,2.5,2.4,267,254,98,111,3.6,0.76,0.82,0.56,0.56,2.1,12.0,5.2,-5.3,32.97,34.98
1618,2024-01-12 13:30,正常,2.3,2.2,286,208,91,114,3.1,0.8,0.87,0.54,0.53,2.1,12.1,4.6,-4.9,32.95,35.0
1619,2024-01-12 13:40,第一脉冲时间过短故障,2.8,2.2,259,218,80,121,3.9,0.74,0.8,0.52,0.55,1.3,12.1,5.3,-4.6,33.02,35.0
1620,2024-01-12 13:50,模式1脉宽过短故障,2.1,2.1,207,238,91,112,5.1,0.7,0.83,0.53,0.57,1.6,12.0,5.4,-4.8,32.91,34.99
1621,2024-01-12 14:00,正常,2.4,2.7,238,265,96,124,5.5,0.78,0.87,0.53,0.53,2.9,12.1,4.8,-4.9,32.98,34.95
1622,2024-01-12 14:10,正常,2.2,2.4,236,244,78,108,4.9,0.8,0.85,0.56,0.57,2.7,12.1,4.8,-5.0,32.98,35.04
1623,2024-01-12 14:20,电路断开频率过低故障,2.7,2.1,290,285,77,94,4.2,0.75,0.84,0.54,0.55,2.1,12.0,4.6,-5.0,33.03,34.98
1624,2024-01-12 14:30,正常,2.7,2.4,268,257,88,111,4.7,0.76,0.87,0.52,0.58,2.7,11.9,5.0,-5.4,33.01,34.99
1625,2024-01-12 14:40,正常,2.8,2.2,254,260,95,127,4.0,0.71,0.86,0.54,0.55,1.6,12.0,4.9,-4.6,32.99,34.99
1626,2024-01-12 14:50,-24V稳定电流超标故障,2.6,2.7,233,354,96,130,5.5,0.71,0.85,0.53,0.55,1.6,12.0,5.4,-5.5,32.98,34.98
1627,2024-01-12 15:00,正常,2.1,2.9,221,225,72,111,4.7,0.79,0.84,0.57,0.55,1.4,12.0,5.2,-4.9,33.03,34.99
1628,2024-01-12 15:10,+9V稳定电流超标故障,2.9,2.4,255,204,140,112,5.0,0.76,0.88,0.57,0.56,2.8,11.9,5.1,-4.6,33.01,35.04
1629,2024-01-12 15:20,第二脉冲时间过短故障,2.7,2.8,230,245,85,117,4.3,0.7,0.85,0.49,0.52,1.4,12.0,5.1,-4.8,32.96,35.02
1630,2024-01-12 15:30,正常,2.3,2.1,283,202,79,119,5.2,0.71,0.82,0.53,0.54,1.7,11.9,5.3,-4.9,33.04,34.98
1631,2024-01-12 15:40,模式1脉宽过短故障,2.4,2.5,254,232,96,111,4.6,0.77,0.87,0.56,0.53,1.4,12.0,5.2,-5.1,32.91,35.0
1632,2024-01-12 15:50,系统识别电压过低故障,2.7,2.5,278,270,84,113,4.1,0.8,0.86,0.56,0.57,2.8,11.6,5.2,-4.6,33.01,35.04
1633,2024-01-12 16:00,-24V最大电流超标故障,2.8,3.3,213,262,74,120,4.8,0.73,0.85,0.55,0.56,2.7,12.0,5.5,-5.5,32.97,34.99
1634,2024-01-12 16:10,光电频率过高故障,2.7,2.8,209,230,92,124,3.8,0.74,0.83,0.53,0.54,3.3,12.0,5.0,-5.4,33.02,35.01
1635,2024-01-12 16:20,正常,2.4,2.6,233,212,94,129,5.2,0.7,0.84,0.55,0.58,2.1,11.9,4.6,-4.7,33.03,35.03
1636,2024-01-12 16:30,正常,2.4,2.8,216,281,81,104,4.5,0.72,0.87,0.56,0.52,1.3,12.1,5.4,-5.5,32.95,35.02
1637,2024-01-12 16:40,第三脉冲时间过长故障,2.4,2.8,285,234,91,130,4.8,0.74,0.87,0.54,0.62,2.1,12.0,4.5,-4.7,32.98,34.97
1638,2024-01-12 16:50,第一脉冲时间过长故障,2.5,2.5,264,256,76,112,3.7,0.76,0.9,0.56,0.56,1.9,12.1,5.3,-4.8,33.0,35.05
1639,2024-01-12 17:00,正常,2.8,2.5,263,274,91,104,4.7,0.76,0.87,0.53,0.52,2.9,12.0,4.7,-5.4,33.01,35.04
1640,2024-01-12 17:10,+24V最大电流超标故障,3.6,2.7,234,288,90,126,4.1,0.76,0.87,0.52,0.58,2.2,11.9,5.1,-4.7,32.98,35.01
1641,2024-01-12 17:20,模式1电平过低故障,2.5,2.5,245,217,82,123,4.2,0.72,0.82,0.52,0.55,2.3,12.1,4.4,-4.6,33.01,35.02
1642,2024-01-12 17:30,正常,2.3,2.7,254,208,88,110,4.1,0.71,0.84,0.53,0.55,2.1,11.9,4.7,-5.0,33.04,35.01
1643,2024-01-12 17:40,正常,2.8,2.0,224,239,81,108,4.3,0.79,0.83,0.57,0.56,1.8,12.0,4.6,-5.1,33.01,35.05
1644,2024-01-12 17:50,正常,2.1,2.6,284,243,83,112,4.3,0.71,0.82,0.56,0.55,1.4,12.1,4.8,-5.2,32.96,34.99
1645,2024-01-12 18:00,正常,2.5,2.8,260,242,88,114,3.6,0.7,0.86,0.56,0.57,2.9,12.0,4.7,-5.0,33.0,35.01
1646,2024-01-12 18:10,正常,2.2,2.1,207,201,94,118,3.2,0.76,0.83,0.56,0.53,1.6,12.0,4.6,-4.9,32.98,34.99
1647,2024-01-12 18:20,正常,2.4,2.5,280,261,89,124,5.0,0.71,0.86,0.54,0.52,1.2,12.0,4.6,-5.3,33.01,34.99
1648,2024-01-12 18:30,正常,2.7,2.2,205,219,98,130,4.5,0.79,0.87,0.54,0.55,2.3,12.0,5.5,-5.4,32.96,35.05
1649,2024-01-12 18:40,正常,2.2,2.1,284,221,87,105,4.4,0.73,0.88,0.56,0.54,2.9,12.1,5.5,-4.6,32.99,34.95
1650,2024-01-12 18:50,第二脉冲时间过长故障,2.1,2.5,238,217,78,123,4.6,0.76,0.86,0.62,0.54,1.5,12.0,4.5,-5.1,32.95,34.96
1651,2024-01-12 19:00,正常,2.5,2.3,247,249,71,128,4.4,0.7,0.84,0.54,0.53,1.2,12.0,5.3,-5.0,33.0,35.02
1652,2024-01-12 19:10,正常,2.5,2.9,285,225,86,115,3.7,0.75,0.84,0.53,0.56,2.9,12.1,5.5,-4.7,33.0,35.03
1653,2024-01-12 19:20,正常,2.7,2.6,229,231,84,108,4.2,0.74,0.82,0.56,0.53,2.2,12.1,4.7,-4.7,33.05,34.98
1654,2024-01-12 19:30,正常,2.1,2.0,240,281,77,110,3.1,0.77,0.86,0.57,0.53,1.2,11.9,4.9,-4.9,33.01,35.0
1655,2024-01-12 19:40,正常,2.1,2.4,276,259,92,112,4.9,0.74,0.86,0.57,0.55,1.9,12.0,4.7,-5.3,33.02,35.03
1656,2024-01-12 19:50,正常,2.4,2.2,256,247,94,109,5.2,0.78,0.83,0.54,0.56,2.7,11.9,4.6,-5.3,33.03,34.96
1657,2024-01-12 20:00,模式2电平过低故障,2.3,2.6,241,210,98,116,3.5,0.76,0.86,0.53,0.57,1.2,12.1,4.8,-5.8,32.97,34.96
1658,2024-01-12 20:10,正常,2.6,2.5,250,258,92,130,4.7,0.76,0.82,0.55,0.57,2.1,12.1,4.6,-4.6,32.98,35.03
1659,2024-01-12 20:20,正常,2.2,2.7,276,231,99,100,3.3,0.77,0.88,0.57,0.57,2.9,12.1,4.9,-5.0,33.01,35.03
1660,2024-01-12 20:30,模式2脉宽过短故障,2.1,2.5,214,275,93,117,5.0,0.74,0.85,0.56,0.58,2.6,12.0,5.4,-5.4,32.97,34.93
1661,2024-01-12 20:40,-24V稳定电流超标故障,2.6,2.3,254,383,88,112,5.2,0.75,0.86,0.58,0.56,2.7,11.9,5.4,-4.6,32.95,35.01
1662,2024-01-12 20:50,模式1脉宽过短故障,2.1,2.2,263,212,94,119,5.4,0.72,0.85,0.56,0.53,2.5,12.0,4.7,-5.3,32.9,35.05
1663,2024-01-12 21:00,光电频率过高故障,2.7,2.4,209,275,94,115,4.4,0.71,0.86,0.57,0.55,3.2,12.1,5.1,-4.5,33.02,34.97
1664,2024-01-12 21:10,正常,2.4,2.7,241,289,75,129,4.4,0.71,0.84,0.56,0.56,1.5,12.1,4.9,-5.1,33.04,34.96
1665,2024-01-12 21:20,模式1电平过低故障,2.6,2.7,211,272,81,129,3.8,0.75,0.86,0.53,0.57,2.4,12.1,4.3,-5.5,32.99,34.99
1666,2024-01-12 21:30,正常,2.3,2.6,270,207,89,107,3.8,0.75,0.85,0.55,0.53,1.0,12.1,5.1,-4.9,32.95,35.0
1667,2024-01-12 21:40,正常,2.6,2.8,238,243,79,112,3.2,0.78,0.84,0.53,0.58,1.5,12.1,4.8,-5.4,32.99,35.01
1668,2024-01-12 21:50,第三脉冲时间过长故障,2.4,2.5,287,288,84,130,3.1,0.77,0.82,0.53,0.62,2.0,11.9,4.8,-4.6,33.03,35.02
1669,2024-01-12 22:00,正常,2.1,2.7,232,229,82,104,3.1,0.79,0.88,0.57,0.57,1.7,11.9,5.0,-4.6,33.0,34.98
1670,2024-01-12 22:10,模式2脉宽过长故障,2.0,2.6,264,283,90,129,3.9,0.74,0.84,0.55,0.55,2.2,12.0,5.4,-5.3,32.95,35.07
1671,2024-01-12 22:20,正常,2.5,2.1,280,247,76,128,4.1,0.76,0.88,0.56,0.53,2.9,12.1,4.6,-4.9,32.99,35.04
1672,2024-01-12 22:30,正常,2.1,2.1,240,208,89,116,3.0,0.73,0.86,0.52,0.52,2.8,12.0,5.2,-4.9,32.99,35.03
1673,2024-01-12 22:40,第二脉冲时间过短故障,2.8,2.5,237,290,97,124,5.4,0.79,0.82,0.5,0.55,1.0,12.0,5.0,-5.0,33.01,34.99
1674,2024-01-12 22:50,正常,2.2,2.2,216,262,70,105,4.6,0.8,0.86,0.55,0.54,2.3,12.1,5.4,-4.6,33.01,35.04
1675,2024-01-12 23:00,正常,2.3,2.7,244,207,74,122,3.7,0.73,0.83,0.53,0.57,1.3,11.9,4.9,-5.4,33.05,35.0
1676,2024-01-12 23:10,正常,2.0,2.5,244,280,96,111,3.5,0.74,0.82,0.57,0.53,1.9,12.0,5.2,-5.2,32.96,34.97
1677,2024-01-12 23:20,模式2脉宽过短故障,2.6,2.1,218,282,77,100,4.1,0.76,0.87,0.53,0.53,2.1,12.0,5.5,-4.8,32.98,34.87
1678,2024-01-12 23:30,电路断开频率过低故障,2.2,2.3,290,232,82,84,4.9,0.71,0.86,0.53,0.57,2.8,12.0,5.1,-5.3,33.01,35.01
1679,2024-01-12 23:40,正常,2.9,2.5,264,263,70,108,3.8,0.73,0.86,0.53,0.54,1.9,12.0,5.3,-4.6,32.97,35.01
1680,2024-01-12 23:50,电路断开频率过低故障,2.4,2.2,266,239,94,96,3.7,0.79,0.87,0.57,0.55,2.1,11.9,4.6,-5.2,32.96,35.0
1681,2024-01-13 00:00,正常,2.5,2.4,238,225,90,106,3.7,0.8,0.87,0.58,0.52,1.6,12.1,4.5,-5.2,32.98,35.0
1682,2024-01-13 00:10,正常,2.8,2.9,207,212,84,122,3.8,0.74,0.85,0.54,0.57,2.7,11.9,5.1,-5.1,33.0,34.95
1683,2024-01-13 00:20,正常,2.9,2.4,269,228,80,112,3.4,0.7,0.86,0.52,0.54,1.3,11.9,5.1,-4.7,33.02,35.05
1684,2024-01-13 00:30,模式2脉宽过长故障,2.5,2.8,212,203,77,110,4.1,0.71,0.87,0.54,0.58,2.3,12.0,4.5,-5.1,32.99,35.12
1685,2024-01-13 00:40,+24V稳定电流超标故障,2.3,2.4,377,277,71,117,5.0,0.79,0.85,0.57,0.56,2.6,12.0,4.8,-4.6,33.01,34.96
1686,2024-01-13 00:50,-24V最大电流超标故障,2.3,3.9,207,228,82,102,3.1,0.74,0.82,0.53,0.52,2.3,12.1,4.5,-5.2,33.05,34.98
1687,2024-01-13 01:00,模式2电平过低故障,2.4,2.0,248,217,84,101,4.7,0.77,0.87,0.55,0.55,1.5,12.1,4.7,-6.1,33.04,35.05
1688,2024-01-13 01:10,正常,2.5,2.3,224,289,71,121,3.7,0.73,0.85,0.57,0.52,1.8,12.1,5.1,-5.5,32.95,35.04
1689,2024-01-13 01:20,正常,2.4,2.2,272,290,88,126,4.0,0.74,0.83,0.57,0.56,1.8,12.1,5.2,-4.8,32.99,35.05
1690,2024-01-13 01:30,正常,2.1,2.2,235,213,83,111,3.9,0.71,0.85,0.53,0.57,2.4,12.0,5.1,-5.1,32.97,34.96
1691,2024-01-13 01:40,正常,2.0,2.6,212,267,94,124,4.0,0.7,0.84,0.53,0.55,1.8,12.0,5.2,-4.6,32.99,34.95
1692,2024-01-13 01:50,光电频率过低故障,2.6,2.2,201,212,97,125,4.3,0.73,0.87,0.54,0.55,0.6,12.0,5.1,-4.5,33.03,34.97
1693,2024-01-13 02:00,正常,2.6,2.7,236,208,89,107,4.9,0.74,0.85,0.53,0.54,2.9,12.0,5.3,-4.9,33.02,34.98
1694,2024-01-13 02:10,第三脉冲时间过短故障,2.1,2.8,289,288,70,127,4.6,0.79,0.88,0.52,0.5,1.7,11.9,4.5,-4.8,32.96,34.99
1695,2024-01-13 02:20,正常,2.5,2.7,203,253,98,124,4.3,0.73,0.85,0.52,0.52,1.9,12.1,4.9,-4.7,33.01,34.96
1696,2024-01-13 02:30,正常,2.1,2.1,246,221,71,100,3.7,0.7,0.83,0.55,0.58,2.1,11.9,5.2,-4.7,33.02,35.04
1697,2024-01-13 02:40,正常,2.3,2.6,280,289,78,113,4.7,0.77,0.87,0.58,0.53,1.8,12.0,5.1,-4.7,32.98,34.98
1698,2024-01-13 02:50,正常,2.0,2.2,204,268,75,106,3.7,0.76,0.88,0.56,0.57,2.0,12.0,5.4,-4.8,32.97,34.97
1699,2024-01-13 03:00,正常,2.2,2.4,202,244,85,117,3.9,0.78,0.85,0.55,0.52,2.3,12.0,4.6,-4.8,32.96,35.0
1700,2024-01-13 03:10,第二脉冲时间过长故障,2.2,2.8,275,208,70,120,3.2,0.79,0.86,0.61,0.56,2.8,12.1,5.4,-4.7,33.04,34.97
1701,2024-01-13 03:20,正常,2.1,2.3,202,271,78,124,3.7,0.75,0.87,0.57,0.58,2.9,12.0,4.6,-4.9,32.99,34.96
1702,2024-01-13 03:30,模式1电平过低故障,2.1,2.6,268,214,92,107,3.8,0.73,0.82,0.53,0.57,2.5,12.0,4.1,-5.5,32.97,34.98
1703,2024-01-13 03:40,正常,2.5,2.3,249,283,97,128,4.1,0.79,0.84,0.53,0.55,1.6,12.1,5.0,-5.5,33.03,34.97
1704,2024-01-13 03:50,系统识别电压过低故障,2.5,2.2,214,217,73,122,4.7,0.78,0.88,0.55,0.57,1.7,11.7,5.1,-5.0,33.0,35.0
1705,2024-01-13 04:00,正常,2.2,2.8,266,223,88,130,5.0,0.78,0.85,0.58,0.55,2.0,12.0,4.6,-4.9,33.04,34.98
1706,2024-01-13 04:10,正常,2.4,2.7,217,249,98,113,4.6,0.76,0.85,0.57,0.57,1.7,12.1,4.7,-4.9,33.02,35.03
1707,2024-01-13 04:20,正常,2.6,2.1,226,270,82,128,4.0,0.79,0.87,0.54,0.56,1.9,11.9,4.7,-5.3,33.04,35.01
1708,2024-01-13 04:30,正常,2.3,2.4,272,215,99,121,5.3,0.7,0.85,0.56,0.55,2.9,12.0,5.3,-5.3,32.99,35.04
1709,2024-01-13 04:40,正常,2.7,2.2,261,264,82,117,4.7,0.72,0.85,0.56,0.52,2.4,12.0,5.3,-5.5,32.99,34.97
1710,2024-01-13 04:50,正常,2.6,2.6,221,216,81,125,4.5,0.77,0.86,0.55,0.54,2.0,11.9,5.3,-5.4,32.98,35.01
1711,2024-01-13 05:00,正常,2.4,2.3,265,256,87,119,5.4,0.76,0.83,0.54,0.54,1.6,11.9,5.4,-5.4,33.03,34.97
1712,2024-01-13 05:10,模式1电平过高故障,2.5,2.8,232,231,99,124,5.2,0.7,0.84,0.56,0.53,1.3,12.0,5.7,-5.0,32.96,35.01
1713,2024-01-13 05:20,正常,2.2,2.5,259,285,82,108,3.1,0.74,0.85,0.56,0.56,1.0,12.0,4.8,-5.3,33.04,34.95
1714,2024-01-13 05:30,正常,2.2,2.2,225,213,98,111,3.9,0.73,0.83,0.52,0.56,2.3,11.9,4.5,-5.2,32.95,34.95
1715,2024-01-13 05:40,正常,2.4,2.2,269,282,79,100,4.2,0.75,0.85,0.53,0.56,2.2,12.1,5.1,-5.3,32.97,34.97
1716,2024-01-13 05:50,正常,2.6,2.1,219,201,95,117,3.9,0.78,0.83,0.56,0.54,1.4,12.1,4.9,-4.6,33.04,35.02
1717,2024-01-13 06:00,正常,2.4,2.3,280,284,91,126,3.7,0.74,0.84,0.58,0.57,1.1,12.1,5.5,-4.9,33.01,35.03
1718,2024-01-13 06:10,正常,2.2,2.7,203,279,85,116,3.3,0.7,0.83,0.52,0.55,1.2,12.0,4.9,-4.7,33.02,35.0
1719,2024-01-13 06:20,正常,2.2,2.6,210,221,87,122,5.1,0.72,0.84,0.57,0.55,1.0,12.0,5.3,-4.9,32.99,34.99
1720,2024-01-13 06:30,正常,2.1,2.5,243,225,84,122,4.4,0.8,0.84,0.54,0.53,1.2,12.0,4.8,-5.0,33.0,35.0
1721,2024-01-13 06:40,正常,2.3,2.6,206,248,98,120,3.8,0.7,0.83,0.53,0.55,2.8,12.1,5.0,-4.7,32.98,35.05
1722,2024-01-13 06:50,正常,2.6,2.2,288,254,94,104,4.5,0.72,0.84,0.56,0.53,2.1,11.9,5.1,-5.4,33.04,35.04
1723,2024-01-13 07:00,正常,2.1,2.3,274,218,84,112,3.3,0.72,0.87,0.53,0.52,2.5,12.1,5.4,-4.8,32.99,34.98
1724,2024-01-13 07:10,模式2电平过高故障,2.5,2.4,206,216,92,128,3.3,0.76,0.83,0.56,0.57,2.1,11.9,5.2,-3.9,32.96,34.99
1725,2024-01-13 07:20,正常,2.1,2.1,209,217,74,129,5.4,0.79,0.86,0.52,0.53,1.3,12.0,4.6,-4.9,32.98,34.97
1726,2024-01-13 07:30,系统识别电压过低故障,2.6,2.4,256,284,87,129,3.0,0.72,0.83,0.54,0.54,1.0,11.7,5.1,-4.6,33.01,34.97
1727,2024-01-13 07:40,第一脉冲时间过长故障,2.2,2.9,276,236,75,103,4.8,0.71,0.9,0.54,0.54,2.5,12.0,5.4,-5.1,32.97,35.0
1728,2024-01-13 07:50,光电频率过低故障,2.4,2.1,239,255,89,118,3.4,0.73,0.82,0.56,0.54,0.6,11.9,5.3,-5.3,32.98,34.98
1729,2024-01-13 08:00,正常,2.7,2.4,212,219,98,128,4.4,0.78,0.87,0.57,0.54,2.7,12.0,5.5,-5.2,32.99,35.0
1730,2024-01-13 08:10,指令判断时间过长故障,2.7,2.8,288,248,78,107,3.8,0.82,0.86,0.55,0.55,3.0,12.0,5.2,-5.2,33.01,34.96
1731,2024-01-13 08:20,模式2电平过低故障,2.4,2.8,251,290,82,113,4.1,0.73,0.82,0.56,0.55,2.8,12.1,5.5,-5.7,33.03,35.0
1732,2024-01-13 08:30,第三脉冲时间过长故障,2.7,2.6,257,254,73,112,5.2,0.74,0.86,0.54,0.6,1.7,12.0,5.2,-5.2,33.01,35.02
1733,2024-01-13 08:40,正常,2.5,2.8,228,248,74,123,4.5,0.77,0.82,0.54,0.53,2.5,12.0,4.7,-4.5,33.0,34.95
1734,2024-01-13 08:50,正常,2.7,2.1,251,214,77,107,5.4,0.79,0.87,0.53,0.58,1.9,12.0,5.4,-5.2,32.98,34.96
1735,2024-01-13 09:00,模式1脉宽过短故障,2.0,2.4,285,285,88,117,5.1,0.79,0.87,0.54,0.54,1.1,12.1,5.3,-5.3,32.94,34.98
1736,2024-01-13 09:10,正常,2.9,2.6,270,204,94,117,3.3,0.72,0.84,0.54,0.56,2.1,11.9,4.7,-5.0,33.0,35.03
1737,2024-01-13 09:20,正常,2.7,2.4,219,236,78,100,5.1,0.72,0.84,0.58,0.55,2.4,12.0,5.2,-4.8,32.97,35.02
1738,2024-01-13 09:30,正常,2.1,2.5,223,260,80,119,3.5,0.71,0.87,0.56,0.56,1.4,12.0,5.2,-5.4,33.03,35.03
1739,2024-01-13 09:40,正常,2.8,2.0,231,284,90,120,4.7,0.73,0.85,0.56,0.56,2.6,12.1,5.4,-4.5,32.97,35.04
1740,2024-01-13 09:50,正常,2.7,2.2,246,268,80,100,4.3,0.76,0.88,0.55,0.58,2.2,12.0,4.5,-4.8,33.01,35.01
1741,2024-01-13 10:00,模式1电平过高故障,2.6,2.4,236,224,96,116,3.3,0.77,0.85,0.58,0.57,1.5,12.0,5.8,-5.5,33.03,35.03
1742,2024-01-13 10:10,正常,2.4,2.4,255,252,77,120,5.2,0.8,0.86,0.56,0.55,2.2,12.0,5.2,-5.1,32.96,34.99
1743,2024-01-13 10:20,模式2电平过高故障,2.1,2.1,264,209,75,111,4.1,0.71,0.84,0.52,0.55,1.2,12.0,4.7,-4.3,32.95,34.97
1744,2024-01-13 10:30,正常,2.4,2.8,235,221,81,122,4.4,0.77,0.86,0.54,0.56,2.6,12.0,5.3,-4.8,33.01,34.98
1745,2024-01-13 10:40,正常,2.6,2.8,233,229,91,115,5.4,0.72,0.83,0.55,0.54,2.4,11.9,4.5,-5.1,32.95,35.0
1746,2024-01-13 10:50,正常,2.5,2.3,262,288,78,103,4.9,0.72,0.87,0.53,0.55,1.5,12.0,5.0,-5.3,33.01,35.01
1747,2024-01-13 11:00,指令判断时间过短故障,2.7,2.8,274,238,72,109,5.0,0.64,0.87,0.54,0.52,1.5,12.0,5.0,-5.3,32.98,34.97
1748,2024-01-13 11:10,正常,2.5,2.5,239,242,91,104,4.8,0.7,0.85,0.53,0.57,1.5,12.0,5.2,-5.3,32.96,35.04
1749,2024-01-13 11:20,正常,2.2,2.3,214,265,73,122,4.5,0.77,0.86,0.52,0.58,2.4,12.1,4.5,-5.1,33.03,34.97
1750,2024-01-13 11:30,模式1电平过低故障,2.4,2.7,256,236,98,106,3.5,0.71,0.87,0.53,0.57,1.5,11.9,4.2,-5.2,32.97,35.02
1751,2024-01-13 11:40,正常,2.8,2.2,204,227,72,126,3.8,0.72,0.87,0.55,0.56,2.1,12.1,5.4,-4.5,33.0,34.97
1752,2024-01-13 11:50,正常,2.9,2.3,236,237,74,129,5.3,0.79,0.86,0.56,0.56,2.0,12.0,5.4,-4.5,33.0,35.01
1753,2024-01-13 12:00,-24V稳定电流超标故障,2.3,2.5,229,369,87,103,3.9,0.77,0.83,0.56,0.55,2.7,12.1,5.3,-5.4,33.01,35.04
1754,2024-01-13 12:10,正常,2.4,2.1,256,217,79,116,3.2,0.74,0.87,0.54,0.57,1.3,12.0,5.3,-4.9,33.0,35.02
1755,2024-01-13 12:20,正常,2.1,2.2,206,253,79,114,3.3,0.77,0.83,0.53,0.54,2.8,11.9,5.4,-4.9,32.98,34.97
1756,2024-01-13 12:30,正常,2.2,2.2,233,210,91,102,4.4,0.74,0.86,0.54,0.57,1.6,11.9,4.7,-4.9,32.99,35.0
1757,2024-01-13 12:40,第二脉冲时间过长故障,2.6,2.2,254,277,82,117,5.0,0.76,0.85,0.6,0.55,2.4,12.0,5.0,-4.6,33.02,35.03
1758,2024-01-13 12:50,正常,2.5,2.0,242,217,88,122,5.0,0.74,0.85,0.53,0.58,3.0,12.1,5.4,-4.9,32.99,34.96
1759,2024-01-13 13:00,正常,2.8,2.1,218,212,95,114,4.3,0.78,0.86,0.56,0.56,1.2,12.0,5.2,-5.0,32.96,35.04
1760,2024-01-13 13:10,电路断开时间超标故障,2.7,2.4,265,286,70,117,6.9,0.78,0.84,0.53,0.53,1.2,11.9,5.0,-4.5,33.0,35.01
1761,2024-01-13 13:20,指令判断时间过长故障,2.3,2.2,220,267,89,130,4.1,0.84,0.87,0.57,0.57,2.8,12.0,5.3,-5.4,33.04,35.02
1762,2024-01-13 13:30,正常,2.0,2.1,225,257,88,118,5.2,0.72,0.88,0.54,0.56,2.2,12.1,4.5,-5.3,32.99,34.97
1763,2024-01-13 13:40,系统识别电压过高故障,2.1,2.2,281,231,74,119,4.7,0.76,0.87,0.58,0.55,2.4,12.3,4.8,-5.4,33.02,34.99
1764,2024-01-13 13:50,正常,2.3,2.1,284,222,79,128,4.0,0.77,0.84,0.56,0.53,2.5,12.0,5.4,-4.8,33.04,34.98
1765,2024-01-13 14:00,正常,2.3,2.5,210,277,88,124,5.0,0.73,0.87,0.54,0.56,2.5,12.0,5.3,-5.0,33.03,35.03
1766,2024-01-13 14:10,正常,2.6,2.6,245,249,89,112,4.0,0.76,0.84,0.57,0.57,2.5,11.9,5.3,-5.4,32.98,34.99
1767,2024-01-13 14:20,正常,2.7,2.2,226,264,73,100,5.5,0.78,0.85,0.53,0.56,2.9,12.0,4.6,-5.0,33.04,35.05
1768,2024-01-13 14:30,模式1脉宽过长故障,2.3,2.2,256,258,79,108,3.2,0.78,0.83,0.58,0.56,1.2,12.0,5.3,-5.2,33.14,35.05
1769,2024-01-13 14:40,+24V最大电流超标故障,3.1,2.9,286,241,96,112,5.1,0.77,0.87,0.52,0.56,1.8,12.0,4.8,-4.7,32.95,35.0
1770,2024-01-13 14:50,模式2电平过低故障,2.5,2.5,255,277,83,116,3.0,0.73,0.84,0.54,0.57,1.3,12.0,5.0,-5.7,33.02,34.95
1771,2024-01-13 15:00,正常,2.2,2.4,282,216,86,126,5.4,0.76,0.87,0.56,0.58,2.2,12.0,4.5,-5.4,33.05,34.96
1772,2024-01-13 15:10,正常,2.9,2.8,279,282,70,130,3.4,0.74,0.82,0.53,0.56,2.7,12.0,5.3,-5.4,33.04,35.04
1773,2024-01-13 15:20,正常,2.4,2.7,204,278,83,100,4.9,0.77,0.84,0.58,0.56,1.8,12.0,5.0,-4.6,33.01,35.03
1774,2024-01-13 15:30,模式2电平过高故障,2.6,2.7,249,258,87,107,3.5,0.8,0.88,0.55,0.55,2.7,11.9,4.5,-4.2,32.97,35.03
1775,2024-01-13 15:40,正常,2.3,2.3,263,272,95,126,3.9,0.73,0.87,0.53,0.55,1.1,12.0,4.9,-5.0,32.99,34.98
1776,2024-01-13 15:50,电路断开频率过低故障,2.0,2.3,290,235,93,97,4.8,0.71,0.83,0.57,0.52,1.2,12.1,4.7,-4.7,33.0,35.02
1777,2024-01-13 16:00,正常,2.4,2.8,211,235,76,116,5.5,0.74,0.83,0.53,0.56,2.0,11.9,4.5,-4.7,33.05,35.03
1778,2024-01-13 16:10,电路断开时间超标故障,2.6,2.1,258,259,82,130,6.5,0.73,0.88,0.55,0.55,1.6,12.1,4.7,-4.7,33.04,34.99
1779,2024-01-13 16:20,正常,2.8,2.4,219,206,90,100,4.8,0.7,0.85,0.56,0.52,1.2,12.0,5.2,-5.0,33.0,35.01
1780,2024-01-13 16:30,正常,2.8,2.1,225,215,94,118,3.5,0.79,0.87,0.56,0.58,1.7,12.0,5.4,-5.5,32.95,34.96
1781,2024-01-13 16:40,正常,2.8,2.6,288,290,92,128,3.9,0.75,0.84,0.56,0.53,2.5,12.0,5.0,-4.8,33.04,34.97
1782,2024-01-13 16:50,正常,2.0,2.6,219,245,84,104,4.3,0.72,0.85,0.55,0.53,2.5,12.1,5.1,-5.1,33.01,35.01
1783,2024-01-13 17:00,正常,2.0,2.7,242,264,73,103,3.6,0.79,0.82,0.55,0.58,2.2,12.0,4.7,-4.8,33.04,35.05
1784,2024-01-13 17:10,正常,2.1,2.5,231,248,94,115,5.2,0.76,0.87,0.56,0.58,1.9,11.9,4.8,-4.9,33.01,34.98
1785,2024-01-13 17:20,正常,2.2,2.5,273,289,76,100,4.7,0.71,0.83,0.55,0.52,2.8,12.1,5.3,-4.8,32.99,35.03
1786,2024-01-13 17:30,指令判断时间过长故障,2.6,2.5,210,206,79,121,3.4,0.83,0.84,0.57,0.58,2.2,12.0,5.0,-4.6,32.97,34.97
1787,2024-01-13 17:40,正常,2.9,2.2,252,200,84,119,3.6,0.78,0.88,0.53,0.53,3.0,12.0,5.2,-5.1,32.99,34.97
1788,2024-01-13 17:50,模式1脉宽过短故障,2.5,2.9,280,259,80,123,4.8,0.73,0.84,0.53,0.54,2.0,11.9,4.8,-4.6,32.91,35.01
1789,2024-01-13 18:00,-24V最大电流超标故障,2.4,4.0,289,221,84,111,3.7,0.8,0.83,0.56,0.54,1.5,12.0,4.9,-4.8,33.03,35.04
1790,2024-01-13 18:10,正常,2.7,2.2,276,283,91,130,5.4,0.76,0.84,0.52,0.52,1.2,12.1,4.9,-5.2,32.96,35.0
1791,2024-01-13 18:20,正常,2.1,2.7,221,238,95,114,3.7,0.73,0.84,0.57,0.56,1.6,11.9,5.1,-4.6,33.05,35.03
1792,2024-01-13 18:30,模式2电平过低故障,2.3,2.1,241,224,79,121,4.1,0.78,0.86,0.53,0.53,3.0,12.1,4.9,-6.3,33.04,35.0
1793,2024-01-13 18:40,正常,2.1,2.0,277,263,88,124,4.9,0.74,0.86,0.55,0.56,2.8,12.0,5.4,-5.0,32.98,35.04
1794,2024-01-13 18:50,正常,2.4,2.5,250,250,86,113,3.9,0.71,0.83,0.55,0.55,1.1,11.9,5.4,-5.5,33.0,34.95
1795,2024-01-13 19:00,正常,2.3,2.0,238,273,82,121,4.2,0.75,0.86,0.55,0.53,2.9,12.0,5.1,-4.6,33.01,34.96
1796,2024-01-13 19:10,正常,2.2,2.7,290,289,77,115,4.9,0.73,0.84,0.57,0.58,1.9,11.9,4.5,-5.4,32.95,34.98
1797,2024-01-13 19:20,正常,2.8,2.5,212,226,99,100,4.8,0.72,0.83,0.54,0.55,2.7,12.0,4.8,-5.3,32.99,35.02
1798,2024-01-13 19:30,正常,2.9,2.6,253,224,93,105,3.3,0.8,0.85,0.56,0.55,2.2,12.1,5.4,-4.7,33.03,35.05
1799,2024-01-13 19:40,正常,2.6,2.4,278,278,77,130,3.5,0.74,0.82,0.56,0.58,1.4,12.0,4.9,-5.1,33.03,34.98
1800,2024-01-13 19:50,第一脉冲时间过短故障,2.4,2.3,200,222,88,115,3.7,0.71,0.8,0.52,0.56,2.6,11.9,4.6,-5.1,32.99,35.01
1801,2024-01-13 20:00,第一脉冲时间过长故障,2.8,2.9,248,245,75,117,3.3,0.79,0.91,0.56,0.53,2.6,12.0,5.2,-4.7,33.04,34.99
1802,2024-01-13 20:10,正常,2.2,2.0,240,258,91,130,4.3,0.75,0.86,0.57,0.56,2.7,12.1,5.4,-5.4,32.98,35.04
1803,2024-01-13 20:20,指令判断时间过短故障,2.4,2.7,235,276,76,123,3.3,0.65,0.82,0.52,0.57,2.5,12.1,4.6,-4.9,33.03,34.99
1804,2024-01-13 20:30,正常,2.8,2.4,253,200,79,115,4.6,0.79,0.88,0.57,0.55,2.4,11.9,5.1,-5.3,32.99,35.04
1805,2024-01-13 20:40,正常,2.0,2.1,234,283,94,105,5.4,0.74,0.85,0.53,0.56,2.9,12.1,5.3,-5.3,32.98,35.01
1806,2024-01-13 20:50,系统识别电压过低故障,2.9,2.9,232,257,87,101,5.1,0.73,0.83,0.58,0.53,2.0,11.8,4.8,-4.8,32.97,34.99
1807,2024-01-13 21:00,正常,2.3,2.5,260,240,83,113,4.9,0.75,0.82,0.53,0.52,2.0,12.0,4.6,-4.5,33.01,34.95
1808,2024-01-13 21:10,正常,2.3,2.8,253,265,88,103,5.2,0.77,0.85,0.53,0.54,2.8,12.1,4.6,-5.3,32.98,35.04
1809,2024-01-13 21:20,正常,2.1,2.5,286,247,99,116,3.2,0.71,0.83,0.53,0.57,1.3,12.0,5.4,-4.8,33.02,35.0
1810,2024-01-13 21:30,正常,2.6,2.5,244,203,95,116,3.6,0.74,0.87,0.54,0.54,2.0,12.0,4.7,-4.9,32.98,35.03
1811,2024-01-13 21:40,电路断开频率过低故障,2.9,2.4,202,229,80,87,3.2,0.77,0.87,0.54,0.52,2.6,12.1,5.1,-4.9,32.99,34.95
1812,2024-01-13 21:50,光电频率过低故障,2.3,2.6,281,251,88,116,5.0,0.73,0.85,0.56,0.57,0.9,12.1,5.4,-5.2,32.99,35.03
1813,2024-01-13 22:00,正常,2.4,2.5,231,270,87,105,5.3,0.8,0.82,0.54,0.52,1.5,12.0,5.1,-5.3,33.0,34.98
1814,2024-01-13 22:10,正常,2.3,2.3,277,217,73,111,3.5,0.76,0.84,0.57,0.53,2.9,12.0,5.2,-4.7,32.96,35.03
1815,2024-01-13 22:20,正常,2.8,2.7,267,272,72,125,3.0,0.79,0.86,0.57,0.54,1.1,12.0,4.9,-4.6,32.95,34.95
1816,2024-01-13 22:30,第二脉冲时间过长故障,2.0,2.6,237,226,79,126,3.1,0.77,0.84,0.61,0.53,2.6,12.0,4.8,-5.3,33.05,34.96
1817,2024-01-13 22:40,电路断开频率过高故障,2.8,2.5,205,259,99,138,4.1,0.7,0.86,0.57,0.58,2.2,12.0,5.1,-5.3,32.96,35.02
1818,2024-01-13 22:50,正常,2.2,2.7,244,269,83,122,3.3,0.71,0.87,0.54,0.56,2.4,11.9,4.6,-5.4,32.98,35.02
1819,2024-01-13 23:00,电路断开频率过高故障,2.0,2.2,200,261,92,140,5.3,0.74,0.86,0.53,0.55,2.8,12.0,5.0,-4.6,33.04,35.01
1820,2024-01-13 23:10,正常,2.3,2.1,200,267,93,101,4.4,0.78,0.85,0.54,0.56,1.3,12.1,4.5,-4.6,32.97,35.05
1821,2024-01-13 23:20,正常,2.6,2.8,219,262,73,117,4.2,0.74,0.84,0.57,0.58,1.1,12.0,5.2,-4.6,33.01,34.97
1822,2024-01-13 23:30,正常,2.3,2.4,277,253,95,110,5.0,0.75,0.82,0.56,0.52,2.8,12.0,5.5,-5.4,33.02,34.97
1823,2024-01-13 23:40,模式2脉宽过长故障,2.5,2.1,266,209,74,120,3.7,0.77,0.87,0.55,0.54,2.9,11.9,5.4,-4.7,33.01,35.07
1824,2024-01-13 23:50,模式2脉宽过短故障,2.3,2.1,263,237,86,113,3.6,0.74,0.84,0.54,0.58,1.7,12.0,4.8,-4.6,32.96,34.92
1825,2024-01-14 00:00,正常,2.0,2.6,266,230,94,129,5.3,0.72,0.87,0.58,0.57,1.8,12.0,5.4,-4.7,32.97,35.05
1826,2024-01-14 00:10,正常,2.2,2.9,207,248,79,119,4.0,0.77,0.85,0.57,0.57,2.1,12.1,4.6,-5.4,32.98,35.0
1827,2024-01-14 00:20,系统识别电压过低故障,2.0,2.7,244,267,74,119,3.6,0.78,0.86,0.53,0.58,1.0,11.6,4.7,-4.9,33.04,34.97
1828,2024-01-14 00:30,正常,2.9,2.2,277,249,98,114,4.4,0.79,0.87,0.53,0.57,1.2,12.0,4.9,-5.4,33.01,35.05
1829,2024-01-14 00:40,正常,2.5,2.2,233,215,79,117,4.0,0.72,0.87,0.58,0.53,2.5,12.0,4.5,-5.1,32.97,34.99
1830,2024-01-14 00:50,正常,2.5,2.8,251,238,87,125,3.6,0.77,0.85,0.53,0.56,2.9,11.9,5.0,-5.0,33.01,34.99
1831,2024-01-14 01:00,第一脉冲时间过短故障,2.5,2.1,218,234,94,100,4.6,0.79,0.79,0.55,0.53,2.3,11.9,4.9,-5.2,33.04,34.95
1832,2024-01-14 01:10,正常,2.3,2.2,268,253,98,112,3.9,0.7,0.84,0.53,0.53,1.6,12.0,5.0,-4.7,33.01,35.0
1833,2024-01-14 01:20,正常,2.6,2.0,237,266,99,103,5.0,0.72,0.84,0.56,0.52,1.9,11.9,4.8,-5.2,32.97,35.01
1834,2024-01-14 01:30,正常,2.3,2.6,238,240,83,122,5.3,0.77,0.83,0.56,0.53,2.7,12.0,4.9,-5.3,32.99,34.96
1835,2024-01-14 01:40,正常,2.8,2.2,214,244,89,106,3.7,0.76,0.83,0.55,0.53,1.4,12.0,4.8,-4.8,33.04,34.97
1836,2024-01-14 01:50,电路断开时间超标故障,2.2,2.8,259,276,83,129,5.8,0.76,0.84,0.58,0.56,1.1,12.0,5.0,-5.0,32.96,34.99
1837,2024-01-14 02:00,电路断开频率过低故障,2.7,2.1,268,268,90,92,5.4,0.71,0.86,0.55,0.56,1.9,11.9,5.4,-5.2,32.95,35.0
1838,2024-01-14 02:10,正常,2.1,2.4,246,251,76,117,3.6,0.77,0.86,0.53,0.54,1.0,11.9,5.5,-4.6,32.96,35.02
1839,2024-01-14 02:20,正常,2.0,2.6,262,248,71,123,4.2,0.79,0.88,0.52,0.52,1.2,12.1,5.5,-4.6,32.98,35.04
1840,2024-01-14 02:30,正常,2.8,2.7,261,215,80,118,4.3,0.73,0.87,0.53,0.56,2.5,12.0,4.7,-4.9,33.02,35.01
1841,2024-01-14 02:40,正常,2.2,2.0,235,219,89,128,4.0,0.8,0.82,0.52,0.56,2.3,11.9,4.7,-5.0,32.99,34.98
1842,2024-01-14 02:50,正常,2.6,2.6,237,256,78,103,5.2,0.8,0.83,0.57,0.54,2.9,12.0,4.8,-4.7,33.01,34.99
1843,2024-01-14 03:00,模式1脉宽过长故障,2.8,2.7,220,248,98,115,4.7,0.76,0.88,0.57,0.57,2.7,12.0,5.1,-4.8,33.13,34.98
1844,2024-01-14 03:10,模式1电平过低故障,2.2,2.6,209,271,80,124,5.1,0.78,0.83,0.58,0.53,2.0,12.0,4.1,-4.9,32.95,35.03
1845,2024-01-14 03:20,正常,2.3,2.4,241,215,81,128,5.2,0.7,0.86,0.55,0.57,1.7,12.0,5.3,-4.6,33.03,35.0
1846,2024-01-14 03:30,正常,2.2,2.0,220,281,93,117,4.2,0.73,0.86,0.53,0.55,2.9,11.9,5.4,-5.4,33.01,35.02
1847,2024-01-14 03:40,正常,2.3,2.4,240,229,78,102,4.8,0.8,0.87,0.53,0.55,1.5,12.0,4.9,-4.8,33.01,35.04
1848,2024-01-14 03:50,正常,2.2,2.5,284,221,73,128,4.0,0.71,0.83,0.56,0.56,2.4,12.1,5.5,-5.1,32.98,34.97
1849,2024-01-14 04:00,正常,2.2,2.1,265,245,98,108,4.9,0.79,0.85,0.55,0.56,1.0,12.1,5.5,-5.1,33.03,34.97
1850,2024-01-14 04:10,模式1脉宽过短故障,2.5,2.7,284,212,90,113,3.4,0.78,0.82,0.54,0.53,2.0,12.0,4.6,-4.9,32.9,35.05
1851,2024-01-14 04:20,正常,2.9,2.0,267,232,98,115,3.8,0.73,0.82,0.54,0.57,2.5,11.9,5.1,-5.0,32.99,34.97
1852,2024-01-14 04:30,正常,2.7,2.1,274,212,79,106,4.7,0.76,0.86,0.56,0.54,2.4,12.0,5.0,-5.0,33.0,35.03
1853,2024-01-14 04:40,正常,2.1,2.5,247,271,90,117,4.2,0.73,0.87,0.56,0.57,1.7,12.0,5.2,-5.3,33.03,35.04
1854,2024-01-14 04:50,正常,2.2,2.7,249,280,72,118,4.7,0.72,0.88,0.54,0.53,1.6,12.0,5.5,-4.5,33.02,35.02
1855,2024-01-14 05:00,模式2电平过高故障,2.1,2.4,273,248,92,129,5.3,0.78,0.86,0.54,0.53,2.0,12.1,4.8,-4.3,33.02,35.05
1856,2024-01-14 05:10,+9V稳定电流超标故障,2.6,2.4,227,201,136,130,4.7,0.7,0.86,0.53,0.53,1.9,12.1,4.5,-5.4,33.01,35.0
1857,2024-01-14 05:20,模式1电平过低故障,2.7,2.5,230,244,72,114,4.5,0.75,0.86,0.55,0.54,2.7,11.9,3.9,-5.2,33.02,35.03
1858,2024-01-14 05:30,第一脉冲时间过短故障,2.3,2.2,263,220,70,105,4.9,0.76,0.81,0.54,0.54,1.5,11.9,5.5,-4.7,32.99,35.03
1859,2024-01-14 05:40,正常,2.7,2.1,234,240,85,116,3.5,0.73,0.84,0.57,0.57,2.5,12.1,4.7,-4.8,33.01,34.96
1860,2024-01-14 05:50,正常,2.5,2.6,281,282,89,102,5.4,0.75,0.88,0.53,0.52,1.4,12.1,4.8,-4.8,33.04,34.98
1861,2024-01-14 06:00,正常,2.9,2.1,227,243,91,124,4.6,0.7,0.87,0.56,0.54,1.2,11.9,5.4,-5.3,33.01,34.97
1862,2024-01-14 06:10,-24V稳定电流超标故障,2.1,2.1,242,315,89,116,3.2,0.77,0.85,0.53,0.53,1.4,12.1,4.9,-5.0,32.97,34.95
1863,2024-01-14 06:20,正常,2.5,2.5,208,208,81,108,3.1,0.75,0.85,0.57,0.54,1.7,11.9,5.4,-5.0,33.04,35.04
1864,2024-01-14 06:30,正常,2.2,2.3,275,287,79,125,3.9,0.77,0.83,0.54,0.52,1.8,12.1,5.1,-4.6,32.98,34.97
1865,2024-01-14 06:40,正常,2.7,2.8,229,242,92,107,4.9,0.75,0.83,0.58,0.52,2.0,12.0,5.2,-4.8,33.02,34.96
1866,2024-01-14 06:50,正常,2.6,2.5,228,287,80,124,4.7,0.71,0.82,0.54,0.58,1.1,12.1,4.8,-4.8,33.04,34.96
1867,2024-01-14 07:00,+9V稳定电流超标故障,2.5,2.0,227,271,118,124,4.7,0.7,0.84,0.55,0.57,1.5,12.0,5.2,-4.8,33.0,34.98
1868,2024-01-14 07:10,指令判断时间过长故障,2.4,2.3,202,272,89,127,3.6,0.87,0.87,0.55,0.58,2.0,11.9,5.0,-4.9,33.0,34.99
1869,2024-01-14 07:20,正常,2.1,2.8,219,224,98,107,3.5,0.8,0.85,0.55,0.55,3.0,11.9,5.4,-4.9,32.98,35.02
1870,2024-01-14 07:30,系统识别电压过高故障,2.2,2.4,241,200,99,104,4.9,0.71,0.86,0.55,0.53,1.5,12.3,4.5,-5.0,32.97,34.97
1871,2024-01-14 07:40,正常,2.4,2.5,285,258,96,122,3.0,0.78,0.85,0.58,0.55,1.2,11.9,4.8,-4.5,32.95,35.01
1872,2024-01-14 07:50,正常,2.7,2.7,282,243,74,108,4.1,0.71,0.86,0.56,0.57,1.6,12.0,5.2,-5.3,32.98,34.95
1873,2024-01-14 08:00,正常,2.6,2.2,214,256,99,102,3.8,0.73,0.83,0.57,0.55,2.2,12.1,4.8,-5.4,33.04,34.96
1874,2024-01-14 08:10,正常,2.7,2.1,209,282,78,128,4.5,0.78,0.84,0.57,0.55,1.5,11.9,4.8,-4.7,33.0,35.05
1875,2024-01-14 08:20,正常,2.2,2.5,289,273,95,110,5.4,0.72,0.87,0.52,0.55,2.5,12.0,4.7,-4.8,33.03,35.02
1876,2024-01-14 08:30,正常,2.4,2.8,254,235,98,127,4.7,0.77,0.88,0.57,0.56,2.5,12.0,4.8,-5.3,32.95,35.03
1877,2024-01-14 08:40,正常,2.5,2.0,230,250,89,106,3.3,0.75,0.88,0.57,0.54,1.5,12.1,4.9,-4.9,32.98,34.97
1878,2024-01-14 08:50,正常,2.9,2.8,280,222,75,101,5.4,0.77,0.87,0.53,0.55,1.1,11.9,4.8,-5.0,32.96,35.0
1879,2024-01-14 09:00,正常,2.4,2.7,278,223,90,116,5.3,0.75,0.86,0.54,0.55,2.9,12.0,5.3,-5.0,33.01,34.96
1880,2024-01-14 09:10,正常,2.7,2.8,230,290,97,126,3.1,0.75,0.87,0.58,0.58,2.2,12.0,5.5,-5.4,33.03,35.04
1881,2024-01-14 09:20,正常,2.8,2.3,206,272,78,111,4.7,0.72,0.85,0.54,0.55,1.9,12.1,4.8,-4.5,33.01,35.01
1882,2024-01-14 09:30,+9V稳定电流超标故障,2.0,2.5,289,210,129,119,5.1,0.8,0.83,0.55,0.57,2.9,12.1,5.5,-4.9,33.03,34.98
1883,2024-01-14 09:40,正常,2.8,2.6,208,263,88,121,3.1,0.73,0.88,0.56,0.58,1.9,12.0,5.5,-5.4,32.98,35.03
1884,2024-01-14 09:50,正常,2.6,2.2,239,262,91,105,3.5,0.7,0.85,0.55,0.55,2.8,11.9,5.0,-4.9,33.04,34.96
1885,2024-01-14 10:00,正常,2.5,2.3,213,210,70,118,3.1,0.79,0.86,0.55,0.58,1.5,11.9,5.4,-5.0,33.0,35.0
1886,2024-01-14 10:10,第一脉冲时间过短故障,2.2,2.3,289,234,77,118,3.0,0.7,0.79,0.58,0.53,2.5,12.0,4.6,-5.1,33.01,34.97
1887,2024-01-14 10:20,正常,2.8,2.1,266,243,75,125,4.1,0.73,0.85,0.54,0.57,2.8,12.0,4.6,-4.6,32.97,35.01
1888,2024-01-14 10:30,-24V稳定电流超标故障,2.8,2.2,224,399,81,100,3.5,0.73,0.87,0.57,0.54,2.6,12.0,4.9,-5.1,32.97,35.03
1889,2024-01-14 10:40,正常,2.2,2.7,259,288,82,101,3.8,0.78,0.85,0.56,0.57,2.9,12.0,5.3,-4.8,33.01,34.98
1890,2024-01-14 10:50,模式2电平过低故障,2.4,2.6,289,251,83,130,3.9,0.7,0.84,0.54,0.57,1.1,12.0,5.2,-5.7,33.02,34.98
1891,2024-01-14 11:00,第三脉冲时间过长故障,2.1,2.6,206,212,98,119,3.8,0.76,0.87,0.56,0.61,1.5,11.9,5.2,-5.4,33.0,34.96
1892,2024-01-14 11:10,正常,2.8,2.6,272,281,70,110,3.0,0.79,0.83,0.54,0.53,2.8,12.1,5.4,-5.0,33.05,35.03
1893,2024-01-14 11:20,-24V稳定电流超标故障,2.6,2.5,220,367,85,119,5.2,0.76,0.85,0.58,0.56,2.7,11.9,4.8,-5.0,33.03,34.96
1894,2024-01-14 11:30,电路断开时间超标故障,2.7,2.7,204,281,83,118,5.8,0.75,0.86,0.55,0.56,2.9,12.1,5.2,-4.7,33.03,34.95
1895,2024-01-14 11:40,正常,2.2,2.2,234,246,80,114,4.2,0.8,0.82,0.56,0.53,1.5,12.0,4.5,-4.7,32.98,35.04
1896,2024-01-14 11:50,正常,2.2,2.2,214,277,92,103,4.1,0.71,0.88,0.52,0.58,2.0,12.1,4.6,-4.8,33.02,35.01
1897,2024-01-14 12:00,正常,2.6,2.2,267,285,90,112,3.3,0.75,0.82,0.56,0.55,1.9,12.0,5.3,-4.6,32.95,35.02
1898,2024-01-14 12:10,第一脉冲时间过短故障,2.4,2.3,253,287,99,116,3.7,0.74,0.8,0.57,0.54,2.5,12.1,5.1,-5.1,32.99,35.02
1899,2024-01-14 12:20,正常,2.8,2.3,256,288,98,130,4.7,0.78,0.82,0.56,0.52,1.2,12.0,5.4,-5.3,33.0,34.97
1900,2024-01-14 12:30,正常,2.5,2.3,252,251,73,130,3.0,0.78,0.88,0.58,0.57,3.0,12.1,5.1,-4.9,33.01,35.0
1901,2024-01-14 12:40,指令判断时间过长故障,2.7,2.2,239,252,89,121,4.0,0.87,0.84,0.54,0.54,1.7,12.0,4.9,-4.6,33.02,35.0
1902,2024-01-14 12:50,正常,2.7,2.2,282,235,92,115,4.6,0.71,0.84,0.52,0.54,1.8,12.1,4.8,-4.7,33.02,34.97
1903,2024-01-14 13:00,正常,2.4,2.5,220,267,77,120,3.2,0.74,0.85,0.58,0.57,2.8,12.0,5.5,-5.0,32.98,34.99
1904,2024-01-14 13:10,正常,2.1,2.2,243,261,99,125,4.4,0.74,0.83,0.54,0.53,2.9,12.0,4.7,-5.4,33.03,34.95
1905,2024-01-14 13:20,+24V最大电流超标故障,3.4,2.0,266,226,97,100,5.1,0.76,0.87,0.54,0.57,1.8,12.1,4.7,-4.7,33.0,34.98
1906,2024-01-14 13:30,正常,2.1,2.2,228,257,84,111,3.8,0.77,0.86,0.56,0.54,1.1,11.9,4.6,-5.0,32.96,34.96
1907,2024-01-14 13:40,+24V最大电流超标故障,3.9,2.6,264,253,77,123,4.8,0.76,0.86,0.56,0.53,2.6,11.9,4.8,-4.5,32.95,35.0
1908,2024-01-14 13:50,系统识别电压过高故障,2.8,2.4,276,253,93,118,3.3,0.78,0.87,0.54,0.56,2.6,12.4,5.0,-5.2,33.01,35.02
1909,2024-01-14 14:00,模式1脉宽过短故障,2.5,2.6,210,224,99,123,3.9,0.73,0.82,0.55,0.57,2.5,12.0,4.6,-4.8,32.9,35.03
1910,2024-01-14 14:10,正常,2.2,2.3,208,243,81,102,5.2,0.74,0.88,0.56,0.55,2.0,11.9,5.1,-5.0,32.99,35.05
1911,2024-01-14 14:20,正常,2.8,2.5,289,274,87,102,4.8,0.71,0.88,0.57,0.57,2.9,12.0,4.9,-4.8,33.01,35.0
1912,2024-01-14 14:30,正常,2.2,2.5,215,252,73,118,5.2,0.71,0.84,0.58,0.55,2.5,12.1,4.6,-5.1,32.95,34.98
1913,2024-01-14 14:40,模式2脉宽过长故障,2.7,2.7,218,203,81,113,3.8,0.72,0.86,0.56,0.54,1.2,12.0,5.3,-4.6,32.96,35.14
1914,2024-01-14 14:50,+9V稳定电流超标故障,2.6,2.5,251,286,126,101,4.5,0.74,0.83,0.54,0.57,2.1,12.0,5.1,-5.3,32.96,34.99
1915,2024-01-14 15:00,第二脉冲时间过短故障,2.7,2.2,233,270,79,109,4.2,0.73,0.86,0.5,0.56,3.0,12.0,4.6,-5.2,32.97,35.0
1916,2024-01-14 15:10,模式1脉宽过长故障,2.6,2.8,245,279,93,104,4.8,0.78,0.87,0.56,0.58,1.8,11.9,4.7,-4.9,33.14,35.02
1917,2024-01-14 15:20,正常,2.0,2.3,259,264,88,128,4.1,0.75,0.83,0.57,0.55,1.2,12.1,5.4,-4.5,33.01,34.99
1918,2024-01-14 15:30,正常,2.4,2.2,258,234,70,127,3.1,0.71,0.84,0.53,0.54,1.9,11.9,5.3,-5.3,32.96,35.02
1919,2024-01-14 15:40,正常,2.4,2.4,281,200,82,120,4.0,0.76,0.87,0.56,0.54,2.1,11.9,5.3,-5.4,33.0,35.0
1920,2024-01-14 15:50,+24V最大电流超标故障,3.9,2.3,249,205,82,106,3.3,0.73,0.87,0.55,0.53,2.8,12.1,5.3,-5.0,32.99,35.02
1921,2024-01-14 16:00,正常,2.0,2.6,204,288,98,106,4.5,0.72,0.83,0.56,0.56,2.7,12.0,4.8,-5.1,32.99,35.05
1922,2024-01-14 16:10,正常,2.6,2.8,290,276,79,115,4.0,0.78,0.86,0.55,0.55,2.6,12.1,5.4,-5.1,33.04,35.01
1923,2024-01-14 16:20,模式2电平过高故障,2.8,2.5,261,268,77,111,3.0,0.73,0.86,0.55,0.57,1.6,11.9,4.8,-4.3,33.02,35.02
1924,2024-01-14 16:30,系统识别电压过高故障,2.2,2.9,274,281,73,101,5.3,0.79,0.84,0.55,0.52,1.2,12.4,5.5,-5.3,33.02,35.03
1925,2024-01-14 16:40,正常,2.6,2.5,272,281,72,112,5.0,0.77,0.84,0.55,0.56,2.6,12.0,5.0,-5.4,32.99,35.0
1926,2024-01-14 16:50,正常,2.9,2.6,271,215,86,125,3.1,0.72,0.88,0.56,0.55,2.4,12.1,4.5,-4.8,33.01,34.98
1927,2024-01-14 17:00,正常,2.6,2.4,200,204,92,124,5.4,0.75,0.88,0.56,0.55,1.7,12.1,4.9,-4.7,33.03,35.03
1928,2024-01-14 17:10,正常,2.6,2.7,202,202,92,125,4.7,0.72,0.87,0.57,0.56,2.4,12.0,4.7,-4.9,33.0,35.01
1929,2024-01-14 17:20,正常,2.4,2.5,217,253,90,103,3.5,0.78,0.83,0.53,0.54,2.3,12.1,4.9,-5.0,32.98,35.02
1930,2024-01-14 17:30,正常,2.9,2.1,226,240,97,122,4.6,0.79,0.87,0.53,0.54,2.8,12.0,4.7,-5.5,33.0,34.97
1931,2024-01-14 17:40,电路断开频率过低故障,2.2,2.8,252,257,78,90,4.6,0.78,0.87,0.58,0.54,1.6,12.0,5.4,-5.1,32.99,34.97
1932,2024-01-14 17:50,正常,2.8,2.7,213,205,92,120,4.2,0.79,0.87,0.53,0.57,1.5,12.0,5.4,-4.5,32.95,35.03
1933,2024-01-14 18:00,第三脉冲时间过短故障,2.3,2.1,227,214,80,117,5.4,0.76,0.87,0.58,0.51,1.5,12.1,4.8,-5.4,33.01,35.01
1934,2024-01-14 18:10,正常,2.8,2.9,254,290,91,120,5.4,0.74,0.84,0.55,0.55,2.9,12.0,4.6,-5.1,33.04,34.98
1935,2024-01-14 18:20,-24V最大电流超标故障,2.1,3.4,266,203,83,121,4.2,0.74,0.85,0.52,0.57,1.7,12.0,5.2,-4.9,33.0,35.03
1936,2024-01-14 18:30,光电频率过高故障,2.2,2.4,252,286,90,130,5.1,0.78,0.85,0.57,0.55,3.8,12.0,4.6,-5.0,32.97,35.04
1937,2024-01-14 18:40,正常,2.6,2.6,265,249,96,112,5.4,0.7,0.83,0.56,0.57,2.9,12.1,4.8,-5.4,33.04,35.01
1938,2024-01-14 18:50,指令判断时间过短故障,2.0,2.4,258,234,77,124,4.2,0.66,0.86,0.56,0.55,2.3,12.0,4.7,-4.6,33.01,34.98
1939,2024-01-14 19:00,正常,2.4,2.8,263,238,91,120,3.4,0.76,0.83,0.55,0.52,1.4,11.9,5.5,-4.7,32.97,35.02
1940,2024-01-14 19:10,模式1电平过低故障,2.2,2.2,259,245,74,117,3.1,0.78,0.87,0.56,0.57,1.2,12.0,4.4,-4.5,33.02,34.97
1941,2024-01-14 19:20,指令判断时间过短故障,2.0,2.4,240,210,80,105,3.4,0.63,0.83,0.54,0.56,1.3,12.0,4.6,-5.1,32.97,34.97
1942,2024-01-14 19:30,正常,2.4,2.9,242,264,73,106,3.8,0.78,0.87,0.56,0.55,2.4,12.0,4.9,-5.5,33.05,35.01
1943,2024-01-14 19:40,正常,2.5,2.0,245,221,73,112,4.4,0.76,0.86,0.56,0.57,2.6,12.0,5.3,-5.1,32.95,35.01
1944,2024-01-14 19:50,正常,2.3,2.6,222,233,78,101,5.0,0.79,0.82,0.53,0.54,2.9,12.0,5.2,-5.5,32.98,35.03
1945,2024-01-14 20:00,正常,2.7,2.8,272,221,94,121,4.2,0.73,0.85,0.54,0.57,2.4,12.0,4.7,-4.7,33.05,34.98
1946,2024-01-14 20:10,正常,2.3,2.8,264,281,77,129,4.6,0.79,0.82,0.55,0.53,2.1,12.1,4.9,-4.5,32.99,35.03
1947,2024-01-14 20:20,正常,2.8,2.7,200,282,72,121,3.4,0.7,0.84,0.56,0.52,1.6,12.0,5.4,-5.2,32.96,35.0
1948,2024-01-14 20:30,-24V稳定电流超标故障,2.3,2.6,241,388,81,117,3.2,0.71,0.87,0.58,0.54,2.9,12.0,5.1,-4.7,33.02,35.03
1949,2024-01-14 20:40,第三脉冲时间过长故障,2.9,2.5,202,202,77,105,5.0,0.73,0.84,0.57,0.62,2.4,11.9,5.2,-5.3,33.0,34.96
1950,2024-01-14 20:50,正常,2.2,2.8,276,273,71,130,4.7,0.75,0.83,0.53,0.55,1.0,12.0,4.8,-5.5,33.03,34.96
1951,2024-01-14 21:00,+9V稳定电流超标故障,2.2,2.5,228,207,113,130,5.4,0.75,0.85,0.55,0.53,2.2,12.1,4.7,-5.2,33.01,34.99
1952,2024-01-14 21:10,正常,2.3,2.2,266,204,72,107,4.6,0.76,0.83,0.54,0.56,1.8,12.0,4.5,-4.5,33.02,34.97
1953,2024-01-14 21:20,正常,2.2,2.1,290,208,76,111,5.1,0.75,0.87,0.53,0.54,2.1,12.0,5.4,-4.9,33.04,34.98
1954,2024-01-14 21:30,正常,2.6,2.2,209,241,76,110,4.7,0.73,0.85,0.53,0.55,1.9,12.0,4.8,-5.3,32.96,35.01
1955,2024-01-14 21:40,指令判断时间过短故障,2.9,2.5,229,219,99,107,3.6,0.62,0.86,0.54,0.56,1.1,12.1,5.3,-5.5,33.04,35.0
1956,2024-01-14 21:50,光电频率过低故障,2.2,2.1,233,224,76,109,4.9,0.76,0.85,0.54,0.58,0.5,12.0,5.0,-5.2,33.04,34.99
1957,2024-01-14 22:00,正常,2.5,2.4,266,283,70,107,4.8,0.77,0.82,0.52,0.55,1.9,11.9,4.5,-5.4,32.99,34.98
1958,2024-01-14 22:10,正常,2.6,2.7,218,248,97,129,5.1,0.73,0.88,0.58,0.58,2.2,12.1,5.0,-4.6,32.97,34.99
1959,2024-01-14 22:20,+24V最大电流超标故障,3.2,2.4,283,214,80,101,5.4,0.79,0.86,0.53,0.57,2.3,11.9,5.2,-4.6,32.95,34.99
1960,2024-01-14 22:30,正常,2.8,2.2,210,235,95,110,4.2,0.79,0.82,0.55,0.53,1.1,12.0,4.5,-5.0,33.03,35.04
1961,2024-01-14 22:40,正常,2.6,2.5,245,205,76,123,4.5,0.74,0.83,0.54,0.52,1.7,12.0,5.3,-4.8,33.01,35.0
1962,2024-01-14 22:50,-24V最大电流超标故障,2.1,4.0,275,250,71,103,3.0,0.74,0.83,0.54,0.57,1.9,12.0,5.4,-5.3,33.02,35.02
1963,2024-01-14 23:00,+24V最大电流超标故障,3.6,2.1,279,288,95,110,4.4,0.76,0.83,0.52,0.54,1.2,12.1,4.6,-5.4,33.0,34.96
1964,2024-01-14 23:10,正常,2.3,2.4,289,273,81,107,3.8,0.74,0.87,0.57,0.58,2.0,11.9,4.6,-5.2,33.04,34.95
1965,2024-01-14 23:20,正常,2.3,2.9,221,254,92,117,4.2,0.72,0.87,0.52,0.55,2.6,12.0,5.1,-5.1,33.01,34.97
1966,2024-01-14 23:30,正常,2.1,2.4,281,234,77,119,5.5,0.72,0.88,0.53,0.56,1.2,11.9,5.2,-5.5,33.03,35.04
1967,2024-01-14 23:40,正常,2.8,2.1,211,254,79,119,3.2,0.78,0.84,0.54,0.56,2.7,11.9,5.3,-5.4,33.04,34.96
1968,2024-01-14 23:50,正常,2.5,2.5,221,223,82,110,5.4,0.75,0.83,0.54,0.52,1.5,11.9,5.4,-5.4,32.97,35.05
1969,2024-01-15 00:00,正常,2.2,2.1,226,290,93,122,3.2,0.72,0.84,0.56,0.57,2.2,12.0,5.3,-4.9,32.96,34.98
1970,2024-01-15 00:10,指令判断时间过长故障,2.1,2.7,200,253,89,121,4.8,0.82,0.82,0.55,0.54,1.9,11.9,4.7,-5.3,33.02,35.02
1971,2024-01-15 00:20,+24V稳定电流超标故障,2.2,2.2,314,281,73,111,3.4,0.76,0.86,0.56,0.53,1.7,12.0,4.7,-4.9,33.03,34.96
1972,2024-01-15 00:30,模式1电平过高故障,2.4,2.5,213,228,88,130,3.9,0.72,0.87,0.55,0.57,1.0,11.9,6.2,-5.0,33.04,35.04
1973,2024-01-15 00:40,正常,2.4,2.6,256,257,80,129,3.6,0.79,0.88,0.56,0.55,1.1,12.0,5.5,-5.1,33.03,34.98
1974,2024-01-15 00:50,正常,2.2,2.9,259,212,94,112,5.1,0.73,0.83,0.56,0.56,1.9,12.1,5.2,-5.1,33.01,35.05
1975,2024-01-15 01:00,正常,2.5,2.4,284,289,98,101,4.4,0.74,0.85,0.54,0.52,2.0,12.1,4.7,-5.0,33.01,34.99
1976,2024-01-15 01:10,正常,2.5,2.5,262,207,79,102,3.9,0.71,0.85,0.53,0.55,1.0,12.1,5.4,-5.2,32.96,34.95
1977,2024-01-15 01:20,模式2脉宽过短故障,2.4,2.7,220,281,71,100,4.0,0.75,0.85,0.56,0.58,1.8,12.1,4.5,-5.3,33.03,34.86
1978,2024-01-15 01:30,正常,2.9,2.3,209,225,71,107,5.4,0.79,0.82,0.56,0.56,2.0,12.0,5.4,-4.8,33.01,34.98
1979,2024-01-15 01:40,正常,2.2,2.9,233,280,77,114,4.4,0.7,0.86,0.57,0.54,2.8,12.0,5.1,-5.2,33.03,34.99
1980,2024-01-15 01:50,正常,2.6,2.3,256,213,94,110,5.2,0.76,0.87,0.53,0.58,1.0,12.0,5.1,-4.5,33.01,35.04
1981,2024-01-15 02:00,正常,2.3,2.9,222,276,98,101,3.7,0.71,0.82,0.55,0.57,2.8,11.9,5.2,-5.3,33.02,35.0
1982,2024-01-15 02:10,模式2电平过高故障,2.7,2.2,246,289,89,113,3.9,0.75,0.83,0.55,0.57,2.9,12.0,4.8,-3.9,32.95,35.04
1983,2024-01-15 02:20,正常,2.5,2.1,277,201,88,123,5.5,0.75,0.82,0.54,0.56,1.6,12.1,5.3,-5.1,32.99,34.99
1984,2024-01-15 02:30,正常,2.9,2.4,234,288,77,119,3.7,0.73,0.85,0.53,0.56,1.6,12.0,5.0,-5.0,33.04,35.04
1985,2024-01-15 02:40,电路断开频率过低故障,2.0,2.1,223,255,75,80,4.5,0.73,0.87,0.57,0.58,1.9,11.9,5.2,-4.6,33.01,35.04
1986,2024-01-15 02:50,指令判断时间过短故障,2.5,2.9,243,270,92,117,3.6,0.6,0.87,0.56,0.57,2.7,11.9,5.2,-4.8,33.0,35.04
1987,2024-01-15 03:00,第一脉冲时间过长故障,2.8,2.2,265,279,93,104,3.3,0.77,0.9,0.52,0.57,3.0,12.0,5.1,-4.6,33.03,35.01
1988,2024-01-15 03:10,第三脉冲时间过长故障,2.3,2.0,200,224,94,121,4.5,0.78,0.85,0.53,0.59,2.7,12.0,4.9,-4.9,33.03,34.97
1989,2024-01-15 03:20,正常,2.8,2.3,211,246,89,125,4.3,0.77,0.84,0.56,0.54,2.5,11.9,5.4,-4.6,32.99,35.03
1990,2024-01-15 03:30,正常,2.2,2.1,289,258,92,118,3.8,0.79,0.86,0.56,0.54,1.6,12.1,5.1,-5.5,32.99,34.98
1991,2024-01-15 03:40,正常,2.0,2.8,231,210,99,111,5.2,0.74,0.88,0.52,0.56,1.4,12.1,4.8,-5.5,33.04,35.0
1992,2024-01-15 03:50,正常,2.8,2.7,252,240,95,111,4.9,0.71,0.85,0.53,0.52,1.7,12.0,4.9,-5.2,33.04,34.97
1993,2024-01-15 04:00,-24V稳定电流超标故障,2.2,2.2,276,339,97,110,3.6,0.76,0.86,0.53,0.58,1.1,11.9,5.4,-5.1,33.03,35.04
1994,2024-01-15 04:10,电路断开频率过高故障,2.5,2.1,272,260,87,135,4.5,0.72,0.82,0.58,0.54,2.4,11.9,4.8,-5.0,33.05,35.02
1995,2024-01-15 04:20,第三脉冲时间过短故障,2.8,2.4,245,271,90,120,5.3,0.72,0.86,0.57,0.5,1.3,12.0,4.6,-5.3,33.01,34.96
1996,2024-01-15 04:30,第二脉冲时间过长故障,2.1,2.3,290,269,83,130,5.3,0.74,0.86,0.62,0.55,2.3,11.9,4.9,-5.2,32.96,34.98
1997,2024-01-15 04:40,+24V稳定电流超标故障,2.8,2.9,317,203,82,111,3.8,0.8,0.85,0.58,0.54,2.5,12.0,4.7,-4.8,32.96,34.96
1998,2024-01-15 04:50,第三脉冲时间过短故障,2.7,2.9,210,209,83,123,5.3,0.75,0.88,0.56,0.51,2.3,12.0,4.5,-4.7,33.04,34.99
1999,2024-01-15 05:00,第三脉冲时间过短故障,2.3,2.5,239,211,74,104,5.3,0.72,0.87,0.58,0.5,1.1,12.0,4.8,-4.6,32.96,35.04
2000,2024-01-15 05:10,正常,2.7,2.2,273,200,82,126,4.3,0.73,0.83,0.57,0.56,2.5,12.0,4.6,-4.9,33.03,35.04
2001,2024-01-15 05:20,模式2脉宽过长故障,2.1,2.5,290,230,86,119,4.6,0.76,0.83,0.54,0.56,1.3,11.9,4.9,-5.1,32.97,35.13
2002,2024-01-15 05:30,正常,2.8,2.8,211,260,93,130,3.3,0.78,0.88,0.58,0.56,2.0,12.1,4.7,-5.3,33.02,35.0
2003,2024-01-15 05:40,第一脉冲时间过长故障,2.6,2.1,239,200,82,128,3.4,0.75,0.91,0.56,0.55,1.9,12.0,4.6,-5.2,33.02,35.02
2004,2024-01-15 05:50,正常,2.5,2.4,222,218,93,119,3.1,0.7,0.86,0.53,0.56,1.6,11.9,5.1,-5.3,32.96,35.02
2005,2024-01-15 06:00,正常,2.5,2.3,241,248,95,127,4.3,0.76,0.85,0.53,0.56,1.7,12.0,4.8,-5.1,33.03,35.01
2006,2024-01-15 06:10,正常,2.3,2.7,260,276,94,123,3.0,0.76,0.86,0.55,0.55,1.5,12.1,4.9,-5.0,32.95,34.98
2007,2024-01-15 06:20,电路断开频率过低故障,2.1,2.6,286,241,75,82,3.0,0.8,0.82,0.53,0.53,1.4,11.9,5.2,-5.2,33.03,34.95
2008,2024-01-15 06:30,模式1脉宽过长故障,2.1,2.7,257,215,96,113,4.7,0.76,0.83,0.55,0.55,1.9,12.0,5.3,-5.4,33.12,35.0
2009,2024-01-15 06:40,系统识别电压过高故障,2.4,2.7,236,287,83,111,4.5,0.72,0.86,0.54,0.54,1.8,12.3,4.8,-5.3,32.97,35.0
2010,2024-01-15 06:50,正常,2.2,2.8,261,219,86,102,3.9,0.74,0.88,0.53,0.52,1.9,12.1,5.0,-4.7,33.02,35.03
2011,2024-01-15 07:00,正常,2.2,2.6,207,287,93,115,5.2,0.77,0.86,0.55,0.54,2.9,11.9,4.6,-4.6,32.98,35.03
2012,2024-01-15 07:10,模式1电平过高故障,2.0,2.7,250,207,76,110,4.0,0.74,0.86,0.54,0.54,2.7,12.0,5.7,-4.7,32.96,35.03
2013,2024-01-15 07:20,正常,2.2,2.9,269,204,83,125,3.9,0.75,0.83,0.57,0.54,2.1,12.1,4.6,-4.5,33.02,35.05
2014,2024-01-15 07:30,正常,2.6,2.2,262,269,78,122,3.9,0.75,0.85,0.55,0.56,2.8,12.0,5.3,-5.1,33.0,35.01
2015,2024-01-15 07:40,光电频率过高故障,2.5,2.5,249,241,75,129,4.4,0.77,0.85,0.57,0.56,3.2,12.1,5.4,-5.2,32.98,35.03
2016,2024-01-15 07:50,系统识别电压过高故障,2.7,2.8,216,259,77,123,3.0,0.78,0.82,0.57,0.53,2.5,12.3,5.0,-4.8,33.01,35.04
2017,2024-01-15 08:00,模式2脉宽过长故障,2.4,2.2,282,202,95,125,3.8,0.75,0.83,0.57,0.54,1.7,12.0,4.9,-4.6,33.01,35.09
2018,2024-01-15 08:10,正常,2.7,2.1,276,209,87,129,4.6,0.71,0.88,0.56,0.53,3.0,11.9,4.6,-5.4,32.98,35.05
2019,2024-01-15 08:20,正常,2.2,2.2,253,280,86,119,4.5,0.71,0.87,0.58,0.58,1.7,12.1,4.6,-5.3,33.0,35.01
2020,2024-01-15 08:30,正常,2.8,2.8,258,233,94,109,3.0,0.73,0.83,0.53,0.56,2.0,12.1,4.6,-5.1,33.05,34.99
2021,2024-01-15 08:40,第三脉冲时间过长故障,2.2,2.1,209,252,97,122,5.2,0.7,0.86,0.52,0.61,2.7,12.0,5.2,-5.1,32.99,35.01
2022,2024-01-15 08:50,正常,2.6,2.5,217,283,76,119,4.6,0.78,0.86,0.57,0.54,1.5,12.0,4.9,-5.1,33.02,35.01
2023,2024-01-15 09:00,正常,2.2,2.3,290,229,73,113,4.1,0.73,0.85,0.57,0.58,2.4,12.0,5.1,-4.6,33.05,35.01
2024,2024-01-15 09:10,第三脉冲时间过长故障,2.0,2.3,213,222,78,114,4.8,0.79,0.88,0.57,0.61,1.5,12.1,5.5,-4.9,32.97,34.96
2025,2024-01-15 09:20,光电频率过低故障,2.0,2.4,224,289,84,127,4.8,0.75,0.86,0.57,0.57,0.2,12.0,5.4,-5.4,33.03,34.99
2026,2024-01-15 09:30,正常,2.8,2.3,212,247,99,111,4.9,0.75,0.85,0.57,0.54,2.3,11.9,5.1,-5.0,32.98,35.01
2027,2024-01-15 09:40,正常,2.6,2.9,220,220,73,129,5.2,0.73,0.88,0.54,0.56,1.8,11.9,4.7,-5.1,32.98,35.0
2028,2024-01-15 09:50,-24V稳定电流超标故障,2.0,2.7,290,382,71,112,3.8,0.78,0.85,0.52,0.57,1.8,12.0,5.4,-5.4,33.04,34.97
2029,2024-01-15 10:00,正常,2.7,2.7,235,273,91,115,3.7,0.77,0.85,0.58,0.56,2.4,12.1,4.6,-5.3,33.04,34.96
2030,2024-01-15 10:10,系统识别电压过高故障,2.7,2.7,242,277,71,129,4.3,0.72,0.84,0.56,0.54,2.2,12.3,4.6,-4.6,33.01,35.04
2031,2024-01-15 10:20,模式1电平过高故障,2.9,2.7,208,269,77,125,3.4,0.75,0.86,0.57,0.54,1.8,11.9,6.0,-4.8,33.04,34.99
2032,2024-01-15 10:30,正常,2.7,2.4,245,278,70,117,3.4,0.73,0.87,0.52,0.57,2.9,12.0,4.7,-4.6,32.97,35.02
2033,2024-01-15 10:40,系统识别电压过高故障,2.8,2.8,261,277,90,113,5.2,0.73,0.84,0.55,0.52,2.4,12.2,5.0,-5.2,32.99,35.01
2034,2024-01-15 10:50,正常,2.9,2.6,279,249,80,123,3.7,0.76,0.85,0.53,0.53,1.8,11.9,5.2,-5.3,33.04,35.01
2035,2024-01-15 11:00,正常,2.8,2.6,231,254,82,103,3.1,0.76,0.87,0.56,0.57,2.7,11.9,5.4,-4.6,33.05,34.98
2036,2024-01-15 11:10,正常,2.8,2.0,226,261,74,113,4.0,0.76,0.84,0.55,0.55,1.0,11.9,4.9,-4.8,32.97,34.96
2037,2024-01-15 11:20,正常,2.2,2.1,275,249,86,121,4.9,0.73,0.87,0.57,0.56,1.5,12.0,5.0,-5.0,33.03,34.96
2038,2024-01-15 11:30,+24V最大电流超标故障,3.4,2.5,216,257,75,108,4.0,0.75,0.85,0.53,0.54,1.9,12.1,5.3,-4.6,33.04,35.0
2039,2024-01-15 11:40,正常,2.1,2.6,272,276,81,110,5.4,0.78,0.85,0.58,0.52,1.7,12.1,4.7,-5.3,32.97,35.03
2040,2024-01-15 11:50,正常,2.4,2.1,250,275,94,120,3.2,0.7,0.87,0.55,0.54,1.4,12.0,5.4,-4.6,33.05,34.96
2041,2024-01-15 12:00,正常,2.2,2.4,286,258,77,109,3.5,0.77,0.88,0.56,0.53,1.9,12.1,5.1,-5.5,33.03,34.96
2042,2024-01-15 12:10,正常,2.7,2.2,217,255,87,105,3.6,0.74,0.82,0.57,0.55,1.2,12.1,5.2,-4.9,32.98,34.97
2043,2024-01-15 12:20,+24V稳定电流超标故障,2.8,2.5,332,217,81,122,4.0,0.79,0.86,0.57,0.56,2.8,11.9,5.4,-5.1,32.99,35.04
2044,2024-01-15 12:30,正常,2.6,2.5,230,279,72,105,3.5,0.72,0.87,0.54,0.53,2.8,12.1,4.5,-5.0,33.05,34.98
2045,2024-01-15 12:40,-24V最大电流超标故障,2.8,4.0,266,213,89,121,3.8,0.74,0.88,0.57,0.58,1.9,12.1,5.3,-4.6,33.04,34.99
2046,2024-01-15 12:50,+24V最大电流超标故障,3.4,2.2,274,211,78,115,4.8,0.74,0.87,0.57,0.53,1.6,11.9,4.8,-4.8,33.02,35.0
2047,2024-01-15 13:00,正常,2.2,2.1,224,202,74,110,3.5,0.72,0.83,0.57,0.56,1.4,12.1,5.1,-4.9,33.04,34.99
2048,2024-01-15 13:10,正常,2.1,2.6,217,285,84,103,5.2,0.76,0.82,0.52,0.52,2.4,12.0,4.9,-4.9,32.98,35.01
2049,2024-01-15 13:20,正常,2.5,2.3,244,202,94,127,3.1,0.8,0.82,0.53,0.58,1.4,12.1,5.5,-5.1,32.99,34.97
2050,2024-01-15 13:30,正常,2.7,2.7,278,214,73,111,4.7,0.79,0.85,0.57,0.57,2.1,11.9,4.7,-5.4,33.0,34.97
2051,2024-01-15 13:40,正常,2.1,2.7,267,259,72,102,5.2,0.8,0.87,0.56,0.54,2.3,12.1,5.5,-4.9,32.99,35.02
2052,2024-01-15 13:50,模式1脉宽过短故障,2.8,2.8,245,202,93,116,4.7,0.75,0.83,0.54,0.53,1.6,11.9,5.0,-5.0,32.91,35.0
2053,2024-01-15 14:00,正常,2.3,2.3,226,248,76,118,5.1,0.77,0.85,0.55,0.57,2.0,12.0,4.8,-5.4,33.02,34.96
2054,2024-01-15 14:10,第一脉冲时间过短故障,2.4,2.3,215,202,94,130,4.6,0.71,0.8,0.56,0.57,2.4,12.0,5.5,-5.1,32.96,35.01
2055,2024-01-15 14:20,正常,2.6,2.0,233,212,74,122,3.3,0.72,0.85,0.57,0.53,1.2,12.1,5.1,-5.3,32.97,34.98
2056,2024-01-15 14:30,正常,2.8,2.6,255,223,98,128,3.7,0.73,0.83,0.55,0.55,2.8,12.1,4.7,-4.9,33.01,35.01
2057,2024-01-15 14:40,+24V稳定电流超标故障,2.7,2.3,353,250,76,110,3.8,0.78,0.83,0.53,0.56,2.3,12.0,4.6,-5.3,32.96,34.98
2058,2024-01-15 14:50,正常,2.6,2.5,218,231,99,121,3.9,0.78,0.82,0.56,0.57,1.6,12.0,4.9,-5.1,33.04,35.02
2059,2024-01-15 15:00,正常,2.0,2.8,223,236,78,109,5.4,0.77,0.84,0.57,0.55,1.2,12.1,4.9,-4.6,32.96,35.03
2060,2024-01-15 15:10,正常,2.5,2.4,272,262,91,128,4.0,0.79,0.83,0.56,0.53,2.9,12.0,5.3,-4.8,33.05,34.95
2061,2024-01-15 15:20,正常,2.2,2.2,269,280,84,114,4.4,0.77,0.87,0.54,0.55,2.0,11.9,5.4,-4.6,33.0,35.04
2062,2024-01-15 15:30,模式1电平过高故障,2.3,2.7,279,259,99,110,4.0,0.74,0.88,0.54,0.56,2.4,12.1,6.1,-4.7,32.99,35.02
2063,2024-01-15 15:40,光电频率过高故障,2.1,2.9,288,261,93,102,5.5,0.73,0.87,0.52,0.57,4.0,12.0,5.4,-4.7,33.04,35.0
2064,2024-01-15 15:50,光电频率过低故障,2.0,2.5,248,245,79,113,4.7,0.7,0.87,0.58,0.56,0.9,12.0,4.8,-5.0,32.99,34.96
2065,2024-01-15 16:00,正常,2.5,2.6,259,206,88,128,4.1,0.76,0.87,0.58,0.54,2.4,11.9,4.9,-4.8,33.04,35.0
2066,2024-01-15 16:10,正常,2.8,2.5,252,285,91,113,5.5,0.76,0.83,0.57,0.58,1.8,11.9,5.4,-5.3,33.0,35.01
2067,2024-01-15 16:20,+24V稳定电流超标故障,2.4,2.6,310,224,72,114,3.9,0.73,0.84,0.56,0.57,1.0,12.0,5.2,-4.9,33.03,35.0
2068,2024-01-15 16:30,正常,2.9,2.2,286,200,77,118,3.9,0.74,0.85,0.54,0.57,1.6,11.9,5.4,-5.1,32.98,34.98
2069,2024-01-15 16:40,正常,2.7,2.7,210,248,94,123,3.3,0.72,0.87,0.55,0.53,1.1,12.0,4.7,-4.9,33.03,35.0
2070,2024-01-15 16:50,正常,2.1,2.1,285,283,75,114,3.7,0.79,0.83,0.57,0.56,2.2,11.9,5.2,-4.9,32.99,34.97
2071,2024-01-15 17:00,正常,2.6,2.3,267,231,90,120,4.2,0.77,0.82,0.54,0.56,2.5,12.1,4.9,-4.7,32.96,35.05
2072,2024-01-15 17:10,正常,2.1,2.7,229,278,91,100,4.6,0.74,0.85,0.58,0.57,1.5,11.9,4.7,-5.2,32.95,34.98
2073,2024-01-15 17:20,第二脉冲时间过短故障,2.5,2.7,250,213,90,100,3.4,0.73,0.86,0.5,0.54,2.7,12.1,5.3,-4.6,33.0,35.02
2074,2024-01-15 17:30,正常,2.8,2.2,272,231,91,101,4.2,0.78,0.85,0.55,0.55,2.5,12.0,5.3,-4.8,33.05,35.01
2075,2024-01-15 17:40,正常,2.1,2.9,289,251,77,130,4.5,0.74,0.84,0.57,0.56,2.7,12.0,5.4,-5.0,33.03,34.95
2076,2024-01-15 17:50,正常,2.9,2.7,222,267,87,108,5.3,0.75,0.85,0.58,0.58,1.4,12.0,4.8,-4.7,33.05,35.04
2077,2024-01-15 18:00,正常,2.0,2.1,207,213,87,111,4.1,0.74,0.84,0.57,0.54,2.6,12.0,4.6,-4.6,32.97,34.99
2078,2024-01-15 18:10,正常,2.4,2.9,265,210,73,111,3.6,0.73,0.87,0.52,0.52,1.5,11.9,5.4,-4.7,32.96,35.02
2079,2024-01-15 18:20,正常,2.0,2.1,241,209,90,114,3.3,0.74,0.88,0.55,0.57,1.1,12.1,4.7,-4.7,32.96,35.02
2080,2024-01-15 18:30,正常,2.2,2.8,270,283,92,105,3.3,0.78,0.83,0.58,0.55,2.8,12.1,5.1,-5.1,32.96,35.02
2081,2024-01-15 18:40,-24V稳定电流超标故障,2.5,2.7,200,320,73,117,3.2,0.78,0.87,0.55,0.57,2.8,12.1,5.2,-4.5,32.95,34.97
2082,2024-01-15 18:50,正常,2.4,2.5,226,210,91,116,5.2,0.75,0.86,0.55,0.52,1.1,11.9,5.3,-4.9,33.0,35.03
2083,2024-01-15 19:00,光电频率过高故障,2.8,2.4,232,263,70,111,4.8,0.72,0.87,0.56,0.55,3.7,11.9,5.0,-5.3,32.95,34.98
2084,2024-01-15 19:10,正常,2.9,2.4,218,208,81,116,3.1,0.7,0.85,0.54,0.56,1.7,11.9,4.6,-5.1,33.0,34.96
2085,2024-01-15 19:20,正常,2.4,2.1,250,260,72,126,4.6,0.77,0.85,0.53,0.54,1.1,12.1,4.8,-4.7,33.02,34.99
2086,2024-01-15 19:30,正常,2.5,2.4,225,215,79,122,3.3,0.76,0.83,0.54,0.57,1.2,12.1,5.1,-4.9,32.96,35.02
2087,2024-01-15 19:40,模式2电平过低故障,2.2,2.9,242,247,81,104,3.7,0.78,0.83,0.54,0.54,2.9,11.9,4.8,-6.2,32.95,34.97
2088,2024-01-15 19:50,正常,2.8,2.6,229,240,84,102,4.1,0.76,0.83,0.55,0.55,2.6,12.1,5.2,-5.4,33.01,34.95
2089,2024-01-15 20:00,正常,2.6,2.2,279,201,96,117,3.3,0.78,0.86,0.54,0.53,2.5,11.9,4.8,-4.8,33.01,35.03
2090,2024-01-15 20:10,正常,2.9,2.6,274,228,75,121,3.5,0.73,0.85,0.54,0.53,2.5,12.1,5.2,-5.4,32.97,35.01
2091,2024-01-15 20:20,-24V稳定电流超标故障,2.2,2.5,271,350,79,122,3.9,0.74,0.82,0.53,0.55,1.2,12.0,4.8,-4.8,32.95,35.02
2092,2024-01-15 20:30,+24V稳定电流超标故障,2.4,2.0,365,219,87,128,3.2,0.72,0.87,0.58,0.53,2.9,12.0,4.7,-4.7,33.02,34.95
2093,2024-01-15 20:40,正常,2.5,2.8,250,229,71,110,3.9,0.71,0.87,0.53,0.52,2.1,11.9,4.5,-4.9,33.02,34.98
2094,2024-01-15 20:50,正常,2.2,2.8,232,247,88,113,4.5,0.71,0.85,0.56,0.53,2.1,12.0,4.6,-5.2,32.98,35.02
2095,2024-01-15 21:00,电路断开频率过高故障,2.7,2.6,278,216,75,142,4.8,0.77,0.84,0.55,0.53,2.2,11.9,5.4,-5.5,33.02,35.0
2096,2024-01-15 21:10,模式1电平过低故障,2.3,2.6,283,253,94,117,5.0,0.71,0.86,0.52,0.55,2.6,12.0,4.1,-5.2,33.03,35.03
2097,2024-01-15 21:20,正常,2.3,2.1,243,254,88,104,4.3,0.78,0.83,0.57,0.53,1.2,12.1,4.5,-4.7,33.01,34.96
2098,2024-01-15 21:30,正常,2.0,2.3,283,240,83,120,4.5,0.79,0.86,0.57,0.57,2.9,12.1,4.8,-4.7,33.03,35.04
2099,2024-01-15 21:40,-24V最大电流超标故障,2.4,3.2,247,279,88,112,3.5,0.78,0.82,0.54,0.52,2.2,12.0,4.9,-4.9,32.96,35.01
2100,2024-01-15 21:50,正常,2.7,2.8,230,278,74,107,4.0,0.72,0.87,0.57,0.54,2.9,12.0,5.0,-4.8,32.99,34.95
2101,2024-01-15 22:00,正常,2.7,2.4,231,246,71,114,3.7,0.71,0.85,0.56,0.54,1.9,12.1,4.6,-4.6,33.02,35.0
2102,2024-01-15 22:10,正常,2.9,2.4,237,252,82,128,5.0,0.74,0.88,0.57,0.53,2.1,12.0,4.6,-5.5,32.97,35.05
2103,2024-01-15 22:20,正常,2.3,2.8,235,224,86,128,4.0,0.71,0.83,0.57,0.52,1.5,12.0,5.0,-5.0,32.98,35.04
2104,2024-01-15 22:30,正常,2.6,2.1,286,278,91,106,5.2,0.79,0.86,0.56,0.56,1.5,12.0,4.7,-5.4,33.05,34.99
2105,2024-01-15 22:40,正常,2.7,2.2,274,288,83,106,3.3,0.73,0.87,0.57,0.58,1.0,12.0,4.8,-5.2,32.97,34.98
2106,2024-01-15 22:50,正常,2.2,2.3,229,284,80,124,4.6,0.78,0.87,0.54,0.57,1.6,12.0,4.6,-5.1,32.99,35.04
2107,2024-01-15 23:00,正常,2.9,2.4,274,281,85,105,4.4,0.78,0.84,0.55,0.53,1.4,12.0,4.5,-4.9,33.01,35.05
2108,2024-01-15 23:10,-24V稳定电流超标故障,2.7,2.7,239,347,98,128,4.1,0.76,0.83,0.55,0.52,2.2,12.1,4.7,-4.9,32.99,35.0
2109,2024-01-15 23:20,正常,2.6,2.4,271,226,74,123,3.1,0.78,0.85,0.55,0.56,2.8,11.9,4.5,-5.2,32.97,35.01
2110,2024-01-15 23:30,模式2电平过低故障,2.9,2.8,205,242,96,122,3.2,0.75,0.88,0.53,0.56,1.6,11.9,5.1,-6.0,33.01,35.03
2111,2024-01-15 23:40,正常,2.5,2.9,285,250,99,108,3.5,0.75,0.85,0.56,0.52,1.3,12.0,4.8,-5.4,33.03,35.03
2112,2024-01-15 23:50,正常,2.8,2.8,289,242,77,126,4.6,0.75,0.84,0.54,0.56,1.1,12.1,5.4,-4.7,32.95,35.05
2113,2024-01-16 00:00,正常,2.1,2.5,227,238,97,121,5.4,0.73,0.84,0.52,0.58,1.1,12.0,4.8,-4.9,32.97,35.03
2114,2024-01-16 00:10,正常,2.8,2.9,257,250,82,127,4.9,0.71,0.85,0.56,0.54,3.0,12.1,4.6,-5.3,33.01,35.03
2115,2024-01-16 00:20,模式2电平过高故障,2.8,2.2,212,214,73,104,3.2,0.73,0.85,0.54,0.57,2.2,12.0,5.1,-4.3,33.04,35.02
2116,2024-01-16 00:30,正常,2.6,2.8,263,271,87,123,5.4,0.72,0.87,0.52,0.54,2.6,12.0,5.3,-5.3,32.98,35.01
2117,2024-01-16 00:40,正常,2.6,2.6,219,255,84,101,3.5,0.79,0.88,0.57,0.57,1.7,12.0,5.5,-4.7,32.97,35.05
2118,2024-01-16 00:50,正常,2.7,2.8,289,286,89,106,5.0,0.79,0.87,0.57,0.54,1.5,12.1,5.0,-4.6,33.04,35.03
2119,2024-01-16 01:00,+9V稳定电流超标故障,2.2,2.7,211,248,147,114,5.2,0.78,0.85,0.56,0.53,1.2,11.9,4.6,-5.1,32.98,34.96
2120,2024-01-16 01:10,正常,2.6,2.8,221,214,84,130,3.3,0.71,0.82,0.56,0.57,2.3,12.0,4.6,-5.3,33.05,35.0
2121,2024-01-16 01:20,系统识别电压过低故障,2.8,2.6,256,263,76,119,3.7,0.8,0.88,0.57,0.58,1.4,11.6,5.1,-5.5,33.03,35.01
2122,2024-01-16 01:30,正常,2.0,2.9,216,284,79,125,4.8,0.73,0.82,0.56,0.55,1.4,12.0,4.7,-5.3,32.96,35.05
2123,2024-01-16 01:40,模式1电平过高故障,2.0,2.1,266,233,88,130,4.8,0.76,0.85,0.57,0.54,1.7,12.0,6.0,-5.1,33.02,34.97
2124,2024-01-16 01:50,第三脉冲时间过长故障,2.1,2.1,228,279,94,109,3.5,0.77,0.86,0.57,0.61,1.7,12.1,5.3,-4.5,33.02,35.0
2125,2024-01-16 02:00,电路断开频率过低故障,2.5,2.6,234,223,90,93,4.7,0.79,0.86,0.54,0.54,2.8,12.0,5.0,-5.3,32.99,34.98
2126,2024-01-16 02:10,正常,2.0,2.5,228,255,72,101,5.1,0.71,0.83,0.52,0.54,1.9,12.0,5.3,-4.5,33.01,34.96
2127,2024-01-16 02:20,正常,2.4,2.1,264,226,96,119,3.7,0.74,0.85,0.54,0.52,2.8,12.0,5.4,-5.1,32.97,34.97
2128,2024-01-16 02:30,正常,2.4,2.7,286,242,98,126,4.9,0.72,0.88,0.55,0.58,2.4,12.0,5.1,-5.4,33.0,35.04
2129,2024-01-16 02:40,光电频率过低故障,2.2,2.1,261,278,98,104,4.8,0.77,0.83,0.58,0.57,0.6,11.9,5.3,-4.8,32.96,34.97
2130,2024-01-16 02:50,指令判断时间过短故障,2.5,2.2,255,209,82,105,3.7,0.67,0.84,0.57,0.52,2.8,12.1,5.5,-4.7,33.02,34.97
2131,2024-01-16 03:00,电路断开频率过高故障,2.6,2.1,218,258,76,140,5.1,0.71,0.87,0.56,0.55,1.8,12.1,4.7,-4.6,32.98,35.0
2132,2024-01-16 03:10,正常,2.1,2.6,252,229,93,112,3.3,0.75,0.87,0.52,0.53,2.5,12.1,5.2,-5.2,33.01,35.0
2133,2024-01-16 03:20,正常,2.8,2.5,254,266,76,106,3.4,0.79,0.87,0.53,0.55,1.5,11.9,5.0,-4.8,33.04,35.05
2134,2024-01-16 03:30,正常,2.1,2.7,268,222,76,103,4.1,0.75,0.87,0.57,0.56,2.9,11.9,5.4,-5.0,33.04,34.99
2135,2024-01-16 03:40,正常,2.3,2.3,264,201,86,122,4.0,0.78,0.83,0.57,0.53,1.1,12.0,4.9,-5.5,33.02,34.99
2136,2024-01-16 03:50,第一脉冲时间过短故障,2.7,2.7,235,247,86,109,4.4,0.73,0.8,0.58,0.58,2.2,12.0,5.3,-5.1,32.99,35.01
2137,2024-01-16 04:00,正常,2.2,2.7,227,215,90,116,4.6,0.72,0.87,0.54,0.56,1.9,12.0,4.7,-5.0,32.98,34.97
2138,2024-01-16 04:10,正常,2.2,2.9,245,229,70,117,3.1,0.76,0.85,0.57,0.58,2.5,12.0,5.0,-4.6,33.04,35.02
2139,2024-01-16 04:20,正常,2.8,2.1,217,260,77,109,4.4,0.79,0.84,0.54,0.56,2.7,12.1,5.2,-4.7,33.0,35.0
2140,2024-01-16 04:30,指令判断时间过短故障,2.7,2.8,254,200,80,105,3.4,0.66,0.85,0.55,0.55,1.8,11.9,4.9,-4.7,32.98,35.04
2141,2024-01-16 04:40,正常,2.9,2.8,204,267,72,103,3.9,0.7,0.86,0.58,0.55,1.3,11.9,4.7,-5.3,32.95,35.0
2142,2024-01-16 04:50,-24V稳定电流超标故障,2.9,2.3,242,368,76,117,3.3,0.75,0.87,0.56,0.55,2.7,11.9,4.6,-4.6,33.02,34.97
2143,2024-01-16 05:00,正常,2.2,2.0,276,211,86,112,4.0,0.76,0.86,0.53,0.57,1.6,12.0,5.0,-5.0,32.96,35.02
2144,2024-01-16 05:10,模式2脉宽过短故障,2.5,2.4,254,216,94,124,3.1,0.72,0.84,0.55,0.57,2.1,11.9,5.3,-5.3,33.02,34.93
2145,2024-01-16 05:20,正常,2.8,2.5,286,267,87,130,4.6,0.78,0.85,0.53,0.57,2.3,12.0,4.6,-5.1,32.98,35.03
2146,2024-01-16 05:30,系统识别电压过高故障,2.8,2.9,229,269,85,111,3.2,0.76,0.83,0.56,0.53,1.1,12.2,4.8,-4.8,33.01,34.96
2147,2024-01-16 05:40,正常,2.9,2.3,288,269,73,113,4.8,0.79,0.84,0.53,0.54,1.4,11.9,5.0,-4.6,32.99,34.95
2148,2024-01-16 05:50,正常,2.7,2.6,227,207,90,102,4.4,0.71,0.82,0.55,0.53,2.0,12.0,5.3,-5.2,33.02,34.98
2149,2024-01-16 06:00,正常,2.8,2.1,249,209,91,115,4.1,0.71,0.84,0.54,0.56,1.3,12.0,4.7,-5.2,32.99,35.02
2150,2024-01-16 06:10,正常,2.3,2.7,243,290,86,114,5.3,0.77,0.84,0.56,0.54,1.3,12.0,5.1,-4.7,33.01,35.0
2151,2024-01-16 06:20,正常,2.4,2.2,289,252,85,103,3.3,0.78,0.87,0.57,0.53,2.5,12.1,5.5,-5.2,33.05,35.04
2152,2024-01-16 06:30,正常,2.1,2.7,233,287,88,108,4.9,0.8,0.87,0.53,0.54,1.4,12.0,5.4,-4.6,32.96,34.96
2153,2024-01-16 06:40,模式1脉宽过长故障,2.4,2.1,275,219,98,113,5.4,0.71,0.82,0.58,0.57,1.7,11.9,4.8,-4.8,33.08,34.97
2154,2024-01-16 06:50,正常,2.1,2.4,278,217,85,120,5.3,0.75,0.85,0.54,0.55,2.2,12.1,5.1,-5.4,33.02,35.04
2155,2024-01-16 07:00,正常,2.2,2.1,225,240,78,130,4.6,0.76,0.86,0.57,0.55,1.2,12.0,5.4,-4.9,33.04,34.99
2156,2024-01-16 07:10,正常,2.8,2.4,244,215,91,117,3.3,0.71,0.83,0.57,0.56,2.4,12.1,5.2,-5.3,32.99,34.96
2157,2024-01-16 07:20,正常,2.2,2.5,207,254,70,113,4.9,0.73,0.86,0.56,0.54,2.2,12.0,5.0,-5.0,33.01,34.97
2158,2024-01-16 07:30,光电频率过低故障,2.8,2.5,261,232,90,128,3.7,0.79,0.83,0.54,0.54,0.1,12.0,4.7,-5.4,33.02,35.04
2159,2024-01-16 07:40,模式2电平过低故障,2.3,2.8,255,277,78,122,3.6,0.73,0.83,0.54,0.56,1.1,12.0,5.4,-6.1,32.97,34.99
2160,2024-01-16 07:50,电路断开频率过低故障,2.7,2.3,271,215,96,87,3.4,0.77,0.85,0.56,0.55,1.9,12.1,5.1,-4.8,32.98,35.01
2161,2024-01-16 08:00,+24V最大电流超标故障,3.7,2.3,223,253,85,103,4.7,0.72,0.82,0.57,0.53,3.0,12.1,4.7,-4.8,33.04,34.96
2162,2024-01-16 08:10,正常,2.8,2.6,230,220,86,108,5.3,0.74,0.85,0.56,0.52,1.9,12.0,5.1,-5.2,33.0,34.95
2163,2024-01-16 08:20,光电频率过高故障,2.0,2.0,252,220,75,125,4.5,0.72,0.83,0.54,0.56,4.0,12.1,5.5,-4.8,32.99,35.03
2164,2024-01-16 08:30,-24V稳定电流超标故障,2.2,2.7,217,393,73,108,3.6,0.79,0.85,0.54,0.53,1.3,12.1,4.8,-4.6,32.96,34.99
2165,2024-01-16 08:40,正常,2.5,2.2,247,212,84,117,3.7,0.76,0.84,0.55,0.55,2.9,11.9,4.9,-5.3,33.0,35.02
2166,2024-01-16 08:50,电路断开时间超标故障,2.3,2.3,252,262,95,104,6.5,0.79,0.88,0.56,0.54,3.0,12.0,4.6,-4.7,32.96,35.03
2167,2024-01-16 09:00,正常,2.1,2.6,218,208,91,107,5.4,0.78,0.85,0.56,0.54,1.0,12.0,5.4,-5.2,33.01,35.0
2168,2024-01-16 09:10,正常,2.2,2.2,220,285,98,105,5.4,0.79,0.83,0.54,0.55,1.7,12.1,5.0,-4.8,32.95,35.02
2169,2024-01-16 09:20,正常,2.3,2.9,210,289,73,130,4.6,0.75,0.83,0.56,0.52,1.5,12.1,5.3,-5.1,33.04,35.0
2170,2024-01-16 09:30,正常,2.7,2.8,280,281,91,109,5.1,0.72,0.83,0.54,0.57,1.0,12.0,5.1,-5.1,32.95,34.95
2171,2024-01-16 09:40,正常,2.6,2.3,241,266,93,120,3.5,0.78,0.86,0.54,0.58,1.1,12.1,5.1,-4.9,33.02,35.02
2172,2024-01-16 09:50,正常,2.1,2.0,266,278,99,100,4.4,0.77,0.87,0.57,0.55,2.6,12.0,5.4,-5.3,33.05,34.98
2173,2024-01-16 10:00,第三脉冲时间过长故障,2.2,2.3,202,289,81,125,5.2,0.72,0.88,0.56,0.61,2.7,12.1,4.9,-5.1,33.02,34.97
2174,2024-01-16 10:10,正常,2.2,2.7,207,202,79,101,4.2,0.75,0.86,0.58,0.57,2.0,12.0,4.7,-5.4,33.02,34.98
2175,2024-01-16 10:20,正常,2.5,2.3,218,240,73,122,3.1,0.71,0.87,0.57,0.54,1.1,12.0,5.1,-5.0,32.96,34.96
2176,2024-01-16 10:30,正常,2.8,2.8,205,216,82,123,5.0,0.7,0.86,0.55,0.58,2.3,11.9,5.0,-5.3,33.02,34.97
2177,2024-01-16 10:40,模式2电平过低故障,2.6,2.5,238,250,70,119,4.5,0.78,0.84,0.53,0.55,2.6,11.9,5.4,-5.8,32.95,34.97
2178,2024-01-16 10:50,正常,2.4,2.1,205,259,94,101,3.9,0.74,0.86,0.53,0.57,2.4,12.0,5.0,-5.2,33.01,34.97
2179,2024-01-16 11:00,正常,2.6,2.1,219,265,79,119,3.1,0.77,0.84,0.53,0.56,2.6,12.0,4.5,-4.6,33.01,35.02
2180,2024-01-16 11:10,+9V稳定电流超标故障,2.9,2.8,207,242,134,121,5.4,0.73,0.87,0.58,0.54,1.3,12.0,4.7,-4.6,32.95,34.99
2181,2024-01-16 11:20,正常,2.8,2.3,226,235,89,120,4.8,0.71,0.85,0.52,0.58,2.3,11.9,4.8,-4.7,33.0,34.99
2182,2024-01-16 11:30,模式2电平过高故障,2.4,2.2,205,238,70,106,3.3,0.74,0.84,0.54,0.57,1.4,11.9,5.1,-3.9,33.02,34.96
2183,2024-01-16 11:40,正常,2.3,2.0,239,215,79,101,3.5,0.76,0.84,0.58,0.57,2.6,12.1,4.9,-5.4,33.02,35.01
2184,2024-01-16 11:50,正常,2.8,2.7,290,230,97,102,4.6,0.7,0.85,0.57,0.55,1.7,12.0,5.2,-4.9,33.02,34.98
2185,2024-01-16 12:00,正常,2.3,2.4,262,230,84,108,4.1,0.73,0.84,0.52,0.56,2.5,11.9,4.9,-5.3,33.04,34.99
2186,2024-01-16 12:10,正常,2.3,2.0,251,275,90,103,3.6,0.75,0.83,0.58,0.55,1.4,12.0,5.3,-4.9,32.96,35.04
2187,2024-01-16 12:20,正常,2.6,2.4,244,225,74,122,3.7,0.71,0.87,0.57,0.55,1.9,12.1,5.3,-4.7,33.04,35.03
2188,2024-01-16 12:30,正常,2.8,2.8,274,204,99,119,5.2,0.76,0.85,0.57,0.53,2.6,12.0,5.1,-4.6,33.04,35.0
2189,2024-01-16 12:40,正常,2.0,2.2,217,233,70,111,4.9,0.75,0.84,0.56,0.52,1.7,12.0,5.2,-4.8,33.03,34.98
2190,2024-01-16 12:50,正常,2.7,2.0,273,287,79,117,4.7,0.73,0.84,0.57,0.55,1.7,12.1,4.7,-5.4,32.98,34.99
2191,2024-01-16 13:00,正常,2.7,2.5,267,279,90,122,4.6,0.79,0.87,0.53,0.57,2.1,11.9,4.6,-5.2,32.95,35.02
2192,2024-01-16 13:10,正常,2.5,2.7,205,264,71,109,3.0,0.77,0.83,0.56,0.55,1.1,12.1,5.2,-4.5,32.97,35.0
2193,2024-01-16 13:20,正常,2.2,2.1,254,248,87,113,3.0,0.73,0.83,0.55,0.56,1.7,12.1,5.0,-5.2,33.03,34.96
2194,2024-01-16 13:30,正常,2.9,2.7,283,211,94,129,3.8,0.73,0.82,0.55,0.54,1.7,11.9,5.3,-5.3,33.04,34.97
2195,2024-01-16 13:40,正常,2.1,2.5,272,227,84,110,3.4,0.8,0.87,0.54,0.54,1.8,12.0,5.1,-5.4,32.98,34.97
2196,2024-01-16 13:50,正常,2.2,2.7,252,206,75,124,3.2,0.8,0.84,0.54,0.54,1.3,12.0,4.7,-5.0,33.05,34.97
2197,2024-01-16 14:00,正常,2.6,2.1,239,257,91,118,5.5,0.71,0.85,0.58,0.54,1.4,12.0,4.7,-5.4,32.97,34.99
2198,2024-01-16 14:10,第一脉冲时间过短故障,2.1,2.2,213,244,88,100,4.5,0.72,0.8,0.53,0.54,2.0,12.0,4.7,-4.6,33.02,34.97
2199,2024-01-16 14:20,正常,2.5,2.3,289,244,73,119,4.4,0.75,0.86,0.58,0.52,1.1,12.1,4.5,-5.0,33.0,34.97
2200,2024-01-16 14:30,正常,2.0,2.6,279,216,90,130,4.5,0.73,0.83,0.55,0.55,3.0,12.0,4.7,-5.4,32.95,35.01
2201,2024-01-16 14:40,正常,2.8,2.1,207,264,87,116,4.6,0.74,0.86,0.55,0.58,2.4,12.0,4.7,-5.4,33.0,35.02
2202,2024-01-16 14:50,模式2电平过低故障,2.5,2.1,219,207,86,122,3.2,0.75,0.84,0.54,0.57,1.0,12.0,5.4,-5.8,33.01,35.03
2203,2024-01-16 15:00,正常,2.6,2.3,265,250,75,124,4.9,0.7,0.84,0.52,0.53,2.5,12.0,4.7,-4.8,32.97,34.96
2204,2024-01-16 15:10,正常,2.5,2.7,261,208,75,122,4.0,0.73,0.86,0.53,0.54,2.8,11.9,4.5,-4.9,33.04,34.96
2205,2024-01-16 15:20,正常,2.8,2.3,247,266,78,130,4.9,0.77,0.83,0.56,0.58,2.9,11.9,4.8,-4.7,32.98,34.96
2206,2024-01-16 15:30,正常,2.3,2.6,253,227,86,123,5.3,0.71,0.85,0.55,0.52,2.5,12.0,5.2,-4.6,33.05,34.98
2207,2024-01-16 15:40,正常,2.4,2.6,289,234,82,116,3.3,0.73,0.85,0.53,0.57,2.0,12.0,5.1,-4.9,33.02,35.04
2208,2024-01-16 15:50,系统识别电压过低故障,2.9,2.6,205,233,71,111,4.1,0.7,0.82,0.55,0.53,1.3,11.6,4.6,-5.4,33.0,35.04
2209,2024-01-16 16:00,正常,2.6,2.7,210,276,80,110,3.7,0.76,0.83,0.54,0.57,1.6,12.0,4.8,-5.0,32.96,35.02
2210,2024-01-16 16:10,正常,2.6,2.6,264,282,98,108,4.8,0.79,0.84,0.53,0.56,2.9,12.0,4.6,-5.1,33.0,35.04
2211,2024-01-16 16:20,正常,2.6,2.8,225,290,71,118,3.2,0.73,0.85,0.57,0.55,2.6,12.0,5.0,-4.5,33.0,35.02
2212,2024-01-16 16:30,模式1脉宽过长故障,2.3,2.3,254,262,98,124,4.3,0.77,0.86,0.53,0.56,1.0,12.0,4.9,-4.9,33.13,35.03
2213,2024-01-16 16:40,正常,2.3,2.3,267,244,70,122,4.2,0.76,0.87,0.52,0.56,1.0,12.0,5.3,-5.2,32.96,35.05
2214,2024-01-16 16:50,模式1电平过高故障,2.4,2.7,268,227,93,126,4.9,0.72,0.85,0.58,0.58,1.6,12.0,6.0,-4.9,32.98,35.0
2215,2024-01-16 17:00,正常,2.6,2.2,220,249,79,110,5.0,0.77,0.86,0.56,0.54,1.0,12.0,4.7,-5.3,33.01,35.02
2216,2024-01-16 17:10,正常,2.4,2.6,241,208,88,101,5.0,0.71,0.83,0.52,0.56,1.9,12.0,5.4,-4.6,33.01,34.98
2217,2024-01-16 17:20,正常,2.9,2.3,273,212,85,125,3.7,0.8,0.85,0.56,0.57,1.7,11.9,4.6,-5.1,32.98,34.96
2218,2024-01-16 17:30,正常,2.2,2.5,284,273,79,104,4.5,0.79,0.84,0.53,0.55,2.8,12.0,4.7,-4.7,32.99,35.03
2219,2024-01-16 17:40,正常,2.3,2.6,290,249,97,122,3.2,0.8,0.86,0.53,0.55,1.7,11.9,4.6,-4.5,32.95,34.96
2220,2024-01-16 17:50,正常,2.4,2.0,202,200,99,122,4.9,0.79,0.84,0.54,0.57,2.5,11.9,4.7,-5.2,33.03,35.03
2221,2024-01-16 18:00,正常,2.2,2.3,230,212,70,122,5.0,0.78,0.85,0.53,0.52,1.0,12.0,4.6,-5.0,32.98,35.02
2222,2024-01-16 18:10,正常,2.4,2.3,280,277,75,108,3.7,0.71,0.85,0.56,0.52,1.3,12.0,5.2,-5.3,32.98,34.95
2223,2024-01-16 18:20,正常,2.6,2.7,267,270,96,103,4.7,0.78,0.86,0.55,0.57,2.5,12.0,5.4,-5.2,32.95,34.98
2224,2024-01-16 18:30,正常,2.4,2.8,284,253,85,100,4.0,0.77,0.83,0.56,0.55,2.2,11.9,4.5,-4.9,32.99,34.96
2225,2024-01-16 18:40,正常,2.3,2.3,203,222,97,126,3.5,0.71,0.85,0.56,0.52,2.6,11.9,4.9,-4.5,32.97,35.05
2226,2024-01-16 18:50,正常,2.4,2.3,268,225,83,118,4.8,0.71,0.86,0.54,0.53,2.2,12.1,4.9,-4.8,33.01,35.02
2227,2024-01-16 19:00,正常,2.9,2.8,289,227,94,130,4.7,0.73,0.86,0.56,0.56,2.3,11.9,5.1,-4.8,33.03,35.03
2228,2024-01-16 19:10,正常,2.6,2.1,225,203,82,113,4.9,0.76,0.87,0.56,0.55,2.7,12.0,5.1,-5.4,32.98,35.0
2229,2024-01-16 19:20,正常,2.4,2.7,236,246,85,123,3.6,0.73,0.86,0.54,0.55,2.2,12.0,4.8,-5.3,32.96,35.03
2230,2024-01-16 19:30,第三脉冲时间过长故障,2.7,2.5,231,228,81,100,3.8,0.78,0.85,0.53,0.62,2.9,11.9,4.5,-5.4,33.02,34.95
2231,2024-01-16 19:40,+9V稳定电流超标故障,2.5,2.8,275,250,126,116,4.6,0.74,0.83,0.53,0.52,1.6,11.9,4.7,-5.2,33.03,34.98
2232,2024-01-16 19:50,正常,2.3,2.7,241,211,85,124,3.4,0.72,0.83,0.57,0.55,1.3,12.0,5.0,-5.1,33.03,35.04
2233,2024-01-16 20:00,正常,2.3,2.7,225,206,87,105,3.2,0.8,0.82,0.58,0.57,1.1,12.0,5.5,-4.9,32.96,35.04
2234,2024-01-16 20:10,正常,2.8,2.5,215,229,98,121,3.9,0.75,0.83,0.57,0.53,1.4,12.0,4.6,-5.2,32.98,34.99
2235,2024-01-16 20:20,模式1电平过低故障,2.2,2.6,241,240,80,104,3.3,0.78,0.83,0.55,0.53,2.3,12.0,3.8,-5.2,33.0,34.97
2236,2024-01-16 20:30,第二脉冲时间过短故障,2.7,2.2,247,263,74,103,3.4,0.74,0.86,0.5,0.53,1.3,12.0,5.1,-4.7,33.03,34.97
2237,2024-01-16 20:40,正常,2.5,2.2,255,234,94,123,5.0,0.71,0.82,0.57,0.55,2.5,12.0,5.0,-4.9,33.04,34.98
2238,2024-01-16 20:50,正常,2.3,2.8,231,230,91,115,3.3,0.76,0.83,0.55,0.52,2.5,12.0,4.8,-5.3,33.03,34.96
2239,2024-01-16 21:00,正常,2.4,2.7,261,251,77,116,3.5,0.75,0.85,0.57,0.53,1.9,11.9,4.8,-5.1,33.0,35.01
2240,2024-01-16 21:10,正常,2.1,2.4,261,256,95,127,3.7,0.73,0.87,0.58,0.57,1.2,11.9,4.5,-5.3,32.98,34.96
2241,2024-01-16 21:20,正常,2.8,2.8,217,252,76,121,4.5,0.74,0.83,0.52,0.56,1.8,12.1,4.6,-5.1,33.02,35.04
2242,2024-01-16 21:30,系统识别电压过高故障,2.1,2.3,220,207,76,103,4.8,0.74,0.82,0.54,0.55,2.0,12.3,4.8,-5.3,32.97,34.98
2243,2024-01-16 21:40,正常,2.8,2.8,242,206,73,102,4.4,0.73,0.82,0.53,0.52,1.5,12.1,4.9,-5.5,33.02,35.01
2244,2024-01-16 21:50,模式2脉宽过短故障,2.9,2.5,287,279,94,109,4.2,0.7,0.87,0.53,0.55,2.7,12.0,4.9,-5.4,33.04,34.92
2245,2024-01-16 22:00,正常,2.1,2.4,218,247,93,107,4.0,0.71,0.85,0.52,0.56,1.8,12.0,4.9,-5.1,33.02,34.99
2246,2024-01-16 22:10,+24V最大电流超标故障,3.4,2.7,241,231,75,120,4.0,0.76,0.83,0.55,0.53,1.9,12.0,4.6,-5.0,33.0,35.02
2247,2024-01-16 22:20,+24V最大电流超标故障,3.6,2.2,224,261,91,102,4.7,0.72,0.87,0.54,0.57,2.9,12.1,5.0,-4.6,33.03,34.98
2248,2024-01-16 22:30,正常,2.2,2.8,239,261,98,113,3.6,0.76,0.85,0.53,0.54,2.7,11.9,5.1,-5.0,32.96,35.04
2249,2024-01-16 22:40,正常,2.4,2.7,267,265,74,103,4.9,0.77,0.85,0.58,0.57,2.7,11.9,5.2,-5.4,33.0,34.97
2250,2024-01-16 22:50,正常,2.3,2.3,207,221,89,115,4.9,0.74,0.83,0.56,0.52,1.9,12.0,5.3,-5.5,32.96,35.03
2251,2024-01-16 23:00,正常,2.9,2.0,206,271,70,107,4.0,0.77,0.84,0.55,0.56,2.7,11.9,4.8,-5.4,33.01,35.01
2252,2024-01-16 23:10,第二脉冲时间过长故障,2.2,2.7,287,252,73,120,5.4,0.79,0.88,0.59,0.57,2.3,12.1,5.3,-5.4,32.96,35.02
2253,2024-01-16 23:20,第二脉冲时间过短故障,2.5,2.1,279,224,99,118,3.1,0.74,0.82,0.51,0.55,1.7,12.0,4.9,-4.5,32.97,35.03
2254,2024-01-16 23:30,正常,2.5,2.2,209,205,99,101,3.1,0.75,0.88,0.57,0.54,2.1,12.1,4.5,-5.1,32.99,35.05
2255,2024-01-16 23:40,正常,2.1,2.8,271,270,89,110,3.8,0.8,0.83,0.54,0.52,2.0,12.0,4.7,-4.5,33.02,35.0
2256,2024-01-16 23:50,正常,2.1,2.1,209,205,86,102,4.5,0.71,0.85,0.58,0.55,2.1,12.0,5.3,-5.1,32.96,34.96
2257,2024-01-17 00:00,正常,2.1,2.3,226,287,90,118,5.2,0.73,0.84,0.52,0.57,2.7,12.1,5.0,-4.5,33.0,34.96
2258,2024-01-17 00:10,正常,2.0,2.2,239,251,90,127,4.6,0.75,0.84,0.53,0.57,1.5,12.1,4.6,-5.0,32.99,34.98
2259,2024-01-17 00:20,正常,2.5,2.3,207,206,74,122,5.1,0.76,0.86,0.57,0.56,1.1,12.0,5.2,-4.8,32.98,34.97
2260,2024-01-17 00:30,模式2电平过低故障,2.1,2.4,206,219,72,105,4.0,0.77,0.86,0.57,0.53,1.2,12.0,4.5,-6.1,33.0,35.03
2261,2024-01-17 00:40,正常,2.2,2.9,239,283,82,124,3.4,0.76,0.84,0.52,0.57,1.7,12.0,4.5,-5.3,33.02,34.95
2262,2024-01-17 00:50,正常,2.2,2.1,248,222,84,107,4.9,0.74,0.83,0.53,0.53,2.6,12.1,5.0,-5.3,33.04,35.03
2263,2024-01-17 01:00,正常,2.8,2.6,270,288,88,115,4.3,0.79,0.83,0.57,0.57,1.6,12.1,5.4,-4.8,33.01,35.03
2264,2024-01-17 01:10,指令判断时间过长故障,2.8,2.1,290,231,90,114,4.3,0.85,0.88,0.53,0.52,1.8,11.9,4.9,-4.9,32.95,35.04
2265,2024-01-17 01:20,第一脉冲时间过长故障,2.8,2.3,217,230,99,113,3.1,0.78,0.9,0.54,0.54,2.5,12.0,5.2,-4.7,32.96,35.03
2266,2024-01-17 01:30,模式1脉宽过短故障,2.9,2.6,271,218,71,114,5.2,0.75,0.83,0.57,0.54,1.9,12.0,5.4,-4.7,32.92,34.98
2267,2024-01-17 01:40,模式1脉宽过短故障,2.1,2.2,258,206,84,116,3.3,0.79,0.83,0.58,0.55,2.0,12.0,4.9,-5.3,32.88,34.99
2268,2024-01-17 01:50,正常,2.3,2.4,246,229,71,103,3.2,0.73,0.87,0.55,0.56,1.4,12.0,4.8,-5.2,32.98,34.97
2269,2024-01-17 02:00,模式1脉宽过短故障,2.3,2.7,245,280,82,113,3.7,0.76,0.83,0.56,0.52,2.6,12.0,4.7,-5.3,32.93,34.99
2270,2024-01-17 02:10,正常,2.4,2.8,247,268,87,109,3.8,0.73,0.86,0.57,0.52,1.5,11.9,5.5,-4.9,33.03,35.04
2271,2024-01-17 02:20,正常,2.6,2.8,241,282,78,128,3.1,0.78,0.82,0.56,0.55,1.4,12.1,5.4,-5.2,32.99,35.01
2272,2024-01-17 02:30,光电频率过低故障,2.4,2.5,259,234,89,117,5.4,0.71,0.87,0.54,0.54,0.6,11.9,4.8,-4.6,32.98,34.98
2273,2024-01-17 02:40,正常,2.7,2.2,209,254,83,114,4.4,0.73,0.87,0.54,0.54,1.4,11.9,4.9,-4.7,32.99,34.99
2274,2024-01-17 02:50,系统识别电压过高故障,2.8,2.5,263,287,72,101,3.2,0.72,0.87,0.54,0.56,1.4,12.3,5.4,-5.5,32.99,35.03
2275,2024-01-17 03:00,正常,2.7,2.4,278,264,91,116,3.3,0.72,0.83,0.54,0.57,1.9,12.0,4.8,-5.1,33.03,34.97
2276,2024-01-17 03:10,正常,2.1,2.2,280,248,99,111,3.5,0.7,0.84,0.53,0.53,2.3,11.9,5.5,-5.4,33.04,35.01
2277,2024-01-17 03:20,正常,2.9,2.8,277,253,89,122,4.5,0.76,0.84,0.55,0.56,2.6,11.9,5.1,-5.0,32.98,34.98
2278,2024-01-17 03:30,正常,2.0,2.4,203,255,80,106,3.5,0.78,0.83,0.56,0.58,2.2,12.0,4.5,-5.1,32.95,34.99
2279,2024-01-17 03:40,正常,2.8,2.1,252,277,73,101,4.2,0.79,0.86,0.57,0.52,2.7,11.9,5.0,-5.1,33.05,35.01
2280,2024-01-17 03:50,正常,2.1,2.5,243,245,78,112,5.4,0.8,0.84,0.56,0.53,2.2,12.0,5.2,-5.1,32.98,34.96
2281,2024-01-17 04:00,正常,2.3,2.5,281,249,74,122,5.0,0.76,0.85,0.57,0.56,2.6,12.0,5.1,-5.3,33.0,35.05
2282,2024-01-17 04:10,正常,2.5,2.9,281,248,96,125,3.1,0.76,0.84,0.53,0.57,1.6,12.0,4.9,-5.1,32.98,35.03
2283,2024-01-17 04:20,指令判断时间过短故障,2.3,2.1,222,211,92,124,4.6,0.67,0.86,0.57,0.57,2.6,12.0,4.5,-5.5,32.96,35.02
2284,2024-01-17 04:30,电路断开频率过高故障,2.2,2.3,207,284,93,146,5.1,0.72,0.83,0.54,0.53,1.8,12.0,5.2,-5.3,33.05,34.99
2285,2024-01-17 04:40,正常,2.6,2.8,229,241,76,127,3.8,0.76,0.86,0.57,0.54,1.9,11.9,5.3,-4.7,33.01,34.98
2286,2024-01-17 04:50,第二脉冲时间过长故障,2.2,2.5,290,251,85,107,5.5,0.75,0.84,0.6,0.54,2.5,11.9,5.0,-5.0,33.02,34.96
2287,2024-01-17 05:00,正常,2.8,2.5,247,246,93,112,4.5,0.74,0.84,0.58,0.57,2.2,11.9,4.6,-4.8,32.98,35.0
2288,2024-01-17 05:10,第二脉冲时间过短故障,2.8,2.3,243,261,96,130,5.0,0.73,0.88,0.5,0.58,2.7,12.0,4.6,-5.4,32.96,34.95
2289,2024-01-17 05:20,正常,2.5,2.2,260,264,97,119,4.8,0.72,0.87,0.57,0.54,1.8,12.0,5.4,-5.2,32.98,35.05
2290,2024-01-17 05:30,模式2电平过高故障,2.5,2.5,251,287,88,114,4.7,0.75,0.86,0.53,0.52,1.1,12.0,5.5,-3.9,33.01,35.05
2291,2024-01-17 05:40,正常,2.5,2.5,246,214,75,118,3.0,0.71,0.86,0.54,0.53,2.0,12.0,5.0,-4.8,33.01,34.95
2292,2024-01-17 05:50,正常,2.3,2.0,209,288,87,129,3.4,0.76,0.88,0.56,0.58,2.5,12.1,5.1,-4.7,33.04,34.98
2293,2024-01-17 06:00,模式1电平过高故障,2.7,2.1,289,284,90,121,4.1,0.79,0.84,0.54,0.54,1.9,12.0,6.0,-5.3,33.02,35.0
2294,2024-01-17 06:10,正常,2.6,2.7,229,259,89,109,5.1,0.79,0.83,0.57,0.56,2.3,12.0,4.9,-5.1,33.04,35.0
2295,2024-01-17 06:20,正常,2.8,2.4,202,238,88,110,3.6,0.75,0.86,0.53,0.52,2.8,11.9,5.2,-5.0,33.02,35.01
2296,2024-01-17 06:30,正常,2.5,2.4,229,222,81,118,3.7,0.71,0.85,0.53,0.55,2.0,11.9,5.4,-5.2,33.05,35.05
2297,2024-01-17 06:40,正常,2.9,2.4,273,255,92,112,3.6,0.78,0.85,0.56,0.52,2.7,12.0,5.2,-4.5,32.96,35.02
2298,2024-01-17 06:50,正常,2.5,2.4,272,208,90,124,5.0,0.8,0.86,0.55,0.55,1.7,12.1,4.8,-5.0,32.97,35.01
2299,2024-01-17 07:00,电路断开频率过低故障,2.6,2.6,256,209,81,94,5.5,0.77,0.82,0.57,0.56,2.7,11.9,5.1,-4.5,33.03,35.0
2300,2024-01-17 07:10,正常,2.7,2.7,205,205,89,112,4.1,0.79,0.87,0.55,0.55,2.7,12.1,4.8,-5.0,33.04,34.96
2301,2024-01-17 07:20,正常,2.7,2.2,249,269,82,124,4.2,0.78,0.87,0.54,0.54,2.8,12.0,5.0,-5.1,33.04,34.99
2302,2024-01-17 07:30,正常,2.7,2.9,221,272,82,113,4.6,0.74,0.85,0.56,0.53,1.4,12.0,5.0,-5.4,32.95,35.01
2303,2024-01-17 07:40,正常,2.8,2.3,240,250,97,107,4.3,0.74,0.88,0.56,0.58,2.2,12.1,4.6,-4.6,33.03,34.99
2304,2024-01-17 07:50,正常,2.8,2.2,206,235,88,108,3.3,0.72,0.85,0.56,0.56,1.1,12.1,5.1,-4.9,33.03,34.98
2305,2024-01-17 08:00,正常,2.7,2.7,256,206,89,107,3.9,0.74,0.86,0.55,0.54,1.0,12.0,5.2,-4.7,32.98,35.03
2306,2024-01-17 08:10,正常,2.2,2.5,214,230,82,123,3.7,0.7,0.86,0.57,0.55,1.9,12.1,5.0,-5.3,32.98,34.99
2307,2024-01-17 08:20,第二脉冲时间过短故障,2.6,2.4,256,262,92,104,3.1,0.7,0.85,0.5,0.55,2.5,12.0,5.4,-5.4,33.04,35.0
2308,2024-01-17 08:30,正常,2.5,2.8,256,220,82,115,4.4,0.8,0.86,0.53,0.54,2.9,12.0,5.1,-5.2,33.03,35.03
2309,2024-01-17 08:40,正常,2.2,2.2,290,247,89,112,3.6,0.75,0.87,0.52,0.53,2.5,12.0,5.3,-4.9,33.03,34.96
2310,2024-01-17 08:50,正常,2.8,2.4,266,221,90,104,3.5,0.74,0.84,0.54,0.52,1.9,11.9,4.7,-4.8,32.98,35.04
2311,2024-01-17 09:00,正常,2.6,2.4,216,234,78,118,5.0,0.75,0.84,0.56,0.54,1.9,12.1,4.8,-5.0,32.99,34.97
2312,2024-01-17 09:10,正常,2.8,2.3,219,240,78,107,4.4,0.73,0.86,0.58,0.57,2.6,12.0,5.1,-4.7,33.04,35.02
2313,2024-01-17 09:20,正常,2.1,2.7,213,286,99,119,3.6,0.75,0.85,0.54,0.58,1.8,12.0,5.3,-4.9,33.02,35.0
2314,2024-01-17 09:30,正常,2.8,2.2,290,241,70,102,3.5,0.73,0.82,0.53,0.56,1.3,12.0,4.6,-5.4,32.98,34.97
2315,2024-01-17 09:40,第一脉冲时间过短故障,2.1,2.7,230,222,83,111,3.3,0.73,0.79,0.57,0.56,2.0,12.0,4.8,-5.3,33.05,35.01
2316,2024-01-17 09:50,正常,2.1,2.8,283,264,98,114,4.7,0.77,0.82,0.57,0.57,2.2,12.1,4.8,-4.6,32.99,34.96
2317,2024-01-17 10:00,模式1电平过高故障,2.1,2.8,242,206,75,112,5.0,0.76,0.83,0.57,0.54,2.3,12.0,5.9,-4.8,33.02,35.01
2318,2024-01-17 10:10,电路断开时间超标故障,2.1,2.3,224,239,84,117,5.8,0.77,0.86,0.57,0.56,1.4,12.1,5.4,-4.6,33.0,35.04
2319,2024-01-17 10:20,正常,2.7,2.5,229,249,94,114,3.2,0.73,0.86,0.53,0.52,2.6,12.0,5.3,-4.8,33.01,35.03
2320,2024-01-17 10:30,模式2脉宽过长故障,2.1,2.7,282,253,75,101,3.2,0.8,0.86,0.54,0.57,2.5,12.0,5.3,-4.5,33.03,35.08
2321,2024-01-17 10:40,正常,2.4,2.2,266,225,81,119,4.4,0.78,0.83,0.55,0.53,2.4,12.0,5.2,-5.2,33.03,35.02
2322,2024-01-17 10:50,指令判断时间过长故障,2.4,2.6,249,230,91,125,4.6,0.87,0.87,0.53,0.52,2.2,12.0,5.1,-4.7,32.96,35.02
2323,2024-01-17 11:00,指令判断时间过短故障,2.9,2.5,260,266,73,101,4.3,0.68,0.83,0.52,0.55,2.3,12.0,5.0,-5.2,32.95,34.98
2324,2024-01-17 11:10,正常,2.2,2.7,256,207,74,105,5.0,0.77,0.83,0.58,0.55,1.8,11.9,4.6,-4.7,33.01,34.98
2325,2024-01-17 11:20,正常,2.4,2.5,256,232,75,109,4.3,0.76,0.86,0.55,0.56,2.7,12.0,4.7,-4.8,32.99,34.99
2326,2024-01-17 11:30,正常,2.5,2.3,262,268,97,106,5.0,0.72,0.87,0.55,0.55,1.6,12.1,5.4,-5.2,32.99,35.04
2327,2024-01-17 11:40,电路断开时间超标故障,2.8,2.2,209,277,95,116,6.0,0.7,0.84,0.56,0.57,2.9,12.0,5.4,-4.8,32.98,34.98
2328,2024-01-17 11:50,正常,2.7,2.3,265,266,71,101,5.3,0.76,0.85,0.56,0.52,2.8,12.1,5.4,-5.1,32.97,35.03
2329,2024-01-17 12:00,电路断开频率过高故障,2.6,2.2,241,274,77,139,4.9,0.71,0.85,0.54,0.55,2.8,11.9,5.0,-4.9,32.96,35.01
2330,2024-01-17 12:10,正常,2.0,2.3,204,209,94,130,3.1,0.72,0.85,0.57,0.54,2.9,11.9,5.3,-4.6,33.01,35.04
2331,2024-01-17 12:20,正常,2.7,2.8,245,283,73,127,5.3,0.72,0.87,0.55,0.57,2.4,12.0,5.3,-5.4,32.99,34.99
2332,2024-01-17 12:30,正常,2.3,2.6,243,231,97,114,3.8,0.73,0.87,0.58,0.52,2.7,12.1,4.6,-4.8,32.96,35.04
2333,2024-01-17 12:40,正常,2.7,2.7,237,250,94,129,5.5,0.73,0.84,0.53,0.54,1.3,12.0,5.2,-4.6,33.05,35.03
2334,2024-01-17 12:50,正常,2.7,2.3,287,238,99,114,4.6,0.73,0.85,0.54,0.53,2.7,11.9,5.3,-4.5,32.99,35.0
2335,2024-01-17 13:00,正常,2.2,2.4,217,235,93,127,5.2,0.72,0.86,0.56,0.52,2.3,12.0,4.6,-5.1,33.01,34.99
2336,2024-01-17 13:10,正常,2.1,2.0,208,275,99,114,3.5,0.78,0.85,0.54,0.56,1.8,12.1,5.1,-4.5,33.05,35.01
2337,2024-01-17 13:20,指令判断时间过短故障,2.9,2.7,282,273,78,107,4.4,0.66,0.83,0.56,0.55,1.7,12.0,5.2,-4.9,33.02,35.01
2338,2024-01-17 13:30,正常,2.0,2.4,206,279,80,123,5.3,0.77,0.82,0.55,0.53,1.0,12.0,4.8,-5.2,32.98,35.01
2339,2024-01-17 13:40,第一脉冲时间过短故障,2.0,2.4,249,227,73,127,4.7,0.78,0.8,0.56,0.55,1.7,12.1,4.6,-5.3,32.99,34.95
2340,2024-01-17 13:50,模式1脉宽过短故障,2.5,2.6,262,244,83,117,4.1,0.76,0.84,0.58,0.53,2.8,11.9,4.6,-4.5,32.86,34.98
2341,2024-01-17 14:00,正常,2.0,2.8,211,219,81,107,5.4,0.72,0.85,0.55,0.55,1.1,12.0,5.4,-5.3,33.01,35.03
2342,2024-01-17 14:10,正常,2.4,2.5,243,204,78,106,5.0,0.75,0.85,0.57,0.52,1.8,12.0,4.7,-4.5,33.03,35.01
2343,2024-01-17 14:20,正常,2.0,2.6,213,249,83,120,4.1,0.7,0.83,0.56,0.53,1.7,12.0,5.3,-4.8,32.96,35.0
2344,2024-01-17 14:30,-24V稳定电流超标故障,2.0,2.7,233,388,78,111,5.0,0.75,0.82,0.54,0.54,2.7,11.9,4.5,-4.8,33.05,35.0
2345,2024-01-17 14:40,正常,2.8,2.1,244,277,91,108,4.5,0.75,0.87,0.52,0.56,1.9,12.0,4.9,-5.4,33.03,34.96
2346,2024-01-17 14:50,光电频率过低故障,2.2,2.2,228,206,86,114,3.1,0.71,0.84,0.58,0.53,0.8,12.1,5.0,-5.2,33.0,34.96
2347,2024-01-17 15:00,正常,2.2,2.8,258,234,88,121,5.1,0.76,0.87,0.54,0.57,2.1,11.9,5.4,-5.1,33.02,35.04
2348,2024-01-17 15:10,正常,2.3,2.9,256,219,83,113,4.6,0.77,0.87,0.57,0.57,2.7,12.1,4.9,-5.4,32.99,34.99
2349,2024-01-17 15:20,正常,2.1,2.8,233,250,98,101,3.8,0.71,0.84,0.54,0.55,1.6,11.9,5.1,-4.6,33.0,35.0
2350,2024-01-17 15:30,正常,2.8,2.2,213,277,91,119,4.2,0.72,0.86,0.52,0.55,2.8,12.0,5.4,-4.7,32.99,35.04
2351,2024-01-17 15:40,正常,2.8,2.3,201,277,95,129,4.1,0.8,0.85,0.55,0.53,1.1,12.0,4.9,-4.7,33.01,34.98
2352,2024-01-17 15:50,第三脉冲时间过长故障,2.6,2.5,201,289,75,104,4.5,0.75,0.84,0.54,0.59,1.1,12.1,5.5,-5.0,33.03,35.0
2353,2024-01-17 16:00,正常,2.6,2.1,224,277,74,117,3.6,0.73,0.84,0.57,0.54,2.7,12.0,5.1,-5.2,33.02,34.99
2354,2024-01-17 16:10,第二脉冲时间过短故障,2.5,2.7,288,246,96,123,5.1,0.71,0.85,0.49,0.54,2.6,12.1,5.4,-5.0,33.0,34.99
2355,2024-01-17 16:20,正常,2.3,2.6,283,252,91,112,3.0,0.7,0.86,0.55,0.56,1.2,11.9,5.1,-5.0,32.96,35.03
2356,2024-01-17 16:30,正常,2.5,2.7,201,200,89,120,4.7,0.72,0.84,0.55,0.53,2.9,11.9,5.3,-4.9,33.03,34.98
2357,2024-01-17 16:40,正常,2.3,2.8,248,204,95,109,5.4,0.74,0.86,0.54,0.54,2.7,12.1,5.2,-4.7,33.01,34.99
2358,2024-01-17 16:50,正常,2.8,2.3,267,289,80,105,3.2,0.79,0.85,0.57,0.53,2.7,12.1,5.1,-5.3,33.02,35.01
2359,2024-01-17 17:00,光电频率过低故障,2.4,2.3,281,221,86,100,3.6,0.78,0.86,0.54,0.53,0.6,12.0,4.7,-4.9,33.02,34.96
2360,2024-01-17 17:10,正常,2.6,2.9,256,209,98,101,3.5,0.71,0.82,0.54,0.53,2.6,12.0,5.2,-4.8,32.96,34.96
2361,2024-01-17 17:20,正常,2.7,2.5,250,283,91,128,5.1,0.8,0.86,0.54,0.56,2.3,11.9,4.6,-4.6,32.97,35.01
2362,2024-01-17 17:30,光电频率过低故障,2.1,2.4,282,222,89,113,3.9,0.72,0.85,0.56,0.58,0.4,12.0,4.8,-5.0,33.05,34.98
2363,2024-01-17 17:40,光电频率过低故障,2.7,2.3,283,208,72,121,3.7,0.78,0.83,0.57,0.58,0.5,12.0,4.6,-4.9,33.02,34.98
2364,2024-01-17 17:50,正常,2.6,2.6,249,254,97,107,3.9,0.72,0.84,0.54,0.57,1.7,12.1,4.9,-4.9,33.01,35.02
2365,2024-01-17 18:00,正常,2.3,2.5,235,228,98,100,5.4,0.74,0.85,0.54,0.58,2.1,12.0,5.1,-4.8,33.03,35.0
2366,2024-01-17 18:10,正常,2.1,2.5,233,221,91,125,4.4,0.8,0.85,0.53,0.53,2.7,12.0,4.6,-5.0,32.98,34.98
2367,2024-01-17 18:20,正常,2.4,2.9,280,215,86,120,5.4,0.72,0.87,0.56,0.54,2.0,11.9,4.7,-4.8,33.02,35.0
2368,2024-01-17 18:30,正常,2.5,2.3,233,231,87,100,5.1,0.71,0.84,0.54,0.57,1.8,11.9,4.7,-4.9,32.97,34.95
2369,2024-01-17 18:40,正常,2.6,2.1,236,275,89,107,5.0,0.7,0.86,0.57,0.57,1.2,12.0,5.4,-4.6,32.98,35.01
2370,2024-01-17 18:50,正常,2.9,2.2,227,244,81,126,3.3,0.76,0.83,0.53,0.54,2.8,11.9,5.3,-4.8,33.03,35.01
2371,2024-01-17 19:00,正常,2.5,2.8,210,283,82,104,3.2,0.78,0.88,0.52,0.53,2.7,11.9,4.9,-5.3,32.97,35.05
2372,2024-01-17 19:10,电路断开频率过高故障,2.6,2.6,242,215,94,141,3.3,0.77,0.86,0.56,0.57,1.8,12.0,5.3,-5.4,32.99,34.99
2373,2024-01-17 19:20,正常,2.4,2.7,272,256,95,120,5.3,0.71,0.87,0.53,0.52,1.7,12.0,5.4,-5.5,33.02,34.97
2374,2024-01-17 19:30,正常,2.7,2.2,241,276,96,128,3.9,0.71,0.82,0.54,0.58,1.7,12.1,4.6,-4.9,33.0,35.0
2375,2024-01-17 19:40,模式1电平过低故障,2.4,2.4,216,281,95,124,3.4,0.78,0.82,0.53,0.54,2.3,12.0,4.1,-4.6,33.04,34.95
2376,2024-01-17 19:50,正常,2.5,2.0,265,208,82,112,4.6,0.8,0.85,0.55,0.53,1.4,12.1,4.8,-5.1,33.04,34.99
2377,2024-01-17 20:00,正常,2.3,2.0,215,246,91,113,5.4,0.71,0.87,0.55,0.56,2.3,12.0,5.1,-4.9,33.02,35.05
2378,2024-01-17 20:10,第一脉冲时间过长故障,2.5,2.3,241,223,70,104,4.9,0.74,0.89,0.54,0.52,2.1,11.9,4.7,-5.5,32.96,35.01
2379,2024-01-17 20:20,第二脉冲时间过短故障,2.5,2.4,225,236,90,126,3.8,0.79,0.85,0.5,0.53,2.0,12.1,4.8,-5.0,32.96,35.04
2380,2024-01-17 20:30,正常,2.2,2.7,213,254,79,113,4.4,0.77,0.84,0.53,0.57,1.4,12.1,4.9,-4.5,33.03,35.0
2381,2024-01-17 20:40,正常,2.3,2.7,253,289,83,113,4.4,0.71,0.87,0.54,0.54,1.4,12.1,5.0,-5.0,33.01,35.05
2382,2024-01-17 20:50,第一脉冲时间过长故障,2.4,2.4,258,215,78,122,4.6,0.78,0.91,0.55,0.56,2.1,12.0,5.2,-5.5,33.03,35.04
2383,2024-01-17 21:00,第二脉冲时间过长故障,2.3,2.3,210,234,96,104,4.5,0.79,0.87,0.61,0.53,1.8,11.9,4.5,-5.1,32.97,34.97
2384,2024-01-17 21:10,正常,2.5,2.3,277,237,84,121,5.1,0.77,0.82,0.53,0.53,1.8,11.9,4.7,-5.3,33.05,35.03
2385,2024-01-17 21:20,正常,2.3,2.6,288,243,83,127,4.5,0.75,0.86,0.56,0.56,2.1,12.0,5.3,-4.9,32.97,35.01
2386,2024-01-17 21:30,正常,2.5,2.4,201,227,85,125,4.8,0.74,0.88,0.57,0.58,2.0,11.9,5.3,-5.4,32.97,35.01
2387,2024-01-17 21:40,正常,2.9,2.4,272,253,91,113,4.0,0.71,0.84,0.58,0.55,2.7,12.0,5.0,-4.9,32.95,35.0
2388,2024-01-17 21:50,第二脉冲时间过短故障,2.2,2.8,217,259,94,117,3.3,0.77,0.84,0.51,0.53,2.8,12.0,5.0,-5.5,33.04,34.96
2389,2024-01-17 22:00,+9V稳定电流超标故障,2.7,2.5,204,286,147,105,3.1,0.76,0.88,0.56,0.54,2.8,12.0,5.0,-5.0,33.01,34.98
2390,2024-01-17 22:10,正常,2.8,2.8,209,203,92,128,5.2,0.76,0.83,0.52,0.53,1.4,12.0,5.3,-5.2,33.05,34.96
2391,2024-01-17 22:20,模式2电平过高故障,2.1,2.4,223,200,80,120,5.1,0.74,0.84,0.57,0.53,2.0,12.0,4.9,-4.0,33.0,35.03
2392,2024-01-17 22:30,正常,2.8,2.1,251,281,97,107,3.9,0.74,0.84,0.53,0.53,2.6,12.0,4.8,-4.7,33.0,34.96
2393,2024-01-17 22:40,正常,2.0,2.7,286,240,92,104,3.3,0.8,0.83,0.55,0.57,1.9,11.9,5.2,-5.2,33.02,34.96
2394,2024-01-17 22:50,正常,2.8,2.5,290,285,85,120,5.2,0.74,0.86,0.58,0.57,2.5,12.0,5.0,-4.9,33.04,35.01
2395,2024-01-17 23:00,正常,2.2,2.1,246,245,97,117,4.9,0.75,0.88,0.53,0.56,2.2,11.9,4.9,-5.4,32.99,34.98
2396,2024-01-17 23:10,模式1脉宽过长故障,2.6,2.2,288,200,73,120,5.4,0.79,0.83,0.54,0.56,2.5,12.0,5.2,-5.0,33.13,35.02
2397,2024-01-17 23:20,正常,2.2,2.7,210,236,96,120,5.1,0.75,0.84,0.56,0.55,2.6,12.0,4.5,-5.3,33.0,35.04
2398,2024-01-17 23:30,正常,2.8,2.5,265,243,70,124,5.4,0.72,0.86,0.58,0.54,1.7,12.0,4.6,-4.6,32.98,34.99
2399,2024-01-17 23:40,正常,2.8,2.4,290,278,88,104,3.8,0.78,0.87,0.57,0.56,2.2,11.9,5.3,-5.3,33.04,35.03
2400,2024-01-17 23:50,正常,2.2,2.4,263,260,75,122,4.0,0.79,0.87,0.54,0.56,2.1,12.1,5.1,-5.0,33.04,35.01
2401,2024-01-18 00:00,系统识别电压过高故障,2.5,2.4,213,252,95,119,4.1,0.71,0.87,0.53,0.53,1.5,12.4,4.8,-4.5,33.05,34.95
2402,2024-01-18 00:10,正常,2.2,2.9,230,251,93,100,5.0,0.75,0.86,0.56,0.55,2.5,12.0,5.2,-5.1,33.04,34.96
2403,2024-01-18 00:20,正常,2.4,2.9,282,245,92,130,3.4,0.78,0.83,0.56,0.57,1.5,12.1,4.7,-5.0,33.03,34.99
2404,2024-01-18 00:30,第一脉冲时间过长故障,2.8,2.7,226,250,80,130,5.4,0.72,0.91,0.58,0.55,2.5,12.0,5.1,-5.4,33.01,34.98
2405,2024-01-18 00:40,正常,2.2,2.2,289,260,71,120,5.4,0.71,0.83,0.52,0.52,1.5,11.9,4.5,-4.6,33.0,35.01
2406,2024-01-18 00:50,正常,2.4,2.5,283,282,88,102,3.2,0.72,0.87,0.57,0.56,1.9,12.0,4.7,-4.7,33.03,34.97
2407,2024-01-18 01:00,第三脉冲时间过长故障,2.0,2.8,207,274,96,107,3.5,0.7,0.84,0.53,0.59,3.0,12.0,4.8,-4.7,33.05,35.03
2408,2024-01-18 01:10,电路断开频率过低故障,2.4,2.3,268,208,78,93,3.3,0.75,0.88,0.58,0.56,1.1,12.0,5.1,-4.5,32.99,35.04
2409,2024-01-18 01:20,正常,2.0,2.0,255,223,99,103,4.3,0.74,0.88,0.54,0.55,2.6,12.0,4.6,-4.7,32.98,34.97
2410,2024-01-18 01:30,正常,2.6,2.3,202,264,98,110,5.2,0.73,0.85,0.58,0.56,2.6,11.9,4.5,-4.9,32.96,35.04
2411,2024-01-18 01:40,正常,2.8,2.2,271,203,87,113,3.4,0.8,0.85,0.57,0.56,1.9,11.9,4.8,-4.6,32.98,35.02
2412,2024-01-18 01:50,电路断开时间超标故障,2.7,2.6,259,220,74,116,6.8,0.78,0.85,0.57,0.53,2.8,11.9,4.9,-5.4,32.96,35.04
2413,2024-01-18 02:00,正常,2.2,2.6,281,289,90,119,3.9,0.78,0.82,0.55,0.54,2.9,12.0,4.9,-5.3,33.01,35.03
2414,2024-01-18 02:10,光电频率过低故障,2.4,2.7,267,230,72,104,3.0,0.79,0.84,0.57,0.56,0.3,12.1,5.2,-5.2,33.02,35.02
2415,2024-01-18 02:20,正常,2.0,2.3,256,271,73,111,4.0,0.75,0.86,0.53,0.56,1.7,12.0,4.9,-4.5,33.02,35.0
2416,2024-01-18 02:30,正常,2.8,2.6,219,246,94,112,3.2,0.74,0.85,0.57,0.58,1.1,11.9,4.7,-5.3,33.05,34.97
2417,2024-01-18 02:40,正常,2.9,2.1,243,261,77,112,3.4,0.76,0.87,0.56,0.52,1.8,12.0,5.2,-4.7,32.98,35.03
2418,2024-01-18 02:50,正常,2.0,2.4,217,250,95,104,5.3,0.74,0.83,0.53,0.52,2.5,12.0,5.2,-4.5,33.04,35.02
2419,2024-01-18 03:00,正常,2.3,2.5,271,242,81,100,5.0,0.73,0.86,0.55,0.53,1.3,12.1,5.3,-4.5,33.02,34.95
2420,2024-01-18 03:10,正常,2.6,2.1,287,207,85,126,3.8,0.75,0.85,0.53,0.56,2.7,12.0,5.3,-5.0,33.03,34.98
2421,2024-01-18 03:20,正常,2.1,2.8,221,263,82,114,3.5,0.79,0.84,0.55,0.56,1.9,12.1,4.6,-4.9,33.0,35.0
2422,2024-01-18 03:30,正常,2.6,2.2,255,287,94,113,3.3,0.78,0.87,0.57,0.52,1.2,12.0,4.8,-4.9,33.04,35.0
2423,2024-01-18 03:40,正常,2.6,2.3,234,212,77,116,3.0,0.74,0.83,0.58,0.55,1.4,11.9,5.4,-5.1,33.03,35.01
2424,2024-01-18 03:50,第三脉冲时间过短故障,2.3,2.8,261,259,90,119,4.7,0.71,0.84,0.55,0.5,1.0,12.0,5.2,-4.7,32.99,35.04
2425,2024-01-18 04:00,正常,2.8,2.6,236,259,76,123,3.5,0.75,0.82,0.55,0.55,1.4,11.9,4.6,-5.0,32.98,35.05
2426,2024-01-18 04:10,正常,2.2,2.1,217,238,76,105,4.9,0.73,0.83,0.53,0.53,1.2,12.1,4.5,-5.1,33.0,35.05
2427,2024-01-18 04:20,正常,2.6,2.0,207,222,71,129,3.7,0.76,0.82,0.56,0.55,2.1,11.9,4.8,-5.2,32.99,34.98
2428,2024-01-18 04:30,正常,2.8,2.5,264,240,96,123,4.3,0.73,0.85,0.53,0.56,1.1,12.1,5.4,-5.3,33.05,35.04
2429,2024-01-18 04:40,电路断开时间超标故障,2.3,2.5,210,260,96,110,5.8,0.74,0.82,0.57,0.56,1.8,12.0,5.2,-5.3,33.04,34.99
2430,2024-01-18 04:50,正常,2.4,2.5,240,214,97,123,5.1,0.78,0.84,0.53,0.54,2.7,11.9,5.0,-5.0,32.99,35.0
2431,2024-01-18 05:00,正常,2.5,2.3,282,206,87,121,4.2,0.76,0.84,0.57,0.53,2.0,12.0,5.3,-5.3,32.98,35.02
2432,2024-01-18 05:10,正常,2.8,2.1,284,262,71,112,4.3,0.73,0.84,0.54,0.55,1.3,12.0,4.5,-5.1,32.96,34.95
2433,2024-01-18 05:20,正常,2.7,2.6,250,275,86,113,3.4,0.72,0.88,0.52,0.55,2.7,12.0,5.4,-4.7,32.97,35.05
2434,2024-01-18 05:30,正常,2.3,2.7,284,240,81,104,3.6,0.74,0.86,0.53,0.57,1.0,12.0,5.3,-5.2,32.99,35.03
2435,2024-01-18 05:40,正常,2.8,2.8,216,259,86,121,4.4,0.71,0.86,0.53,0.56,2.8,12.0,5.4,-5.4,33.05,35.02
2436,2024-01-18 05:50,正常,2.7,2.7,259,209,79,129,4.0,0.7,0.88,0.56,0.52,2.5,12.0,4.7,-5.3,33.0,35.01
2437,2024-01-18 06:00,正常,2.8,2.3,286,244,95,114,5.2,0.76,0.85,0.55,0.54,1.7,12.1,5.1,-4.6,33.02,35.04
2438,2024-01-18 06:10,第三脉冲时间过短故障,2.2,2.6,258,253,83,112,4.3,0.74,0.87,0.53,0.5,2.4,12.1,5.4,-5.1,33.05,35.01
2439,2024-01-18 06:20,正常,2.8,2.0,214,246,81,120,5.2,0.79,0.83,0.53,0.58,1.5,12.1,4.6,-4.9,33.01,35.0
2440,2024-01-18 06:30,正常,2.7,2.7,214,269,76,121,4.7,0.7,0.88,0.52,0.57,1.9,12.1,4.5,-5.3,32.98,34.97
2441,2024-01-18 06:40,正常,2.0,2.4,202,251,97,122,5.1,0.73,0.86,0.54,0.52,1.8,12.0,5.4,-4.9,32.98,34.99
2442,2024-01-18 06:50,指令判断时间过短故障,2.3,2.4,261,216,87,119,3.5,0.67,0.86,0.55,0.55,1.9,12.0,5.2,-4.9,32.99,34.99
2443,2024-01-18 07:00,正常,2.8,2.5,265,217,85,109,4.2,0.76,0.85,0.54,0.56,2.5,11.9,4.6,-5.1,33.04,34.99
2444,2024-01-18 07:10,正常,2.0,2.6,217,255,81,116,4.5,0.71,0.87,0.53,0.55,1.6,12.0,5.4,-5.1,32.97,35.05
2445,2024-01-18 07:20,正常,2.4,2.4,202,261,88,101,4.9,0.73,0.84,0.53,0.54,2.5,12.1,4.7,-5.3,32.98,34.97
2446,2024-01-18 07:30,+24V稳定电流超标故障,2.2,2.1,359,250,96,130,4.6,0.78,0.87,0.58,0.55,2.5,12.0,5.5,-5.1,32.95,35.04
2447,2024-01-18 07:40,模式1电平过高故障,2.2,2.2,216,231,90,127,4.9,0.8,0.83,0.54,0.57,2.2,12.0,5.8,-5.2,32.97,34.96
2448,2024-01-18 07:50,-24V稳定电流超标故障,2.1,2.4,249,321,96,107,3.2,0.79,0.88,0.54,0.54,2.0,11.9,4.5,-4.8,33.02,35.03
2449,2024-01-18 08:00,光电频率过低故障,2.8,2.4,235,215,76,116,4.6,0.76,0.85,0.56,0.56,0.5,12.0,4.8,-4.7,33.05,34.96
2450,2024-01-18 08:10,-24V最大电流超标故障,2.1,3.6,239,267,77,120,4.9,0.75,0.87,0.54,0.53,2.0,12.1,5.4,-5.2,33.01,34.96
2451,2024-01-18 08:20,-24V稳定电流超标故障,2.0,2.8,260,377,80,123,4.2,0.79,0.85,0.56,0.55,1.1,12.0,5.2,-5.3,32.98,34.98
2452,2024-01-18 08:30,模式2脉宽过短故障,2.6,2.3,251,229,73,112,5.0,0.73,0.87,0.52,0.56,2.7,12.0,4.7,-4.8,33.0,34.86
2453,2024-01-18 08:40,第二脉冲时间过短故障,2.4,2.8,278,208,82,112,3.7,0.76,0.86,0.5,0.54,1.5,12.1,5.3,-4.6,32.95,34.97
2454,2024-01-18 08:50,正常,2.8,2.6,219,251,90,113,4.7,0.78,0.88,0.55,0.56,1.8,12.1,5.1,-5.0,32.99,35.01
2455,2024-01-18 09:00,正常,2.3,2.4,283,262,71,111,3.9,0.78,0.87,0.58,0.52,1.1,12.0,4.8,-5.4,33.03,35.03
2456,2024-01-18 09:10,正常,2.1,2.0,258,270,89,118,3.7,0.78,0.86,0.55,0.57,2.0,11.9,5.0,-5.4,32.97,35.02
2457,2024-01-18 09:20,正常,2.8,2.1,239,274,85,113,4.9,0.76,0.82,0.54,0.53,2.6,12.1,5.3,-5.2,33.05,34.98
2458,2024-01-18 09:30,正常,2.4,2.8,284,208,94,120,5.2,0.75,0.83,0.58,0.53,1.5,11.9,4.9,-5.2,33.03,35.0
2459,2024-01-18 09:40,正常,2.0,2.4,270,267,86,128,4.9,0.73,0.87,0.57,0.53,2.7,12.0,5.3,-5.0,33.02,35.02
2460,2024-01-18 09:50,模式1电平过低故障,2.4,2.5,259,231,75,112,4.3,0.71,0.86,0.55,0.53,3.0,12.0,3.8,-4.8,33.02,35.03
2461,2024-01-18 10:00,正常,2.4,2.6,254,269,81,122,4.2,0.77,0.88,0.56,0.54,1.9,12.0,5.0,-5.2,33.05,34.99
2462,2024-01-18 10:10,正常,2.6,2.1,285,251,81,129,4.2,0.75,0.86,0.54,0.57,1.9,12.0,5.4,-5.4,32.97,35.02
2463,2024-01-18 10:20,正常,2.2,2.8,249,278,72,109,4.0,0.73,0.83,0.57,0.55,1.5,12.0,5.1,-5.2,33.04,34.99
2464,2024-01-18 10:30,正常,2.6,2.3,280,242,96,102,3.8,0.77,0.87,0.58,0.53,1.2,12.0,4.8,-5.2,33.01,34.95
2465,2024-01-18 10:40,正常,2.0,2.3,266,236,90,122,4.6,0.71,0.85,0.57,0.52,1.1,12.0,5.0,-5.2,32.99,34.95
2466,2024-01-18 10:50,正常,2.1,2.3,236,279,94,118,3.8,0.79,0.83,0.53,0.58,1.4,11.9,5.4,-5.3,32.97,34.98
2467,2024-01-18 11:00,正常,2.3,2.3,230,226,78,128,5.0,0.73,0.83,0.56,0.57,2.8,12.1,5.0,-4.5,32.98,34.99
2468,2024-01-18 11:10,正常,2.8,2.7,227,279,93,113,4.4,0.74,0.86,0.54,0.52,1.8,11.9,5.2,-4.6,32.95,34.98
2469,2024-01-18 11:20,电路断开时间超标故障,2.5,2.9,224,256,89,110,5.9,0.79,0.85,0.52,0.53,2.7,11.9,5.2,-5.0,33.04,34.98
2470,2024-01-18 11:30,正常,2.1,2.6,278,223,73,105,3.9,0.71,0.84,0.54,0.57,2.2,11.9,5.2,-4.8,33.02,35.04
2471,2024-01-18 11:40,正常,2.5,2.5,206,277,73,126,5.2,0.79,0.88,0.53,0.52,2.4,11.9,5.5,-5.0,32.98,35.0
2472,2024-01-18 11:50,正常,2.5,2.8,267,228,92,129,4.2,0.74,0.86,0.55,0.52,1.5,11.9,5.2,-4.6,33.05,35.04
2473,2024-01-18 12:00,光电频率过高故障,2.1,2.4,238,219,80,103,4.4,0.75,0.84,0.55,0.55,3.6,11.9,4.9,-5.3,32.96,34.95
2474,2024-01-18 12:10,正常,2.9,2.7,245,218,73,124,5.5,0.77,0.85,0.55,0.54,1.5,12.1,4.5,-5.1,32.99,34.98
2475,2024-01-18 12:20,模式1脉宽过短故障,2.2,2.3,280,207,74,129,3.6,0.7,0.86,0.52,0.55,1.8,11.9,4.9,-5.2,32.88,34.98
2476,2024-01-18 12:30,正常,2.7,2.3,239,205,97,113,4.2,0.78,0.87,0.54,0.57,2.9,12.0,4.7,-5.4,32.98,35.0
2477,2024-01-18 12:40,正常,2.7,2.1,283,257,98,115,3.0,0.8,0.87,0.58,0.55,2.4,11.9,4.6,-4.5,32.99,34.97
2478,2024-01-18 12:50,第一脉冲时间过短故障,2.5,2.7,211,236,91,102,5.2,0.72,0.8,0.58,0.54,2.6,11.9,5.2,-4.7,32.96,34.98
2479,2024-01-18 13:00,正常,2.9,2.5,275,262,72,119,4.2,0.76,0.85,0.53,0.58,2.6,12.0,4.8,-4.6,32.98,34.97
2480,2024-01-18 13:10,第三脉冲时间过短故障,2.1,2.6,255,243,90,114,5.4,0.77,0.83,0.57,0.5,2.0,11.9,4.8,-4.7,32.98,35.04
2481,2024-01-18 13:20,正常,2.8,2.4,270,208,75,128,4.1,0.72,0.86,0.54,0.56,2.8,11.9,4.9,-4.8,33.02,35.01
2482,2024-01-18 13:30,正常,2.6,2.4,277,225,85,128,4.0,0.76,0.84,0.53,0.53,1.2,12.0,4.7,-5.2,33.05,35.03
2483,2024-01-18 13:40,正常,2.8,2.2,239,252,98,106,3.8,0.74,0.83,0.53,0.57,2.3,12.1,4.7,-5.1,33.03,35.01
2484,2024-01-18 13:50,模式1电平过低故障,2.5,2.1,261,231,90,102,4.9,0.79,0.85,0.58,0.55,2.7,12.0,3.8,-4.9,32.96,35.03
2485,2024-01-18 14:00,正常,2.2,2.2,283,240,72,120,4.8,0.74,0.86,0.53,0.53,2.8,12.0,4.7,-5.2,32.99,35.01
2486,2024-01-18 14:10,正常,2.1,2.7,255,283,79,117,4.3,0.76,0.86,0.55,0.55,2.5,12.0,5.2,-5.3,32.98,35.05
2487,2024-01-18 14:20,正常,2.7,2.5,233,240,97,123,5.4,0.77,0.87,0.52,0.56,2.7,11.9,4.7,-4.6,33.04,35.01
2488,2024-01-18 14:30,正常,2.3,2.2,247,234,71,130,5.4,0.72,0.87,0.54,0.52,2.5,12.0,4.6,-4.9,32.95,34.98
2489,2024-01-18 14:40,正常,2.8,2.7,267,224,81,128,3.6,0.78,0.82,0.56,0.57,1.3,12.0,4.8,-5.0,33.01,35.04
2490,2024-01-18 14:50,光电频率过高故障,2.7,2.7,289,242,92,126,3.7,0.79,0.87,0.54,0.58,3.4,12.0,5.5,-5.2,33.04,34.95
2491,2024-01-18 15:00,正常,2.4,2.1,211,276,82,123,5.5,0.74,0.87,0.55,0.54,2.4,11.9,5.3,-5.5,33.0,35.04
2492,2024-01-18 15:10,正常,2.4,2.3,235,289,72,126,5.1,0.7,0.84,0.57,0.56,1.0,12.0,5.4,-4.8,32.98,35.01
2493,2024-01-18 15:20,正常,2.8,2.5,251,266,90,120,4.8,0.7,0.85,0.57,0.53,1.0,12.0,5.4,-5.0,33.02,34.99
2494,2024-01-18 15:30,正常,2.5,2.8,235,244,82,128,3.7,0.78,0.82,0.58,0.56,2.4,12.1,5.1,-5.5,32.98,34.96
2495,2024-01-18 15:40,指令判断时间过长故障,2.1,2.5,279,261,96,113,4.0,0.87,0.86,0.54,0.54,2.8,12.0,4.6,-4.8,32.96,35.04
2496,2024-01-18 15:50,模式1电平过低故障,2.6,2.2,214,213,72,123,3.5,0.77,0.83,0.57,0.55,2.0,12.1,4.0,-4.6,33.03,35.04
2497,2024-01-18 16:00,正常,2.5,2.4,215,285,82,107,4.8,0.78,0.85,0.55,0.57,2.6,11.9,4.9,-5.3,33.05,35.02
2498,2024-01-18 16:10,正常,2.3,2.2,239,212,85,109,3.7,0.78,0.84,0.57,0.57,1.8,12.1,4.7,-5.1,32.96,35.01
2499,2024-01-18 16:20,正常,2.8,2.9,219,210,76,129,5.3,0.74,0.83,0.56,0.57,1.3,12.0,4.7,-4.6,33.02,34.97
2500,2024-01-18 16:30,正常,2.2,2.3,237,208,81,108,3.9,0.78,0.86,0.58,0.54,1.1,12.1,4.9,-5.4,33.04,34.99
2501,2024-01-18 16:40,第一脉冲时间过长故障,2.1,2.5,208,242,80,108,3.3,0.71,0.91,0.57,0.55,2.3,12.0,5.4,-4.9,33.01,35.04
2502,2024-01-18 16:50,正常,2.7,2.4,240,262,89,116,5.2,0.8,0.82,0.54,0.58,2.0,12.0,5.0,-5.3,33.03,35.0
2503,2024-01-18 17:00,正常,2.6,2.7,271,201,98,109,3.7,0.76,0.86,0.58,0.52,2.5,12.0,5.3,-4.7,33.03,35.04
2504,2024-01-18 17:10,正常,2.9,2.0,229,205,93,130,3.5,0.76,0.83,0.53,0.57,1.5,12.1,4.7,-4.9,32.99,34.96
2505,2024-01-18 17:20,正常,2.9,2.8,259,286,88,113,3.8,0.76,0.87,0.57,0.57,1.9,12.0,4.6,-4.9,33.03,34.98
2506,2024-01-18 17:30,+24V最大电流超标故障,3.5,2.0,258,219,83,124,4.1,0.73,0.87,0.56,0.52,1.3,12.0,4.7,-4.7,32.97,34.96
2507,2024-01-18 17:40,正常,2.7,2.7,208,275,87,116,4.6,0.76,0.87,0.52,0.57,1.5,12.0,5.0,-5.4,33.05,35.0
2508,2024-01-18 17:50,正常,2.2,2.5,260,261,83,109,4.6,0.76,0.84,0.57,0.52,2.7,12.0,4.9,-4.6,32.96,35.03
2509,2024-01-18 18:00,正常,2.8,2.4,288,266,78,106,3.5,0.75,0.85,0.53,0.56,1.6,12.0,5.0,-5.1,32.95,35.03
2510,2024-01-18 18:10,光电频率过高故障,2.5,2.1,282,241,90,122,3.8,0.71,0.88,0.58,0.53,3.8,11.9,4.9,-4.8,32.98,35.04
2511,2024-01-18 18:20,正常,2.2,2.5,211,237,95,100,3.6,0.78,0.83,0.56,0.57,2.9,12.0,4.8,-5.4,32.98,34.96
2512,2024-01-18 18:30,正常,2.5,2.9,246,249,87,108,3.8,0.71,0.84,0.56,0.58,1.9,12.1,4.7,-4.9,32.99,35.02
2513,2024-01-18 18:40,正常,2.1,2.6,263,288,92,112,5.0,0.8,0.85,0.54,0.52,2.8,12.0,4.7,-5.1,32.96,35.01
2514,2024-01-18 18:50,模式2脉宽过长故障,2.8,2.6,258,288,76,116,3.5,0.74,0.88,0.57,0.54,1.6,12.1,4.5,-5.2,32.96,35.12
2515,2024-01-18 19:00,正常,2.1,2.4,211,280,76,106,5.2,0.75,0.84,0.53,0.57,1.9,12.1,5.1,-5.0,33.04,34.98
2516,2024-01-18 19:10,系统识别电压过高故障,2.8,2.6,261,271,81,127,4.9,0.71,0.87,0.56,0.54,2.0,12.3,5.2,-4.9,33.01,34.96
2517,2024-01-18 19:20,模式2脉宽过短故障,2.6,2.3,271,255,92,114,4.1,0.76,0.84,0.53,0.52,1.8,12.1,5.4,-5.4,33.04,34.92
2518,2024-01-18 19:30,模式1脉宽过长故障,2.8,2.3,211,257,96,128,5.0,0.76,0.87,0.57,0.56,2.4,11.9,5.5,-4.9,33.14,35.05
2519,2024-01-18 19:40,-24V最大电流超标故障,2.1,3.3,229,234,76,101,5.0,0.75,0.85,0.54,0.52,1.1,11.9,4.6,-4.5,33.01,35.0
2520,2024-01-18 19:50,模式2电平过低故障,2.5,2.1,233,233,77,102,4.5,0.75,0.86,0.57,0.58,2.5,12.0,5.1,-5.9,33.03,35.05
2521,2024-01-18 20:00,正常,2.7,2.1,267,265,93,129,3.5,0.78,0.88,0.58,0.55,2.0,12.1,4.5,-4.8,32.96,35.04
2522,2024-01-18 20:10,正常,2.8,2.7,251,232,73,122,3.8,0.77,0.84,0.54,0.58,2.0,12.1,4.8,-4.7,32.98,34.97
2523,2024-01-18 20:20,第二脉冲时间过长故障,2.2,2.0,220,247,73,129,4.2,0.76,0.82,0.6,0.53,2.1,12.0,4.6,-4.7,33.01,34.96
2524,2024-01-18 20:30,第三脉冲时间过短故障,2.3,2.4,212,231,88,118,4.9,0.73,0.85,0.56,0.5,1.0,12.1,5.3,-5.3,33.0,35.04
2525,2024-01-18 20:40,正常,2.2,2.5,248,285,91,124,3.1,0.72,0.83,0.56,0.58,2.8,11.9,5.1,-4.7,33.04,34.97
2526,2024-01-18 20:50,正常,2.6,2.7,230,285,99,123,4.1,0.72,0.85,0.54,0.55,2.7,11.9,4.6,-4.7,33.02,35.04
2527,2024-01-18 21:00,正常,2.3,2.3,223,235,70,109,3.1,0.78,0.84,0.53,0.57,2.9,12.0,4.8,-5.1,33.04,35.01
2528,2024-01-18 21:10,正常,2.1,2.8,284,238,99,125,4.3,0.73,0.88,0.55,0.56,2.4,12.0,5.3,-4.5,33.05,34.97
2529,2024-01-18 21:20,正常,2.3,2.3,282,276,96,115,4.5,0.72,0.82,0.54,0.55,2.4,12.1,4.8,-5.2,33.01,34.98
2530,2024-01-18 21:30,第二脉冲时间过短故障,2.9,2.5,288,245,98,104,5.1,0.75,0.87,0.49,0.54,2.0,12.0,5.0,-5.0,33.01,34.97
2531,2024-01-18 21:40,正常,2.7,2.4,267,208,72,120,3.1,0.71,0.85,0.54,0.57,1.9,12.1,4.6,-5.3,33.01,34.97
2532,2024-01-18 21:50,正常,2.3,2.5,279,203,84,108,5.2,0.71,0.83,0.53,0.55,2.6,12.0,5.1,-4.8,33.04,35.02
2533,2024-01-18 22:00,正常,2.9,2.2,277,288,87,126,4.5,0.76,0.87,0.52,0.53,2.4,11.9,4.7,-4.6,32.96,34.98
2534,2024-01-18 22:10,正常,2.6,2.3,232,222,76,105,5.3,0.74,0.84,0.58,0.56,1.9,12.0,5.2,-4.8,33.04,35.02
2535,2024-01-18 22:20,+24V稳定电流超标故障,2.3,2.4,390,209,82,125,5.1,0.8,0.82,0.54,0.52,2.0,12.0,4.5,-5.4,32.97,34.97
2536,2024-01-18 22:30,正常,2.6,2.0,267,231,70,122,5.0,0.74,0.87,0.57,0.55,1.5,12.0,4.6,-5.4,33.04,34.98
2537,2024-01-18 22:40,正常,2.7,2.8,266,255,88,106,4.5,0.78,0.85,0.54,0.53,1.9,11.9,5.4,-4.8,32.95,34.96
2538,2024-01-18 22:50,正常,2.7,2.5,207,227,91,128,4.5,0.71,0.84,0.58,0.54,2.0,11.9,5.1,-4.5,32.97,35.01
2539,2024-01-18 23:00,模式1电平过低故障,2.5,2.9,278,272,87,121,5.0,0.75,0.84,0.52,0.52,2.1,12.1,4.3,-4.7,32.97,34.95
2540,2024-01-18 23:10,正常,2.7,2.6,226,214,93,125,3.0,0.74,0.86,0.55,0.54,1.0,12.0,5.3,-5.3,33.03,35.01
2541,2024-01-18 23:20,模式1脉宽过短故障,2.3,2.4,252,277,71,111,4.7,0.74,0.85,0.55,0.58,2.1,12.0,5.5,-5.1,32.89,35.05
2542,2024-01-18 23:30,正常,2.8,2.0,287,262,99,127,4.5,0.71,0.85,0.53,0.57,1.1,12.1,5.3,-5.0,32.97,35.05
2543,2024-01-18 23:40,正常,2.6,2.2,263,209,80,102,5.3,0.72,0.82,0.54,0.55,2.8,11.9,4.9,-5.1,33.0,35.01
2544,2024-01-18 23:50,正常,2.2,2.3,231,259,77,127,4.5,0.71,0.83,0.54,0.57,2.4,11.9,5.0,-4.6,32.97,35.05
2545,2024-01-19 00:00,正常,2.8,2.8,253,209,89,112,5.4,0.77,0.84,0.55,0.56,2.2,11.9,4.5,-4.7,32.96,34.97
2546,2024-01-19 00:10,正常,2.4,2.6,219,268,94,128,3.9,0.75,0.85,0.58,0.57,1.3,12.0,5.1,-4.5,33.02,35.01
2547,2024-01-19 00:20,第一脉冲时间过短故障,2.7,2.3,204,275,91,125,3.4,0.73,0.81,0.53,0.53,2.9,12.0,4.6,-4.6,33.02,35.02
2548,2024-01-19 00:30,正常,2.2,2.7,280,226,96,117,3.4,0.75,0.83,0.53,0.53,2.3,11.9,5.0,-4.8,33.03,34.97
2549,2024-01-19 00:40,第二脉冲时间过短故障,2.4,2.1,283,248,71,112,5.3,0.75,0.83,0.5,0.55,1.1,12.1,5.2,-5.3,32.96,35.0
2550,2024-01-19 00:50,正常,2.1,2.6,233,284,86,117,3.9,0.72,0.82,0.55,0.52,1.6,12.0,5.1,-4.6,32.95,35.02
2551,2024-01-19 01:00,正常,2.2,2.7,208,244,75,107,3.6,0.78,0.84,0.52,0.56,1.9,12.0,4.9,-4.7,33.02,34.96
2552,2024-01-19 01:10,模式2电平过高故障,2.8,2.1,244,264,89,113,5.3,0.71,0.87,0.53,0.55,2.1,12.0,5.1,-4.0,33.04,35.04
2553,2024-01-19 01:20,模式1脉宽过长故障,2.6,2.7,206,236,79,116,3.2,0.71,0.88,0.58,0.58,2.8,12.0,5.2,-5.0,33.08,35.02
2554,2024-01-19 01:30,正常,2.0,2.8,220,274,71,127,5.2,0.72,0.87,0.56,0.57,1.1,11.9,5.2,-5.4,33.04,34.97
2555,2024-01-19 01:40,正常,2.7,2.8,251,284,80,107,4.9,0.74,0.83,0.56,0.54,1.9,11.9,5.3,-5.3,32.99,34.96
2556,2024-01-19 01:50,光电频率过低故障,2.3,2.3,243,234,84,106,4.2,0.78,0.84,0.55,0.55,0.9,12.0,4.9,-4.6,32.98,35.03
2557,2024-01-19 02:00,+24V稳定电流超标故障,2.7,2.2,352,281,93,127,5.3,0.74,0.87,0.53,0.58,1.4,11.9,4.9,-5.4,32.99,35.0
2558,2024-01-19 02:10,正常,2.6,2.3,270,237,76,127,5.4,0.73,0.85,0.58,0.53,1.4,12.0,4.6,-5.2,33.02,35.01
2559,2024-01-19 02:20,+9V稳定电流超标故障,2.7,2.5,242,248,108,117,5.2,0.77,0.85,0.57,0.53,2.6,11.9,5.4,-5.3,33.03,35.0
2560,2024-01-19 02:30,电路断开频率过低故障,2.5,2.8,211,240,94,91,3.3,0.76,0.88,0.56,0.54,1.7,11.9,5.5,-4.9,32.98,34.99
2561,2024-01-19 02:40,模式1电平过高故障,2.5,2.6,209,216,98,130,4.6,0.72,0.86,0.58,0.58,2.6,12.1,5.8,-4.8,32.96,35.0
2562,2024-01-19 02:50,第一脉冲时间过短故障,2.5,2.1,216,252,79,114,4.3,0.74,0.81,0.54,0.55,2.0,12.0,5.1,-4.9,33.03,34.96
2563,2024-01-19 03:00,正常,2.2,2.2,245,202,89,123,3.2,0.74,0.84,0.53,0.52,1.5,11.9,4.9,-5.4,32.99,35.0
2564,2024-01-19 03:10,电路断开时间超标故障,2.5,2.5,248,285,74,121,6.2,0.75,0.87,0.54,0.56,2.1,12.0,5.4,-5.2,33.04,35.0
2565,2024-01-19 03:20,正常,2.1,2.4,249,204,83,119,3.4,0.78,0.83,0.56,0.54,2.7,12.0,4.7,-5.1,32.99,34.99
2566,2024-01-19 03:30,正常,2.0,2.2,284,218,74,124,4.0,0.8,0.86,0.57,0.54,1.0,12.0,4.7,-4.6,33.02,34.97
2567,2024-01-19 03:40,系统识别电压过低故障,2.2,2.7,278,201,86,111,4.3,0.71,0.83,0.53,0.56,2.5,11.7,5.0,-4.6,32.95,35.03
2568,2024-01-19 03:50,正常,2.4,2.3,283,275,79,124,4.1,0.77,0.85,0.57,0.53,3.0,12.0,5.2,-5.1,33.03,35.03
2569,2024-01-19 04:00,正常,2.3,2.7,265,289,71,114,4.2,0.79,0.82,0.53,0.57,2.9,12.0,4.8,-5.2,33.05,35.04
2570,2024-01-19 04:10,正常,2.0,2.8,225,253,88,104,3.8,0.7,0.86,0.54,0.56,1.8,12.1,5.5,-4.8,32.98,34.95
2571,2024-01-19 04:20,模式1电平过低故障,2.5,2.3,286,225,91,117,4.4,0.77,0.82,0.54,0.56,1.1,12.1,4.0,-5.0,33.01,34.97
2572,2024-01-19 04:30,正常,2.9,2.8,288,241,84,129,4.1,0.72,0.85,0.54,0.56,1.1,12.0,5.2,-5.1,33.05,34.99
2573,2024-01-19 04:40,正常,2.1,2.4,255,213,83,102,4.0,0.78,0.84,0.53,0.57,2.2,12.0,4.7,-4.8,33.04,34.99
2574,2024-01-19 04:50,正常,2.2,2.3,252,224,99,125,4.0,0.75,0.84,0.52,0.54,2.2,12.1,4.6,-5.4,33.01,34.97
2575,2024-01-19 05:00,正常,2.5,2.6,253,221,73,115,4.8,0.77,0.87,0.57,0.54,1.1,11.9,4.5,-5.4,33.04,35.04
2576,2024-01-19 05:10,指令判断时间过短故障,2.6,2.8,221,214,71,129,5.2,0.65,0.84,0.54,0.52,1.8,12.0,4.8,-4.8,32.96,35.03
2577,2024-01-19 05:20,正常,2.5,2.3,226,219,76,130,4.2,0.71,0.83,0.56,0.53,2.5,11.9,5.2,-4.5,33.04,35.03
2578,2024-01-19 05:30,正常,2.1,2.7,251,213,75,112,4.6,0.76,0.86,0.54,0.53,2.8,12.1,4.6,-4.8,32.97,34.96
2579,2024-01-19 05:40,正常,2.2,2.1,231,202,87,125,4.9,0.72,0.84,0.55,0.54,2.3,11.9,5.4,-5.1,33.03,35.04
2580,2024-01-19 05:50,第二脉冲时间过短故障,2.1,2.1,284,282,84,111,4.8,0.72,0.85,0.5,0.56,2.0,11.9,4.9,-5.4,32.95,35.03
2581,2024-01-19 06:00,正常,2.0,2.4,237,222,91,116,3.9,0.75,0.86,0.54,0.54,1.1,12.0,4.8,-5.0,32.99,34.99
2582,2024-01-19 06:10,正常,2.5,2.3,269,276,84,130,4.1,0.71,0.83,0.56,0.58,2.4,12.0,5.3,-5.0,33.01,34.96
2583,2024-01-19 06:20,正常,2.6,2.7,270,269,80,110,5.1,0.79,0.86,0.58,0.58,1.5,12.0,5.4,-4.5,32.98,35.01
2584,2024-01-19 06:30,电路断开时间超标故障,2.9,2.3,263,289,75,124,6.1,0.8,0.83,0.57,0.55,1.5,11.9,5.4,-5.5,32.98,35.03
2585,2024-01-19 06:40,正常,2.7,2.5,248,279,94,101,4.0,0.76,0.83,0.55,0.53,2.3,12.1,5.4,-5.0,32.95,35.03
2586,2024-01-19 06:50,正常,2.8,2.3,224,220,95,126,5.4,0.79,0.82,0.56,0.56,1.6,12.0,5.1,-4.6,32.98,35.04
2587,2024-01-19 07:00,正常,2.6,2.6,246,254,76,127,4.7,0.73,0.86,0.55,0.52,2.5,12.1,5.2,-4.7,32.98,34.99
2588,2024-01-19 07:10,模式2电平过高故障,2.8,2.4,221,201,94,119,3.5,0.77,0.86,0.54,0.55,2.4,12.0,5.4,-4.4,33.02,34.99
2589,2024-01-19 07:20,正常,2.2,2.6,273,227,93,113,3.6,0.75,0.82,0.57,0.57,1.1,12.0,4.8,-4.9,32.98,35.0
2590,2024-01-19 07:30,正常,2.3,2.1,251,266,96,107,3.4,0.72,0.88,0.55,0.54,2.0,12.0,4.6,-5.3,32.95,34.95
2591,2024-01-19 07:40,正常,2.5,2.2,274,237,78,113,4.5,0.78,0.84,0.57,0.55,1.8,12.1,5.3,-5.1,32.96,34.97
2592,2024-01-19 07:50,模式1脉宽过长故障,2.9,2.4,252,275,99,128,3.2,0.75,0.87,0.57,0.52,3.0,12.0,4.7,-4.9,33.07,34.99
2593,2024-01-19 08:00,正常,2.9,2.4,202,219,93,130,5.5,0.73,0.84,0.56,0.57,1.6,12.0,4.7,-4.7,33.0,34.98
2594,2024-01-19 08:10,第二脉冲时间过短故障,2.4,2.3,255,213,99,101,3.4,0.78,0.87,0.5,0.52,1.5,12.0,4.9,-5.4,32.99,35.02
2595,2024-01-19 08:20,正常,2.9,2.2,218,214,82,108,4.7,0.76,0.86,0.56,0.53,2.0,12.0,5.0,-5.2,32.97,34.95
2596,2024-01-19 08:30,正常,2.5,2.3,287,289,98,113,3.9,0.71,0.87,0.58,0.57,1.7,11.9,5.4,-5.4,33.01,34.98
2597,2024-01-19 08:40,正常,2.1,2.7,221,210,71,113,3.4,0.77,0.84,0.53,0.58,1.1,12.1,5.2,-5.1,32.97,34.97
2598,2024-01-19 08:50,正常,2.1,2.6,219,266,85,106,3.7,0.79,0.88,0.54,0.54,2.2,11.9,4.5,-4.8,33.04,35.03
2599,2024-01-19 09:00,模式2脉宽过短故障,2.6,2.7,254,200,77,110,3.2,0.72,0.84,0.56,0.58,1.8,12.0,5.1,-5.1,33.01,34.91
2600,2024-01-19 09:10,正常,2.0,2.3,237,267,81,103,5.3,0.72,0.86,0.57,0.58,1.6,11.9,5.0,-4.7,32.97,34.95
2601,2024-01-19 09:20,正常,2.2,2.4,223,225,84,103,5.2,0.77,0.85,0.57,0.56,1.4,11.9,4.6,-4.7,33.03,34.97
2602,2024-01-19 09:30,正常,2.1,2.0,242,288,87,119,4.0,0.73,0.86,0.53,0.57,2.9,12.1,4.6,-4.5,32.99,35.04
2603,2024-01-19 09:40,正常,2.1,2.5,250,270,88,103,5.4,0.78,0.84,0.52,0.55,1.2,12.0,5.1,-4.7,32.99,34.99
2604,2024-01-19 09:50,正常,2.7,2.1,278,211,83,100,4.8,0.76,0.83,0.55,0.53,1.4,12.0,5.4,-4.9,32.99,35.04
2605,2024-01-19 10:00,+24V稳定电流超标故障,2.2,2.5,313,287,74,102,3.3,0.74,0.85,0.52,0.53,1.6,11.9,4.7,-5.0,33.03,34.96
2606,2024-01-19 10:10,正常,2.9,2.5,249,287,91,117,3.5,0.77,0.86,0.52,0.55,1.3,12.1,5.2,-5.5,33.03,34.95
2607,2024-01-19 10:20,正常,2.8,2.3,281,268,74,112,4.1,0.79,0.83,0.54,0.54,1.3,11.9,5.3,-5.1,32.96,35.03
2608,2024-01-19 10:30,正常,2.3,2.9,278,249,86,123,3.3,0.74,0.85,0.53,0.56,1.5,11.9,5.1,-5.1,32.97,35.0
2609,2024-01-19 10:40,正常,2.1,2.7,230,206,75,124,5.3,0.75,0.85,0.53,0.52,2.0,11.9,4.8,-4.6,32.95,34.98
2610,2024-01-19 10:50,正常,2.1,2.2,211,206,98,129,5.5,0.75,0.86,0.57,0.54,2.9,12.0,4.7,-5.3,32.98,34.98
2611,2024-01-19 11:00,正常,2.5,2.7,216,250,70,118,3.9,0.72,0.82,0.52,0.52,2.5,12.1,4.8,-4.9,32.99,34.96
2612,2024-01-19 11:10,正常,2.4,2.3,286,249,84,107,4.6,0.77,0.86,0.55,0.58,2.0,12.1,5.0,-4.8,33.0,35.02
2613,2024-01-19 11:20,第三脉冲时间过长故障,2.5,2.1,201,246,85,126,5.0,0.78,0.85,0.53,0.6,1.2,12.0,5.0,-4.6,32.96,35.0
2614,2024-01-19 11:30,正常,2.7,2.9,222,247,81,119,5.1,0.8,0.87,0.53,0.53,1.4,12.1,5.1,-5.2,33.0,35.01
2615,2024-01-19 11:40,电路断开频率过低故障,2.7,2.8,238,279,92,86,4.7,0.78,0.82,0.57,0.55,1.5,12.1,5.2,-5.3,33.0,34.97
2616,2024-01-19 11:50,正常,2.6,2.4,246,280,83,106,5.1,0.75,0.85,0.56,0.57,2.7,12.1,5.3,-4.9,33.03,34.97
2617,2024-01-19 12:00,指令判断时间过长故障,2.0,2.4,255,250,74,129,4.9,0.83,0.86,0.53,0.57,2.4,12.1,4.6,-4.8,33.01,35.01
2618,2024-01-19 12:10,正常,2.6,2.4,226,231,73,121,5.1,0.75,0.86,0.56,0.56,2.9,12.1,4.7,-5.2,33.03,35.05
2619,2024-01-19 12:20,正常,2.0,2.8,242,267,75,127,3.0,0.75,0.86,0.54,0.53,2.4,12.0,4.5,-4.9,33.02,34.99
2620,2024-01-19 12:30,指令判断时间过长故障,2.4,2.6,260,275,71,100,3.4,0.85,0.84,0.56,0.54,1.5,12.1,5.5,-4.8,33.01,35.02
2621,2024-01-19 12:40,正常,2.2,2.7,214,287,89,114,5.2,0.77,0.83,0.55,0.56,1.2,11.9,4.9,-5.2,32.98,35.0
2622,2024-01-19 12:50,正常,2.6,2.3,273,246,73,104,4.3,0.73,0.87,0.53,0.52,2.8,12.1,5.2,-5.2,33.01,34.99
2623,2024-01-19 13:00,模式2电平过低故障,2.1,2.1,205,285,86,101,3.4,0.78,0.86,0.52,0.55,1.8,11.9,4.5,-6.1,33.03,35.0
2624,2024-01-19 13:10,正常,2.7,2.6,258,277,80,106,5.0,0.78,0.83,0.53,0.53,1.8,12.1,4.6,-5.3,33.05,35.0
2625,2024-01-19 13:20,+24V稳定电流超标故障,2.6,2.8,376,276,71,128,5.4,0.71,0.86,0.57,0.55,2.4,12.1,5.2,-5.5,33.0,35.0
2626,2024-01-19 13:30,+9V稳定电流超标故障,2.1,2.8,226,211,146,115,4.4,0.78,0.82,0.56,0.52,2.1,12.0,5.2,-5.2,32.98,35.03
2627,2024-01-19 13:40,系统识别电压过低故障,2.8,2.3,242,242,78,112,3.0,0.75,0.88,0.57,0.53,1.1,11.5,4.8,-5.1,33.02,35.0
2628,2024-01-19 13:50,第二脉冲时间过长故障,2.6,2.2,266,255,81,122,3.9,0.71,0.84,0.62,0.56,2.2,12.0,4.9,-5.2,33.02,35.0
2629,2024-01-19 14:00,正常,2.6,2.2,274,211,88,104,4.5,0.76,0.84,0.55,0.55,2.1,11.9,5.3,-4.7,32.97,34.97
2630,2024-01-19 14:10,正常,2.6,2.3,278,289,77,126,4.5,0.71,0.85,0.55,0.53,1.1,11.9,5.1,-4.8,33.01,34.95
2631,2024-01-19 14:20,正常,2.3,2.4,229,215,87,127,3.5,0.8,0.83,0.56,0.54,2.5,12.0,5.3,-5.4,32.98,34.95
2632,2024-01-19 14:30,正常,2.1,2.7,238,274,76,123,5.4,0.73,0.84,0.58,0.54,1.7,11.9,4.9,-5.2,32.97,35.02
2633,2024-01-19 14:40,正常,2.9,2.6,282,224,70,128,4.2,0.71,0.88,0.57,0.55,1.9,11.9,5.4,-5.1,33.03,34.99
2634,2024-01-19 14:50,正常,2.2,2.8,235,283,92,101,4.7,0.8,0.84,0.54,0.56,3.0,12.0,4.7,-5.3,33.04,35.05
2635,2024-01-19 15:00,正常,2.1,2.4,287,277,96,113,3.8,0.7,0.87,0.53,0.56,1.9,12.1,5.0,-4.8,32.99,35.01
2636,2024-01-19 15:10,正常,2.9,2.6,241,215,89,119,4.1,0.75,0.87,0.54,0.54,2.5,12.0,4.8,-5.4,32.99,34.98
2637,2024-01-19 15:20,正常,2.4,2.4,275,225,73,129,3.1,0.78,0.83,0.57,0.56,1.0,12.1,4.9,-5.1,32.99,34.99
2638,2024-01-19 15:30,正常,2.8,2.1,217,269,92,120,3.5,0.76,0.83,0.56,0.53,3.0,12.1,5.1,-5.0,33.02,35.01
2639,2024-01-19 15:40,正常,2.5,2.7,232,202,80,110,4.1,0.8,0.88,0.54,0.54,1.4,12.0,5.2,-5.0,32.96,35.02
2640,2024-01-19 15:50,+24V稳定电流超标故障,2.9,2.7,377,218,91,110,5.4,0.77,0.85,0.58,0.54,1.3,11.9,4.9,-4.9,32.98,34.98
2641,2024-01-19 16:00,正常,2.6,2.4,221,200,77,112,5.2,0.73,0.83,0.58,0.56,2.9,11.9,5.1,-5.5,33.05,35.05
2642,2024-01-19 16:10,模式1电平过低故障,2.4,2.4,244,206,97,113,4.2,0.74,0.86,0.58,0.56,2.4,11.9,4.3,-5.4,32.96,35.0
2643,2024-01-19 16:20,模式2脉宽过短故障,2.5,2.4,253,284,71,123,3.2,0.78,0.87,0.56,0.52,1.9,12.1,4.7,-4.9,33.0,34.86
2644,2024-01-19 16:30,正常,2.3,2.4,271,225,99,124,4.2,0.72,0.82,0.55,0.54,2.6,11.9,5.0,-5.0,32.99,34.96
2645,2024-01-19 16:40,正常,2.8,2.8,277,273,71,104,4.0,0.73,0.84,0.55,0.53,2.6,12.0,4.6,-5.3,33.03,34.96
2646,2024-01-19 16:50,正常,2.6,2.6,256,203,73,125,3.0,0.77,0.84,0.54,0.53,1.8,11.9,5.0,-5.4,33.02,34.99
2647,2024-01-19 17:00,正常,2.7,2.3,221,276,74,123,3.3,0.72,0.85,0.57,0.55,2.4,12.0,5.2,-5.3,32.99,35.0
2648,2024-01-19 17:10,正常,2.3,2.2,206,272,92,130,5.0,0.75,0.86,0.56,0.53,1.7,12.0,5.0,-5.3,32.99,34.95
2649,2024-01-19 17:20,正常,2.3,2.7,290,236,99,111,4.3,0.72,0.86,0.58,0.55,1.9,12.0,4.9,-5.2,32.98,35.0
2650,2024-01-19 17:30,正常,2.7,2.6,203,264,95,114,3.1,0.75,0.87,0.57,0.57,2.8,11.9,4.9,-5.3,32.97,35.04
2651,2024-01-19 17:40,正常,2.5,2.4,261,271,73,113,5.1,0.73,0.82,0.55,0.57,1.5,12.0,5.3,-4.7,32.97,35.0
2652,2024-01-19 17:50,正常,2.6,2.6,212,263,81,109,3.9,0.73,0.86,0.53,0.56,2.2,12.0,4.7,-5.1,32.98,35.02
2653,2024-01-19 18:00,正常,2.5,2.2,211,282,70,126,4.8,0.76,0.83,0.53,0.57,2.5,12.1,5.1,-4.8,33.0,35.01
2654,2024-01-19 18:10,正常,2.5,2.1,246,279,93,106,5.0,0.8,0.86,0.55,0.56,1.3,11.9,5.4,-4.7,33.03,34.96
2655,2024-01-19 18:20,正常,2.2,2.5,216,221,87,105,5.4,0.73,0.87,0.53,0.53,1.7,11.9,4.9,-4.9,32.96,34.95
2656,2024-01-19 18:30,正常,2.1,2.1,245,209,78,130,4.9,0.77,0.84,0.56,0.52,1.1,12.0,5.4,-4.7,32.98,34.97
2657,2024-01-19 18:40,正常,2.6,2.3,271,262,85,104,3.2,0.7,0.82,0.57,0.56,2.7,11.9,5.3,-4.9,32.97,34.96
2658,2024-01-19 18:50,正常,2.5,2.7,245,286,80,100,3.5,0.74,0.84,0.56,0.56,2.4,11.9,5.4,-5.4,32.96,34.97
2659,2024-01-19 19:00,指令判断时间过短故障,2.5,2.4,277,239,73,102,5.2,0.62,0.82,0.54,0.53,1.5,12.0,5.1,-4.8,32.99,35.02
2660,2024-01-19 19:10,正常,2.4,2.7,202,210,81,116,3.7,0.7,0.86,0.52,0.55,1.7,12.0,5.2,-5.5,33.03,35.0
2661,2024-01-19 19:20,正常,2.3,2.3,287,281,81,102,4.5,0.8,0.86,0.57,0.55,3.0,12.1,5.0,-5.3,32.97,35.02
2662,2024-01-19 19:30,模式1脉宽过长故障,2.5,2.7,210,251,72,108,4.2,0.79,0.83,0.53,0.54,1.2,12.0,4.8,-4.7,33.12,35.03
2663,2024-01-19 19:40,第二脉冲时间过长故障,2.5,2.3,246,287,79,102,5.2,0.72,0.84,0.6,0.57,2.4,12.1,4.5,-5.2,32.95,35.05
2664,2024-01-19 19:50,正常,2.5,2.8,247,223,89,127,4.5,0.8,0.82,0.56,0.55,1.2,12.1,5.3,-4.6,33.04,34.99
2665,2024-01-19 20:00,正常,2.3,2.1,255,201,85,126,4.0,0.76,0.84,0.57,0.55,2.7,11.9,5.3,-4.7,33.0,34.96
2666,2024-01-19 20:10,正常,2.5,2.8,249,258,82,127,4.0,0.73,0.85,0.55,0.57,2.1,12.1,5.2,-4.5,32.96,34.98
2667,2024-01-19 20:20,第一脉冲时间过短故障,2.1,2.4,200,259,82,124,3.8,0.73,0.81,0.56,0.54,2.2,12.0,5.5,-5.4,33.02,35.03
2668,2024-01-19 20:30,模式2脉宽过长故障,2.2,2.3,272,240,82,105,3.3,0.74,0.83,0.55,0.58,2.1,12.1,5.2,-5.0,33.04,35.07
2669,2024-01-19 20:40,正常,2.1,2.0,246,244,99,125,3.8,0.76,0.86,0.54,0.53,2.0,12.1,4.7,-4.8,33.04,35.02
2670,2024-01-19 20:50,正常,2.3,2.6,267,275,98,101,5.3,0.79,0.83,0.56,0.56,2.2,12.1,4.9,-4.8,32.98,35.0
2671,2024-01-19 21:00,光电频率过低故障,2.7,2.2,219,280,95,120,3.5,0.74,0.84,0.53,0.55,0.4,12.0,4.9,-5.5,32.99,35.03
2672,2024-01-19 21:10,正常,2.8,2.2,212,278,76,107,5.4,0.75,0.88,0.55,0.53,2.1,12.0,4.6,-4.7,33.01,34.95
2673,2024-01-19 21:20,正常,2.6,2.6,238,233,86,128,5.0,0.72,0.85,0.55,0.52,1.4,12.1,5.4,-5.0,32.96,34.96
2674,2024-01-19 21:30,正常,2.7,2.3,201,247,72,120,3.4,0.76,0.86,0.53,0.56,1.1,11.9,5.4,-5.3,32.98,34.96
2675,2024-01-19 21:40,光电频率过高故障,2.3,2.6,217,278,90,128,5.3,0.75,0.84,0.53,0.54,3.2,12.1,4.6,-5.4,32.98,34.99
2676,2024-01-19 21:50,正常,2.2,2.6,258,223,91,121,4.6,0.76,0.87,0.53,0.56,2.6,12.0,5.3,-5.5,33.03,35.01
2677,2024-01-19 22:00,正常,2.3,2.8,265,256,73,127,3.3,0.71,0.85,0.55,0.55,2.4,12.0,5.1,-4.9,32.96,35.04
2678,2024-01-19 22:10,正常,2.2,2.7,211,242,72,130,5.1,0.71,0.83,0.58,0.57,2.5,12.0,5.1,-5.1,32.96,35.02
2679,2024-01-19 22:20,-24V最大电流超标故障,2.6,3.2,215,206,94,128,5.2,0.76,0.88,0.54,0.55,3.0,12.1,4.8,-5.3,33.01,35.01
2680,2024-01-19 22:30,正常,2.3,2.1,225,226,95,102,4.7,0.75,0.88,0.57,0.54,2.3,12.0,5.4,-4.6,33.01,34.99
2681,2024-01-19 22:40,正常,2.5,2.6,281,228,89,112,4.4,0.76,0.86,0.57,0.53,2.8,12.1,4.9,-5.0,32.98,34.97
2682,2024-01-19 22:50,正常,2.5,2.1,243,276,84,112,3.7,0.72,0.85,0.56,0.54,2.5,12.0,5.0,-4.9,32.99,35.05
2683,2024-01-19 23:00,系统识别电压过低故障,2.5,2.0,285,242,85,130,5.4,0.71,0.83,0.52,0.55,2.8,11.5,4.6,-4.8,33.02,35.05
2684,2024-01-19 23:10,模式1脉宽过短故障,2.0,2.0,235,265,71,126,4.7,0.72,0.83,0.56,0.55,2.4,12.1,5.3,-4.9,32.89,35.01
2685,2024-01-19 23:20,-24V稳定电流超标故障,2.8,2.4,277,356,96,103,4.0,0.71,0.82,0.58,0.55,2.4,11.9,4.7,-4.7,33.05,35.05
2686,2024-01-19 23:30,正常,2.7,2.6,243,274,95,116,4.6,0.71,0.85,0.52,0.53,1.8,12.0,4.8,-5.5,33.05,35.03
2687,2024-01-19 23:40,+24V最大电流超标故障,3.9,2.3,259,256,91,117,5.0,0.73,0.83,0.56,0.57,2.4,11.9,4.6,-5.4,33.01,35.04
2688,2024-01-19 23:50,正常,2.6,2.8,278,267,79,105,3.4,0.75,0.82,0.57,0.58,1.4,12.0,5.4,-4.9,33.05,35.03
2689,2024-01-20 00:00,模式2电平过低故障,2.1,2.5,227,288,91,122,4.2,0.74,0.86,0.53,0.52,1.4,12.1,5.1,-5.6,32.97,34.97
2690,2024-01-20 00:10,正常,2.3,2.2,272,246,70,116,4.1,0.7,0.85,0.56,0.56,2.5,12.1,5.0,-4.5,33.02,35.04
2691,2024-01-20 00:20,正常,2.8,2.2,263,220,94,121,4.8,0.72,0.83,0.55,0.53,1.4,12.0,5.2,-5.1,33.01,35.03
2692,2024-01-20 00:30,模式1脉宽过短故障,2.9,2.8,218,234,96,125,4.8,0.78,0.87,0.56,0.55,2.2,12.0,5.4,-5.5,32.88,34.95
2693,2024-01-20 00:40,第三脉冲时间过短故障,2.7,2.1,202,274,81,126,4.5,0.77,0.85,0.53,0.5,1.9,11.9,5.5,-5.0,32.97,35.02
2694,2024-01-20 00:50,正常,2.1,2.8,284,216,74,117,4.3,0.72,0.84,0.54,0.55,1.9,12.0,4.5,-4.7,32.96,34.98
2695,2024-01-20 01:00,正常,2.1,2.2,288,273,95,116,4.2,0.76,0.87,0.55,0.58,1.9,12.1,5.0,-5.2,33.05,35.04
2696,2024-01-20 01:10,正常,2.7,2.3,256,274,70,126,4.2,0.74,0.86,0.56,0.54,1.4,12.0,5.5,-5.3,32.98,35.0
2697,2024-01-20 01:20,+24V最大电流超标故障,3.3,2.3,266,210,94,111,3.9,0.75,0.86,0.54,0.55,1.4,12.0,5.1,-4.9,33.02,35.0
2698,2024-01-20 01:30,正常,2.3,2.3,219,215,80,105,3.2,0.77,0.85,0.53,0.56,1.2,12.1,4.6,-5.3,33.03,35.04
2699,2024-01-20 01:40,模式1电平过高故障,2.7,2.3,214,227,72,103,4.9,0.76,0.84,0.53,0.56,1.6,12.0,6.2,-5.4,33.03,35.01
2700,2024-01-20 01:50,正常,2.4,2.0,282,238,94,103,3.8,0.72,0.86,0.55,0.58,1.2,11.9,4.9,-4.7,33.04,35.03
2701,2024-01-20 02:00,正常,2.6,2.7,237,236,78,128,3.6,0.75,0.86,0.58,0.58,1.8,11.9,5.4,-4.9,32.95,34.99
2702,2024-01-20 02:10,电路断开频率过高故障,2.8,2.4,215,238,97,136,5.0,0.71,0.84,0.57,0.55,1.6,12.0,4.5,-5.4,33.03,35.01
2703,2024-01-20 02:20,模式1脉宽过短故障,2.8,2.5,230,247,95,126,3.3,0.78,0.83,0.56,0.54,1.8,11.9,5.1,-4.6,32.88,35.04
2704,2024-01-20 02:30,第二脉冲时间过长故障,2.1,2.2,211,212,82,126,4.0,0.78,0.86,0.61,0.58,1.8,12.1,5.0,-5.3,32.99,34.97
2705,2024-01-20 02:40,模式2脉宽过短故障,2.6,2.4,269,204,81,129,3.9,0.76,0.85,0.58,0.56,2.9,12.0,4.8,-5.1,32.98,34.92
2706,2024-01-20 02:50,正常,2.4,2.4,283,222,78,109,4.7,0.72,0.83,0.53,0.53,2.0,12.0,5.0,-5.3,32.96,34.98
2707,2024-01-20 03:00,正常,2.0,2.2,290,276,86,115,3.1,0.75,0.88,0.56,0.53,1.8,11.9,5.0,-5.4,32.98,35.02
2708,2024-01-20 03:10,+24V稳定电流超标故障,2.3,2.1,386,245,73,106,5.2,0.75,0.87,0.52,0.56,1.9,11.9,5.2,-4.6,33.01,34.97
2709,2024-01-20 03:20,正常,2.3,2.8,254,231,88,129,3.5,0.72,0.84,0.56,0.55,1.2,11.9,5.1,-5.2,33.01,35.01
2710,2024-01-20 03:30,正常,2.7,2.8,242,244,87,122,3.1,0.75,0.84,0.55,0.58,1.6,11.9,4.9,-4.7,33.04,35.02
2711,2024-01-20 03:40,正常,2.3,2.1,210,204,75,118,3.4,0.77,0.85,0.53,0.52,2.6,12.0,5.2,-4.8,33.04,35.03
2712,2024-01-20 03:50,第二脉冲时间过长故障,2.7,2.6,245,246,88,122,4.3,0.79,0.83,0.6,0.54,1.8,12.1,5.0,-4.6,33.03,35.02
2713,2024-01-20 04:00,电路断开频率过高故障,2.3,2.4,204,231,72,138,3.8,0.79,0.84,0.56,0.58,2.7,12.0,5.0,-4.9,32.97,34.98
2714,2024-01-20 04:10,正常,2.2,2.1,250,239,80,108,5.4,0.7,0.84,0.55,0.57,2.4,12.0,4.6,-5.0,33.01,35.02
2715,2024-01-20 04:20,正常,2.1,2.3,229,238,97,108,4.9,0.75,0.84,0.54,0.57,2.4,11.9,4.6,-4.6,32.96,35.01
2716,2024-01-20 04:30,第一脉冲时间过短故障,2.1,2.5,261,259,71,106,5.0,0.77,0.81,0.55,0.56,1.6,12.0,5.1,-5.3,33.01,35.03
2717,2024-01-20 04:40,正常,2.8,2.3,214,234,98,105,3.7,0.7,0.86,0.53,0.58,1.7,11.9,4.7,-4.6,33.0,34.97
2718,2024-01-20 04:50,模式2脉宽过短故障,2.4,2.1,278,252,88,123,3.8,0.75,0.83,0.53,0.57,1.6,12.1,5.4,-4.9,32.96,34.93
2719,2024-01-20 05:00,模式1脉宽过长故障,2.5,2.5,243,221,74,104,4.6,0.76,0.87,0.53,0.52,1.1,12.0,5.3,-5.3,33.14,34.99
2720,2024-01-20 05:10,系统识别电压过高故障,2.6,2.1,256,289,75,107,3.2,0.72,0.82,0.53,0.53,1.0,12.4,5.1,-4.7,33.04,34.99
2721,2024-01-20 05:20,电路断开时间超标故障,2.6,2.4,251,221,73,127,6.5,0.72,0.83,0.53,0.53,1.3,11.9,5.1,-4.6,33.02,35.02
2722,2024-01-20 05:30,正常,2.5,2.8,211,286,99,110,4.1,0.79,0.87,0.53,0.55,2.6,12.0,5.1,-5.5,33.02,34.97
2723,2024-01-20 05:40,系统识别电压过低故障,2.4,2.7,232,233,80,103,5.0,0.73,0.85,0.54,0.55,2.7,11.5,5.4,-4.6,33.0,35.03
2724,2024-01-20 05:50,正常,2.5,2.2,250,217,90,111,3.5,0.77,0.83,0.58,0.54,1.9,12.0,5.2,-4.8,32.99,35.01
2725,2024-01-20 06:00,模式2电平过高故障,2.6,2.7,252,288,98,113,4.1,0.72,0.84,0.55,0.54,1.5,12.0,5.3,-4.1,33.02,35.03
2726,2024-01-20 06:10,电路断开时间超标故障,2.8,2.4,269,240,96,106,6.8,0.74,0.86,0.52,0.56,2.4,12.0,4.6,-4.6,32.96,35.03
2727,2024-01-20 06:20,正常,2.2,2.1,240,246,87,125,3.1,0.75,0.86,0.56,0.52,2.6,12.0,4.9,-5.3,32.99,35.04
2728,2024-01-20 06:30,电路断开时间超标故障,2.3,2.2,216,227,91,122,6.9,0.73,0.87,0.54,0.58,1.2,12.0,5.3,-5.1,33.01,35.02
2729,2024-01-20 06:40,第三脉冲时间过短故障,2.3,2.0,201,243,93,128,4.7,0.73,0.85,0.57,0.51,1.4,12.1,5.0,-5.0,33.01,35.03
2730,2024-01-20 06:50,正常,2.9,2.6,223,281,72,121,4.2,0.74,0.86,0.56,0.56,2.5,11.9,5.3,-5.0,32.98,34.98
2731,2024-01-20 07:00,正常,2.6,2.3,238,215,93,102,4.8,0.73,0.88,0.54,0.54,2.3,12.1,4.7,-5.4,33.04,34.96
2732,2024-01-20 07:10,正常,2.1,2.5,210,274,75,120,4.1,0.74,0.82,0.54,0.55,1.2,12.0,4.9,-5.1,32.97,34.99
2733,2024-01-20 07:20,正常,2.9,2.2,256,222,74,101,5.4,0.7,0.87,0.56,0.54,1.6,11.9,4.9,-5.1,32.99,35.0
2734,2024-01-20 07:30,电路断开频率过高故障,2.7,2.1,230,227,75,150,3.1,0.71,0.84,0.54,0.55,2.5,11.9,4.8,-5.2,33.02,34.98
2735,2024-01-20 07:40,正常,2.3,2.4,282,270,78,110,3.1,0.76,0.85,0.58,0.54,1.7,11.9,4.5,-4.7,32.99,34.97
2736,2024-01-20 07:50,系统识别电压过低故障,2.3,2.7,207,285,72,101,5.1,0.75,0.83,0.52,0.55,1.7,11.5,5.2,-5.3,33.01,34.97
2737,2024-01-20 08:00,正常,2.1,2.0,264,236,85,108,4.8,0.76,0.84,0.54,0.56,2.9,11.9,5.4,-4.8,32.97,35.03
2738,2024-01-20 08:10,正常,2.4,2.8,217,252,91,118,4.2,0.74,0.84,0.52,0.56,1.7,12.0,4.6,-4.8,32.99,35.02
2739,2024-01-20 08:20,正常,2.0,2.2,255,281,84,111,4.5,0.72,0.87,0.56,0.54,2.3,12.0,5.4,-5.4,32.96,35.01
2740,2024-01-20 08:30,正常,2.3,2.7,268,265,93,106,4.6,0.71,0.85,0.54,0.55,2.1,12.1,5.5,-4.5,32.97,34.99
2741,2024-01-20 08:40,光电频率过高故障,2.7,2.5,215,283,91,115,5.4,0.77,0.82,0.56,0.54,3.7,12.1,4.9,-5.1,33.04,34.99
2742,2024-01-20 08:50,第三脉冲时间过短故障,2.5,2.4,202,231,92,100,5.4,0.76,0.84,0.54,0.5,2.9,12.0,5.0,-5.2,33.05,34.96
2743,2024-01-20 09:00,模式2脉宽过长故障,2.1,2.3,272,243,84,129,3.2,0.78,0.88,0.52,0.56,1.2,11.9,5.3,-5.0,33.05,35.11
2744,2024-01-20 09:10,正常,2.5,2.5,258,218,71,113,4.7,0.78,0.85,0.54,0.56,2.9,12.0,4.6,-5.0,33.03,34.99
2745,2024-01-20 09:20,正常,2.2,2.2,264,257,81,121,3.3,0.76,0.84,0.57,0.54,1.8,12.0,4.9,-4.7,33.01,34.97
2746,2024-01-20 09:30,正常,2.0,2.8,246,205,91,105,4.9,0.74,0.85,0.56,0.56,2.8,12.1,4.9,-5.2,33.01,34.95
2747,2024-01-20 09:40,正常,2.2,2.5,254,250,84,108,4.8,0.78,0.84,0.56,0.54,2.4,12.0,5.0,-4.8,33.02,35.01
2748,2024-01-20 09:50,第三脉冲时间过长故障,2.7,2.1,249,270,98,110,3.3,0.72,0.86,0.55,0.6,1.8,12.0,5.1,-5.4,33.01,35.03
2749,2024-01-20 10:00,正常,2.1,2.2,280,286,82,114,5.3,0.79,0.87,0.58,0.57,1.9,12.0,5.3,-4.8,33.03,34.98
2750,2024-01-20 10:10,正常,2.7,2.4,205,229,91,125,4.6,0.72,0.84,0.53,0.58,2.4,12.1,5.3,-4.8,33.01,34.98
2751,2024-01-20 10:20,模式1脉宽过短故障,2.8,2.2,287,213,84,107,3.8,0.74,0.87,0.56,0.53,1.3,12.0,4.5,-4.9,32.91,35.03
2752,2024-01-20 10:30,正常,2.3,2.3,248,257,85,103,4.3,0.77,0.83,0.57,0.58,1.6,12.0,5.5,-5.1,33.01,34.97
2753,2024-01-20 10:40,模式2电平过低故障,2.3,2.0,215,288,80,116,3.9,0.77,0.84,0.54,0.54,1.5,12.0,4.6,-5.8,33.01,34.96
2754,2024-01-20 10:50,正常,2.4,2.7,268,250,90,105,3.8,0.74,0.84,0.58,0.53,1.0,12.0,4.7,-5.3,32.95,34.97
2755,2024-01-20 11:00,电路断开频率过低故障,2.1,2.2,267,211,71,93,4.5,0.71,0.82,0.55,0.53,1.9,11.9,4.8,-5.1,33.04,35.03
2756,2024-01-20 11:10,正常,2.1,2.3,248,241,80,112,3.3,0.78,0.84,0.55,0.53,1.1,11.9,5.3,-4.9,33.0,35.04
2757,2024-01-20 11:20,正常,2.3,2.7,217,264,84,113,3.8,0.72,0.82,0.58,0.53,1.4,11.9,4.7,-4.5,32.98,35.01
2758,2024-01-20 11:30,正常,2.1,2.9,218,240,73,115,4.6,0.73,0.83,0.57,0.55,2.1,12.1,4.8,-5.4,33.0,35.01
2759,2024-01-20 11:40,正常,2.2,2.2,264,220,88,125,5.0,0.72,0.82,0.55,0.54,1.8,12.0,4.8,-5.0,33.02,35.01
2760,2024-01-20 11:50,第一脉冲时间过短故障,2.2,2.8,288,287,99,124,4.7,0.74,0.79,0.56,0.54,1.6,12.0,4.6,-4.6,33.0,35.05
2761,2024-01-20 12:00,正常,2.8,2.1,247,232,98,128,5.3,0.75,0.87,0.52,0.53,1.1,12.0,5.4,-5.2,32.97,35.03
2762,2024-01-20 12:10,正常,2.7,2.4,241,288,70,122,4.7,0.79,0.87,0.53,0.52,1.2,12.1,5.0,-4.6,32.95,35.04
2763,2024-01-20 12:20,正常,2.8,2.8,227,242,96,102,4.3,0.78,0.85,0.54,0.54,2.7,12.0,5.2,-4.5,32.98,35.05
2764,2024-01-20 12:30,正常,2.8,2.8,213,242,89,116,5.4,0.7,0.85,0.54,0.54,2.2,11.9,5.1,-4.9,32.98,35.02
2765,2024-01-20 12:40,系统识别电压过高故障,2.3,2.3,205,245,91,119,3.3,0.7,0.84,0.53,0.54,1.6,12.4,4.9,-5.2,32.97,35.01
2766,2024-01-20 12:50,正常,2.2,2.7,222,211,77,127,4.5,0.75,0.86,0.52,0.54,2.1,11.9,5.1,-5.0,33.01,34.98
2767,2024-01-20 13:00,正常,2.0,2.5,282,253,78,100,4.9,0.75,0.84,0.54,0.54,1.2,12.0,5.0,-5.1,33.02,35.01
2768,2024-01-20 13:10,正常,2.1,2.0,240,236,75,111,4.6,0.76,0.85,0.55,0.56,1.2,12.1,5.3,-5.3,33.02,35.02
2769,2024-01-20 13:20,正常,2.4,2.5,224,284,89,104,5.2,0.71,0.87,0.55,0.52,2.6,12.1,5.3,-5.1,32.95,35.02
2770,2024-01-20 13:30,模式1电平过低故障,2.3,2.4,277,277,72,122,3.7,0.71,0.85,0.55,0.55,2.8,11.9,4.2,-5.3,32.97,34.97
2771,2024-01-20 13:40,正常,2.0,2.4,263,255,87,126,3.1,0.79,0.87,0.56,0.57,1.8,12.1,5.1,-4.7,33.03,34.98
2772,2024-01-20 13:50,正常,2.7,2.3,200,243,90,128,4.0,0.79,0.85,0.57,0.53,2.1,12.1,5.4,-5.3,32.99,35.04
2773,2024-01-20 14:00,正常,2.1,2.0,240,206,96,109,3.7,0.73,0.85,0.52,0.55,1.4,11.9,4.9,-5.1,33.04,35.02
2774,2024-01-20 14:10,正常,2.5,2.4,206,240,82,130,5.4,0.77,0.83,0.53,0.56,1.4,12.1,5.1,-4.6,33.03,34.95
2775,2024-01-20 14:20,系统识别电压过低故障,2.0,2.2,278,244,97,123,3.7,0.78,0.83,0.54,0.56,1.4,11.6,5.2,-5.4,32.98,34.97
2776,2024-01-20 14:30,正常,2.1,2.8,219,213,91,108,4.1,0.72,0.85,0.53,0.57,2.1,12.1,4.6,-4.8,32.98,34.95
2777,2024-01-20 14:40,第三脉冲时间过短故障,2.0,2.6,235,246,79,120,3.2,0.79,0.84,0.52,0.5,2.2,12.0,5.3,-5.5,33.03,34.99
2778,2024-01-20 14:50,+9V稳定电流超标故障,2.4,2.1,261,271,141,122,3.5,0.77,0.86,0.55,0.53,2.9,12.0,4.8,-5.4,32.98,34.97
2779,2024-01-20 15:00,正常,2.5,2.4,205,207,88,119,4.1,0.73,0.86,0.57,0.56,1.6,12.1,5.3,-4.7,32.99,35.05
2780,2024-01-20 15:10,正常,2.1,2.6,257,218,71,124,3.4,0.75,0.84,0.56,0.56,2.1,11.9,4.7,-4.8,33.03,35.02
2781,2024-01-20 15:20,第二脉冲时间过长故障,2.1,2.7,207,233,79,129,3.3,0.8,0.83,0.6,0.55,1.8,12.0,4.8,-5.3,33.0,34.99
2782,2024-01-20 15:30,正常,2.6,2.2,260,230,92,116,4.2,0.78,0.85,0.55,0.52,1.3,12.0,4.6,-5.4,33.01,34.96
2783,2024-01-20 15:40,正常,2.8,2.2,224,216,97,113,4.6,0.72,0.87,0.56,0.57,2.8,12.0,4.6,-4.9,33.0,34.95
2784,2024-01-20 15:50,模式1电平过高故障,2.3,2.0,253,242,72,102,5.2,0.78,0.83,0.53,0.54,2.4,12.0,6.1,-4.5,33.05,35.0
2785,2024-01-20 16:00,正常,2.9,2.2,220,211,94,107,3.5,0.78,0.84,0.52,0.57,1.3,12.0,4.7,-4.6,32.99,35.03
2786,2024-01-20 16:10,正常,2.6,2.0,258,282,82,112,3.9,0.75,0.82,0.58,0.53,1.6,12.0,5.3,-4.7,32.99,35.05
2787,2024-01-20 16:20,正常,2.1,2.4,281,270,94,101,5.4,0.76,0.86,0.55,0.58,2.4,12.0,5.1,-5.5,33.0,35.02
2788,2024-01-20 16:30,第三脉冲时间过短故障,2.2,2.7,263,244,85,116,4.4,0.73,0.85,0.58,0.51,1.8,11.9,4.5,-5.4,32.95,35.04
2789,2024-01-20 16:40,正常,2.8,2.5,253,213,70,120,4.5,0.73,0.85,0.54,0.55,1.8,12.1,5.1,-5.3,32.97,35.0
2790,2024-01-20 16:50,第三脉冲时间过短故障,2.7,2.3,243,203,91,122,4.7,0.7,0.88,0.52,0.49,2.3,12.0,4.7,-4.5,33.0,34.96
2791,2024-01-20 17:00,正常,2.9,2.9,227,228,70,101,3.4,0.75,0.87,0.55,0.55,1.3,12.1,5.5,-5.1,33.0,34.96
2792,2024-01-20 17:10,正常,2.3,2.1,267,231,88,121,5.4,0.75,0.82,0.57,0.56,2.4,12.1,4.9,-4.9,33.01,35.03
2793,2024-01-20 17:20,正常,2.4,2.5,227,241,87,119,4.4,0.75,0.88,0.56,0.55,2.4,12.0,4.5,-4.6,32.98,34.98
2794,2024-01-20 17:30,第一脉冲时间过长故障,2.8,2.9,228,268,78,103,3.1,0.72,0.9,0.54,0.54,1.1,12.0,5.3,-5.3,32.97,34.98
2795,2024-01-20 17:40,模式2脉宽过短故障,2.8,2.3,206,227,87,116,3.6,0.77,0.85,0.56,0.56,2.1,12.1,5.1,-4.6,33.0,34.87
2796,2024-01-20 17:50,模式2电平过低故障,2.5,2.6,265,262,94,107,4.4,0.73,0.82,0.54,0.57,2.6,12.0,4.7,-6.0,33.0,35.02
2797,2024-01-20 18:00,正常,2.5,2.7,285,204,79,115,3.4,0.74,0.83,0.54,0.53,2.8,12.1,5.0,-5.3,32.97,35.02
2798,2024-01-20 18:10,正常,2.3,2.6,275,269,88,121,5.3,0.7,0.83,0.54,0.56,2.1,12.0,5.0,-4.8,33.02,35.02
2799,2024-01-20 18:20,正常,2.4,2.2,205,222,97,128,3.9,0.78,0.82,0.52,0.57,1.5,12.0,5.5,-4.7,32.97,34.98
2800,2024-01-20 18:30,正常,2.5,2.4,229,247,91,124,3.1,0.73,0.86,0.55,0.53,2.2,11.9,4.8,-5.4,32.96,34.96
2801,2024-01-20 18:40,系统识别电压过低故障,2.4,2.9,269,282,78,117,3.6,0.71,0.88,0.55,0.55,1.5,11.6,5.4,-4.8,33.02,35.04
2802,2024-01-20 18:50,+24V最大电流超标故障,3.8,2.8,217,263,99,124,4.2,0.71,0.82,0.57,0.56,1.2,11.9,5.0,-4.7,33.0,35.02
2803,2024-01-20 19:00,模式2电平过高故障,2.7,2.7,215,209,78,102,3.3,0.78,0.87,0.55,0.58,2.9,11.9,4.7,-4.3,32.96,35.0
2804,2024-01-20 19:10,模式1电平过高故障,2.9,2.9,224,222,83,120,4.9,0.72,0.88,0.57,0.54,2.8,12.1,5.6,-4.8,32.99,34.96
2805,2024-01-20 19:20,+24V最大电流超标故障,3.7,2.2,268,212,76,128,4.0,0.75,0.83,0.55,0.57,1.5,12.1,4.9,-4.8,32.97,35.03
2806,2024-01-20 19:30,第三脉冲时间过长故障,2.3,2.9,216,214,76,103,4.1,0.79,0.86,0.55,0.6,2.6,12.1,4.6,-4.5,33.03,35.04
2807,2024-01-20 19:40,正常,2.4,2.9,281,235,81,118,5.0,0.76,0.86,0.56,0.55,2.5,12.0,4.6,-5.2,33.0,34.99
2808,2024-01-20 19:50,正常,2.8,2.6,225,237,97,113,5.4,0.75,0.83,0.57,0.52,1.9,12.0,5.4,-5.5,33.03,35.0
2809,2024-01-20 20:00,正常,2.7,2.7,201,213,88,117,3.8,0.78,0.84,0.55,0.54,2.9,12.0,5.4,-5.3,33.04,34.96
2810,2024-01-20 20:10,-24V稳定电流超标故障,2.7,2.5,244,365,95,101,3.1,0.74,0.88,0.54,0.54,2.7,12.1,5.1,-5.1,32.97,34.96
2811,2024-01-20 20:20,正常,2.4,2.2,279,247,93,120,4.1,0.77,0.85,0.55,0.56,2.4,12.0,5.1,-5.5,33.01,35.03
2812,2024-01-20 20:30,正常,2.6,2.8,235,212,87,111,4.7,0.73,0.87,0.55,0.53,2.8,12.0,5.4,-4.9,33.04,35.0
2813,2024-01-20 20:40,正常,2.6,2.3,230,208,70,125,4.7,0.7,0.85,0.56,0.56,2.2,12.0,5.0,-4.9,32.96,34.97
2814,2024-01-20 20:50,正常,2.2,2.4,235,234,83,129,3.6,0.8,0.88,0.53,0.54,1.2,12.0,4.6,-5.1,32.96,35.05
2815,2024-01-20 21:00,正常,2.0,2.4,257,260,93,129,3.6,0.77,0.84,0.57,0.57,2.4,12.1,5.0,-5.4,33.0,34.96
2816,2024-01-20 21:10,正常,2.6,2.4,283,238,88,127,4.7,0.74,0.82,0.55,0.55,2.4,12.0,5.3,-5.3,33.05,34.99
2817,2024-01-20 21:20,+9V稳定电流超标故障,2.7,2.3,230,252,149,109,4.4,0.78,0.83,0.57,0.53,1.2,12.0,5.3,-4.9,32.95,35.04
2818,2024-01-20 21:30,正常,2.6,2.4,256,225,71,124,3.6,0.78,0.83,0.55,0.56,1.0,11.9,4.6,-5.3,32.98,34.96
2819,2024-01-20 21:40,正常,2.7,2.8,255,222,94,118,3.2,0.75,0.83,0.53,0.56,2.6,12.1,4.7,-5.4,32.95,34.96
2820,2024-01-20 21:50,正常,2.3,2.7,232,210,76,128,4.9,0.74,0.84,0.52,0.57,1.1,12.0,5.4,-4.7,32.98,35.02
2821,2024-01-20 22:00,正常,2.7,2.7,204,205,76,129,3.6,0.75,0.83,0.58,0.53,2.9,12.0,5.2,-4.7,32.97,34.96
2822,2024-01-20 22:10,正常,2.7,2.8,287,212,76,122,3.9,0.72,0.85,0.55,0.55,2.8,12.0,4.5,-5.1,33.03,34.98
2823,2024-01-20 22:20,第三脉冲时间过短故障,2.4,2.4,279,244,91,129,4.5,0.71,0.88,0.52,0.5,2.5,12.0,5.2,-5.4,33.0,34.97
2824,2024-01-20 22:30,正常,2.2,2.5,287,231,72,125,3.3,0.78,0.83,0.53,0.56,1.7,11.9,4.9,-4.7,32.97,35.01
2825,2024-01-20 22:40,正常,2.6,2.5,262,214,77,101,4.1,0.8,0.84,0.52,0.54,1.3,11.9,5.5,-5.2,33.02,35.0
2826,2024-01-20 22:50,模式2电平过高故障,2.9,2.6,282,260,83,124,3.0,0.72,0.86,0.56,0.55,1.3,12.0,5.4,-3.9,33.04,35.03
2827,2024-01-20 23:00,正常,2.2,2.0,289,204,78,124,5.1,0.72,0.88,0.57,0.58,2.8,12.1,4.6,-4.8,33.03,34.99
2828,2024-01-20 23:10,电路断开频率过低故障,2.4,2.3,225,269,84,90,4.3,0.77,0.83,0.53,0.56,1.1,11.9,5.1,-4.5,33.0,34.99
2829,2024-01-20 23:20,-24V最大电流超标故障,2.3,3.1,238,290,75,114,5.5,0.79,0.86,0.57,0.52,1.6,12.0,4.9,-4.6,33.0,35.02
2830,2024-01-20 23:30,模式1电平过高故障,2.2,2.6,281,244,86,102,4.0,0.8,0.88,0.54,0.54,1.1,11.9,6.2,-4.8,33.01,35.0
2831,2024-01-20 23:40,正常,2.3,2.4,286,250,76,125,3.1,0.79,0.84,0.56,0.57,1.0,12.0,5.3,-5.2,32.98,34.96
2832,2024-01-20 23:50,正常,2.6,2.0,209,241,92,124,5.3,0.75,0.87,0.57,0.53,1.7,11.9,4.8,-5.1,33.0,34.95
2833,2024-01-21 00:00,正常,2.0,2.8,219,203,80,115,4.4,0.77,0.84,0.54,0.57,1.1,12.0,4.9,-4.6,33.0,35.02
2834,2024-01-21 00:10,正常,2.6,2.6,236,200,94,119,3.5,0.78,0.83,0.54,0.53,1.5,12.0,5.0,-5.2,33.05,35.04
2835,2024-01-21 00:20,正常,2.2,2.8,200,200,81,103,4.9,0.72,0.83,0.57,0.52,1.3,12.0,5.0,-4.9,33.04,35.04
2836,2024-01-21 00:30,模式1脉宽过长故障,2.5,2.5,219,208,81,120,5.0,0.8,0.87,0.56,0.55,2.1,11.9,4.6,-4.9,33.08,34.96
2837,2024-01-21 00:40,系统识别电压过低故障,2.6,2.8,212,243,82,130,3.5,0.79,0.87,0.56,0.53,1.7,11.8,5.0,-5.3,33.02,34.96
2838,2024-01-21 00:50,第三脉冲时间过长故障,2.3,2.1,260,252,97,129,4.4,0.8,0.88,0.55,0.6,1.2,12.0,5.4,-5.1,33.02,35.01
2839,2024-01-21 01:00,指令判断时间过短故障,2.2,2.8,274,283,79,113,4.0,0.66,0.85,0.53,0.54,2.5,12.1,4.8,-5.0,32.97,35.04
2840,2024-01-21 01:10,正常,2.1,2.8,269,283,93,111,5.1,0.7,0.87,0.56,0.57,1.6,12.0,5.2,-4.8,32.95,35.03
2841,2024-01-21 01:20,正常,2.3,2.6,268,279,82,125,3.8,0.71,0.88,0.55,0.52,3.0,12.1,5.5,-4.8,33.0,35.0
2842,2024-01-21 01:30,正常,2.1,2.4,289,276,74,105,4.0,0.72,0.83,0.57,0.56,1.7,11.9,4.7,-5.0,33.04,35.04
2843,2024-01-21 01:40,正常,2.8,2.2,290,236,95,116,4.7,0.72,0.88,0.57,0.53,1.7,12.0,5.4,-4.8,33.05,35.01
2844,2024-01-21 01:50,+24V最大电流超标故障,3.5,2.7,286,255,71,115,4.9,0.78,0.86,0.58,0.55,1.3,12.0,5.3,-5.0,33.04,35.05
2845,2024-01-21 02:00,正常,2.6,2.5,259,257,83,109,3.2,0.73,0.84,0.54,0.54,2.4,11.9,4.7,-5.2,32.97,35.02
2846,2024-01-21 02:10,正常,2.8,2.7,256,277,73,130,3.8,0.75,0.87,0.57,0.55,1.2,12.0,5.2,-4.7,33.01,35.01
2847,2024-01-21 02:20,模式1脉宽过长故障,2.2,2.1,254,235,76,123,4.2,0.74,0.85,0.54,0.54,1.2,12.1,5.2,-4.7,33.13,35.0
2848,2024-01-21 02:30,正常,2.2,2.7,205,269,96,127,5.2,0.72,0.88,0.58,0.55,2.8,12.0,4.7,-5.2,33.05,35.03
2849,2024-01-21 02:40,正常,2.1,2.5,265,232,98,129,5.4,0.75,0.87,0.58,0.54,1.6,12.0,4.6,-4.7,33.05,35.01
2850,2024-01-21 02:50,正常,2.0,2.8,270,220,90,107,4.5,0.74,0.82,0.53,0.58,1.9,11.9,5.1,-5.3,33.01,34.95
2851,2024-01-21 03:00,正常,2.2,2.1,272,216,80,130,4.6,0.7,0.87,0.56,0.55,2.7,12.0,4.8,-5.3,33.04,34.99
2852,2024-01-21 03:10,正常,2.4,2.4,214,218,90,123,5.4,0.73,0.88,0.58,0.56,1.3,12.0,4.7,-5.4,33.01,35.02
2853,2024-01-21 03:20,模式1脉宽过短故障,2.5,2.8,258,251,92,117,3.4,0.73,0.83,0.57,0.53,2.2,12.0,4.6,-5.3,32.94,35.04
2854,2024-01-21 03:30,正常,2.9,2.7,287,241,90,109,3.3,0.74,0.83,0.53,0.55,1.0,12.0,5.5,-4.8,33.04,35.02
2855,2024-01-21 03:40,正常,2.6,2.2,270,282,81,119,4.3,0.79,0.88,0.52,0.53,1.4,12.0,4.7,-5.3,33.03,34.97
2856,2024-01-21 03:50,模式1脉宽过长故障,2.9,2.7,220,268,73,129,4.6,0.73,0.86,0.54,0.58,1.2,12.0,4.6,-4.6,33.09,35.03
2857,2024-01-21 04:00,正常,2.3,2.6,257,239,77,117,4.6,0.78,0.88,0.54,0.54,1.4,12.1,5.0,-4.9,33.0,35.05
2858,2024-01-21 04:10,正常,2.1,2.7,253,281,88,114,4.3,0.72,0.83,0.53,0.58,2.4,12.0,5.5,-5.1,32.99,34.99
2859,2024-01-21 04:20,电路断开时间超标故障,2.4,2.0,234,252,83,109,6.4,0.8,0.86,0.54,0.54,2.4,11.9,4.7,-4.5,33.01,35.02
2860,2024-01-21 04:30,正常,2.4,2.2,201,253,72,113,3.7,0.76,0.86,0.55,0.57,1.3,12.1,4.5,-5.4,33.03,35.02
2861,2024-01-21 04:40,第一脉冲时间过短故障,2.8,2.5,264,207,76,121,3.1,0.76,0.8,0.53,0.54,2.1,12.1,5.3,-4.7,32.97,34.96
2862,2024-01-21 04:50,系统识别电压过高故障,2.0,2.3,254,244,79,118,3.7,0.76,0.83,0.52,0.53,2.7,12.5,5.2,-4.9,33.02,34.98
2863,2024-01-21 05:00,第二脉冲时间过短故障,2.0,2.7,213,263,75,112,4.0,0.71,0.84,0.51,0.52,2.3,12.0,5.1,-4.8,33.03,34.99
2864,2024-01-21 05:10,电路断开频率过高故障,2.5,2.7,205,246,87,143,4.0,0.71,0.85,0.56,0.55,1.8,11.9,5.3,-4.5,32.99,34.99
2865,2024-01-21 05:20,正常,2.7,2.1,232,245,83,119,3.6,0.78,0.82,0.54,0.54,2.6,12.0,4.6,-4.7,33.03,35.0
2866,2024-01-21 05:30,正常,2.5,2.6,237,220,82,124,3.2,0.71,0.86,0.54,0.53,1.7,12.0,4.9,-5.3,32.99,34.99
2867,2024-01-21 05:40,正常,2.4,2.6,262,237,72,119,3.2,0.72,0.85,0.55,0.53,1.8,12.1,4.6,-5.3,33.0,34.96
2868,2024-01-21 05:50,正常,2.7,2.4,283,216,70,104,3.8,0.74,0.84,0.53,0.52,1.7,12.0,4.8,-4.8,33.04,35.03
2869,2024-01-21 06:00,正常,2.1,2.3,217,247,99,119,3.2,0.75,0.83,0.56,0.56,2.7,11.9,5.1,-4.5,33.01,34.98
2870,2024-01-21 06:10,正常,2.8,2.8,249,270,82,109,4.2,0.73,0.83,0.57,0.56,2.9,11.9,4.7,-4.9,33.05,34.96
2871,2024-01-21 06:20,正常,2.6,2.7,276,263,80,125,5.5,0.74,0.83,0.56,0.53,2.6,12.1,4.7,-4.6,32.99,35.04
2872,2024-01-21 06:30,模式1脉宽过短故障,2.1,2.2,224,239,88,124,5.1,0.72,0.83,0.52,0.54,1.8,11.9,4.7,-5.4,32.86,35.02
2873,2024-01-21 06:40,正常,2.7,2.8,216,220,91,108,3.3,0.77,0.82,0.57,0.57,1.4,12.1,4.9,-4.6,33.01,35.02
2874,2024-01-21 06:50,正常,2.5,2.7,230,264,90,102,4.8,0.72,0.84,0.55,0.54,2.0,12.0,5.5,-5.1,32.98,35.02
2875,2024-01-21 07:00,+24V稳定电流超标故障,2.8,2.8,320,278,79,106,4.0,0.8,0.85,0.56,0.57,2.0,11.9,5.3,-4.9,32.99,35.0
2876,2024-01-21 07:10,+9V稳定电流超标故障,2.2,2.6,232,275,143,111,5.3,0.71,0.86,0.58,0.57,2.8,12.0,4.7,-5.5,33.02,35.05
2877,2024-01-21 07:20,指令判断时间过短故障,2.0,2.7,236,264,88,128,4.8,0.64,0.82,0.53,0.58,1.3,12.0,4.5,-4.6,33.01,35.04
2878,2024-01-21 07:30,正常,2.8,2.2,272,208,83,103,4.6,0.75,0.83,0.53,0.55,1.8,11.9,4.9,-5.5,33.01,34.97
2879,2024-01-21 07:40,模式2脉宽过长故障,2.7,2.9,219,235,73,115,4.1,0.74,0.84,0.55,0.56,2.8,12.0,4.5,-4.8,33.01,35.15
2880,2024-01-21 07:50,正常,2.1,2.8,213,232,98,118,4.8,0.79,0.86,0.57,0.53,2.7,11.9,4.6,-5.3,33.05,34.98
2881,2024-01-21 08:00,正常,2.5,2.9,236,274,75,124,4.1,0.7,0.83,0.53,0.53,1.4,11.9,5.0,-5.2,33.02,35.0
2882,2024-01-21 08:10,模式2电平过低故障,2.3,2.6,242,269,79,113,4.4,0.72,0.85,0.57,0.55,1.4,12.0,4.7,-6.1,32.97,35.01
2883,2024-01-21 08:20,正常,2.4,2.5,217,235,89,121,3.8,0.71,0.86,0.56,0.58,2.1,12.0,4.8,-4.8,33.0,35.03
2884,2024-01-21 08:30,正常,2.8,2.1,223,225,84,114,3.9,0.79,0.87,0.53,0.55,2.5,12.1,5.1,-4.9,32.95,34.98
2885,2024-01-21 08:40,-24V最大电流超标故障,2.2,3.9,277,224,93,111,3.1,0.74,0.83,0.55,0.58,2.8,12.0,5.2,-5.0,33.05,34.99
2886,2024-01-21 08:50,正常,2.7,2.1,235,258,74,117,3.9,0.71,0.85,0.56,0.55,2.0,12.0,4.6,-4.6,33.02,34.99
2887,2024-01-21 09:00,正常,2.6,2.0,230,259,84,130,3.6,0.77,0.87,0.57,0.57,2.6,11.9,5.4,-4.9,33.0,34.96
2888,2024-01-21 09:10,正常,2.6,2.9,215,202,92,124,4.3,0.71,0.83,0.53,0.55,2.6,12.1,5.2,-4.9,32.98,34.97
2889,2024-01-21 09:20,正常,2.3,2.5,262,262,88,128,4.8,0.79,0.82,0.56,0.52,2.5,11.9,5.4,-5.3,33.04,34.96
2890,2024-01-21 09:30,正常,2.8,2.0,232,213,73,105,3.9,0.74,0.82,0.57,0.53,2.0,12.0,5.4,-4.5,33.0,35.02
2891,2024-01-21 09:40,正常,2.4,2.4,249,282,78,110,4.8,0.71,0.86,0.55,0.53,1.2,12.0,4.9,-5.3,32.96,35.04
2892,2024-01-21 09:50,正常,2.5,2.0,222,246,72,117,3.1,0.72,0.87,0.58,0.54,2.0,11.9,5.2,-5.1,32.99,35.04
2893,2024-01-21 10:00,正常,2.2,2.6,226,240,97,105,3.7,0.73,0.86,0.55,0.55,1.5,11.9,4.5,-5.3,33.04,35.04
2894,2024-01-21 10:10,正常,2.7,2.2,239,249,72,109,4.0,0.79,0.87,0.58,0.55,2.8,12.0,5.0,-4.9,33.03,34.97
2895,2024-01-21 10:20,正常,2.4,2.1,205,286,82,125,5.4,0.76,0.86,0.53,0.56,1.9,12.1,4.9,-4.6,33.0,35.01
2896,2024-01-21 10:30,+24V最大电流超标故障,3.4,2.4,260,225,77,103,3.5,0.74,0.84,0.53,0.54,1.9,12.1,4.5,-5.0,33.04,35.0
2897,2024-01-21 10:40,正常,2.6,2.1,216,220,90,116,4.0,0.79,0.83,0.55,0.56,1.6,11.9,4.8,-4.9,32.99,34.98
2898,2024-01-21 10:50,电路断开时间超标故障,2.7,2.8,273,281,99,113,6.6,0.7,0.87,0.53,0.55,2.2,12.0,4.8,-4.7,33.03,35.01
2899,2024-01-21 11:00,正常,2.6,2.6,220,202,83,118,4.9,0.78,0.84,0.58,0.57,2.1,12.1,5.2,-4.8,32.99,34.98
2900,2024-01-21 11:10,第一脉冲时间过短故障,2.4,2.5,206,277,84,122,4.9,0.8,0.81,0.57,0.56,2.0,12.0,5.0,-5.0,33.01,34.98
2901,2024-01-21 11:20,正常,2.4,2.0,256,241,97,113,3.8,0.75,0.87,0.52,0.57,2.6,12.0,5.1,-4.9,32.95,35.01
2902,2024-01-21 11:30,正常,2.1,2.9,280,222,72,124,4.1,0.79,0.83,0.57,0.55,2.8,12.1,5.0,-4.5,33.03,34.99
2903,2024-01-21 11:40,-24V稳定电流超标故障,2.1,2.8,263,368,81,111,5.5,0.72,0.82,0.53,0.53,2.4,11.9,4.7,-4.8,33.04,35.04
2904,2024-01-21 11:50,正常,2.1,2.2,235,214,82,113,3.9,0.78,0.84,0.53,0.58,2.1,12.0,5.0,-5.3,32.96,34.95
2905,2024-01-21 12:00,正常,2.5,2.6,275,245,89,130,3.8,0.74,0.84,0.53,0.52,2.9,12.0,4.9,-4.8,33.01,34.98
2906,2024-01-21 12:10,正常,2.8,2.1,268,223,97,121,5.0,0.73,0.87,0.56,0.54,3.0,12.0,5.4,-5.1,33.04,35.04
2907,2024-01-21 12:20,正常,2.0,2.1,219,264,85,124,5.5,0.76,0.85,0.54,0.55,1.3,12.0,5.0,-4.7,32.99,34.97
2908,2024-01-21 12:30,正常,2.2,2.7,264,246,92,128,5.0,0.73,0.85,0.54,0.56,1.5,12.0,5.4,-4.8,33.0,34.99
2909,2024-01-21 12:40,第一脉冲时间过短故障,2.5,2.6,263,279,83,122,4.4,0.75,0.8,0.57,0.56,2.1,12.0,4.5,-5.2,32.95,35.03
2910,2024-01-21 12:50,正常,2.4,2.9,287,222,70,107,3.2,0.72,0.84,0.56,0.56,1.5,12.1,5.2,-4.8,32.96,34.97
2911,2024-01-21 13:00,第二脉冲时间过长故障,2.1,2.5,236,209,82,122,3.6,0.73,0.83,0.6,0.55,1.9,12.0,5.2,-4.5,32.96,34.96
2912,2024-01-21 13:10,+24V最大电流超标故障,3.3,2.1,243,281,91,119,4.8,0.75,0.83,0.58,0.57,2.2,11.9,5.3,-4.6,33.02,35.04
2913,2024-01-21 13:20,模式2脉宽过长故障,2.5,2.1,249,203,94,107,4.1,0.77,0.82,0.52,0.57,2.8,12.0,5.4,-5.4,33.01,35.14
2914,2024-01-21 13:30,-24V最大电流超标故障,2.4,3.6,281,217,71,106,4.2,0.79,0.84,0.57,0.55,2.3,12.0,5.0,-5.4,32.98,34.99
2915,2024-01-21 13:40,正常,2.5,2.4,262,233,89,105,3.7,0.71,0.88,0.53,0.57,2.0,12.0,4.7,-4.8,33.04,34.97
2916,2024-01-21 13:50,正常,2.3,2.9,284,257,97,109,5.3,0.8,0.86,0.55,0.56,1.1,12.0,5.5,-5.4,33.0,35.05
2917,2024-01-21 14:00,正常,2.4,2.6,260,204,81,119,4.9,0.75,0.87,0.57,0.54,1.9,11.9,5.1,-5.0,32.99,35.05
2918,2024-01-21 14:10,正常,2.3,2.0,253,250,95,118,3.4,0.74,0.88,0.58,0.53,1.5,11.9,5.5,-4.9,32.97,34.96
2919,2024-01-21 14:20,正常,2.3,2.0,265,203,86,130,3.8,0.75,0.85,0.57,0.56,2.9,12.1,5.1,-5.2,32.99,35.03
2920,2024-01-21 14:30,正常,2.4,2.6,220,249,83,126,4.3,0.72,0.84,0.53,0.52,1.9,12.0,4.9,-5.0,32.95,34.99
2921,2024-01-21 14:40,正常,2.1,2.4,267,271,85,106,4.2,0.72,0.88,0.56,0.53,2.4,12.0,5.1,-5.5,32.99,35.0
2922,2024-01-21 14:50,正常,2.2,2.2,286,272,90,110,3.9,0.79,0.86,0.58,0.56,2.1,12.0,5.0,-4.6,33.04,34.99
2923,2024-01-21 15:00,正常,2.5,2.3,210,256,71,108,3.9,0.74,0.84,0.54,0.55,2.5,12.1,4.9,-5.2,32.97,34.97
2924,2024-01-21 15:10,正常,2.3,2.6,268,244,86,119,4.1,0.71,0.87,0.56,0.55,1.0,12.0,4.9,-5.2,33.02,35.02
2925,2024-01-21 15:20,正常,2.5,2.7,254,256,74,112,3.7,0.71,0.86,0.57,0.53,2.8,12.0,4.7,-5.5,33.0,34.99
2926,2024-01-21 15:30,正常,2.8,2.4,257,203,81,121,4.9,0.77,0.86,0.56,0.54,1.2,12.0,5.3,-4.9,33.0,35.01
2927,2024-01-21 15:40,第三脉冲时间过长故障,2.3,2.2,215,282,85,110,5.3,0.75,0.85,0.57,0.61,3.0,12.0,5.0,-4.7,32.97,34.97
2928,2024-01-21 15:50,正常,2.0,2.7,217,267,97,115,4.5,0.76,0.84,0.55,0.57,2.8,12.1,5.2,-5.0,33.0,34.96
2929,2024-01-21 16:00,正常,2.6,2.2,277,241,81,127,5.0,0.74,0.83,0.52,0.52,1.5,12.0,4.5,-5.0,32.95,35.04
2930,2024-01-21 16:10,正常,2.6,2.3,266,220,96,105,3.1,0.73,0.86,0.56,0.57,2.3,11.9,4.9,-4.9,33.04,35.01
2931,2024-01-21 16:20,模式2电平过高故障,2.3,2.8,242,283,94,108,4.8,0.77,0.84,0.55,0.56,1.6,12.0,5.0,-3.8,32.98,34.97
2932,2024-01-21 16:30,正常,2.1,2.3,213,253,90,105,4.4,0.75,0.87,0.57,0.56,2.2,12.0,5.2,-4.7,32.97,34.99
2933,2024-01-21 16:40,电路断开频率过高故障,2.8,2.5,255,203,90,143,3.5,0.79,0.86,0.52,0.57,1.2,11.9,5.3,-4.5,33.02,34.95
2934,2024-01-21 16:50,正常,2.0,2.5,264,285,84,121,4.0,0.78,0.88,0.58,0.58,3.0,12.1,4.6,-4.8,32.99,35.0
2935,2024-01-21 17:00,正常,2.1,2.2,287,202,88,126,3.5,0.79,0.83,0.57,0.54,2.5,11.9,4.5,-5.3,32.98,35.02
2936,2024-01-21 17:10,第二脉冲时间过长故障,2.6,2.8,220,263,91,123,3.6,0.79,0.87,0.62,0.56,1.4,12.0,4.8,-5.3,32.97,34.95
2937,2024-01-21 17:20,正常,2.2,2.6,203,217,98,108,3.8,0.79,0.87,0.53,0.53,1.8,11.9,5.4,-5.1,33.0,34.97
2938,2024-01-21 17:30,模式2电平过高故障,2.9,2.6,258,265,96,103,3.9,0.8,0.86,0.56,0.52,2.2,12.1,5.0,-3.9,33.01,34.97
2939,2024-01-21 17:40,光电频率过高故障,2.2,2.8,205,273,76,102,4.0,0.78,0.88,0.55,0.56,3.9,12.0,4.7,-5.3,32.99,34.99
2940,2024-01-21 17:50,正常,2.4,2.1,250,232,99,128,5.0,0.78,0.83,0.54,0.53,1.1,12.0,5.0,-5.4,32.96,34.98
2941,2024-01-21 18:00,模式1脉宽过长故障,2.3,2.8,230,266,85,105,4.4,0.71,0.83,0.56,0.54,2.2,11.9,4.6,-4.6,33.08,35.02
2942,2024-01-21 18:10,-24V最大电流超标故障,2.6,3.2,284,255,78,102,3.1,0.77,0.85,0.58,0.54,2.0,12.1,5.0,-4.7,33.01,35.02
2943,2024-01-21 18:20,正常,2.8,2.6,284,235,84,101,3.9,0.75,0.83,0.52,0.53,2.9,11.9,4.9,-5.1,33.02,34.96
2944,2024-01-21 18:30,正常,2.7,2.3,261,281,70,114,5.4,0.71,0.84,0.53,0.56,2.3,11.9,4.6,-5.2,33.04,34.97
2945,2024-01-21 18:40,正常,2.0,2.1,217,257,86,115,4.4,0.76,0.88,0.53,0.54,2.8,12.0,5.4,-5.0,33.0,35.01
2946,2024-01-21 18:50,正常,2.1,2.5,229,218,96,124,4.2,0.79,0.87,0.52,0.54,2.2,12.0,5.5,-5.2,33.03,34.95
2947,2024-01-21 19:00,第二脉冲时间过长故障,2.5,2.1,242,205,78,108,4.5,0.75,0.87,0.6,0.55,2.8,12.0,4.6,-5.3,32.99,35.01
2948,2024-01-21 19:10,正常,2.1,2.7,273,208,93,120,3.3,0.77,0.84,0.54,0.54,2.7,12.0,4.7,-4.7,33.03,35.01
2949,2024-01-21 19:20,正常,2.5,2.9,289,274,74,103,5.0,0.71,0.86,0.53,0.56,1.2,11.9,5.2,-4.5,32.95,34.99
2950,2024-01-21 19:30,正常,2.1,2.3,215,280,84,123,5.5,0.76,0.82,0.56,0.53,2.0,11.9,5.0,-4.8,33.05,34.98
2951,2024-01-21 19:40,系统识别电压过低故障,2.4,2.1,232,231,97,117,4.0,0.71,0.88,0.52,0.52,3.0,11.8,4.9,-4.6,33.01,35.04
2952,2024-01-21 19:50,正常,2.4,2.7,285,250,71,125,4.8,0.73,0.87,0.55,0.54,1.2,11.9,4.9,-4.5,32.96,34.96
2953,2024-01-21 20:00,正常,2.2,2.6,274,224,71,121,3.2,0.72,0.85,0.53,0.53,2.5,12.1,5.1,-4.7,33.05,34.96
2954,2024-01-21 20:10,电路断开频率过高故障,2.6,2.9,239,233,82,136,4.6,0.77,0.86,0.57,0.54,2.4,12.0,4.9,-5.0,33.03,35.04
2955,2024-01-21 20:20,正常,2.2,2.6,261,255,88,125,5.0,0.71,0.88,0.57,0.54,3.0,12.0,4.8,-4.7,33.0,35.03
2956,2024-01-21 20:30,指令判断时间过短故障,2.6,2.4,290,202,79,130,4.2,0.64,0.83,0.53,0.53,2.8,12.1,5.1,-5.1,32.96,35.0
2957,2024-01-21 20:40,电路断开频率过高故障,2.1,2.5,284,277,81,149,4.2,0.79,0.84,0.56,0.55,2.7,12.0,5.1,-4.6,32.96,34.96
2958,2024-01-21 20:50,正常,2.7,2.9,280,205,93,112,4.8,0.74,0.87,0.56,0.55,2.9,12.1,4.5,-4.7,32.98,35.04
2959,2024-01-21 21:00,正常,2.1,2.2,232,238,98,102,5.0,0.79,0.85,0.55,0.54,1.2,12.1,4.9,-4.7,33.03,35.05
2960,2024-01-21 21:10,正常,2.7,2.5,213,232,86,107,3.8,0.78,0.82,0.58,0.56,2.8,11.9,4.7,-4.8,33.0,34.96
2961,2024-01-21 21:20,正常,2.5,2.9,243,245,78,118,5.3,0.78,0.85,0.53,0.57,1.2,11.9,5.2,-4.7,32.99,34.99
2962,2024-01-21 21:30,正常,2.8,2.6,241,224,76,115,5.4,0.79,0.85,0.56,0.58,1.3,12.1,4.7,-5.3,33.04,35.03
2963,2024-01-21 21:40,正常,2.8,2.1,224,247,83,109,4.8,0.78,0.84,0.54,0.53,1.1,12.0,5.0,-5.0,33.02,34.97
2964,2024-01-21 21:50,正常,2.4,2.3,264,249,94,124,5.1,0.8,0.85,0.57,0.54,1.4,12.0,5.3,-4.6,33.05,34.97
2965,2024-01-21 22:00,第一脉冲时间过短故障,2.4,2.2,253,224,99,104,3.8,0.78,0.79,0.56,0.57,2.5,12.1,5.3,-4.6,33.02,34.99
2966,2024-01-21 22:10,模式1电平过高故障,2.4,2.5,203,278,77,106,3.2,0.78,0.87,0.56,0.57,2.1,12.1,6.0,-5.2,33.05,34.98
2967,2024-01-21 22:20,正常,2.5,2.8,215,257,78,117,3.8,0.71,0.85,0.53,0.57,2.3,12.0,5.0,-4.6,33.0,35.01
2968,2024-01-21 22:30,电路断开频率过低故障,2.6,2.9,200,249,87,80,3.9,0.72,0.86,0.56,0.56,1.8,12.0,5.1,-5.0,32.99,34.99
2969,2024-01-21 22:40,电路断开时间超标故障,2.0,2.7,264,208,99,104,6.7,0.79,0.86,0.55,0.56,2.3,12.0,5.1,-4.5,33.05,35.05
2970,2024-01-21 22:50,正常,2.0,2.9,281,243,73,115,4.1,0.79,0.87,0.52,0.52,2.0,11.9,5.0,-5.1,32.98,35.04
2971,2024-01-21 23:00,正常,2.1,2.1,248,243,98,110,5.2,0.79,0.86,0.52,0.58,1.6,12.0,4.9,-5.4,32.99,35.03
2972,2024-01-21 23:10,系统识别电压过高故障,2.7,2.6,207,200,82,103,3.5,0.78,0.86,0.54,0.53,1.5,12.3,4.6,-4.9,32.96,34.98
2973,2024-01-21 23:20,系统识别电压过低故障,2.8,2.5,237,286,71,103,4.6,0.78,0.87,0.54,0.54,2.5,11.6,5.2,-5.4,33.02,35.0
2974,2024-01-21 23:30,正常,2.3,2.3,244,241,76,127,4.1,0.76,0.85,0.56,0.55,3.0,12.1,5.2,-4.8,32.99,34.96
2975,2024-01-21 23:40,光电频率过高故障,2.2,2.6,275,282,94,112,5.2,0.77,0.83,0.57,0.54,3.2,11.9,4.6,-5.2,32.95,35.05
2976,2024-01-21 23:50,电路断开频率过高故障,2.7,2.2,256,208,96,149,5.4,0.73,0.85,0.54,0.53,1.9,12.0,4.9,-5.3,33.04,35.0
2977,2024-01-22 00:00,正常,2.7,2.5,208,265,87,103,5.1,0.75,0.85,0.54,0.56,1.6,12.1,4.5,-5.5,32.99,34.99
2978,2024-01-22 00:10,正常,2.8,2.5,243,285,70,107,3.7,0.78,0.85,0.56,0.53,2.7,12.1,4.9,-4.9,32.96,34.96
2979,2024-01-22 00:20,正常,2.0,2.9,249,275,95,107,3.8,0.78,0.84,0.53,0.54,2.3,12.0,4.9,-5.0,33.02,35.01
2980,2024-01-22 00:30,正常,2.7,2.2,226,255,79,130,4.0,0.8,0.83,0.57,0.53,2.3,12.0,4.8,-5.5,32.98,35.02
2981,2024-01-22 00:40,指令判断时间过短故障,2.6,2.1,227,232,89,119,4.9,0.66,0.86,0.55,0.57,1.5,11.9,4.6,-5.0,32.96,35.0
2982,2024-01-22 00:50,正常,2.3,2.4,218,239,76,100,4.0,0.74,0.84,0.54,0.54,1.3,12.0,5.3,-5.4,33.01,34.98
2983,2024-01-22 01:00,正常,2.5,2.1,286,290,72,122,4.7,0.78,0.82,0.53,0.52,2.2,11.9,5.3,-4.7,32.97,34.99
2984,2024-01-22 01:10,正常,2.4,2.2,272,235,86,111,4.5,0.76,0.83,0.53,0.56,1.9,12.1,4.5,-5.3,32.96,34.98
2985,2024-01-22 01:20,光电频率过低故障,2.4,2.9,204,243,99,112,3.4,0.73,0.83,0.53,0.53,0.3,11.9,4.8,-5.4,33.0,35.04
2986,2024-01-22 01:30,正常,2.4,2.5,239,242,92,126,4.1,0.76,0.87,0.53,0.58,1.1,12.0,4.6,-5.0,32.98,35.0
2987,2024-01-22 01:40,模式2脉宽过短故障,2.9,2.1,247,224,81,112,4.3,0.73,0.85,0.56,0.56,2.5,11.9,5.2,-5.4,33.01,34.91
2988,2024-01-22 01:50,正常,2.4,2.1,251,242,74,126,3.3,0.74,0.84,0.55,0.55,1.9,12.0,5.5,-4.9,33.03,35.05
2989,2024-01-22 02:00,正常,2.6,2.5,241,231,78,112,4.2,0.74,0.83,0.55,0.58,1.1,12.0,5.2,-5.4,33.03,34.97
2990,2024-01-22 02:10,-24V稳定电流超标故障,2.8,2.1,263,326,73,111,5.3,0.74,0.87,0.52,0.53,1.4,11.9,4.6,-4.6,33.02,35.02
2991,2024-01-22 02:20,正常,2.4,2.6,239,275,75,105,3.4,0.75,0.83,0.57,0.58,1.4,12.1,5.1,-5.2,32.99,35.04
2992,2024-01-22 02:30,模式2电平过高故障,2.0,2.4,273,285,75,125,4.7,0.72,0.85,0.55,0.56,3.0,12.1,4.6,-4.4,32.98,35.03
2993,2024-01-22 02:40,模式1电平过低故障,2.2,2.9,253,253,72,121,5.4,0.74,0.87,0.54,0.57,1.1,12.0,3.9,-5.1,32.97,34.96
2994,2024-01-22 02:50,正常,2.9,2.1,260,284,72,115,4.4,0.8,0.88,0.57,0.53,2.8,11.9,4.6,-4.6,33.02,35.04
2995,2024-01-22 03:00,正常,2.3,2.5,282,247,89,115,5.2,0.73,0.82,0.52,0.56,1.4,12.0,5.4,-5.2,32.96,34.98
2996,2024-01-22 03:10,正常,2.2,2.7,246,244,89,113,5.0,0.78,0.88,0.57,0.58,2.9,12.1,4.7,-5.1,32.97,35.03
2997,2024-01-22 03:20,正常,2.0,2.1,204,245,94,121,4.9,0.72,0.87,0.53,0.55,2.9,12.0,4.9,-4.9,32.99,35.02
2998,2024-01-22 03:30,正常,2.3,2.6,256,228,80,105,5.4,0.71,0.85,0.53,0.56,2.9,12.1,5.2,-4.9,33.03,34.96
2999,2024-01-22 03:40,系统识别电压过高故障,2.5,2.1,235,204,70,130,5.3,0.76,0.85,0.54,0.56,2.9,12.2,4.6,-5.2,32.98,34.96
3000,2024-01-22 03:50,第一脉冲时间过长故障,2.4,2.1,217,249,70,121,4.8,0.78,0.92,0.55,0.57,2.6,12.0,5.3,-5.0,32.97,35.04
